ISO-10303-21;
HEADER;
FILE_DESCRIPTION(('Open CASCADE Model'),'2;1');
FILE_NAME('Open CASCADE Shape Model','2026-08-14T17:05:27',('Author'),(
    'Open CASCADE'),'Open CASCADE STEP processor 7.9','Open CASCADE 7.9'
  ,'Unknown');
FILE_SCHEMA(('AUTOMOTIVE_DESIGN { 1 0 10303 214 1 1 1 1 }'));
ENDSEC;
DATA;
#1 = APPLICATION_PROTOCOL_DEFINITION('international standard',
  'automotive_design',2000,#2);
#2 = APPLICATION_CONTEXT(
  'core data for automotive mechanical design processes');
#3 = SHAPE_DEFINITION_REPRESENTATION(#4,#10);
#4 = PRODUCT_DEFINITION_SHAPE('','',#5);
#5 = PRODUCT_DEFINITION('design','',#6,#9);
#6 = PRODUCT_DEFINITION_FORMATION('','',#7);
#7 = PRODUCT('Open CASCADE STEP translator 7.9 3',
  'Open CASCADE STEP translator 7.9 3','',(#8));
#8 = PRODUCT_CONTEXT('',#2,'mechanical');
#9 = PRODUCT_DEFINITION_CONTEXT('part definition',#2,'design');
#10 = ADVANCED_BREP_SHAPE_REPRESENTATION('',(#11,#15),#8989);
#11 = AXIS2_PLACEMENT_3D('',#12,#13,#14);
#12 = CARTESIAN_POINT('',(0.,0.,0.));
#13 = DIRECTION('',(0.,0.,1.));
#14 = DIRECTION('',(1.,0.,-0.));
#15 = MANIFOLD_SOLID_BREP('',#16);
#16 = CLOSED_SHELL('',(#17,#1093,#1227,#1279,#1586,#1640,#2465,#2512,
    #2631,#2678,#2781,#2858,#2949,#2998,#3047,#3094,#3350,#3399,#3448,
    #3495,#3598,#3675,#3766,#3813,#3934,#3959,#4009,#4277,#4302,#4369,
    #4625,#4672,#4873,#4920,#5141,#5168,#5524,#5750,#5868,#5896,#5923,
    #5950,#6046,#6094,#6277,#6304,#6331,#6338,#6393,#6420,#6427,#6524,
    #6531,#6559,#6584,#6659,#6752,#6779,#6806,#6830,#6891,#6918,#6945,
    #6952,#7007,#7035,#7068,#7095,#7120,#7147,#7174,#7199,#7226,#7233,
    #7283,#7316,#7349,#7381,#7436,#7463,#7488,#7515,#7542,#7567,#7594,
    #7601,#7606,#7640,#7668,#7673,#7708,#7747,#7786,#7861,#7889,#7964,
    #7992,#8027,#8082,#8137,#8192,#8197,#8202,#8257,#8432,#8471,#8505,
    #8675,#8702,#8750,#8799,#8825,#8832,#8859,#8930,#8956,#8983));
#17 = ADVANCED_FACE('',(#18,#800,#914,#1023,#1058),#32,.F.);
#18 = FACE_BOUND('',#19,.F.);
#19 = EDGE_LOOP('',(#20,#55,#82,#109,#137,#165,#193,#221,#249,#277,#305,
    #333,#361,#389,#417,#445,#473,#501,#529,#557,#585,#613,#641,#669,
    #697,#720,#748,#775));
#20 = ORIENTED_EDGE('',*,*,#21,.F.);
#21 = EDGE_CURVE('',#22,#24,#26,.T.);
#22 = VERTEX_POINT('',#23);
#23 = CARTESIAN_POINT('',(-6.183203632629,6.6,0.));
#24 = VERTEX_POINT('',#25);
#25 = CARTESIAN_POINT('',(6.183203632629,6.6,0.));
#26 = SURFACE_CURVE('',#27,(#31,#43),.PCURVE_S1.);
#27 = LINE('',#28,#29);
#28 = CARTESIAN_POINT('',(-22.75,6.6,0.));
#29 = VECTOR('',#30,1.);
#30 = DIRECTION('',(1.,0.,0.));
#31 = PCURVE('',#32,#37);
#32 = PLANE('',#33);
#33 = AXIS2_PLACEMENT_3D('',#34,#35,#36);
#34 = CARTESIAN_POINT('',(-22.75,6.6,0.));
#35 = DIRECTION('',(0.,1.,0.));
#36 = DIRECTION('',(1.,0.,0.));
#37 = DEFINITIONAL_REPRESENTATION('',(#38),#42);
#38 = LINE('',#39,#40);
#39 = CARTESIAN_POINT('',(0.,0.));
#40 = VECTOR('',#41,1.);
#41 = DIRECTION('',(1.,0.));
#42 = ( GEOMETRIC_REPRESENTATION_CONTEXT(2) 
PARAMETRIC_REPRESENTATION_CONTEXT() REPRESENTATION_CONTEXT('2D SPACE',''
  ) );
#43 = PCURVE('',#44,#49);
#44 = PLANE('',#45);
#45 = AXIS2_PLACEMENT_3D('',#46,#47,#48);
#46 = CARTESIAN_POINT('',(-4.764745922951E-16,13.675,0.));
#47 = DIRECTION('',(0.,0.,1.));
#48 = DIRECTION('',(1.,0.,-0.));
#49 = DEFINITIONAL_REPRESENTATION('',(#50),#54);
#50 = LINE('',#51,#52);
#51 = CARTESIAN_POINT('',(-22.75,-7.075));
#52 = VECTOR('',#53,1.);
#53 = DIRECTION('',(1.,0.));
#54 = ( GEOMETRIC_REPRESENTATION_CONTEXT(2) 
PARAMETRIC_REPRESENTATION_CONTEXT() REPRESENTATION_CONTEXT('2D SPACE',''
  ) );
#55 = ORIENTED_EDGE('',*,*,#56,.F.);
#56 = EDGE_CURVE('',#57,#22,#59,.T.);
#57 = VERTEX_POINT('',#58);
#58 = CARTESIAN_POINT('',(-6.183203632629,6.6,0.3));
#59 = SURFACE_CURVE('',#60,(#64,#71),.PCURVE_S1.);
#60 = LINE('',#61,#62);
#61 = CARTESIAN_POINT('',(-6.183203632629,6.6,-1.));
#62 = VECTOR('',#63,1.);
#63 = DIRECTION('',(-0.,-0.,-1.));
#64 = PCURVE('',#32,#65);
#65 = DEFINITIONAL_REPRESENTATION('',(#66),#70);
#66 = LINE('',#67,#68);
#67 = CARTESIAN_POINT('',(16.566796367371,1.));
#68 = VECTOR('',#69,1.);
#69 = DIRECTION('',(0.,1.));
#70 = ( GEOMETRIC_REPRESENTATION_CONTEXT(2) 
PARAMETRIC_REPRESENTATION_CONTEXT() REPRESENTATION_CONTEXT('2D SPACE',''
  ) );
#71 = PCURVE('',#72,#77);
#72 = CYLINDRICAL_SURFACE('',#73,11.);
#73 = AXIS2_PLACEMENT_3D('',#74,#75,#76);
#74 = CARTESIAN_POINT('',(-14.75,13.5,-1.));
#75 = DIRECTION('',(-0.,-0.,-1.));
#76 = DIRECTION('',(1.,0.,0.));
#77 = DEFINITIONAL_REPRESENTATION('',(#78),#81);
#78 = B_SPLINE_CURVE_WITH_KNOTS('',1,(#79,#80),.UNSPECIFIED.,.F.,.F.,(2,
    2),(-1.3,-1.),.PIECEWISE_BEZIER_KNOTS.);
#79 = CARTESIAN_POINT('',(-5.605138947932,-1.3));
#80 = CARTESIAN_POINT('',(-5.605138947932,-1.));
#81 = ( GEOMETRIC_REPRESENTATION_CONTEXT(2) 
PARAMETRIC_REPRESENTATION_CONTEXT() REPRESENTATION_CONTEXT('2D SPACE',''
  ) );
#82 = ORIENTED_EDGE('',*,*,#83,.F.);
#83 = EDGE_CURVE('',#84,#57,#86,.T.);
#84 = VERTEX_POINT('',#85);
#85 = CARTESIAN_POINT('',(-19.75,6.6,0.3));
#86 = SURFACE_CURVE('',#87,(#91,#98),.PCURVE_S1.);
#87 = LINE('',#88,#89);
#88 = CARTESIAN_POINT('',(-18.75,6.6,0.3));
#89 = VECTOR('',#90,1.);
#90 = DIRECTION('',(1.,0.,0.));
#91 = PCURVE('',#32,#92);
#92 = DEFINITIONAL_REPRESENTATION('',(#93),#97);
#93 = LINE('',#94,#95);
#94 = CARTESIAN_POINT('',(4.,-0.3));
#95 = VECTOR('',#96,1.);
#96 = DIRECTION('',(1.,0.));
#97 = ( GEOMETRIC_REPRESENTATION_CONTEXT(2) 
PARAMETRIC_REPRESENTATION_CONTEXT() REPRESENTATION_CONTEXT('2D SPACE',''
  ) );
#98 = PCURVE('',#99,#104);
#99 = PLANE('',#100);
#100 = AXIS2_PLACEMENT_3D('',#101,#102,#103);
#101 = CARTESIAN_POINT('',(-14.75,13.5,0.3));
#102 = DIRECTION('',(0.,0.,1.));
#103 = DIRECTION('',(1.,0.,-0.));
#104 = DEFINITIONAL_REPRESENTATION('',(#105),#108);
#105 = B_SPLINE_CURVE_WITH_KNOTS('',1,(#106,#107),.UNSPECIFIED.,.F.,.F.,
  (2,2),(-1.,15.),.PIECEWISE_BEZIER_KNOTS.);
#106 = CARTESIAN_POINT('',(-5.,-6.9));
#107 = CARTESIAN_POINT('',(11.,-6.9));
#108 = ( GEOMETRIC_REPRESENTATION_CONTEXT(2) 
PARAMETRIC_REPRESENTATION_CONTEXT() REPRESENTATION_CONTEXT('2D SPACE',''
  ) );
#109 = ORIENTED_EDGE('',*,*,#110,.T.);
#110 = EDGE_CURVE('',#84,#111,#113,.T.);
#111 = VERTEX_POINT('',#112);
#112 = CARTESIAN_POINT('',(-19.75,6.6,3.5));
#113 = SURFACE_CURVE('',#114,(#118,#125),.PCURVE_S1.);
#114 = LINE('',#115,#116);
#115 = CARTESIAN_POINT('',(-19.75,6.6,0.));
#116 = VECTOR('',#117,1.);
#117 = DIRECTION('',(0.,0.,1.));
#118 = PCURVE('',#32,#119);
#119 = DEFINITIONAL_REPRESENTATION('',(#120),#124);
#120 = LINE('',#121,#122);
#121 = CARTESIAN_POINT('',(3.,0.));
#122 = VECTOR('',#123,1.);
#123 = DIRECTION('',(0.,-1.));
#124 = ( GEOMETRIC_REPRESENTATION_CONTEXT(2) 
PARAMETRIC_REPRESENTATION_CONTEXT() REPRESENTATION_CONTEXT('2D SPACE',''
  ) );
#125 = PCURVE('',#126,#131);
#126 = CYLINDRICAL_SURFACE('',#127,3.);
#127 = AXIS2_PLACEMENT_3D('',#128,#129,#130);
#128 = CARTESIAN_POINT('',(-19.75,9.6,0.));
#129 = DIRECTION('',(0.,0.,1.));
#130 = DIRECTION('',(0.,-1.,0.));
#131 = DEFINITIONAL_REPRESENTATION('',(#132),#136);
#132 = LINE('',#133,#134);
#133 = CARTESIAN_POINT('',(-0.,0.));
#134 = VECTOR('',#135,1.);
#135 = DIRECTION('',(-0.,1.));
#136 = ( GEOMETRIC_REPRESENTATION_CONTEXT(2) 
PARAMETRIC_REPRESENTATION_CONTEXT() REPRESENTATION_CONTEXT('2D SPACE',''
  ) );
#137 = ORIENTED_EDGE('',*,*,#138,.T.);
#138 = EDGE_CURVE('',#111,#139,#141,.T.);
#139 = VERTEX_POINT('',#140);
#140 = CARTESIAN_POINT('',(-13.,6.6,3.5));
#141 = SURFACE_CURVE('',#142,(#146,#153),.PCURVE_S1.);
#142 = LINE('',#143,#144);
#143 = CARTESIAN_POINT('',(-22.75,6.6,3.5));
#144 = VECTOR('',#145,1.);
#145 = DIRECTION('',(1.,0.,0.));
#146 = PCURVE('',#32,#147);
#147 = DEFINITIONAL_REPRESENTATION('',(#148),#152);
#148 = LINE('',#149,#150);
#149 = CARTESIAN_POINT('',(0.,-3.5));
#150 = VECTOR('',#151,1.);
#151 = DIRECTION('',(1.,0.));
#152 = ( GEOMETRIC_REPRESENTATION_CONTEXT(2) 
PARAMETRIC_REPRESENTATION_CONTEXT() REPRESENTATION_CONTEXT('2D SPACE',''
  ) );
#153 = PCURVE('',#154,#159);
#154 = PLANE('',#155);
#155 = AXIS2_PLACEMENT_3D('',#156,#157,#158);
#156 = CARTESIAN_POINT('',(-4.764745922951E-16,13.675,3.5));
#157 = DIRECTION('',(0.,0.,1.));
#158 = DIRECTION('',(1.,0.,-0.));
#159 = DEFINITIONAL_REPRESENTATION('',(#160),#164);
#160 = LINE('',#161,#162);
#161 = CARTESIAN_POINT('',(-22.75,-7.075));
#162 = VECTOR('',#163,1.);
#163 = DIRECTION('',(1.,0.));
#164 = ( GEOMETRIC_REPRESENTATION_CONTEXT(2) 
PARAMETRIC_REPRESENTATION_CONTEXT() REPRESENTATION_CONTEXT('2D SPACE',''
  ) );
#165 = ORIENTED_EDGE('',*,*,#166,.T.);
#166 = EDGE_CURVE('',#139,#167,#169,.T.);
#167 = VERTEX_POINT('',#168);
#168 = CARTESIAN_POINT('',(-13.,6.6,7.25));
#169 = SURFACE_CURVE('',#170,(#174,#181),.PCURVE_S1.);
#170 = LINE('',#171,#172);
#171 = CARTESIAN_POINT('',(-13.,6.6,3.5));
#172 = VECTOR('',#173,1.);
#173 = DIRECTION('',(0.,0.,1.));
#174 = PCURVE('',#32,#175);
#175 = DEFINITIONAL_REPRESENTATION('',(#176),#180);
#176 = LINE('',#177,#178);
#177 = CARTESIAN_POINT('',(9.75,-3.5));
#178 = VECTOR('',#179,1.);
#179 = DIRECTION('',(0.,-1.));
#180 = ( GEOMETRIC_REPRESENTATION_CONTEXT(2) 
PARAMETRIC_REPRESENTATION_CONTEXT() REPRESENTATION_CONTEXT('2D SPACE',''
  ) );
#181 = PCURVE('',#182,#187);
#182 = PLANE('',#183);
#183 = AXIS2_PLACEMENT_3D('',#184,#185,#186);
#184 = CARTESIAN_POINT('',(-13.,6.6,3.5));
#185 = DIRECTION('',(1.,0.,0.));
#186 = DIRECTION('',(0.,0.,1.));
#187 = DEFINITIONAL_REPRESENTATION('',(#188),#192);
#188 = LINE('',#189,#190);
#189 = CARTESIAN_POINT('',(0.,0.));
#190 = VECTOR('',#191,1.);
#191 = DIRECTION('',(1.,0.));
#192 = ( GEOMETRIC_REPRESENTATION_CONTEXT(2) 
PARAMETRIC_REPRESENTATION_CONTEXT() REPRESENTATION_CONTEXT('2D SPACE',''
  ) );
#193 = ORIENTED_EDGE('',*,*,#194,.T.);
#194 = EDGE_CURVE('',#167,#195,#197,.T.);
#195 = VERTEX_POINT('',#196);
#196 = CARTESIAN_POINT('',(-10.,6.6,7.25));
#197 = SURFACE_CURVE('',#198,(#202,#209),.PCURVE_S1.);
#198 = LINE('',#199,#200);
#199 = CARTESIAN_POINT('',(-13.,6.6,7.25));
#200 = VECTOR('',#201,1.);
#201 = DIRECTION('',(1.,0.,0.));
#202 = PCURVE('',#32,#203);
#203 = DEFINITIONAL_REPRESENTATION('',(#204),#208);
#204 = LINE('',#205,#206);
#205 = CARTESIAN_POINT('',(9.75,-7.25));
#206 = VECTOR('',#207,1.);
#207 = DIRECTION('',(1.,0.));
#208 = ( GEOMETRIC_REPRESENTATION_CONTEXT(2) 
PARAMETRIC_REPRESENTATION_CONTEXT() REPRESENTATION_CONTEXT('2D SPACE',''
  ) );
#209 = PCURVE('',#210,#215);
#210 = PLANE('',#211);
#211 = AXIS2_PLACEMENT_3D('',#212,#213,#214);
#212 = CARTESIAN_POINT('',(-13.,6.6,7.25));
#213 = DIRECTION('',(0.,0.,1.));
#214 = DIRECTION('',(1.,0.,0.));
#215 = DEFINITIONAL_REPRESENTATION('',(#216),#220);
#216 = LINE('',#217,#218);
#217 = CARTESIAN_POINT('',(0.,0.));
#218 = VECTOR('',#219,1.);
#219 = DIRECTION('',(1.,0.));
#220 = ( GEOMETRIC_REPRESENTATION_CONTEXT(2) 
PARAMETRIC_REPRESENTATION_CONTEXT() REPRESENTATION_CONTEXT('2D SPACE',''
  ) );
#221 = ORIENTED_EDGE('',*,*,#222,.T.);
#222 = EDGE_CURVE('',#195,#223,#225,.T.);
#223 = VERTEX_POINT('',#224);
#224 = CARTESIAN_POINT('',(-10.,6.6,14.));
#225 = SURFACE_CURVE('',#226,(#230,#237),.PCURVE_S1.);
#226 = LINE('',#227,#228);
#227 = CARTESIAN_POINT('',(-10.,6.6,3.5));
#228 = VECTOR('',#229,1.);
#229 = DIRECTION('',(0.,0.,1.));
#230 = PCURVE('',#32,#231);
#231 = DEFINITIONAL_REPRESENTATION('',(#232),#236);
#232 = LINE('',#233,#234);
#233 = CARTESIAN_POINT('',(12.75,-3.5));
#234 = VECTOR('',#235,1.);
#235 = DIRECTION('',(0.,-1.));
#236 = ( GEOMETRIC_REPRESENTATION_CONTEXT(2) 
PARAMETRIC_REPRESENTATION_CONTEXT() REPRESENTATION_CONTEXT('2D SPACE',''
  ) );
#237 = PCURVE('',#238,#243);
#238 = PLANE('',#239);
#239 = AXIS2_PLACEMENT_3D('',#240,#241,#242);
#240 = CARTESIAN_POINT('',(-10.,6.6,3.5));
#241 = DIRECTION('',(1.,0.,0.));
#242 = DIRECTION('',(0.,0.,1.));
#243 = DEFINITIONAL_REPRESENTATION('',(#244),#248);
#244 = LINE('',#245,#246);
#245 = CARTESIAN_POINT('',(0.,0.));
#246 = VECTOR('',#247,1.);
#247 = DIRECTION('',(1.,0.));
#248 = ( GEOMETRIC_REPRESENTATION_CONTEXT(2) 
PARAMETRIC_REPRESENTATION_CONTEXT() REPRESENTATION_CONTEXT('2D SPACE',''
  ) );
#249 = ORIENTED_EDGE('',*,*,#250,.F.);
#250 = EDGE_CURVE('',#251,#223,#253,.T.);
#251 = VERTEX_POINT('',#252);
#252 = CARTESIAN_POINT('',(-12.5,6.6,14.));
#253 = SURFACE_CURVE('',#254,(#258,#265),.PCURVE_S1.);
#254 = LINE('',#255,#256);
#255 = CARTESIAN_POINT('',(-12.5,6.6,14.));
#256 = VECTOR('',#257,1.);
#257 = DIRECTION('',(1.,0.,0.));
#258 = PCURVE('',#32,#259);
#259 = DEFINITIONAL_REPRESENTATION('',(#260),#264);
#260 = LINE('',#261,#262);
#261 = CARTESIAN_POINT('',(10.25,-14.));
#262 = VECTOR('',#263,1.);
#263 = DIRECTION('',(1.,0.));
#264 = ( GEOMETRIC_REPRESENTATION_CONTEXT(2) 
PARAMETRIC_REPRESENTATION_CONTEXT() REPRESENTATION_CONTEXT('2D SPACE',''
  ) );
#265 = PCURVE('',#266,#271);
#266 = PLANE('',#267);
#267 = AXIS2_PLACEMENT_3D('',#268,#269,#270);
#268 = CARTESIAN_POINT('',(-12.5,6.6,14.));
#269 = DIRECTION('',(0.,0.,1.));
#270 = DIRECTION('',(1.,0.,0.));
#271 = DEFINITIONAL_REPRESENTATION('',(#272),#276);
#272 = LINE('',#273,#274);
#273 = CARTESIAN_POINT('',(0.,0.));
#274 = VECTOR('',#275,1.);
#275 = DIRECTION('',(1.,0.));
#276 = ( GEOMETRIC_REPRESENTATION_CONTEXT(2) 
PARAMETRIC_REPRESENTATION_CONTEXT() REPRESENTATION_CONTEXT('2D SPACE',''
  ) );
#277 = ORIENTED_EDGE('',*,*,#278,.T.);
#278 = EDGE_CURVE('',#251,#279,#281,.T.);
#279 = VERTEX_POINT('',#280);
#280 = CARTESIAN_POINT('',(-12.5,6.6,18.));
#281 = SURFACE_CURVE('',#282,(#286,#293),.PCURVE_S1.);
#282 = LINE('',#283,#284);
#283 = CARTESIAN_POINT('',(-12.5,6.6,14.));
#284 = VECTOR('',#285,1.);
#285 = DIRECTION('',(0.,0.,1.));
#286 = PCURVE('',#32,#287);
#287 = DEFINITIONAL_REPRESENTATION('',(#288),#292);
#288 = LINE('',#289,#290);
#289 = CARTESIAN_POINT('',(10.25,-14.));
#290 = VECTOR('',#291,1.);
#291 = DIRECTION('',(0.,-1.));
#292 = ( GEOMETRIC_REPRESENTATION_CONTEXT(2) 
PARAMETRIC_REPRESENTATION_CONTEXT() REPRESENTATION_CONTEXT('2D SPACE',''
  ) );
#293 = PCURVE('',#294,#299);
#294 = PLANE('',#295);
#295 = AXIS2_PLACEMENT_3D('',#296,#297,#298);
#296 = CARTESIAN_POINT('',(-12.5,6.6,14.));
#297 = DIRECTION('',(1.,0.,0.));
#298 = DIRECTION('',(0.,0.,1.));
#299 = DEFINITIONAL_REPRESENTATION('',(#300),#304);
#300 = LINE('',#301,#302);
#301 = CARTESIAN_POINT('',(0.,0.));
#302 = VECTOR('',#303,1.);
#303 = DIRECTION('',(1.,0.));
#304 = ( GEOMETRIC_REPRESENTATION_CONTEXT(2) 
PARAMETRIC_REPRESENTATION_CONTEXT() REPRESENTATION_CONTEXT('2D SPACE',''
  ) );
#305 = ORIENTED_EDGE('',*,*,#306,.T.);
#306 = EDGE_CURVE('',#279,#307,#309,.T.);
#307 = VERTEX_POINT('',#308);
#308 = CARTESIAN_POINT('',(-10.,6.6,18.));
#309 = SURFACE_CURVE('',#310,(#314,#321),.PCURVE_S1.);
#310 = LINE('',#311,#312);
#311 = CARTESIAN_POINT('',(-12.5,6.6,18.));
#312 = VECTOR('',#313,1.);
#313 = DIRECTION('',(1.,0.,0.));
#314 = PCURVE('',#32,#315);
#315 = DEFINITIONAL_REPRESENTATION('',(#316),#320);
#316 = LINE('',#317,#318);
#317 = CARTESIAN_POINT('',(10.25,-18.));
#318 = VECTOR('',#319,1.);
#319 = DIRECTION('',(1.,0.));
#320 = ( GEOMETRIC_REPRESENTATION_CONTEXT(2) 
PARAMETRIC_REPRESENTATION_CONTEXT() REPRESENTATION_CONTEXT('2D SPACE',''
  ) );
#321 = PCURVE('',#322,#327);
#322 = PLANE('',#323);
#323 = AXIS2_PLACEMENT_3D('',#324,#325,#326);
#324 = CARTESIAN_POINT('',(-12.5,6.6,18.));
#325 = DIRECTION('',(0.,0.,1.));
#326 = DIRECTION('',(1.,0.,0.));
#327 = DEFINITIONAL_REPRESENTATION('',(#328),#332);
#328 = LINE('',#329,#330);
#329 = CARTESIAN_POINT('',(0.,0.));
#330 = VECTOR('',#331,1.);
#331 = DIRECTION('',(1.,0.));
#332 = ( GEOMETRIC_REPRESENTATION_CONTEXT(2) 
PARAMETRIC_REPRESENTATION_CONTEXT() REPRESENTATION_CONTEXT('2D SPACE',''
  ) );
#333 = ORIENTED_EDGE('',*,*,#334,.T.);
#334 = EDGE_CURVE('',#307,#335,#337,.T.);
#335 = VERTEX_POINT('',#336);
#336 = CARTESIAN_POINT('',(-10.,6.6,24.5));
#337 = SURFACE_CURVE('',#338,(#342,#349),.PCURVE_S1.);
#338 = LINE('',#339,#340);
#339 = CARTESIAN_POINT('',(-10.,6.6,3.5));
#340 = VECTOR('',#341,1.);
#341 = DIRECTION('',(0.,0.,1.));
#342 = PCURVE('',#32,#343);
#343 = DEFINITIONAL_REPRESENTATION('',(#344),#348);
#344 = LINE('',#345,#346);
#345 = CARTESIAN_POINT('',(12.75,-3.5));
#346 = VECTOR('',#347,1.);
#347 = DIRECTION('',(0.,-1.));
#348 = ( GEOMETRIC_REPRESENTATION_CONTEXT(2) 
PARAMETRIC_REPRESENTATION_CONTEXT() REPRESENTATION_CONTEXT('2D SPACE',''
  ) );
#349 = PCURVE('',#350,#355);
#350 = PLANE('',#351);
#351 = AXIS2_PLACEMENT_3D('',#352,#353,#354);
#352 = CARTESIAN_POINT('',(-10.,6.6,3.5));
#353 = DIRECTION('',(1.,0.,0.));
#354 = DIRECTION('',(0.,0.,1.));
#355 = DEFINITIONAL_REPRESENTATION('',(#356),#360);
#356 = LINE('',#357,#358);
#357 = CARTESIAN_POINT('',(0.,0.));
#358 = VECTOR('',#359,1.);
#359 = DIRECTION('',(1.,0.));
#360 = ( GEOMETRIC_REPRESENTATION_CONTEXT(2) 
PARAMETRIC_REPRESENTATION_CONTEXT() REPRESENTATION_CONTEXT('2D SPACE',''
  ) );
#361 = ORIENTED_EDGE('',*,*,#362,.T.);
#362 = EDGE_CURVE('',#335,#363,#365,.T.);
#363 = VERTEX_POINT('',#364);
#364 = CARTESIAN_POINT('',(-6.5,6.6,24.5));
#365 = SURFACE_CURVE('',#366,(#370,#377),.PCURVE_S1.);
#366 = LINE('',#367,#368);
#367 = CARTESIAN_POINT('',(-10.,6.6,24.5));
#368 = VECTOR('',#369,1.);
#369 = DIRECTION('',(1.,0.,0.));
#370 = PCURVE('',#32,#371);
#371 = DEFINITIONAL_REPRESENTATION('',(#372),#376);
#372 = LINE('',#373,#374);
#373 = CARTESIAN_POINT('',(12.75,-24.5));
#374 = VECTOR('',#375,1.);
#375 = DIRECTION('',(1.,0.));
#376 = ( GEOMETRIC_REPRESENTATION_CONTEXT(2) 
PARAMETRIC_REPRESENTATION_CONTEXT() REPRESENTATION_CONTEXT('2D SPACE',''
  ) );
#377 = PCURVE('',#378,#383);
#378 = PLANE('',#379);
#379 = AXIS2_PLACEMENT_3D('',#380,#381,#382);
#380 = CARTESIAN_POINT('',(-10.,6.6,24.5));
#381 = DIRECTION('',(0.,0.,1.));
#382 = DIRECTION('',(1.,0.,0.));
#383 = DEFINITIONAL_REPRESENTATION('',(#384),#388);
#384 = LINE('',#385,#386);
#385 = CARTESIAN_POINT('',(0.,0.));
#386 = VECTOR('',#387,1.);
#387 = DIRECTION('',(1.,0.));
#388 = ( GEOMETRIC_REPRESENTATION_CONTEXT(2) 
PARAMETRIC_REPRESENTATION_CONTEXT() REPRESENTATION_CONTEXT('2D SPACE',''
  ) );
#389 = ORIENTED_EDGE('',*,*,#390,.F.);
#390 = EDGE_CURVE('',#391,#363,#393,.T.);
#391 = VERTEX_POINT('',#392);
#392 = CARTESIAN_POINT('',(-6.5,6.6,24.));
#393 = SURFACE_CURVE('',#394,(#398,#405),.PCURVE_S1.);
#394 = LINE('',#395,#396);
#395 = CARTESIAN_POINT('',(-6.5,6.6,3.5));
#396 = VECTOR('',#397,1.);
#397 = DIRECTION('',(0.,0.,1.));
#398 = PCURVE('',#32,#399);
#399 = DEFINITIONAL_REPRESENTATION('',(#400),#404);
#400 = LINE('',#401,#402);
#401 = CARTESIAN_POINT('',(16.25,-3.5));
#402 = VECTOR('',#403,1.);
#403 = DIRECTION('',(0.,-1.));
#404 = ( GEOMETRIC_REPRESENTATION_CONTEXT(2) 
PARAMETRIC_REPRESENTATION_CONTEXT() REPRESENTATION_CONTEXT('2D SPACE',''
  ) );
#405 = PCURVE('',#406,#411);
#406 = PLANE('',#407);
#407 = AXIS2_PLACEMENT_3D('',#408,#409,#410);
#408 = CARTESIAN_POINT('',(-6.5,6.6,3.5));
#409 = DIRECTION('',(1.,0.,0.));
#410 = DIRECTION('',(0.,0.,1.));
#411 = DEFINITIONAL_REPRESENTATION('',(#412),#416);
#412 = LINE('',#413,#414);
#413 = CARTESIAN_POINT('',(0.,0.));
#414 = VECTOR('',#415,1.);
#415 = DIRECTION('',(1.,0.));
#416 = ( GEOMETRIC_REPRESENTATION_CONTEXT(2) 
PARAMETRIC_REPRESENTATION_CONTEXT() REPRESENTATION_CONTEXT('2D SPACE',''
  ) );
#417 = ORIENTED_EDGE('',*,*,#418,.T.);
#418 = EDGE_CURVE('',#391,#419,#421,.T.);
#419 = VERTEX_POINT('',#420);
#420 = CARTESIAN_POINT('',(6.5,6.6,24.));
#421 = SURFACE_CURVE('',#422,(#426,#433),.PCURVE_S1.);
#422 = LINE('',#423,#424);
#423 = CARTESIAN_POINT('',(-9.4,6.6,24.));
#424 = VECTOR('',#425,1.);
#425 = DIRECTION('',(1.,0.,0.));
#426 = PCURVE('',#32,#427);
#427 = DEFINITIONAL_REPRESENTATION('',(#428),#432);
#428 = LINE('',#429,#430);
#429 = CARTESIAN_POINT('',(13.35,-24.));
#430 = VECTOR('',#431,1.);
#431 = DIRECTION('',(1.,0.));
#432 = ( GEOMETRIC_REPRESENTATION_CONTEXT(2) 
PARAMETRIC_REPRESENTATION_CONTEXT() REPRESENTATION_CONTEXT('2D SPACE',''
  ) );
#433 = PCURVE('',#434,#439);
#434 = PLANE('',#435);
#435 = AXIS2_PLACEMENT_3D('',#436,#437,#438);
#436 = CARTESIAN_POINT('',(-9.4,6.6,24.));
#437 = DIRECTION('',(0.,0.,1.));
#438 = DIRECTION('',(1.,0.,0.));
#439 = DEFINITIONAL_REPRESENTATION('',(#440),#444);
#440 = LINE('',#441,#442);
#441 = CARTESIAN_POINT('',(0.,0.));
#442 = VECTOR('',#443,1.);
#443 = DIRECTION('',(1.,0.));
#444 = ( GEOMETRIC_REPRESENTATION_CONTEXT(2) 
PARAMETRIC_REPRESENTATION_CONTEXT() REPRESENTATION_CONTEXT('2D SPACE',''
  ) );
#445 = ORIENTED_EDGE('',*,*,#446,.T.);
#446 = EDGE_CURVE('',#419,#447,#449,.T.);
#447 = VERTEX_POINT('',#448);
#448 = CARTESIAN_POINT('',(6.5,6.6,24.5));
#449 = SURFACE_CURVE('',#450,(#454,#461),.PCURVE_S1.);
#450 = LINE('',#451,#452);
#451 = CARTESIAN_POINT('',(6.5,6.6,3.5));
#452 = VECTOR('',#453,1.);
#453 = DIRECTION('',(0.,0.,1.));
#454 = PCURVE('',#32,#455);
#455 = DEFINITIONAL_REPRESENTATION('',(#456),#460);
#456 = LINE('',#457,#458);
#457 = CARTESIAN_POINT('',(29.25,-3.5));
#458 = VECTOR('',#459,1.);
#459 = DIRECTION('',(0.,-1.));
#460 = ( GEOMETRIC_REPRESENTATION_CONTEXT(2) 
PARAMETRIC_REPRESENTATION_CONTEXT() REPRESENTATION_CONTEXT('2D SPACE',''
  ) );
#461 = PCURVE('',#462,#467);
#462 = PLANE('',#463);
#463 = AXIS2_PLACEMENT_3D('',#464,#465,#466);
#464 = CARTESIAN_POINT('',(6.5,6.6,3.5));
#465 = DIRECTION('',(1.,0.,0.));
#466 = DIRECTION('',(0.,0.,1.));
#467 = DEFINITIONAL_REPRESENTATION('',(#468),#472);
#468 = LINE('',#469,#470);
#469 = CARTESIAN_POINT('',(0.,0.));
#470 = VECTOR('',#471,1.);
#471 = DIRECTION('',(1.,0.));
#472 = ( GEOMETRIC_REPRESENTATION_CONTEXT(2) 
PARAMETRIC_REPRESENTATION_CONTEXT() REPRESENTATION_CONTEXT('2D SPACE',''
  ) );
#473 = ORIENTED_EDGE('',*,*,#474,.T.);
#474 = EDGE_CURVE('',#447,#475,#477,.T.);
#475 = VERTEX_POINT('',#476);
#476 = CARTESIAN_POINT('',(10.,6.6,24.5));
#477 = SURFACE_CURVE('',#478,(#482,#489),.PCURVE_S1.);
#478 = LINE('',#479,#480);
#479 = CARTESIAN_POINT('',(6.5,6.6,24.5));
#480 = VECTOR('',#481,1.);
#481 = DIRECTION('',(1.,0.,0.));
#482 = PCURVE('',#32,#483);
#483 = DEFINITIONAL_REPRESENTATION('',(#484),#488);
#484 = LINE('',#485,#486);
#485 = CARTESIAN_POINT('',(29.25,-24.5));
#486 = VECTOR('',#487,1.);
#487 = DIRECTION('',(1.,0.));
#488 = ( GEOMETRIC_REPRESENTATION_CONTEXT(2) 
PARAMETRIC_REPRESENTATION_CONTEXT() REPRESENTATION_CONTEXT('2D SPACE',''
  ) );
#489 = PCURVE('',#490,#495);
#490 = PLANE('',#491);
#491 = AXIS2_PLACEMENT_3D('',#492,#493,#494);
#492 = CARTESIAN_POINT('',(6.5,6.6,24.5));
#493 = DIRECTION('',(0.,0.,1.));
#494 = DIRECTION('',(1.,0.,0.));
#495 = DEFINITIONAL_REPRESENTATION('',(#496),#500);
#496 = LINE('',#497,#498);
#497 = CARTESIAN_POINT('',(0.,0.));
#498 = VECTOR('',#499,1.);
#499 = DIRECTION('',(1.,0.));
#500 = ( GEOMETRIC_REPRESENTATION_CONTEXT(2) 
PARAMETRIC_REPRESENTATION_CONTEXT() REPRESENTATION_CONTEXT('2D SPACE',''
  ) );
#501 = ORIENTED_EDGE('',*,*,#502,.F.);
#502 = EDGE_CURVE('',#503,#475,#505,.T.);
#503 = VERTEX_POINT('',#504);
#504 = CARTESIAN_POINT('',(10.,6.6,18.));
#505 = SURFACE_CURVE('',#506,(#510,#517),.PCURVE_S1.);
#506 = LINE('',#507,#508);
#507 = CARTESIAN_POINT('',(10.,6.6,3.5));
#508 = VECTOR('',#509,1.);
#509 = DIRECTION('',(0.,0.,1.));
#510 = PCURVE('',#32,#511);
#511 = DEFINITIONAL_REPRESENTATION('',(#512),#516);
#512 = LINE('',#513,#514);
#513 = CARTESIAN_POINT('',(32.75,-3.5));
#514 = VECTOR('',#515,1.);
#515 = DIRECTION('',(0.,-1.));
#516 = ( GEOMETRIC_REPRESENTATION_CONTEXT(2) 
PARAMETRIC_REPRESENTATION_CONTEXT() REPRESENTATION_CONTEXT('2D SPACE',''
  ) );
#517 = PCURVE('',#518,#523);
#518 = PLANE('',#519);
#519 = AXIS2_PLACEMENT_3D('',#520,#521,#522);
#520 = CARTESIAN_POINT('',(10.,6.6,3.5));
#521 = DIRECTION('',(1.,0.,0.));
#522 = DIRECTION('',(0.,0.,1.));
#523 = DEFINITIONAL_REPRESENTATION('',(#524),#528);
#524 = LINE('',#525,#526);
#525 = CARTESIAN_POINT('',(0.,0.));
#526 = VECTOR('',#527,1.);
#527 = DIRECTION('',(1.,0.));
#528 = ( GEOMETRIC_REPRESENTATION_CONTEXT(2) 
PARAMETRIC_REPRESENTATION_CONTEXT() REPRESENTATION_CONTEXT('2D SPACE',''
  ) );
#529 = ORIENTED_EDGE('',*,*,#530,.T.);
#530 = EDGE_CURVE('',#503,#531,#533,.T.);
#531 = VERTEX_POINT('',#532);
#532 = CARTESIAN_POINT('',(12.5,6.6,18.));
#533 = SURFACE_CURVE('',#534,(#538,#545),.PCURVE_S1.);
#534 = LINE('',#535,#536);
#535 = CARTESIAN_POINT('',(9.5,6.6,18.));
#536 = VECTOR('',#537,1.);
#537 = DIRECTION('',(1.,0.,0.));
#538 = PCURVE('',#32,#539);
#539 = DEFINITIONAL_REPRESENTATION('',(#540),#544);
#540 = LINE('',#541,#542);
#541 = CARTESIAN_POINT('',(32.25,-18.));
#542 = VECTOR('',#543,1.);
#543 = DIRECTION('',(1.,0.));
#544 = ( GEOMETRIC_REPRESENTATION_CONTEXT(2) 
PARAMETRIC_REPRESENTATION_CONTEXT() REPRESENTATION_CONTEXT('2D SPACE',''
  ) );
#545 = PCURVE('',#546,#551);
#546 = PLANE('',#547);
#547 = AXIS2_PLACEMENT_3D('',#548,#549,#550);
#548 = CARTESIAN_POINT('',(9.5,6.6,18.));
#549 = DIRECTION('',(0.,0.,1.));
#550 = DIRECTION('',(1.,0.,0.));
#551 = DEFINITIONAL_REPRESENTATION('',(#552),#556);
#552 = LINE('',#553,#554);
#553 = CARTESIAN_POINT('',(0.,0.));
#554 = VECTOR('',#555,1.);
#555 = DIRECTION('',(1.,0.));
#556 = ( GEOMETRIC_REPRESENTATION_CONTEXT(2) 
PARAMETRIC_REPRESENTATION_CONTEXT() REPRESENTATION_CONTEXT('2D SPACE',''
  ) );
#557 = ORIENTED_EDGE('',*,*,#558,.F.);
#558 = EDGE_CURVE('',#559,#531,#561,.T.);
#559 = VERTEX_POINT('',#560);
#560 = CARTESIAN_POINT('',(12.5,6.6,14.));
#561 = SURFACE_CURVE('',#562,(#566,#573),.PCURVE_S1.);
#562 = LINE('',#563,#564);
#563 = CARTESIAN_POINT('',(12.5,6.6,14.));
#564 = VECTOR('',#565,1.);
#565 = DIRECTION('',(0.,0.,1.));
#566 = PCURVE('',#32,#567);
#567 = DEFINITIONAL_REPRESENTATION('',(#568),#572);
#568 = LINE('',#569,#570);
#569 = CARTESIAN_POINT('',(35.25,-14.));
#570 = VECTOR('',#571,1.);
#571 = DIRECTION('',(0.,-1.));
#572 = ( GEOMETRIC_REPRESENTATION_CONTEXT(2) 
PARAMETRIC_REPRESENTATION_CONTEXT() REPRESENTATION_CONTEXT('2D SPACE',''
  ) );
#573 = PCURVE('',#574,#579);
#574 = PLANE('',#575);
#575 = AXIS2_PLACEMENT_3D('',#576,#577,#578);
#576 = CARTESIAN_POINT('',(12.5,6.6,14.));
#577 = DIRECTION('',(1.,0.,0.));
#578 = DIRECTION('',(0.,0.,1.));
#579 = DEFINITIONAL_REPRESENTATION('',(#580),#584);
#580 = LINE('',#581,#582);
#581 = CARTESIAN_POINT('',(0.,0.));
#582 = VECTOR('',#583,1.);
#583 = DIRECTION('',(1.,0.));
#584 = ( GEOMETRIC_REPRESENTATION_CONTEXT(2) 
PARAMETRIC_REPRESENTATION_CONTEXT() REPRESENTATION_CONTEXT('2D SPACE',''
  ) );
#585 = ORIENTED_EDGE('',*,*,#586,.F.);
#586 = EDGE_CURVE('',#587,#559,#589,.T.);
#587 = VERTEX_POINT('',#588);
#588 = CARTESIAN_POINT('',(10.,6.6,14.));
#589 = SURFACE_CURVE('',#590,(#594,#601),.PCURVE_S1.);
#590 = LINE('',#591,#592);
#591 = CARTESIAN_POINT('',(9.5,6.6,14.));
#592 = VECTOR('',#593,1.);
#593 = DIRECTION('',(1.,0.,0.));
#594 = PCURVE('',#32,#595);
#595 = DEFINITIONAL_REPRESENTATION('',(#596),#600);
#596 = LINE('',#597,#598);
#597 = CARTESIAN_POINT('',(32.25,-14.));
#598 = VECTOR('',#599,1.);
#599 = DIRECTION('',(1.,0.));
#600 = ( GEOMETRIC_REPRESENTATION_CONTEXT(2) 
PARAMETRIC_REPRESENTATION_CONTEXT() REPRESENTATION_CONTEXT('2D SPACE',''
  ) );
#601 = PCURVE('',#602,#607);
#602 = PLANE('',#603);
#603 = AXIS2_PLACEMENT_3D('',#604,#605,#606);
#604 = CARTESIAN_POINT('',(9.5,6.6,14.));
#605 = DIRECTION('',(0.,0.,1.));
#606 = DIRECTION('',(1.,0.,0.));
#607 = DEFINITIONAL_REPRESENTATION('',(#608),#612);
#608 = LINE('',#609,#610);
#609 = CARTESIAN_POINT('',(0.,0.));
#610 = VECTOR('',#611,1.);
#611 = DIRECTION('',(1.,0.));
#612 = ( GEOMETRIC_REPRESENTATION_CONTEXT(2) 
PARAMETRIC_REPRESENTATION_CONTEXT() REPRESENTATION_CONTEXT('2D SPACE',''
  ) );
#613 = ORIENTED_EDGE('',*,*,#614,.F.);
#614 = EDGE_CURVE('',#615,#587,#617,.T.);
#615 = VERTEX_POINT('',#616);
#616 = CARTESIAN_POINT('',(10.,6.6,7.25));
#617 = SURFACE_CURVE('',#618,(#622,#629),.PCURVE_S1.);
#618 = LINE('',#619,#620);
#619 = CARTESIAN_POINT('',(10.,6.6,3.5));
#620 = VECTOR('',#621,1.);
#621 = DIRECTION('',(0.,0.,1.));
#622 = PCURVE('',#32,#623);
#623 = DEFINITIONAL_REPRESENTATION('',(#624),#628);
#624 = LINE('',#625,#626);
#625 = CARTESIAN_POINT('',(32.75,-3.5));
#626 = VECTOR('',#627,1.);
#627 = DIRECTION('',(0.,-1.));
#628 = ( GEOMETRIC_REPRESENTATION_CONTEXT(2) 
PARAMETRIC_REPRESENTATION_CONTEXT() REPRESENTATION_CONTEXT('2D SPACE',''
  ) );
#629 = PCURVE('',#630,#635);
#630 = PLANE('',#631);
#631 = AXIS2_PLACEMENT_3D('',#632,#633,#634);
#632 = CARTESIAN_POINT('',(10.,6.6,3.5));
#633 = DIRECTION('',(1.,0.,0.));
#634 = DIRECTION('',(0.,0.,1.));
#635 = DEFINITIONAL_REPRESENTATION('',(#636),#640);
#636 = LINE('',#637,#638);
#637 = CARTESIAN_POINT('',(0.,0.));
#638 = VECTOR('',#639,1.);
#639 = DIRECTION('',(1.,0.));
#640 = ( GEOMETRIC_REPRESENTATION_CONTEXT(2) 
PARAMETRIC_REPRESENTATION_CONTEXT() REPRESENTATION_CONTEXT('2D SPACE',''
  ) );
#641 = ORIENTED_EDGE('',*,*,#642,.T.);
#642 = EDGE_CURVE('',#615,#643,#645,.T.);
#643 = VERTEX_POINT('',#644);
#644 = CARTESIAN_POINT('',(13.,6.6,7.25));
#645 = SURFACE_CURVE('',#646,(#650,#657),.PCURVE_S1.);
#646 = LINE('',#647,#648);
#647 = CARTESIAN_POINT('',(6.7,6.6,7.25));
#648 = VECTOR('',#649,1.);
#649 = DIRECTION('',(1.,0.,0.));
#650 = PCURVE('',#32,#651);
#651 = DEFINITIONAL_REPRESENTATION('',(#652),#656);
#652 = LINE('',#653,#654);
#653 = CARTESIAN_POINT('',(29.45,-7.25));
#654 = VECTOR('',#655,1.);
#655 = DIRECTION('',(1.,0.));
#656 = ( GEOMETRIC_REPRESENTATION_CONTEXT(2) 
PARAMETRIC_REPRESENTATION_CONTEXT() REPRESENTATION_CONTEXT('2D SPACE',''
  ) );
#657 = PCURVE('',#658,#663);
#658 = PLANE('',#659);
#659 = AXIS2_PLACEMENT_3D('',#660,#661,#662);
#660 = CARTESIAN_POINT('',(6.7,6.6,7.25));
#661 = DIRECTION('',(0.,0.,1.));
#662 = DIRECTION('',(1.,0.,0.));
#663 = DEFINITIONAL_REPRESENTATION('',(#664),#668);
#664 = LINE('',#665,#666);
#665 = CARTESIAN_POINT('',(0.,0.));
#666 = VECTOR('',#667,1.);
#667 = DIRECTION('',(1.,0.));
#668 = ( GEOMETRIC_REPRESENTATION_CONTEXT(2) 
PARAMETRIC_REPRESENTATION_CONTEXT() REPRESENTATION_CONTEXT('2D SPACE',''
  ) );
#669 = ORIENTED_EDGE('',*,*,#670,.F.);
#670 = EDGE_CURVE('',#671,#643,#673,.T.);
#671 = VERTEX_POINT('',#672);
#672 = CARTESIAN_POINT('',(13.,6.6,3.5));
#673 = SURFACE_CURVE('',#674,(#678,#685),.PCURVE_S1.);
#674 = LINE('',#675,#676);
#675 = CARTESIAN_POINT('',(13.,6.6,3.5));
#676 = VECTOR('',#677,1.);
#677 = DIRECTION('',(0.,0.,1.));
#678 = PCURVE('',#32,#679);
#679 = DEFINITIONAL_REPRESENTATION('',(#680),#684);
#680 = LINE('',#681,#682);
#681 = CARTESIAN_POINT('',(35.75,-3.5));
#682 = VECTOR('',#683,1.);
#683 = DIRECTION('',(0.,-1.));
#684 = ( GEOMETRIC_REPRESENTATION_CONTEXT(2) 
PARAMETRIC_REPRESENTATION_CONTEXT() REPRESENTATION_CONTEXT('2D SPACE',''
  ) );
#685 = PCURVE('',#686,#691);
#686 = PLANE('',#687);
#687 = AXIS2_PLACEMENT_3D('',#688,#689,#690);
#688 = CARTESIAN_POINT('',(13.,6.6,3.5));
#689 = DIRECTION('',(1.,0.,0.));
#690 = DIRECTION('',(0.,0.,1.));
#691 = DEFINITIONAL_REPRESENTATION('',(#692),#696);
#692 = LINE('',#693,#694);
#693 = CARTESIAN_POINT('',(0.,0.));
#694 = VECTOR('',#695,1.);
#695 = DIRECTION('',(1.,0.));
#696 = ( GEOMETRIC_REPRESENTATION_CONTEXT(2) 
PARAMETRIC_REPRESENTATION_CONTEXT() REPRESENTATION_CONTEXT('2D SPACE',''
  ) );
#697 = ORIENTED_EDGE('',*,*,#698,.T.);
#698 = EDGE_CURVE('',#671,#699,#701,.T.);
#699 = VERTEX_POINT('',#700);
#700 = CARTESIAN_POINT('',(19.75,6.6,3.5));
#701 = SURFACE_CURVE('',#702,(#706,#713),.PCURVE_S1.);
#702 = LINE('',#703,#704);
#703 = CARTESIAN_POINT('',(-22.75,6.6,3.5));
#704 = VECTOR('',#705,1.);
#705 = DIRECTION('',(1.,0.,0.));
#706 = PCURVE('',#32,#707);
#707 = DEFINITIONAL_REPRESENTATION('',(#708),#712);
#708 = LINE('',#709,#710);
#709 = CARTESIAN_POINT('',(0.,-3.5));
#710 = VECTOR('',#711,1.);
#711 = DIRECTION('',(1.,0.));
#712 = ( GEOMETRIC_REPRESENTATION_CONTEXT(2) 
PARAMETRIC_REPRESENTATION_CONTEXT() REPRESENTATION_CONTEXT('2D SPACE',''
  ) );
#713 = PCURVE('',#154,#714);
#714 = DEFINITIONAL_REPRESENTATION('',(#715),#719);
#715 = LINE('',#716,#717);
#716 = CARTESIAN_POINT('',(-22.75,-7.075));
#717 = VECTOR('',#718,1.);
#718 = DIRECTION('',(1.,0.));
#719 = ( GEOMETRIC_REPRESENTATION_CONTEXT(2) 
PARAMETRIC_REPRESENTATION_CONTEXT() REPRESENTATION_CONTEXT('2D SPACE',''
  ) );
#720 = ORIENTED_EDGE('',*,*,#721,.F.);
#721 = EDGE_CURVE('',#722,#699,#724,.T.);
#722 = VERTEX_POINT('',#723);
#723 = CARTESIAN_POINT('',(19.75,6.6,0.3));
#724 = SURFACE_CURVE('',#725,(#729,#736),.PCURVE_S1.);
#725 = LINE('',#726,#727);
#726 = CARTESIAN_POINT('',(19.75,6.6,0.));
#727 = VECTOR('',#728,1.);
#728 = DIRECTION('',(0.,0.,1.));
#729 = PCURVE('',#32,#730);
#730 = DEFINITIONAL_REPRESENTATION('',(#731),#735);
#731 = LINE('',#732,#733);
#732 = CARTESIAN_POINT('',(42.5,0.));
#733 = VECTOR('',#734,1.);
#734 = DIRECTION('',(0.,-1.));
#735 = ( GEOMETRIC_REPRESENTATION_CONTEXT(2) 
PARAMETRIC_REPRESENTATION_CONTEXT() REPRESENTATION_CONTEXT('2D SPACE',''
  ) );
#736 = PCURVE('',#737,#742);
#737 = CYLINDRICAL_SURFACE('',#738,3.);
#738 = AXIS2_PLACEMENT_3D('',#739,#740,#741);
#739 = CARTESIAN_POINT('',(19.75,9.6,0.));
#740 = DIRECTION('',(0.,0.,1.));
#741 = DIRECTION('',(0.,-1.,0.));
#742 = DEFINITIONAL_REPRESENTATION('',(#743),#747);
#743 = LINE('',#744,#745);
#744 = CARTESIAN_POINT('',(0.,0.));
#745 = VECTOR('',#746,1.);
#746 = DIRECTION('',(0.,1.));
#747 = ( GEOMETRIC_REPRESENTATION_CONTEXT(2) 
PARAMETRIC_REPRESENTATION_CONTEXT() REPRESENTATION_CONTEXT('2D SPACE',''
  ) );
#748 = ORIENTED_EDGE('',*,*,#749,.F.);
#749 = EDGE_CURVE('',#750,#722,#752,.T.);
#750 = VERTEX_POINT('',#751);
#751 = CARTESIAN_POINT('',(6.183203632629,6.6,0.3));
#752 = SURFACE_CURVE('',#753,(#757,#764),.PCURVE_S1.);
#753 = LINE('',#754,#755);
#754 = CARTESIAN_POINT('',(-4.,6.6,0.3));
#755 = VECTOR('',#756,1.);
#756 = DIRECTION('',(1.,0.,0.));
#757 = PCURVE('',#32,#758);
#758 = DEFINITIONAL_REPRESENTATION('',(#759),#763);
#759 = LINE('',#760,#761);
#760 = CARTESIAN_POINT('',(18.75,-0.3));
#761 = VECTOR('',#762,1.);
#762 = DIRECTION('',(1.,0.));
#763 = ( GEOMETRIC_REPRESENTATION_CONTEXT(2) 
PARAMETRIC_REPRESENTATION_CONTEXT() REPRESENTATION_CONTEXT('2D SPACE',''
  ) );
#764 = PCURVE('',#765,#770);
#765 = PLANE('',#766);
#766 = AXIS2_PLACEMENT_3D('',#767,#768,#769);
#767 = CARTESIAN_POINT('',(14.75,13.5,0.3));
#768 = DIRECTION('',(0.,0.,1.));
#769 = DIRECTION('',(1.,0.,-0.));
#770 = DEFINITIONAL_REPRESENTATION('',(#771),#774);
#771 = B_SPLINE_CURVE_WITH_KNOTS('',1,(#772,#773),.UNSPECIFIED.,.F.,.F.,
  (2,2),(7.75,23.75),.PIECEWISE_BEZIER_KNOTS.);
#772 = CARTESIAN_POINT('',(-11.,-6.9));
#773 = CARTESIAN_POINT('',(5.,-6.9));
#774 = ( GEOMETRIC_REPRESENTATION_CONTEXT(2) 
PARAMETRIC_REPRESENTATION_CONTEXT() REPRESENTATION_CONTEXT('2D SPACE',''
  ) );
#775 = ORIENTED_EDGE('',*,*,#776,.T.);
#776 = EDGE_CURVE('',#750,#24,#777,.T.);
#777 = SURFACE_CURVE('',#778,(#782,#789),.PCURVE_S1.);
#778 = LINE('',#779,#780);
#779 = CARTESIAN_POINT('',(6.183203632629,6.6,-1.));
#780 = VECTOR('',#781,1.);
#781 = DIRECTION('',(-0.,-0.,-1.));
#782 = PCURVE('',#32,#783);
#783 = DEFINITIONAL_REPRESENTATION('',(#784),#788);
#784 = LINE('',#785,#786);
#785 = CARTESIAN_POINT('',(28.933203632629,1.));
#786 = VECTOR('',#787,1.);
#787 = DIRECTION('',(0.,1.));
#788 = ( GEOMETRIC_REPRESENTATION_CONTEXT(2) 
PARAMETRIC_REPRESENTATION_CONTEXT() REPRESENTATION_CONTEXT('2D SPACE',''
  ) );
#789 = PCURVE('',#790,#795);
#790 = CYLINDRICAL_SURFACE('',#791,11.);
#791 = AXIS2_PLACEMENT_3D('',#792,#793,#794);
#792 = CARTESIAN_POINT('',(14.75,13.5,-1.));
#793 = DIRECTION('',(-0.,-0.,-1.));
#794 = DIRECTION('',(1.,0.,0.));
#795 = DEFINITIONAL_REPRESENTATION('',(#796),#799);
#796 = B_SPLINE_CURVE_WITH_KNOTS('',1,(#797,#798),.UNSPECIFIED.,.F.,.F.,
  (2,2),(-1.3000006,-0.65),.PIECEWISE_BEZIER_KNOTS.);
#797 = CARTESIAN_POINT('',(-3.819639012837,-1.3000006));
#798 = CARTESIAN_POINT('',(-3.819639012837,-0.65));
#799 = ( GEOMETRIC_REPRESENTATION_CONTEXT(2) 
PARAMETRIC_REPRESENTATION_CONTEXT() REPRESENTATION_CONTEXT('2D SPACE',''
  ) );
#800 = FACE_BOUND('',#801,.F.);
#801 = EDGE_LOOP('',(#802,#832,#860,#888));
#802 = ORIENTED_EDGE('',*,*,#803,.F.);
#803 = EDGE_CURVE('',#804,#806,#808,.T.);
#804 = VERTEX_POINT('',#805);
#805 = CARTESIAN_POINT('',(-6.5,6.6,18.));
#806 = VERTEX_POINT('',#807);
#807 = CARTESIAN_POINT('',(-6.5,6.6,20.));
#808 = SURFACE_CURVE('',#809,(#813,#820),.PCURVE_S1.);
#809 = LINE('',#810,#811);
#810 = CARTESIAN_POINT('',(-6.5,6.6,3.5));
#811 = VECTOR('',#812,1.);
#812 = DIRECTION('',(0.,0.,1.));
#813 = PCURVE('',#32,#814);
#814 = DEFINITIONAL_REPRESENTATION('',(#815),#819);
#815 = LINE('',#816,#817);
#816 = CARTESIAN_POINT('',(16.25,-3.5));
#817 = VECTOR('',#818,1.);
#818 = DIRECTION('',(0.,-1.));
#819 = ( GEOMETRIC_REPRESENTATION_CONTEXT(2) 
PARAMETRIC_REPRESENTATION_CONTEXT() REPRESENTATION_CONTEXT('2D SPACE',''
  ) );
#820 = PCURVE('',#821,#826);
#821 = PLANE('',#822);
#822 = AXIS2_PLACEMENT_3D('',#823,#824,#825);
#823 = CARTESIAN_POINT('',(-6.5,6.6,3.5));
#824 = DIRECTION('',(1.,0.,0.));
#825 = DIRECTION('',(0.,0.,1.));
#826 = DEFINITIONAL_REPRESENTATION('',(#827),#831);
#827 = LINE('',#828,#829);
#828 = CARTESIAN_POINT('',(0.,0.));
#829 = VECTOR('',#830,1.);
#830 = DIRECTION('',(1.,0.));
#831 = ( GEOMETRIC_REPRESENTATION_CONTEXT(2) 
PARAMETRIC_REPRESENTATION_CONTEXT() REPRESENTATION_CONTEXT('2D SPACE',''
  ) );
#832 = ORIENTED_EDGE('',*,*,#833,.T.);
#833 = EDGE_CURVE('',#804,#834,#836,.T.);
#834 = VERTEX_POINT('',#835);
#835 = CARTESIAN_POINT('',(6.5,6.6,18.));
#836 = SURFACE_CURVE('',#837,(#841,#848),.PCURVE_S1.);
#837 = LINE('',#838,#839);
#838 = CARTESIAN_POINT('',(-9.4,6.6,18.));
#839 = VECTOR('',#840,1.);
#840 = DIRECTION('',(1.,0.,0.));
#841 = PCURVE('',#32,#842);
#842 = DEFINITIONAL_REPRESENTATION('',(#843),#847);
#843 = LINE('',#844,#845);
#844 = CARTESIAN_POINT('',(13.35,-18.));
#845 = VECTOR('',#846,1.);
#846 = DIRECTION('',(1.,0.));
#847 = ( GEOMETRIC_REPRESENTATION_CONTEXT(2) 
PARAMETRIC_REPRESENTATION_CONTEXT() REPRESENTATION_CONTEXT('2D SPACE',''
  ) );
#848 = PCURVE('',#849,#854);
#849 = PLANE('',#850);
#850 = AXIS2_PLACEMENT_3D('',#851,#852,#853);
#851 = CARTESIAN_POINT('',(-9.4,6.6,18.));
#852 = DIRECTION('',(0.,0.,1.));
#853 = DIRECTION('',(1.,0.,0.));
#854 = DEFINITIONAL_REPRESENTATION('',(#855),#859);
#855 = LINE('',#856,#857);
#856 = CARTESIAN_POINT('',(0.,0.));
#857 = VECTOR('',#858,1.);
#858 = DIRECTION('',(1.,0.));
#859 = ( GEOMETRIC_REPRESENTATION_CONTEXT(2) 
PARAMETRIC_REPRESENTATION_CONTEXT() REPRESENTATION_CONTEXT('2D SPACE',''
  ) );
#860 = ORIENTED_EDGE('',*,*,#861,.T.);
#861 = EDGE_CURVE('',#834,#862,#864,.T.);
#862 = VERTEX_POINT('',#863);
#863 = CARTESIAN_POINT('',(6.5,6.6,20.));
#864 = SURFACE_CURVE('',#865,(#869,#876),.PCURVE_S1.);
#865 = LINE('',#866,#867);
#866 = CARTESIAN_POINT('',(6.5,6.6,3.5));
#867 = VECTOR('',#868,1.);
#868 = DIRECTION('',(0.,0.,1.));
#869 = PCURVE('',#32,#870);
#870 = DEFINITIONAL_REPRESENTATION('',(#871),#875);
#871 = LINE('',#872,#873);
#872 = CARTESIAN_POINT('',(29.25,-3.5));
#873 = VECTOR('',#874,1.);
#874 = DIRECTION('',(0.,-1.));
#875 = ( GEOMETRIC_REPRESENTATION_CONTEXT(2) 
PARAMETRIC_REPRESENTATION_CONTEXT() REPRESENTATION_CONTEXT('2D SPACE',''
  ) );
#876 = PCURVE('',#877,#882);
#877 = PLANE('',#878);
#878 = AXIS2_PLACEMENT_3D('',#879,#880,#881);
#879 = CARTESIAN_POINT('',(6.5,6.6,3.5));
#880 = DIRECTION('',(1.,0.,0.));
#881 = DIRECTION('',(0.,0.,1.));
#882 = DEFINITIONAL_REPRESENTATION('',(#883),#887);
#883 = LINE('',#884,#885);
#884 = CARTESIAN_POINT('',(0.,0.));
#885 = VECTOR('',#886,1.);
#886 = DIRECTION('',(1.,0.));
#887 = ( GEOMETRIC_REPRESENTATION_CONTEXT(2) 
PARAMETRIC_REPRESENTATION_CONTEXT() REPRESENTATION_CONTEXT('2D SPACE',''
  ) );
#888 = ORIENTED_EDGE('',*,*,#889,.F.);
#889 = EDGE_CURVE('',#806,#862,#890,.T.);
#890 = SURFACE_CURVE('',#891,(#895,#902),.PCURVE_S1.);
#891 = LINE('',#892,#893);
#892 = CARTESIAN_POINT('',(-9.4,6.6,20.));
#893 = VECTOR('',#894,1.);
#894 = DIRECTION('',(1.,0.,0.));
#895 = PCURVE('',#32,#896);
#896 = DEFINITIONAL_REPRESENTATION('',(#897),#901);
#897 = LINE('',#898,#899);
#898 = CARTESIAN_POINT('',(13.35,-20.));
#899 = VECTOR('',#900,1.);
#900 = DIRECTION('',(1.,0.));
#901 = ( GEOMETRIC_REPRESENTATION_CONTEXT(2) 
PARAMETRIC_REPRESENTATION_CONTEXT() REPRESENTATION_CONTEXT('2D SPACE',''
  ) );
#902 = PCURVE('',#903,#908);
#903 = PLANE('',#904);
#904 = AXIS2_PLACEMENT_3D('',#905,#906,#907);
#905 = CARTESIAN_POINT('',(-9.4,6.6,20.));
#906 = DIRECTION('',(0.,0.,1.));
#907 = DIRECTION('',(1.,0.,0.));
#908 = DEFINITIONAL_REPRESENTATION('',(#909),#913);
#909 = LINE('',#910,#911);
#910 = CARTESIAN_POINT('',(0.,0.));
#911 = VECTOR('',#912,1.);
#912 = DIRECTION('',(1.,0.));
#913 = ( GEOMETRIC_REPRESENTATION_CONTEXT(2) 
PARAMETRIC_REPRESENTATION_CONTEXT() REPRESENTATION_CONTEXT('2D SPACE',''
  ) );
#914 = FACE_BOUND('',#915,.F.);
#915 = EDGE_LOOP('',(#916,#941,#969,#997));
#916 = ORIENTED_EDGE('',*,*,#917,.T.);
#917 = EDGE_CURVE('',#918,#920,#922,.T.);
#918 = VERTEX_POINT('',#919);
#919 = CARTESIAN_POINT('',(-6.5,6.6,3.5));
#920 = VERTEX_POINT('',#921);
#921 = CARTESIAN_POINT('',(6.5,6.6,3.5));
#922 = SURFACE_CURVE('',#923,(#927,#934),.PCURVE_S1.);
#923 = LINE('',#924,#925);
#924 = CARTESIAN_POINT('',(-22.75,6.6,3.5));
#925 = VECTOR('',#926,1.);
#926 = DIRECTION('',(1.,0.,0.));
#927 = PCURVE('',#32,#928);
#928 = DEFINITIONAL_REPRESENTATION('',(#929),#933);
#929 = LINE('',#930,#931);
#930 = CARTESIAN_POINT('',(0.,-3.5));
#931 = VECTOR('',#932,1.);
#932 = DIRECTION('',(1.,0.));
#933 = ( GEOMETRIC_REPRESENTATION_CONTEXT(2) 
PARAMETRIC_REPRESENTATION_CONTEXT() REPRESENTATION_CONTEXT('2D SPACE',''
  ) );
#934 = PCURVE('',#154,#935);
#935 = DEFINITIONAL_REPRESENTATION('',(#936),#940);
#936 = LINE('',#937,#938);
#937 = CARTESIAN_POINT('',(-22.75,-7.075));
#938 = VECTOR('',#939,1.);
#939 = DIRECTION('',(1.,0.));
#940 = ( GEOMETRIC_REPRESENTATION_CONTEXT(2) 
PARAMETRIC_REPRESENTATION_CONTEXT() REPRESENTATION_CONTEXT('2D SPACE',''
  ) );
#941 = ORIENTED_EDGE('',*,*,#942,.T.);
#942 = EDGE_CURVE('',#920,#943,#945,.T.);
#943 = VERTEX_POINT('',#944);
#944 = CARTESIAN_POINT('',(6.5,6.6,14.));
#945 = SURFACE_CURVE('',#946,(#950,#957),.PCURVE_S1.);
#946 = LINE('',#947,#948);
#947 = CARTESIAN_POINT('',(6.5,6.6,3.5));
#948 = VECTOR('',#949,1.);
#949 = DIRECTION('',(0.,0.,1.));
#950 = PCURVE('',#32,#951);
#951 = DEFINITIONAL_REPRESENTATION('',(#952),#956);
#952 = LINE('',#953,#954);
#953 = CARTESIAN_POINT('',(29.25,-3.5));
#954 = VECTOR('',#955,1.);
#955 = DIRECTION('',(0.,-1.));
#956 = ( GEOMETRIC_REPRESENTATION_CONTEXT(2) 
PARAMETRIC_REPRESENTATION_CONTEXT() REPRESENTATION_CONTEXT('2D SPACE',''
  ) );
#957 = PCURVE('',#958,#963);
#958 = PLANE('',#959);
#959 = AXIS2_PLACEMENT_3D('',#960,#961,#962);
#960 = CARTESIAN_POINT('',(6.5,6.6,3.5));
#961 = DIRECTION('',(1.,0.,0.));
#962 = DIRECTION('',(0.,0.,1.));
#963 = DEFINITIONAL_REPRESENTATION('',(#964),#968);
#964 = LINE('',#965,#966);
#965 = CARTESIAN_POINT('',(0.,0.));
#966 = VECTOR('',#967,1.);
#967 = DIRECTION('',(1.,0.));
#968 = ( GEOMETRIC_REPRESENTATION_CONTEXT(2) 
PARAMETRIC_REPRESENTATION_CONTEXT() REPRESENTATION_CONTEXT('2D SPACE',''
  ) );
#969 = ORIENTED_EDGE('',*,*,#970,.F.);
#970 = EDGE_CURVE('',#971,#943,#973,.T.);
#971 = VERTEX_POINT('',#972);
#972 = CARTESIAN_POINT('',(-6.5,6.6,14.));
#973 = SURFACE_CURVE('',#974,(#978,#985),.PCURVE_S1.);
#974 = LINE('',#975,#976);
#975 = CARTESIAN_POINT('',(-9.4,6.6,14.));
#976 = VECTOR('',#977,1.);
#977 = DIRECTION('',(1.,0.,0.));
#978 = PCURVE('',#32,#979);
#979 = DEFINITIONAL_REPRESENTATION('',(#980),#984);
#980 = LINE('',#981,#982);
#981 = CARTESIAN_POINT('',(13.35,-14.));
#982 = VECTOR('',#983,1.);
#983 = DIRECTION('',(1.,0.));
#984 = ( GEOMETRIC_REPRESENTATION_CONTEXT(2) 
PARAMETRIC_REPRESENTATION_CONTEXT() REPRESENTATION_CONTEXT('2D SPACE',''
  ) );
#985 = PCURVE('',#986,#991);
#986 = PLANE('',#987);
#987 = AXIS2_PLACEMENT_3D('',#988,#989,#990);
#988 = CARTESIAN_POINT('',(-9.4,6.6,14.));
#989 = DIRECTION('',(0.,0.,1.));
#990 = DIRECTION('',(1.,0.,0.));
#991 = DEFINITIONAL_REPRESENTATION('',(#992),#996);
#992 = LINE('',#993,#994);
#993 = CARTESIAN_POINT('',(0.,0.));
#994 = VECTOR('',#995,1.);
#995 = DIRECTION('',(1.,0.));
#996 = ( GEOMETRIC_REPRESENTATION_CONTEXT(2) 
PARAMETRIC_REPRESENTATION_CONTEXT() REPRESENTATION_CONTEXT('2D SPACE',''
  ) );
#997 = ORIENTED_EDGE('',*,*,#998,.F.);
#998 = EDGE_CURVE('',#918,#971,#999,.T.);
#999 = SURFACE_CURVE('',#1000,(#1004,#1011),.PCURVE_S1.);
#1000 = LINE('',#1001,#1002);
#1001 = CARTESIAN_POINT('',(-6.5,6.6,3.5));
#1002 = VECTOR('',#1003,1.);
#1003 = DIRECTION('',(0.,0.,1.));
#1004 = PCURVE('',#32,#1005);
#1005 = DEFINITIONAL_REPRESENTATION('',(#1006),#1010);
#1006 = LINE('',#1007,#1008);
#1007 = CARTESIAN_POINT('',(16.25,-3.5));
#1008 = VECTOR('',#1009,1.);
#1009 = DIRECTION('',(0.,-1.));
#1010 = ( GEOMETRIC_REPRESENTATION_CONTEXT(2) 
PARAMETRIC_REPRESENTATION_CONTEXT() REPRESENTATION_CONTEXT('2D SPACE',''
  ) );
#1011 = PCURVE('',#1012,#1017);
#1012 = PLANE('',#1013);
#1013 = AXIS2_PLACEMENT_3D('',#1014,#1015,#1016);
#1014 = CARTESIAN_POINT('',(-6.5,6.6,3.5));
#1015 = DIRECTION('',(1.,0.,0.));
#1016 = DIRECTION('',(0.,0.,1.));
#1017 = DEFINITIONAL_REPRESENTATION('',(#1018),#1022);
#1018 = LINE('',#1019,#1020);
#1019 = CARTESIAN_POINT('',(0.,0.));
#1020 = VECTOR('',#1021,1.);
#1021 = DIRECTION('',(1.,0.));
#1022 = ( GEOMETRIC_REPRESENTATION_CONTEXT(2) 
PARAMETRIC_REPRESENTATION_CONTEXT() REPRESENTATION_CONTEXT('2D SPACE',''
  ) );
#1023 = FACE_BOUND('',#1024,.F.);
#1024 = EDGE_LOOP('',(#1025));
#1025 = ORIENTED_EDGE('',*,*,#1026,.T.);
#1026 = EDGE_CURVE('',#1027,#1027,#1029,.T.);
#1027 = VERTEX_POINT('',#1028);
#1028 = CARTESIAN_POINT('',(-7.4,6.6,4.25));
#1029 = SURFACE_CURVE('',#1030,(#1035,#1046),.PCURVE_S1.);
#1030 = CIRCLE('',#1031,1.6);
#1031 = AXIS2_PLACEMENT_3D('',#1032,#1033,#1034);
#1032 = CARTESIAN_POINT('',(-9.,6.6,4.25));
#1033 = DIRECTION('',(0.,-1.,-1.110223024625E-16));
#1034 = DIRECTION('',(1.,-0.,0.));
#1035 = PCURVE('',#32,#1036);
#1036 = DEFINITIONAL_REPRESENTATION('',(#1037),#1045);
#1037 = ( BOUNDED_CURVE() B_SPLINE_CURVE(2,(#1038,#1039,#1040,#1041,
#1042,#1043,#1044),.UNSPECIFIED.,.T.,.F.) B_SPLINE_CURVE_WITH_KNOTS((1,2
    ,2,2,2,1),(-2.094395102393,0.,2.094395102393,4.188790204786,
6.28318530718,8.377580409573),.UNSPECIFIED.) CURVE() 
GEOMETRIC_REPRESENTATION_ITEM() RATIONAL_B_SPLINE_CURVE((1.,0.5,1.,0.5,
1.,0.5,1.)) REPRESENTATION_ITEM('') );
#1038 = CARTESIAN_POINT('',(15.35,-4.25));
#1039 = CARTESIAN_POINT('',(15.35,-7.02128129211));
#1040 = CARTESIAN_POINT('',(12.95,-5.635640646055));
#1041 = CARTESIAN_POINT('',(10.55,-4.25));
#1042 = CARTESIAN_POINT('',(12.95,-2.864359353945));
#1043 = CARTESIAN_POINT('',(15.35,-1.47871870789));
#1044 = CARTESIAN_POINT('',(15.35,-4.25));
#1045 = ( GEOMETRIC_REPRESENTATION_CONTEXT(2) 
PARAMETRIC_REPRESENTATION_CONTEXT() REPRESENTATION_CONTEXT('2D SPACE',''
  ) );
#1046 = PCURVE('',#1047,#1052);
#1047 = CYLINDRICAL_SURFACE('',#1048,1.6);
#1048 = AXIS2_PLACEMENT_3D('',#1049,#1050,#1051);
#1049 = CARTESIAN_POINT('',(-9.,4.6,4.25));
#1050 = DIRECTION('',(-0.,-1.,-1.110223024625E-16));
#1051 = DIRECTION('',(1.,0.,0.));
#1052 = DEFINITIONAL_REPRESENTATION('',(#1053),#1057);
#1053 = LINE('',#1054,#1055);
#1054 = CARTESIAN_POINT('',(-6.28318530718,-2.));
#1055 = VECTOR('',#1056,1.);
#1056 = DIRECTION('',(1.,-0.));
#1057 = ( GEOMETRIC_REPRESENTATION_CONTEXT(2) 
PARAMETRIC_REPRESENTATION_CONTEXT() REPRESENTATION_CONTEXT('2D SPACE',''
  ) );
#1058 = FACE_BOUND('',#1059,.F.);
#1059 = EDGE_LOOP('',(#1060));
#1060 = ORIENTED_EDGE('',*,*,#1061,.T.);
#1061 = EDGE_CURVE('',#1062,#1062,#1064,.T.);
#1062 = VERTEX_POINT('',#1063);
#1063 = CARTESIAN_POINT('',(10.6,6.6,4.25));
#1064 = SURFACE_CURVE('',#1065,(#1070,#1081),.PCURVE_S1.);
#1065 = CIRCLE('',#1066,1.6);
#1066 = AXIS2_PLACEMENT_3D('',#1067,#1068,#1069);
#1067 = CARTESIAN_POINT('',(9.,6.6,4.25));
#1068 = DIRECTION('',(0.,-1.,-1.110223024625E-16));
#1069 = DIRECTION('',(1.,-0.,0.));
#1070 = PCURVE('',#32,#1071);
#1071 = DEFINITIONAL_REPRESENTATION('',(#1072),#1080);
#1072 = ( BOUNDED_CURVE() B_SPLINE_CURVE(2,(#1073,#1074,#1075,#1076,
#1077,#1078,#1079),.UNSPECIFIED.,.T.,.F.) B_SPLINE_CURVE_WITH_KNOTS((1,2
    ,2,2,2,1),(-2.094395102393,0.,2.094395102393,4.188790204786,
6.28318530718,8.377580409573),.UNSPECIFIED.) CURVE() 
GEOMETRIC_REPRESENTATION_ITEM() RATIONAL_B_SPLINE_CURVE((1.,0.5,1.,0.5,
1.,0.5,1.)) REPRESENTATION_ITEM('') );
#1073 = CARTESIAN_POINT('',(33.35,-4.25));
#1074 = CARTESIAN_POINT('',(33.35,-7.02128129211));
#1075 = CARTESIAN_POINT('',(30.95,-5.635640646055));
#1076 = CARTESIAN_POINT('',(28.55,-4.25));
#1077 = CARTESIAN_POINT('',(30.95,-2.864359353945));
#1078 = CARTESIAN_POINT('',(33.35,-1.47871870789));
#1079 = CARTESIAN_POINT('',(33.35,-4.25));
#1080 = ( GEOMETRIC_REPRESENTATION_CONTEXT(2) 
PARAMETRIC_REPRESENTATION_CONTEXT() REPRESENTATION_CONTEXT('2D SPACE',''
  ) );
#1081 = PCURVE('',#1082,#1087);
#1082 = CYLINDRICAL_SURFACE('',#1083,1.6);
#1083 = AXIS2_PLACEMENT_3D('',#1084,#1085,#1086);
#1084 = CARTESIAN_POINT('',(9.,4.6,4.25));
#1085 = DIRECTION('',(-0.,-1.,-1.110223024625E-16));
#1086 = DIRECTION('',(1.,0.,0.));
#1087 = DEFINITIONAL_REPRESENTATION('',(#1088),#1092);
#1088 = LINE('',#1089,#1090);
#1089 = CARTESIAN_POINT('',(-6.28318530718,-2.));
#1090 = VECTOR('',#1091,1.);
#1091 = DIRECTION('',(1.,-0.));
#1092 = ( GEOMETRIC_REPRESENTATION_CONTEXT(2) 
PARAMETRIC_REPRESENTATION_CONTEXT() REPRESENTATION_CONTEXT('2D SPACE',''
  ) );
#1093 = ADVANCED_FACE('',(#1094),#44,.F.);
#1094 = FACE_BOUND('',#1095,.F.);
#1095 = EDGE_LOOP('',(#1096,#1120,#1121,#1149,#1175,#1208));
#1096 = ORIENTED_EDGE('',*,*,#1097,.F.);
#1097 = EDGE_CURVE('',#22,#1098,#1100,.T.);
#1098 = VERTEX_POINT('',#1099);
#1099 = CARTESIAN_POINT('',(-5.003718657868,8.4,0.));
#1100 = SURFACE_CURVE('',#1101,(#1106,#1113),.PCURVE_S1.);
#1101 = CIRCLE('',#1102,11.);
#1102 = AXIS2_PLACEMENT_3D('',#1103,#1104,#1105);
#1103 = CARTESIAN_POINT('',(-14.75,13.5,0.));
#1104 = DIRECTION('',(-0.,0.,1.));
#1105 = DIRECTION('',(0.778799669761,-0.627272727273,0.));
#1106 = PCURVE('',#44,#1107);
#1107 = DEFINITIONAL_REPRESENTATION('',(#1108),#1112);
#1108 = CIRCLE('',#1109,11.);
#1109 = AXIS2_PLACEMENT_2D('',#1110,#1111);
#1110 = CARTESIAN_POINT('',(-14.75,-0.175));
#1111 = DIRECTION('',(0.778799669761,-0.627272727273));
#1112 = ( GEOMETRIC_REPRESENTATION_CONTEXT(2) 
PARAMETRIC_REPRESENTATION_CONTEXT() REPRESENTATION_CONTEXT('2D SPACE',''
  ) );
#1113 = PCURVE('',#72,#1114);
#1114 = DEFINITIONAL_REPRESENTATION('',(#1115),#1119);
#1115 = LINE('',#1116,#1117);
#1116 = CARTESIAN_POINT('',(-5.605138947932,-1.));
#1117 = VECTOR('',#1118,1.);
#1118 = DIRECTION('',(-1.,-0.));
#1119 = ( GEOMETRIC_REPRESENTATION_CONTEXT(2) 
PARAMETRIC_REPRESENTATION_CONTEXT() REPRESENTATION_CONTEXT('2D SPACE',''
  ) );
#1120 = ORIENTED_EDGE('',*,*,#21,.T.);
#1121 = ORIENTED_EDGE('',*,*,#1122,.T.);
#1122 = EDGE_CURVE('',#24,#1123,#1125,.T.);
#1123 = VERTEX_POINT('',#1124);
#1124 = CARTESIAN_POINT('',(5.003718657868,8.4,0.));
#1125 = SURFACE_CURVE('',#1126,(#1131,#1142),.PCURVE_S1.);
#1126 = CIRCLE('',#1127,11.);
#1127 = AXIS2_PLACEMENT_3D('',#1128,#1129,#1130);
#1128 = CARTESIAN_POINT('',(14.75,13.5,0.));
#1129 = DIRECTION('',(0.,0.,-1.));
#1130 = DIRECTION('',(1.,0.,0.));
#1131 = PCURVE('',#44,#1132);
#1132 = DEFINITIONAL_REPRESENTATION('',(#1133),#1141);
#1133 = ( BOUNDED_CURVE() B_SPLINE_CURVE(2,(#1134,#1135,#1136,#1137,
#1138,#1139,#1140),.UNSPECIFIED.,.T.,.F.) B_SPLINE_CURVE_WITH_KNOTS((1,2
    ,2,2,2,1),(-2.094395102393,0.,2.094395102393,4.188790204786,
6.28318530718,8.377580409573),.UNSPECIFIED.) CURVE() 
GEOMETRIC_REPRESENTATION_ITEM() RATIONAL_B_SPLINE_CURVE((1.,0.5,1.,0.5,
1.,0.5,1.)) REPRESENTATION_ITEM('') );
#1134 = CARTESIAN_POINT('',(25.75,-0.175));
#1135 = CARTESIAN_POINT('',(25.75,-19.22755888325));
#1136 = CARTESIAN_POINT('',(9.25,-9.701279441629));
#1137 = CARTESIAN_POINT('',(-7.25,-0.175));
#1138 = CARTESIAN_POINT('',(9.25,9.351279441629));
#1139 = CARTESIAN_POINT('',(25.75,18.877558883258));
#1140 = CARTESIAN_POINT('',(25.75,-0.175));
#1141 = ( GEOMETRIC_REPRESENTATION_CONTEXT(2) 
PARAMETRIC_REPRESENTATION_CONTEXT() REPRESENTATION_CONTEXT('2D SPACE',''
  ) );
#1142 = PCURVE('',#790,#1143);
#1143 = DEFINITIONAL_REPRESENTATION('',(#1144),#1148);
#1144 = LINE('',#1145,#1146);
#1145 = CARTESIAN_POINT('',(-6.28318530718,-1.));
#1146 = VECTOR('',#1147,1.);
#1147 = DIRECTION('',(1.,-0.));
#1148 = ( GEOMETRIC_REPRESENTATION_CONTEXT(2) 
PARAMETRIC_REPRESENTATION_CONTEXT() REPRESENTATION_CONTEXT('2D SPACE',''
  ) );
#1149 = ORIENTED_EDGE('',*,*,#1150,.T.);
#1150 = EDGE_CURVE('',#1123,#1151,#1153,.T.);
#1151 = VERTEX_POINT('',#1152);
#1152 = CARTESIAN_POINT('',(2.655654344978,8.4,0.));
#1153 = SURFACE_CURVE('',#1154,(#1158,#1164),.PCURVE_S1.);
#1154 = LINE('',#1155,#1156);
#1155 = CARTESIAN_POINT('',(-3.05,8.4,0.));
#1156 = VECTOR('',#1157,1.);
#1157 = DIRECTION('',(-1.,0.,0.));
#1158 = PCURVE('',#44,#1159);
#1159 = DEFINITIONAL_REPRESENTATION('',(#1160),#1163);
#1160 = B_SPLINE_CURVE_WITH_KNOTS('',1,(#1161,#1162),.UNSPECIFIED.,.F.,
  .F.,(2,2),(-8.15,2.05),.PIECEWISE_BEZIER_KNOTS.);
#1161 = CARTESIAN_POINT('',(5.1,-5.275));
#1162 = CARTESIAN_POINT('',(-5.1,-5.275));
#1163 = ( GEOMETRIC_REPRESENTATION_CONTEXT(2) 
PARAMETRIC_REPRESENTATION_CONTEXT() REPRESENTATION_CONTEXT('2D SPACE',''
  ) );
#1164 = PCURVE('',#1165,#1170);
#1165 = PLANE('',#1166);
#1166 = AXIS2_PLACEMENT_3D('',#1167,#1168,#1169);
#1167 = CARTESIAN_POINT('',(-6.1,8.4,-1.));
#1168 = DIRECTION('',(0.,1.,0.));
#1169 = DIRECTION('',(1.,0.,0.));
#1170 = DEFINITIONAL_REPRESENTATION('',(#1171),#1174);
#1171 = B_SPLINE_CURVE_WITH_KNOTS('',1,(#1172,#1173),.UNSPECIFIED.,.F.,
  .F.,(2,2),(-8.15,2.05),.PIECEWISE_BEZIER_KNOTS.);
#1172 = CARTESIAN_POINT('',(11.2,-1.));
#1173 = CARTESIAN_POINT('',(1.,-1.));
#1174 = ( GEOMETRIC_REPRESENTATION_CONTEXT(2) 
PARAMETRIC_REPRESENTATION_CONTEXT() REPRESENTATION_CONTEXT('2D SPACE',''
  ) );
#1175 = ORIENTED_EDGE('',*,*,#1176,.T.);
#1176 = EDGE_CURVE('',#1151,#1177,#1179,.T.);
#1177 = VERTEX_POINT('',#1178);
#1178 = CARTESIAN_POINT('',(-2.655654344978,8.4,0.));
#1179 = SURFACE_CURVE('',#1180,(#1185,#1196),.PCURVE_S1.);
#1180 = CIRCLE('',#1181,5.75);
#1181 = AXIS2_PLACEMENT_3D('',#1182,#1183,#1184);
#1182 = CARTESIAN_POINT('',(0.,13.5,0.));
#1183 = DIRECTION('',(0.,0.,-1.));
#1184 = DIRECTION('',(1.,0.,0.));
#1185 = PCURVE('',#44,#1186);
#1186 = DEFINITIONAL_REPRESENTATION('',(#1187),#1195);
#1187 = ( BOUNDED_CURVE() B_SPLINE_CURVE(2,(#1188,#1189,#1190,#1191,
#1192,#1193,#1194),.UNSPECIFIED.,.T.,.F.) B_SPLINE_CURVE_WITH_KNOTS((1,2
    ,2,2,2,1),(-2.094395102393,0.,2.094395102393,4.188790204786,
6.28318530718,8.377580409573),.UNSPECIFIED.) CURVE() 
GEOMETRIC_REPRESENTATION_ITEM() RATIONAL_B_SPLINE_CURVE((1.,0.5,1.,0.5,
1.,0.5,1.)) REPRESENTATION_ITEM('') );
#1188 = CARTESIAN_POINT('',(5.75,-0.175));
#1189 = CARTESIAN_POINT('',(5.75,-10.13429214352));
#1190 = CARTESIAN_POINT('',(-2.875,-5.154646071761));
#1191 = CARTESIAN_POINT('',(-11.5,-0.175));
#1192 = CARTESIAN_POINT('',(-2.875,4.804646071761));
#1193 = CARTESIAN_POINT('',(5.75,9.784292143521));
#1194 = CARTESIAN_POINT('',(5.75,-0.175));
#1195 = ( GEOMETRIC_REPRESENTATION_CONTEXT(2) 
PARAMETRIC_REPRESENTATION_CONTEXT() REPRESENTATION_CONTEXT('2D SPACE',''
  ) );
#1196 = PCURVE('',#1197,#1202);
#1197 = CYLINDRICAL_SURFACE('',#1198,5.75);
#1198 = AXIS2_PLACEMENT_3D('',#1199,#1200,#1201);
#1199 = CARTESIAN_POINT('',(0.,13.5,-1.));
#1200 = DIRECTION('',(-0.,-0.,-1.));
#1201 = DIRECTION('',(1.,0.,0.));
#1202 = DEFINITIONAL_REPRESENTATION('',(#1203),#1207);
#1203 = LINE('',#1204,#1205);
#1204 = CARTESIAN_POINT('',(-6.28318530718,-1.));
#1205 = VECTOR('',#1206,1.);
#1206 = DIRECTION('',(1.,-0.));
#1207 = ( GEOMETRIC_REPRESENTATION_CONTEXT(2) 
PARAMETRIC_REPRESENTATION_CONTEXT() REPRESENTATION_CONTEXT('2D SPACE',''
  ) );
#1208 = ORIENTED_EDGE('',*,*,#1209,.T.);
#1209 = EDGE_CURVE('',#1177,#1098,#1210,.T.);
#1210 = SURFACE_CURVE('',#1211,(#1215,#1221),.PCURVE_S1.);
#1211 = LINE('',#1212,#1213);
#1212 = CARTESIAN_POINT('',(-3.05,8.4,0.));
#1213 = VECTOR('',#1214,1.);
#1214 = DIRECTION('',(-1.,0.,0.));
#1215 = PCURVE('',#44,#1216);
#1216 = DEFINITIONAL_REPRESENTATION('',(#1217),#1220);
#1217 = B_SPLINE_CURVE_WITH_KNOTS('',1,(#1218,#1219),.UNSPECIFIED.,.F.,
  .F.,(2,2),(-8.15,2.05),.PIECEWISE_BEZIER_KNOTS.);
#1218 = CARTESIAN_POINT('',(5.1,-5.275));
#1219 = CARTESIAN_POINT('',(-5.1,-5.275));
#1220 = ( GEOMETRIC_REPRESENTATION_CONTEXT(2) 
PARAMETRIC_REPRESENTATION_CONTEXT() REPRESENTATION_CONTEXT('2D SPACE',''
  ) );
#1221 = PCURVE('',#1165,#1222);
#1222 = DEFINITIONAL_REPRESENTATION('',(#1223),#1226);
#1223 = B_SPLINE_CURVE_WITH_KNOTS('',1,(#1224,#1225),.UNSPECIFIED.,.F.,
  .F.,(2,2),(-8.15,2.05),.PIECEWISE_BEZIER_KNOTS.);
#1224 = CARTESIAN_POINT('',(11.2,-1.));
#1225 = CARTESIAN_POINT('',(1.,-1.));
#1226 = ( GEOMETRIC_REPRESENTATION_CONTEXT(2) 
PARAMETRIC_REPRESENTATION_CONTEXT() REPRESENTATION_CONTEXT('2D SPACE',''
  ) );
#1227 = ADVANCED_FACE('',(#1228),#72,.F.);
#1228 = FACE_BOUND('',#1229,.T.);
#1229 = EDGE_LOOP('',(#1230,#1258,#1277,#1278));
#1230 = ORIENTED_EDGE('',*,*,#1231,.F.);
#1231 = EDGE_CURVE('',#1232,#57,#1234,.T.);
#1232 = VERTEX_POINT('',#1233);
#1233 = CARTESIAN_POINT('',(-5.003718657868,8.4,0.3));
#1234 = SURFACE_CURVE('',#1235,(#1240,#1247),.PCURVE_S1.);
#1235 = CIRCLE('',#1236,11.);
#1236 = AXIS2_PLACEMENT_3D('',#1237,#1238,#1239);
#1237 = CARTESIAN_POINT('',(-14.75,13.5,0.3));
#1238 = DIRECTION('',(0.,0.,-1.));
#1239 = DIRECTION('',(0.752063277626,0.659090909091,0.));
#1240 = PCURVE('',#72,#1241);
#1241 = DEFINITIONAL_REPRESENTATION('',(#1242),#1246);
#1242 = LINE('',#1243,#1244);
#1243 = CARTESIAN_POINT('',(-7.00279463103,-1.3));
#1244 = VECTOR('',#1245,1.);
#1245 = DIRECTION('',(1.,-0.));
#1246 = ( GEOMETRIC_REPRESENTATION_CONTEXT(2) 
PARAMETRIC_REPRESENTATION_CONTEXT() REPRESENTATION_CONTEXT('2D SPACE',''
  ) );
#1247 = PCURVE('',#99,#1248);
#1248 = DEFINITIONAL_REPRESENTATION('',(#1249),#1257);
#1249 = ( BOUNDED_CURVE() B_SPLINE_CURVE(2,(#1250,#1251,#1252,#1253,
#1254,#1255,#1256),.UNSPECIFIED.,.T.,.F.) B_SPLINE_CURVE_WITH_KNOTS((1,2
    ,2,2,2,1),(-2.094395102393,0.,2.094395102393,4.188790204786,
6.28318530718,8.377580409573),.UNSPECIFIED.) CURVE() 
GEOMETRIC_REPRESENTATION_ITEM() RATIONAL_B_SPLINE_CURVE((1.,0.5,1.,0.5,
1.,0.5,1.)) REPRESENTATION_ITEM('') );
#1250 = CARTESIAN_POINT('',(8.272696053887,7.25));
#1251 = CARTESIAN_POINT('',(20.830064408762,-7.078729880907));
#1252 = CARTESIAN_POINT('',(2.142336150494,-10.78936494045));
#1253 = CARTESIAN_POINT('',(-16.54539210777,-14.5));
#1254 = CARTESIAN_POINT('',(-10.41503220438,3.539364940454));
#1255 = CARTESIAN_POINT('',(-4.284672300987,21.578729880907));
#1256 = CARTESIAN_POINT('',(8.272696053887,7.25));
#1257 = ( GEOMETRIC_REPRESENTATION_CONTEXT(2) 
PARAMETRIC_REPRESENTATION_CONTEXT() REPRESENTATION_CONTEXT('2D SPACE',''
  ) );
#1258 = ORIENTED_EDGE('',*,*,#1259,.T.);
#1259 = EDGE_CURVE('',#1232,#1098,#1260,.T.);
#1260 = SURFACE_CURVE('',#1261,(#1265,#1271),.PCURVE_S1.);
#1261 = LINE('',#1262,#1263);
#1262 = CARTESIAN_POINT('',(-5.003718657868,8.4,-1.));
#1263 = VECTOR('',#1264,1.);
#1264 = DIRECTION('',(-0.,-0.,-1.));
#1265 = PCURVE('',#72,#1266);
#1266 = DEFINITIONAL_REPRESENTATION('',(#1267),#1270);
#1267 = B_SPLINE_CURVE_WITH_KNOTS('',1,(#1268,#1269),.UNSPECIFIED.,.F.,
  .F.,(2,2),(-1.3000006,-0.9999994),.PIECEWISE_BEZIER_KNOTS.);
#1268 = CARTESIAN_POINT('',(-5.801090365337,-1.3000006));
#1269 = CARTESIAN_POINT('',(-5.801090365337,-0.9999994));
#1270 = ( GEOMETRIC_REPRESENTATION_CONTEXT(2) 
PARAMETRIC_REPRESENTATION_CONTEXT() REPRESENTATION_CONTEXT('2D SPACE',''
  ) );
#1271 = PCURVE('',#1165,#1272);
#1272 = DEFINITIONAL_REPRESENTATION('',(#1273),#1276);
#1273 = B_SPLINE_CURVE_WITH_KNOTS('',1,(#1274,#1275),.UNSPECIFIED.,.F.,
  .F.,(2,2),(-1.3000006,-0.9999994),.PIECEWISE_BEZIER_KNOTS.);
#1274 = CARTESIAN_POINT('',(1.096281342132,-1.3000006));
#1275 = CARTESIAN_POINT('',(1.096281342132,-0.9999994));
#1276 = ( GEOMETRIC_REPRESENTATION_CONTEXT(2) 
PARAMETRIC_REPRESENTATION_CONTEXT() REPRESENTATION_CONTEXT('2D SPACE',''
  ) );
#1277 = ORIENTED_EDGE('',*,*,#1097,.F.);
#1278 = ORIENTED_EDGE('',*,*,#56,.F.);
#1279 = ADVANCED_FACE('',(#1280,#1551),#99,.F.);
#1280 = FACE_BOUND('',#1281,.F.);
#1281 = EDGE_LOOP('',(#1282,#1306,#1307,#1308,#1329,#1358,#1384,#1413,
    #1439,#1472,#1498,#1527));
#1282 = ORIENTED_EDGE('',*,*,#1283,.T.);
#1283 = EDGE_CURVE('',#1284,#84,#1286,.T.);
#1284 = VERTEX_POINT('',#1285);
#1285 = CARTESIAN_POINT('',(-22.75,9.6,0.3));
#1286 = SURFACE_CURVE('',#1287,(#1292,#1299),.PCURVE_S1.);
#1287 = CIRCLE('',#1288,3.);
#1288 = AXIS2_PLACEMENT_3D('',#1289,#1290,#1291);
#1289 = CARTESIAN_POINT('',(-19.75,9.6,0.3));
#1290 = DIRECTION('',(0.,0.,1.));
#1291 = DIRECTION('',(0.,-1.,0.));
#1292 = PCURVE('',#99,#1293);
#1293 = DEFINITIONAL_REPRESENTATION('',(#1294),#1298);
#1294 = CIRCLE('',#1295,3.);
#1295 = AXIS2_PLACEMENT_2D('',#1296,#1297);
#1296 = CARTESIAN_POINT('',(-5.,-3.9));
#1297 = DIRECTION('',(0.,-1.));
#1298 = ( GEOMETRIC_REPRESENTATION_CONTEXT(2) 
PARAMETRIC_REPRESENTATION_CONTEXT() REPRESENTATION_CONTEXT('2D SPACE',''
  ) );
#1299 = PCURVE('',#126,#1300);
#1300 = DEFINITIONAL_REPRESENTATION('',(#1301),#1305);
#1301 = LINE('',#1302,#1303);
#1302 = CARTESIAN_POINT('',(-6.28318530718,0.3));
#1303 = VECTOR('',#1304,1.);
#1304 = DIRECTION('',(1.,-0.));
#1305 = ( GEOMETRIC_REPRESENTATION_CONTEXT(2) 
PARAMETRIC_REPRESENTATION_CONTEXT() REPRESENTATION_CONTEXT('2D SPACE',''
  ) );
#1306 = ORIENTED_EDGE('',*,*,#83,.T.);
#1307 = ORIENTED_EDGE('',*,*,#1231,.F.);
#1308 = ORIENTED_EDGE('',*,*,#1309,.T.);
#1309 = EDGE_CURVE('',#1232,#1310,#1312,.T.);
#1310 = VERTEX_POINT('',#1311);
#1311 = CARTESIAN_POINT('',(-5.1,8.4,0.3));
#1312 = SURFACE_CURVE('',#1313,(#1317,#1323),.PCURVE_S1.);
#1313 = LINE('',#1314,#1315);
#1314 = CARTESIAN_POINT('',(-10.425,8.4,0.3));
#1315 = VECTOR('',#1316,1.);
#1316 = DIRECTION('',(-1.,0.,0.));
#1317 = PCURVE('',#99,#1318);
#1318 = DEFINITIONAL_REPRESENTATION('',(#1319),#1322);
#1319 = B_SPLINE_CURVE_WITH_KNOTS('',1,(#1320,#1321),.UNSPECIFIED.,.F.,
  .F.,(2,2),(-6.675,-5.325),.PIECEWISE_BEZIER_KNOTS.);
#1320 = CARTESIAN_POINT('',(11.,-5.1));
#1321 = CARTESIAN_POINT('',(9.65,-5.1));
#1322 = ( GEOMETRIC_REPRESENTATION_CONTEXT(2) 
PARAMETRIC_REPRESENTATION_CONTEXT() REPRESENTATION_CONTEXT('2D SPACE',''
  ) );
#1323 = PCURVE('',#1165,#1324);
#1324 = DEFINITIONAL_REPRESENTATION('',(#1325),#1328);
#1325 = B_SPLINE_CURVE_WITH_KNOTS('',1,(#1326,#1327),.UNSPECIFIED.,.F.,
  .F.,(2,2),(-6.675,-5.325),.PIECEWISE_BEZIER_KNOTS.);
#1326 = CARTESIAN_POINT('',(2.35,-1.3));
#1327 = CARTESIAN_POINT('',(1.,-1.3));
#1328 = ( GEOMETRIC_REPRESENTATION_CONTEXT(2) 
PARAMETRIC_REPRESENTATION_CONTEXT() REPRESENTATION_CONTEXT('2D SPACE',''
  ) );
#1329 = ORIENTED_EDGE('',*,*,#1330,.F.);
#1330 = EDGE_CURVE('',#1331,#1310,#1333,.T.);
#1331 = VERTEX_POINT('',#1332);
#1332 = CARTESIAN_POINT('',(-6.1,9.4,0.3));
#1333 = SURFACE_CURVE('',#1334,(#1339,#1346),.PCURVE_S1.);
#1334 = CIRCLE('',#1335,1.);
#1335 = AXIS2_PLACEMENT_3D('',#1336,#1337,#1338);
#1336 = CARTESIAN_POINT('',(-5.1,9.4,0.3));
#1337 = DIRECTION('',(0.,0.,1.));
#1338 = DIRECTION('',(0.,-1.,0.));
#1339 = PCURVE('',#99,#1340);
#1340 = DEFINITIONAL_REPRESENTATION('',(#1341),#1345);
#1341 = CIRCLE('',#1342,1.);
#1342 = AXIS2_PLACEMENT_2D('',#1343,#1344);
#1343 = CARTESIAN_POINT('',(9.65,-4.1));
#1344 = DIRECTION('',(0.,-1.));
#1345 = ( GEOMETRIC_REPRESENTATION_CONTEXT(2) 
PARAMETRIC_REPRESENTATION_CONTEXT() REPRESENTATION_CONTEXT('2D SPACE',''
  ) );
#1346 = PCURVE('',#1347,#1352);
#1347 = CYLINDRICAL_SURFACE('',#1348,1.);
#1348 = AXIS2_PLACEMENT_3D('',#1349,#1350,#1351);
#1349 = CARTESIAN_POINT('',(-5.1,9.4,-1.));
#1350 = DIRECTION('',(0.,0.,1.));
#1351 = DIRECTION('',(0.,-1.,0.));
#1352 = DEFINITIONAL_REPRESENTATION('',(#1353),#1357);
#1353 = LINE('',#1354,#1355);
#1354 = CARTESIAN_POINT('',(-6.28318530718,1.3));
#1355 = VECTOR('',#1356,1.);
#1356 = DIRECTION('',(1.,-0.));
#1357 = ( GEOMETRIC_REPRESENTATION_CONTEXT(2) 
PARAMETRIC_REPRESENTATION_CONTEXT() REPRESENTATION_CONTEXT('2D SPACE',''
  ) );
#1358 = ORIENTED_EDGE('',*,*,#1359,.T.);
#1359 = EDGE_CURVE('',#1331,#1360,#1362,.T.);
#1360 = VERTEX_POINT('',#1361);
#1361 = CARTESIAN_POINT('',(-6.1,17.6,0.3));
#1362 = SURFACE_CURVE('',#1363,(#1367,#1373),.PCURVE_S1.);
#1363 = LINE('',#1364,#1365);
#1364 = CARTESIAN_POINT('',(-6.1,16.05,0.3));
#1365 = VECTOR('',#1366,1.);
#1366 = DIRECTION('',(-0.,1.,0.));
#1367 = PCURVE('',#99,#1368);
#1368 = DEFINITIONAL_REPRESENTATION('',(#1369),#1372);
#1369 = B_SPLINE_CURVE_WITH_KNOTS('',1,(#1370,#1371),.UNSPECIFIED.,.F.,
  .F.,(2,2),(-6.65,1.55),.PIECEWISE_BEZIER_KNOTS.);
#1370 = CARTESIAN_POINT('',(8.65,-4.1));
#1371 = CARTESIAN_POINT('',(8.65,4.1));
#1372 = ( GEOMETRIC_REPRESENTATION_CONTEXT(2) 
PARAMETRIC_REPRESENTATION_CONTEXT() REPRESENTATION_CONTEXT('2D SPACE',''
  ) );
#1373 = PCURVE('',#1374,#1379);
#1374 = PLANE('',#1375);
#1375 = AXIS2_PLACEMENT_3D('',#1376,#1377,#1378);
#1376 = CARTESIAN_POINT('',(-6.1,18.6,-1.));
#1377 = DIRECTION('',(1.,0.,-0.));
#1378 = DIRECTION('',(0.,-1.,0.));
#1379 = DEFINITIONAL_REPRESENTATION('',(#1380),#1383);
#1380 = B_SPLINE_CURVE_WITH_KNOTS('',1,(#1381,#1382),.UNSPECIFIED.,.F.,
  .F.,(2,2),(-6.65,1.55),.PIECEWISE_BEZIER_KNOTS.);
#1381 = CARTESIAN_POINT('',(9.2,-1.3));
#1382 = CARTESIAN_POINT('',(1.,-1.3));
#1383 = ( GEOMETRIC_REPRESENTATION_CONTEXT(2) 
PARAMETRIC_REPRESENTATION_CONTEXT() REPRESENTATION_CONTEXT('2D SPACE',''
  ) );
#1384 = ORIENTED_EDGE('',*,*,#1385,.F.);
#1385 = EDGE_CURVE('',#1386,#1360,#1388,.T.);
#1386 = VERTEX_POINT('',#1387);
#1387 = CARTESIAN_POINT('',(-5.1,18.6,0.3));
#1388 = SURFACE_CURVE('',#1389,(#1394,#1401),.PCURVE_S1.);
#1389 = CIRCLE('',#1390,1.);
#1390 = AXIS2_PLACEMENT_3D('',#1391,#1392,#1393);
#1391 = CARTESIAN_POINT('',(-5.1,17.6,0.3));
#1392 = DIRECTION('',(0.,0.,1.));
#1393 = DIRECTION('',(-0.,1.,0.));
#1394 = PCURVE('',#99,#1395);
#1395 = DEFINITIONAL_REPRESENTATION('',(#1396),#1400);
#1396 = CIRCLE('',#1397,1.);
#1397 = AXIS2_PLACEMENT_2D('',#1398,#1399);
#1398 = CARTESIAN_POINT('',(9.65,4.1));
#1399 = DIRECTION('',(0.,1.));
#1400 = ( GEOMETRIC_REPRESENTATION_CONTEXT(2) 
PARAMETRIC_REPRESENTATION_CONTEXT() REPRESENTATION_CONTEXT('2D SPACE',''
  ) );
#1401 = PCURVE('',#1402,#1407);
#1402 = CYLINDRICAL_SURFACE('',#1403,1.);
#1403 = AXIS2_PLACEMENT_3D('',#1404,#1405,#1406);
#1404 = CARTESIAN_POINT('',(-5.1,17.6,-1.));
#1405 = DIRECTION('',(0.,0.,1.));
#1406 = DIRECTION('',(-0.,1.,0.));
#1407 = DEFINITIONAL_REPRESENTATION('',(#1408),#1412);
#1408 = LINE('',#1409,#1410);
#1409 = CARTESIAN_POINT('',(0.,1.3));
#1410 = VECTOR('',#1411,1.);
#1411 = DIRECTION('',(1.,0.));
#1412 = ( GEOMETRIC_REPRESENTATION_CONTEXT(2) 
PARAMETRIC_REPRESENTATION_CONTEXT() REPRESENTATION_CONTEXT('2D SPACE',''
  ) );
#1413 = ORIENTED_EDGE('',*,*,#1414,.T.);
#1414 = EDGE_CURVE('',#1386,#1415,#1417,.T.);
#1415 = VERTEX_POINT('',#1416);
#1416 = CARTESIAN_POINT('',(-5.003718657868,18.6,0.3));
#1417 = SURFACE_CURVE('',#1418,(#1422,#1428),.PCURVE_S1.);
#1418 = LINE('',#1419,#1420);
#1419 = CARTESIAN_POINT('',(-4.325,18.6,0.3));
#1420 = VECTOR('',#1421,1.);
#1421 = DIRECTION('',(1.,0.,-0.));
#1422 = PCURVE('',#99,#1423);
#1423 = DEFINITIONAL_REPRESENTATION('',(#1424),#1427);
#1424 = B_SPLINE_CURVE_WITH_KNOTS('',1,(#1425,#1426),.UNSPECIFIED.,.F.,
  .F.,(2,2),(-0.775,0.575),.PIECEWISE_BEZIER_KNOTS.);
#1425 = CARTESIAN_POINT('',(9.65,5.1));
#1426 = CARTESIAN_POINT('',(11.,5.1));
#1427 = ( GEOMETRIC_REPRESENTATION_CONTEXT(2) 
PARAMETRIC_REPRESENTATION_CONTEXT() REPRESENTATION_CONTEXT('2D SPACE',''
  ) );
#1428 = PCURVE('',#1429,#1434);
#1429 = PLANE('',#1430);
#1430 = AXIS2_PLACEMENT_3D('',#1431,#1432,#1433);
#1431 = CARTESIAN_POINT('',(6.1,18.6,-1.));
#1432 = DIRECTION('',(0.,-1.,0.));
#1433 = DIRECTION('',(-1.,0.,0.));
#1434 = DEFINITIONAL_REPRESENTATION('',(#1435),#1438);
#1435 = B_SPLINE_CURVE_WITH_KNOTS('',1,(#1436,#1437),.UNSPECIFIED.,.F.,
  .F.,(2,2),(-0.775,0.575),.PIECEWISE_BEZIER_KNOTS.);
#1436 = CARTESIAN_POINT('',(11.2,-1.3));
#1437 = CARTESIAN_POINT('',(9.85,-1.3));
#1438 = ( GEOMETRIC_REPRESENTATION_CONTEXT(2) 
PARAMETRIC_REPRESENTATION_CONTEXT() REPRESENTATION_CONTEXT('2D SPACE',''
  ) );
#1439 = ORIENTED_EDGE('',*,*,#1440,.F.);
#1440 = EDGE_CURVE('',#1441,#1415,#1443,.T.);
#1441 = VERTEX_POINT('',#1442);
#1442 = CARTESIAN_POINT('',(-6.477303946113,20.75,0.3));
#1443 = SURFACE_CURVE('',#1444,(#1449,#1460),.PCURVE_S1.);
#1444 = CIRCLE('',#1445,11.);
#1445 = AXIS2_PLACEMENT_3D('',#1446,#1447,#1448);
#1446 = CARTESIAN_POINT('',(-14.75,13.5,0.3));
#1447 = DIRECTION('',(0.,0.,-1.));
#1448 = DIRECTION('',(0.752063277626,0.659090909091,0.));
#1449 = PCURVE('',#99,#1450);
#1450 = DEFINITIONAL_REPRESENTATION('',(#1451),#1459);
#1451 = ( BOUNDED_CURVE() B_SPLINE_CURVE(2,(#1452,#1453,#1454,#1455,
#1456,#1457,#1458),.UNSPECIFIED.,.T.,.F.) B_SPLINE_CURVE_WITH_KNOTS((1,2
    ,2,2,2,1),(-2.094395102393,0.,2.094395102393,4.188790204786,
6.28318530718,8.377580409573),.UNSPECIFIED.) CURVE() 
GEOMETRIC_REPRESENTATION_ITEM() RATIONAL_B_SPLINE_CURVE((1.,0.5,1.,0.5,
1.,0.5,1.)) REPRESENTATION_ITEM('') );
#1452 = CARTESIAN_POINT('',(8.272696053887,7.25));
#1453 = CARTESIAN_POINT('',(20.830064408762,-7.078729880907));
#1454 = CARTESIAN_POINT('',(2.142336150494,-10.78936494045));
#1455 = CARTESIAN_POINT('',(-16.54539210777,-14.5));
#1456 = CARTESIAN_POINT('',(-10.41503220438,3.539364940454));
#1457 = CARTESIAN_POINT('',(-4.284672300987,21.578729880907));
#1458 = CARTESIAN_POINT('',(8.272696053887,7.25));
#1459 = ( GEOMETRIC_REPRESENTATION_CONTEXT(2) 
PARAMETRIC_REPRESENTATION_CONTEXT() REPRESENTATION_CONTEXT('2D SPACE',''
  ) );
#1460 = PCURVE('',#1461,#1466);
#1461 = CYLINDRICAL_SURFACE('',#1462,11.);
#1462 = AXIS2_PLACEMENT_3D('',#1463,#1464,#1465);
#1463 = CARTESIAN_POINT('',(-14.75,13.5,-1.));
#1464 = DIRECTION('',(-0.,-0.,-1.));
#1465 = DIRECTION('',(1.,0.,0.));
#1466 = DEFINITIONAL_REPRESENTATION('',(#1467),#1471);
#1467 = LINE('',#1468,#1469);
#1468 = CARTESIAN_POINT('',(-7.00279463103,-1.3));
#1469 = VECTOR('',#1470,1.);
#1470 = DIRECTION('',(1.,-0.));
#1471 = ( GEOMETRIC_REPRESENTATION_CONTEXT(2) 
PARAMETRIC_REPRESENTATION_CONTEXT() REPRESENTATION_CONTEXT('2D SPACE',''
  ) );
#1472 = ORIENTED_EDGE('',*,*,#1473,.T.);
#1473 = EDGE_CURVE('',#1441,#1474,#1476,.T.);
#1474 = VERTEX_POINT('',#1475);
#1475 = CARTESIAN_POINT('',(-19.75,20.75,0.3));
#1476 = SURFACE_CURVE('',#1477,(#1481,#1487),.PCURVE_S1.);
#1477 = LINE('',#1478,#1479);
#1478 = CARTESIAN_POINT('',(4.,20.75,0.3));
#1479 = VECTOR('',#1480,1.);
#1480 = DIRECTION('',(-1.,0.,0.));
#1481 = PCURVE('',#99,#1482);
#1482 = DEFINITIONAL_REPRESENTATION('',(#1483),#1486);
#1483 = B_SPLINE_CURVE_WITH_KNOTS('',1,(#1484,#1485),.UNSPECIFIED.,.F.,
  .F.,(2,2),(7.75,23.75),.PIECEWISE_BEZIER_KNOTS.);
#1484 = CARTESIAN_POINT('',(11.,7.25));
#1485 = CARTESIAN_POINT('',(-5.,7.25));
#1486 = ( GEOMETRIC_REPRESENTATION_CONTEXT(2) 
PARAMETRIC_REPRESENTATION_CONTEXT() REPRESENTATION_CONTEXT('2D SPACE',''
  ) );
#1487 = PCURVE('',#1488,#1493);
#1488 = PLANE('',#1489);
#1489 = AXIS2_PLACEMENT_3D('',#1490,#1491,#1492);
#1490 = CARTESIAN_POINT('',(22.75,20.75,0.));
#1491 = DIRECTION('',(0.,-1.,0.));
#1492 = DIRECTION('',(-1.,0.,0.));
#1493 = DEFINITIONAL_REPRESENTATION('',(#1494),#1497);
#1494 = B_SPLINE_CURVE_WITH_KNOTS('',1,(#1495,#1496),.UNSPECIFIED.,.F.,
  .F.,(2,2),(7.75,23.75),.PIECEWISE_BEZIER_KNOTS.);
#1495 = CARTESIAN_POINT('',(26.5,-0.3));
#1496 = CARTESIAN_POINT('',(42.5,-0.3));
#1497 = ( GEOMETRIC_REPRESENTATION_CONTEXT(2) 
PARAMETRIC_REPRESENTATION_CONTEXT() REPRESENTATION_CONTEXT('2D SPACE',''
  ) );
#1498 = ORIENTED_EDGE('',*,*,#1499,.T.);
#1499 = EDGE_CURVE('',#1474,#1500,#1502,.T.);
#1500 = VERTEX_POINT('',#1501);
#1501 = CARTESIAN_POINT('',(-22.75,17.75,0.3));
#1502 = SURFACE_CURVE('',#1503,(#1508,#1515),.PCURVE_S1.);
#1503 = CIRCLE('',#1504,3.);
#1504 = AXIS2_PLACEMENT_3D('',#1505,#1506,#1507);
#1505 = CARTESIAN_POINT('',(-19.75,17.75,0.3));
#1506 = DIRECTION('',(0.,0.,1.));
#1507 = DIRECTION('',(-0.,1.,0.));
#1508 = PCURVE('',#99,#1509);
#1509 = DEFINITIONAL_REPRESENTATION('',(#1510),#1514);
#1510 = CIRCLE('',#1511,3.);
#1511 = AXIS2_PLACEMENT_2D('',#1512,#1513);
#1512 = CARTESIAN_POINT('',(-5.,4.25));
#1513 = DIRECTION('',(0.,1.));
#1514 = ( GEOMETRIC_REPRESENTATION_CONTEXT(2) 
PARAMETRIC_REPRESENTATION_CONTEXT() REPRESENTATION_CONTEXT('2D SPACE',''
  ) );
#1515 = PCURVE('',#1516,#1521);
#1516 = CYLINDRICAL_SURFACE('',#1517,3.);
#1517 = AXIS2_PLACEMENT_3D('',#1518,#1519,#1520);
#1518 = CARTESIAN_POINT('',(-19.75,17.75,0.));
#1519 = DIRECTION('',(0.,0.,1.));
#1520 = DIRECTION('',(-0.,1.,0.));
#1521 = DEFINITIONAL_REPRESENTATION('',(#1522),#1526);
#1522 = LINE('',#1523,#1524);
#1523 = CARTESIAN_POINT('',(0.,0.3));
#1524 = VECTOR('',#1525,1.);
#1525 = DIRECTION('',(1.,0.));
#1526 = ( GEOMETRIC_REPRESENTATION_CONTEXT(2) 
PARAMETRIC_REPRESENTATION_CONTEXT() REPRESENTATION_CONTEXT('2D SPACE',''
  ) );
#1527 = ORIENTED_EDGE('',*,*,#1528,.T.);
#1528 = EDGE_CURVE('',#1500,#1284,#1529,.T.);
#1529 = SURFACE_CURVE('',#1530,(#1534,#1540),.PCURVE_S1.);
#1530 = LINE('',#1531,#1532);
#1531 = CARTESIAN_POINT('',(-22.75,17.125,0.3));
#1532 = VECTOR('',#1533,1.);
#1533 = DIRECTION('',(0.,-1.,0.));
#1534 = PCURVE('',#99,#1535);
#1535 = DEFINITIONAL_REPRESENTATION('',(#1536),#1539);
#1536 = B_SPLINE_CURVE_WITH_KNOTS('',1,(#1537,#1538),.UNSPECIFIED.,.F.,
  .F.,(2,2),(-0.625,7.525),.PIECEWISE_BEZIER_KNOTS.);
#1537 = CARTESIAN_POINT('',(-8.,4.25));
#1538 = CARTESIAN_POINT('',(-8.,-3.9));
#1539 = ( GEOMETRIC_REPRESENTATION_CONTEXT(2) 
PARAMETRIC_REPRESENTATION_CONTEXT() REPRESENTATION_CONTEXT('2D SPACE',''
  ) );
#1540 = PCURVE('',#1541,#1546);
#1541 = PLANE('',#1542);
#1542 = AXIS2_PLACEMENT_3D('',#1543,#1544,#1545);
#1543 = CARTESIAN_POINT('',(-22.75,20.75,0.));
#1544 = DIRECTION('',(1.,0.,-0.));
#1545 = DIRECTION('',(0.,-1.,0.));
#1546 = DEFINITIONAL_REPRESENTATION('',(#1547),#1550);
#1547 = B_SPLINE_CURVE_WITH_KNOTS('',1,(#1548,#1549),.UNSPECIFIED.,.F.,
  .F.,(2,2),(-0.625,7.525),.PIECEWISE_BEZIER_KNOTS.);
#1548 = CARTESIAN_POINT('',(3.,-0.3));
#1549 = CARTESIAN_POINT('',(11.15,-0.3));
#1550 = ( GEOMETRIC_REPRESENTATION_CONTEXT(2) 
PARAMETRIC_REPRESENTATION_CONTEXT() REPRESENTATION_CONTEXT('2D SPACE',''
  ) );
#1551 = FACE_BOUND('',#1552,.F.);
#1552 = EDGE_LOOP('',(#1553));
#1553 = ORIENTED_EDGE('',*,*,#1554,.T.);
#1554 = EDGE_CURVE('',#1555,#1555,#1557,.T.);
#1555 = VERTEX_POINT('',#1556);
#1556 = CARTESIAN_POINT('',(-10.5,13.5,0.3));
#1557 = SURFACE_CURVE('',#1558,(#1563,#1574),.PCURVE_S1.);
#1558 = CIRCLE('',#1559,4.25);
#1559 = AXIS2_PLACEMENT_3D('',#1560,#1561,#1562);
#1560 = CARTESIAN_POINT('',(-14.75,13.5,0.3));
#1561 = DIRECTION('',(0.,0.,-1.));
#1562 = DIRECTION('',(1.,0.,0.));
#1563 = PCURVE('',#99,#1564);
#1564 = DEFINITIONAL_REPRESENTATION('',(#1565),#1573);
#1565 = ( BOUNDED_CURVE() B_SPLINE_CURVE(2,(#1566,#1567,#1568,#1569,
#1570,#1571,#1572),.UNSPECIFIED.,.T.,.F.) B_SPLINE_CURVE_WITH_KNOTS((1,2
    ,2,2,2,1),(-2.094395102393,0.,2.094395102393,4.188790204786,
6.28318530718,8.377580409573),.UNSPECIFIED.) CURVE() 
GEOMETRIC_REPRESENTATION_ITEM() RATIONAL_B_SPLINE_CURVE((1.,0.5,1.,0.5,
1.,0.5,1.)) REPRESENTATION_ITEM('') );
#1566 = CARTESIAN_POINT('',(4.25,0.));
#1567 = CARTESIAN_POINT('',(4.25,-7.361215932168));
#1568 = CARTESIAN_POINT('',(-2.125,-3.680607966084));
#1569 = CARTESIAN_POINT('',(-8.5,-1.040949779275E-15));
#1570 = CARTESIAN_POINT('',(-2.125,3.680607966084));
#1571 = CARTESIAN_POINT('',(4.25,7.361215932168));
#1572 = CARTESIAN_POINT('',(4.25,0.));
#1573 = ( GEOMETRIC_REPRESENTATION_CONTEXT(2) 
PARAMETRIC_REPRESENTATION_CONTEXT() REPRESENTATION_CONTEXT('2D SPACE',''
  ) );
#1574 = PCURVE('',#1575,#1580);
#1575 = CYLINDRICAL_SURFACE('',#1576,4.25);
#1576 = AXIS2_PLACEMENT_3D('',#1577,#1578,#1579);
#1577 = CARTESIAN_POINT('',(-14.75,13.5,0.));
#1578 = DIRECTION('',(-0.,-0.,-1.));
#1579 = DIRECTION('',(1.,0.,0.));
#1580 = DEFINITIONAL_REPRESENTATION('',(#1581),#1585);
#1581 = LINE('',#1582,#1583);
#1582 = CARTESIAN_POINT('',(-6.28318530718,-0.3));
#1583 = VECTOR('',#1584,1.);
#1584 = DIRECTION('',(1.,-0.));
#1585 = ( GEOMETRIC_REPRESENTATION_CONTEXT(2) 
PARAMETRIC_REPRESENTATION_CONTEXT() REPRESENTATION_CONTEXT('2D SPACE',''
  ) );
#1586 = ADVANCED_FACE('',(#1587),#126,.T.);
#1587 = FACE_BOUND('',#1588,.F.);
#1588 = EDGE_LOOP('',(#1589,#1590,#1591,#1614));
#1589 = ORIENTED_EDGE('',*,*,#110,.F.);
#1590 = ORIENTED_EDGE('',*,*,#1283,.F.);
#1591 = ORIENTED_EDGE('',*,*,#1592,.T.);
#1592 = EDGE_CURVE('',#1284,#1593,#1595,.T.);
#1593 = VERTEX_POINT('',#1594);
#1594 = CARTESIAN_POINT('',(-22.75,9.6,3.5));
#1595 = SURFACE_CURVE('',#1596,(#1600,#1607),.PCURVE_S1.);
#1596 = LINE('',#1597,#1598);
#1597 = CARTESIAN_POINT('',(-22.75,9.6,0.));
#1598 = VECTOR('',#1599,1.);
#1599 = DIRECTION('',(0.,0.,1.));
#1600 = PCURVE('',#126,#1601);
#1601 = DEFINITIONAL_REPRESENTATION('',(#1602),#1606);
#1602 = LINE('',#1603,#1604);
#1603 = CARTESIAN_POINT('',(-1.570796326795,0.));
#1604 = VECTOR('',#1605,1.);
#1605 = DIRECTION('',(-0.,1.));
#1606 = ( GEOMETRIC_REPRESENTATION_CONTEXT(2) 
PARAMETRIC_REPRESENTATION_CONTEXT() REPRESENTATION_CONTEXT('2D SPACE',''
  ) );
#1607 = PCURVE('',#1541,#1608);
#1608 = DEFINITIONAL_REPRESENTATION('',(#1609),#1613);
#1609 = LINE('',#1610,#1611);
#1610 = CARTESIAN_POINT('',(11.15,0.));
#1611 = VECTOR('',#1612,1.);
#1612 = DIRECTION('',(0.,-1.));
#1613 = ( GEOMETRIC_REPRESENTATION_CONTEXT(2) 
PARAMETRIC_REPRESENTATION_CONTEXT() REPRESENTATION_CONTEXT('2D SPACE',''
  ) );
#1614 = ORIENTED_EDGE('',*,*,#1615,.F.);
#1615 = EDGE_CURVE('',#111,#1593,#1616,.T.);
#1616 = SURFACE_CURVE('',#1617,(#1622,#1629),.PCURVE_S1.);
#1617 = CIRCLE('',#1618,3.);
#1618 = AXIS2_PLACEMENT_3D('',#1619,#1620,#1621);
#1619 = CARTESIAN_POINT('',(-19.75,9.6,3.5));
#1620 = DIRECTION('',(-0.,-0.,-1.));
#1621 = DIRECTION('',(0.,-1.,0.));
#1622 = PCURVE('',#126,#1623);
#1623 = DEFINITIONAL_REPRESENTATION('',(#1624),#1628);
#1624 = LINE('',#1625,#1626);
#1625 = CARTESIAN_POINT('',(-0.,3.5));
#1626 = VECTOR('',#1627,1.);
#1627 = DIRECTION('',(-1.,0.));
#1628 = ( GEOMETRIC_REPRESENTATION_CONTEXT(2) 
PARAMETRIC_REPRESENTATION_CONTEXT() REPRESENTATION_CONTEXT('2D SPACE',''
  ) );
#1629 = PCURVE('',#154,#1630);
#1630 = DEFINITIONAL_REPRESENTATION('',(#1631),#1639);
#1631 = ( BOUNDED_CURVE() B_SPLINE_CURVE(2,(#1632,#1633,#1634,#1635,
#1636,#1637,#1638),.UNSPECIFIED.,.T.,.F.) B_SPLINE_CURVE_WITH_KNOTS((1,2
    ,2,2,2,1),(-2.094395102393,0.,2.094395102393,4.188790204786,
6.28318530718,8.377580409573),.UNSPECIFIED.) CURVE() 
GEOMETRIC_REPRESENTATION_ITEM() RATIONAL_B_SPLINE_CURVE((1.,0.5,1.,0.5,
1.,0.5,1.)) REPRESENTATION_ITEM('') );
#1632 = CARTESIAN_POINT('',(-19.75,-7.075));
#1633 = CARTESIAN_POINT('',(-24.9461524227,-7.075));
#1634 = CARTESIAN_POINT('',(-22.34807621135,-2.575));
#1635 = CARTESIAN_POINT('',(-19.75,1.925));
#1636 = CARTESIAN_POINT('',(-17.15192378864,-2.575));
#1637 = CARTESIAN_POINT('',(-14.55384757729,-7.075));
#1638 = CARTESIAN_POINT('',(-19.75,-7.075));
#1639 = ( GEOMETRIC_REPRESENTATION_CONTEXT(2) 
PARAMETRIC_REPRESENTATION_CONTEXT() REPRESENTATION_CONTEXT('2D SPACE',''
  ) );
#1640 = ADVANCED_FACE('',(#1641,#2268),#154,.T.);
#1641 = FACE_BOUND('',#1642,.T.);
#1642 = EDGE_LOOP('',(#1643,#1644,#1645,#1668,#1701,#1729,#1755,#1776,
    #1804,#1832,#1860,#1881,#1882,#1905,#1933,#1961,#1989,#2010,#2036,
    #2069,#2097,#2118,#2119,#2143,#2171,#2200,#2223,#2247));
#1643 = ORIENTED_EDGE('',*,*,#1615,.F.);
#1644 = ORIENTED_EDGE('',*,*,#138,.T.);
#1645 = ORIENTED_EDGE('',*,*,#1646,.T.);
#1646 = EDGE_CURVE('',#139,#1647,#1649,.T.);
#1647 = VERTEX_POINT('',#1648);
#1648 = CARTESIAN_POINT('',(-13.,8.285836596347,3.5));
#1649 = SURFACE_CURVE('',#1650,(#1654,#1661),.PCURVE_S1.);
#1650 = LINE('',#1651,#1652);
#1651 = CARTESIAN_POINT('',(-13.,6.6,3.5));
#1652 = VECTOR('',#1653,1.);
#1653 = DIRECTION('',(0.,1.,0.));
#1654 = PCURVE('',#154,#1655);
#1655 = DEFINITIONAL_REPRESENTATION('',(#1656),#1660);
#1656 = LINE('',#1657,#1658);
#1657 = CARTESIAN_POINT('',(-13.,-7.075));
#1658 = VECTOR('',#1659,1.);
#1659 = DIRECTION('',(0.,1.));
#1660 = ( GEOMETRIC_REPRESENTATION_CONTEXT(2) 
PARAMETRIC_REPRESENTATION_CONTEXT() REPRESENTATION_CONTEXT('2D SPACE',''
  ) );
#1661 = PCURVE('',#182,#1662);
#1662 = DEFINITIONAL_REPRESENTATION('',(#1663),#1667);
#1663 = LINE('',#1664,#1665);
#1664 = CARTESIAN_POINT('',(0.,0.));
#1665 = VECTOR('',#1666,1.);
#1666 = DIRECTION('',(0.,-1.));
#1667 = ( GEOMETRIC_REPRESENTATION_CONTEXT(2) 
PARAMETRIC_REPRESENTATION_CONTEXT() REPRESENTATION_CONTEXT('2D SPACE',''
  ) );
#1668 = ORIENTED_EDGE('',*,*,#1669,.T.);
#1669 = EDGE_CURVE('',#1647,#1670,#1672,.T.);
#1670 = VERTEX_POINT('',#1671);
#1671 = CARTESIAN_POINT('',(-9.25,13.5,3.5));
#1672 = SURFACE_CURVE('',#1673,(#1678,#1689),.PCURVE_S1.);
#1673 = CIRCLE('',#1674,5.5);
#1674 = AXIS2_PLACEMENT_3D('',#1675,#1676,#1677);
#1675 = CARTESIAN_POINT('',(-14.75,13.5,3.5));
#1676 = DIRECTION('',(0.,0.,-1.));
#1677 = DIRECTION('',(1.,0.,0.));
#1678 = PCURVE('',#154,#1679);
#1679 = DEFINITIONAL_REPRESENTATION('',(#1680),#1688);
#1680 = ( BOUNDED_CURVE() B_SPLINE_CURVE(2,(#1681,#1682,#1683,#1684,
#1685,#1686,#1687),.UNSPECIFIED.,.T.,.F.) B_SPLINE_CURVE_WITH_KNOTS((1,2
    ,2,2,2,1),(-2.094395102393,0.,2.094395102393,4.188790204786,
6.28318530718,8.377580409573),.UNSPECIFIED.) CURVE() 
GEOMETRIC_REPRESENTATION_ITEM() RATIONAL_B_SPLINE_CURVE((1.,0.5,1.,0.5,
1.,0.5,1.)) REPRESENTATION_ITEM('') );
#1681 = CARTESIAN_POINT('',(-9.25,-0.175));
#1682 = CARTESIAN_POINT('',(-9.25,-9.701279441629));
#1683 = CARTESIAN_POINT('',(-17.5,-4.938139720814));
#1684 = CARTESIAN_POINT('',(-25.75,-0.175));
#1685 = CARTESIAN_POINT('',(-17.5,4.588139720814));
#1686 = CARTESIAN_POINT('',(-9.25,9.351279441629));
#1687 = CARTESIAN_POINT('',(-9.25,-0.175));
#1688 = ( GEOMETRIC_REPRESENTATION_CONTEXT(2) 
PARAMETRIC_REPRESENTATION_CONTEXT() REPRESENTATION_CONTEXT('2D SPACE',''
  ) );
#1689 = PCURVE('',#1690,#1695);
#1690 = CYLINDRICAL_SURFACE('',#1691,5.5);
#1691 = AXIS2_PLACEMENT_3D('',#1692,#1693,#1694);
#1692 = CARTESIAN_POINT('',(-14.75,13.5,0.));
#1693 = DIRECTION('',(-0.,-0.,-1.));
#1694 = DIRECTION('',(1.,0.,0.));
#1695 = DEFINITIONAL_REPRESENTATION('',(#1696),#1700);
#1696 = LINE('',#1697,#1698);
#1697 = CARTESIAN_POINT('',(-6.28318530718,-3.5));
#1698 = VECTOR('',#1699,1.);
#1699 = DIRECTION('',(1.,-0.));
#1700 = ( GEOMETRIC_REPRESENTATION_CONTEXT(2) 
PARAMETRIC_REPRESENTATION_CONTEXT() REPRESENTATION_CONTEXT('2D SPACE',''
  ) );
#1701 = ORIENTED_EDGE('',*,*,#1702,.T.);
#1702 = EDGE_CURVE('',#1670,#1703,#1705,.T.);
#1703 = VERTEX_POINT('',#1704);
#1704 = CARTESIAN_POINT('',(-9.3241360135,12.6,3.5));
#1705 = SURFACE_CURVE('',#1706,(#1711,#1722),.PCURVE_S1.);
#1706 = CIRCLE('',#1707,5.5);
#1707 = AXIS2_PLACEMENT_3D('',#1708,#1709,#1710);
#1708 = CARTESIAN_POINT('',(-14.75,13.5,3.5));
#1709 = DIRECTION('',(0.,0.,-1.));
#1710 = DIRECTION('',(1.,0.,0.));
#1711 = PCURVE('',#154,#1712);
#1712 = DEFINITIONAL_REPRESENTATION('',(#1713),#1721);
#1713 = ( BOUNDED_CURVE() B_SPLINE_CURVE(2,(#1714,#1715,#1716,#1717,
#1718,#1719,#1720),.UNSPECIFIED.,.T.,.F.) B_SPLINE_CURVE_WITH_KNOTS((1,2
    ,2,2,2,1),(-2.094395102393,0.,2.094395102393,4.188790204786,
6.28318530718,8.377580409573),.UNSPECIFIED.) CURVE() 
GEOMETRIC_REPRESENTATION_ITEM() RATIONAL_B_SPLINE_CURVE((1.,0.5,1.,0.5,
1.,0.5,1.)) REPRESENTATION_ITEM('') );
#1714 = CARTESIAN_POINT('',(-9.25,-0.175));
#1715 = CARTESIAN_POINT('',(-9.25,-9.701279441629));
#1716 = CARTESIAN_POINT('',(-17.5,-4.938139720814));
#1717 = CARTESIAN_POINT('',(-25.75,-0.175));
#1718 = CARTESIAN_POINT('',(-17.5,4.588139720814));
#1719 = CARTESIAN_POINT('',(-9.25,9.351279441629));
#1720 = CARTESIAN_POINT('',(-9.25,-0.175));
#1721 = ( GEOMETRIC_REPRESENTATION_CONTEXT(2) 
PARAMETRIC_REPRESENTATION_CONTEXT() REPRESENTATION_CONTEXT('2D SPACE',''
  ) );
#1722 = PCURVE('',#1690,#1723);
#1723 = DEFINITIONAL_REPRESENTATION('',(#1724),#1728);
#1724 = LINE('',#1725,#1726);
#1725 = CARTESIAN_POINT('',(-6.28318530718,-3.5));
#1726 = VECTOR('',#1727,1.);
#1727 = DIRECTION('',(1.,-0.));
#1728 = ( GEOMETRIC_REPRESENTATION_CONTEXT(2) 
PARAMETRIC_REPRESENTATION_CONTEXT() REPRESENTATION_CONTEXT('2D SPACE',''
  ) );
#1729 = ORIENTED_EDGE('',*,*,#1730,.F.);
#1730 = EDGE_CURVE('',#1731,#1703,#1733,.T.);
#1731 = VERTEX_POINT('',#1732);
#1732 = CARTESIAN_POINT('',(-7.58667059749,12.6,3.5));
#1733 = SURFACE_CURVE('',#1734,(#1738,#1744),.PCURVE_S1.);
#1734 = LINE('',#1735,#1736);
#1735 = CARTESIAN_POINT('',(-4.5,12.6,3.5));
#1736 = VECTOR('',#1737,1.);
#1737 = DIRECTION('',(-1.,0.,0.));
#1738 = PCURVE('',#154,#1739);
#1739 = DEFINITIONAL_REPRESENTATION('',(#1740),#1743);
#1740 = B_SPLINE_CURVE_WITH_KNOTS('',1,(#1741,#1742),.UNSPECIFIED.,.F.,
  .F.,(2,2),(2.9,6.1),.PIECEWISE_BEZIER_KNOTS.);
#1741 = CARTESIAN_POINT('',(-7.4,-1.075));
#1742 = CARTESIAN_POINT('',(-10.6,-1.075));
#1743 = ( GEOMETRIC_REPRESENTATION_CONTEXT(2) 
PARAMETRIC_REPRESENTATION_CONTEXT() REPRESENTATION_CONTEXT('2D SPACE',''
  ) );
#1744 = PCURVE('',#1745,#1750);
#1745 = PLANE('',#1746);
#1746 = AXIS2_PLACEMENT_3D('',#1747,#1748,#1749);
#1747 = CARTESIAN_POINT('',(-9.,12.6,4.25));
#1748 = DIRECTION('',(0.,1.,1.110223024625E-16));
#1749 = DIRECTION('',(1.,0.,0.));
#1750 = DEFINITIONAL_REPRESENTATION('',(#1751),#1754);
#1751 = B_SPLINE_CURVE_WITH_KNOTS('',1,(#1752,#1753),.UNSPECIFIED.,.F.,
  .F.,(2,2),(2.9,6.1),.PIECEWISE_BEZIER_KNOTS.);
#1752 = CARTESIAN_POINT('',(1.6,0.75));
#1753 = CARTESIAN_POINT('',(-1.6,0.75));
#1754 = ( GEOMETRIC_REPRESENTATION_CONTEXT(2) 
PARAMETRIC_REPRESENTATION_CONTEXT() REPRESENTATION_CONTEXT('2D SPACE',''
  ) );
#1755 = ORIENTED_EDGE('',*,*,#1756,.T.);
#1756 = EDGE_CURVE('',#1731,#1757,#1759,.T.);
#1757 = VERTEX_POINT('',#1758);
#1758 = CARTESIAN_POINT('',(-7.58667059749,11.1,3.5));
#1759 = SURFACE_CURVE('',#1760,(#1764,#1770),.PCURVE_S1.);
#1760 = LINE('',#1761,#1762);
#1761 = CARTESIAN_POINT('',(-7.58667059749,4.6,3.5));
#1762 = VECTOR('',#1763,1.);
#1763 = DIRECTION('',(-0.,-1.,-1.110223024625E-16));
#1764 = PCURVE('',#154,#1765);
#1765 = DEFINITIONAL_REPRESENTATION('',(#1766),#1769);
#1766 = B_SPLINE_CURVE_WITH_KNOTS('',1,(#1767,#1768),.UNSPECIFIED.,.F.,
  .F.,(2,2),(-8.0000006,-0.585),.PIECEWISE_BEZIER_KNOTS.);
#1767 = CARTESIAN_POINT('',(-7.58667059749,-1.0749994));
#1768 = CARTESIAN_POINT('',(-7.58667059749,-8.49));
#1769 = ( GEOMETRIC_REPRESENTATION_CONTEXT(2) 
PARAMETRIC_REPRESENTATION_CONTEXT() REPRESENTATION_CONTEXT('2D SPACE',''
  ) );
#1770 = PCURVE('',#1047,#1771);
#1771 = DEFINITIONAL_REPRESENTATION('',(#1772),#1775);
#1772 = B_SPLINE_CURVE_WITH_KNOTS('',1,(#1773,#1774),.UNSPECIFIED.,.F.,
  .F.,(2,2),(-8.0000006,-0.585),.PIECEWISE_BEZIER_KNOTS.);
#1773 = CARTESIAN_POINT('',(-0.48787514754,-8.0000006));
#1774 = CARTESIAN_POINT('',(-0.48787514754,-0.585));
#1775 = ( GEOMETRIC_REPRESENTATION_CONTEXT(2) 
PARAMETRIC_REPRESENTATION_CONTEXT() REPRESENTATION_CONTEXT('2D SPACE',''
  ) );
#1776 = ORIENTED_EDGE('',*,*,#1777,.T.);
#1777 = EDGE_CURVE('',#1757,#1778,#1780,.T.);
#1778 = VERTEX_POINT('',#1779);
#1779 = CARTESIAN_POINT('',(-6.7,11.1,3.5));
#1780 = SURFACE_CURVE('',#1781,(#1785,#1792),.PCURVE_S1.);
#1781 = LINE('',#1782,#1783);
#1782 = CARTESIAN_POINT('',(-13.,11.1,3.5));
#1783 = VECTOR('',#1784,1.);
#1784 = DIRECTION('',(1.,0.,0.));
#1785 = PCURVE('',#154,#1786);
#1786 = DEFINITIONAL_REPRESENTATION('',(#1787),#1791);
#1787 = LINE('',#1788,#1789);
#1788 = CARTESIAN_POINT('',(-13.,-2.575));
#1789 = VECTOR('',#1790,1.);
#1790 = DIRECTION('',(1.,0.));
#1791 = ( GEOMETRIC_REPRESENTATION_CONTEXT(2) 
PARAMETRIC_REPRESENTATION_CONTEXT() REPRESENTATION_CONTEXT('2D SPACE',''
  ) );
#1792 = PCURVE('',#1793,#1798);
#1793 = PLANE('',#1794);
#1794 = AXIS2_PLACEMENT_3D('',#1795,#1796,#1797);
#1795 = CARTESIAN_POINT('',(-13.,11.1,3.5));
#1796 = DIRECTION('',(0.,1.,0.));
#1797 = DIRECTION('',(0.,0.,1.));
#1798 = DEFINITIONAL_REPRESENTATION('',(#1799),#1803);
#1799 = LINE('',#1800,#1801);
#1800 = CARTESIAN_POINT('',(0.,0.));
#1801 = VECTOR('',#1802,1.);
#1802 = DIRECTION('',(0.,1.));
#1803 = ( GEOMETRIC_REPRESENTATION_CONTEXT(2) 
PARAMETRIC_REPRESENTATION_CONTEXT() REPRESENTATION_CONTEXT('2D SPACE',''
  ) );
#1804 = ORIENTED_EDGE('',*,*,#1805,.F.);
#1805 = EDGE_CURVE('',#1806,#1778,#1808,.T.);
#1806 = VERTEX_POINT('',#1807);
#1807 = CARTESIAN_POINT('',(-6.7,9.,3.5));
#1808 = SURFACE_CURVE('',#1809,(#1813,#1820),.PCURVE_S1.);
#1809 = LINE('',#1810,#1811);
#1810 = CARTESIAN_POINT('',(-6.7,6.6,3.5));
#1811 = VECTOR('',#1812,1.);
#1812 = DIRECTION('',(0.,1.,0.));
#1813 = PCURVE('',#154,#1814);
#1814 = DEFINITIONAL_REPRESENTATION('',(#1815),#1819);
#1815 = LINE('',#1816,#1817);
#1816 = CARTESIAN_POINT('',(-6.7,-7.075));
#1817 = VECTOR('',#1818,1.);
#1818 = DIRECTION('',(0.,1.));
#1819 = ( GEOMETRIC_REPRESENTATION_CONTEXT(2) 
PARAMETRIC_REPRESENTATION_CONTEXT() REPRESENTATION_CONTEXT('2D SPACE',''
  ) );
#1820 = PCURVE('',#1821,#1826);
#1821 = PLANE('',#1822);
#1822 = AXIS2_PLACEMENT_3D('',#1823,#1824,#1825);
#1823 = CARTESIAN_POINT('',(-6.7,6.6,3.5));
#1824 = DIRECTION('',(1.,0.,0.));
#1825 = DIRECTION('',(0.,0.,1.));
#1826 = DEFINITIONAL_REPRESENTATION('',(#1827),#1831);
#1827 = LINE('',#1828,#1829);
#1828 = CARTESIAN_POINT('',(0.,0.));
#1829 = VECTOR('',#1830,1.);
#1830 = DIRECTION('',(0.,-1.));
#1831 = ( GEOMETRIC_REPRESENTATION_CONTEXT(2) 
PARAMETRIC_REPRESENTATION_CONTEXT() REPRESENTATION_CONTEXT('2D SPACE',''
  ) );
#1832 = ORIENTED_EDGE('',*,*,#1833,.T.);
#1833 = EDGE_CURVE('',#1806,#1834,#1836,.T.);
#1834 = VERTEX_POINT('',#1835);
#1835 = CARTESIAN_POINT('',(-6.5,9.,3.5));
#1836 = SURFACE_CURVE('',#1837,(#1841,#1848),.PCURVE_S1.);
#1837 = LINE('',#1838,#1839);
#1838 = CARTESIAN_POINT('',(-10.,9.,3.5));
#1839 = VECTOR('',#1840,1.);
#1840 = DIRECTION('',(1.,0.,0.));
#1841 = PCURVE('',#154,#1842);
#1842 = DEFINITIONAL_REPRESENTATION('',(#1843),#1847);
#1843 = LINE('',#1844,#1845);
#1844 = CARTESIAN_POINT('',(-10.,-4.675));
#1845 = VECTOR('',#1846,1.);
#1846 = DIRECTION('',(1.,0.));
#1847 = ( GEOMETRIC_REPRESENTATION_CONTEXT(2) 
PARAMETRIC_REPRESENTATION_CONTEXT() REPRESENTATION_CONTEXT('2D SPACE',''
  ) );
#1848 = PCURVE('',#1849,#1854);
#1849 = PLANE('',#1850);
#1850 = AXIS2_PLACEMENT_3D('',#1851,#1852,#1853);
#1851 = CARTESIAN_POINT('',(-10.,9.,3.5));
#1852 = DIRECTION('',(0.,1.,0.));
#1853 = DIRECTION('',(0.,0.,1.));
#1854 = DEFINITIONAL_REPRESENTATION('',(#1855),#1859);
#1855 = LINE('',#1856,#1857);
#1856 = CARTESIAN_POINT('',(0.,0.));
#1857 = VECTOR('',#1858,1.);
#1858 = DIRECTION('',(0.,1.));
#1859 = ( GEOMETRIC_REPRESENTATION_CONTEXT(2) 
PARAMETRIC_REPRESENTATION_CONTEXT() REPRESENTATION_CONTEXT('2D SPACE',''
  ) );
#1860 = ORIENTED_EDGE('',*,*,#1861,.F.);
#1861 = EDGE_CURVE('',#918,#1834,#1862,.T.);
#1862 = SURFACE_CURVE('',#1863,(#1867,#1874),.PCURVE_S1.);
#1863 = LINE('',#1864,#1865);
#1864 = CARTESIAN_POINT('',(-6.5,6.6,3.5));
#1865 = VECTOR('',#1866,1.);
#1866 = DIRECTION('',(0.,1.,0.));
#1867 = PCURVE('',#154,#1868);
#1868 = DEFINITIONAL_REPRESENTATION('',(#1869),#1873);
#1869 = LINE('',#1870,#1871);
#1870 = CARTESIAN_POINT('',(-6.5,-7.075));
#1871 = VECTOR('',#1872,1.);
#1872 = DIRECTION('',(0.,1.));
#1873 = ( GEOMETRIC_REPRESENTATION_CONTEXT(2) 
PARAMETRIC_REPRESENTATION_CONTEXT() REPRESENTATION_CONTEXT('2D SPACE',''
  ) );
#1874 = PCURVE('',#1012,#1875);
#1875 = DEFINITIONAL_REPRESENTATION('',(#1876),#1880);
#1876 = LINE('',#1877,#1878);
#1877 = CARTESIAN_POINT('',(0.,0.));
#1878 = VECTOR('',#1879,1.);
#1879 = DIRECTION('',(0.,-1.));
#1880 = ( GEOMETRIC_REPRESENTATION_CONTEXT(2) 
PARAMETRIC_REPRESENTATION_CONTEXT() REPRESENTATION_CONTEXT('2D SPACE',''
  ) );
#1881 = ORIENTED_EDGE('',*,*,#917,.T.);
#1882 = ORIENTED_EDGE('',*,*,#1883,.T.);
#1883 = EDGE_CURVE('',#920,#1884,#1886,.T.);
#1884 = VERTEX_POINT('',#1885);
#1885 = CARTESIAN_POINT('',(6.5,9.,3.5));
#1886 = SURFACE_CURVE('',#1887,(#1891,#1898),.PCURVE_S1.);
#1887 = LINE('',#1888,#1889);
#1888 = CARTESIAN_POINT('',(6.5,6.6,3.5));
#1889 = VECTOR('',#1890,1.);
#1890 = DIRECTION('',(0.,1.,0.));
#1891 = PCURVE('',#154,#1892);
#1892 = DEFINITIONAL_REPRESENTATION('',(#1893),#1897);
#1893 = LINE('',#1894,#1895);
#1894 = CARTESIAN_POINT('',(6.5,-7.075));
#1895 = VECTOR('',#1896,1.);
#1896 = DIRECTION('',(0.,1.));
#1897 = ( GEOMETRIC_REPRESENTATION_CONTEXT(2) 
PARAMETRIC_REPRESENTATION_CONTEXT() REPRESENTATION_CONTEXT('2D SPACE',''
  ) );
#1898 = PCURVE('',#958,#1899);
#1899 = DEFINITIONAL_REPRESENTATION('',(#1900),#1904);
#1900 = LINE('',#1901,#1902);
#1901 = CARTESIAN_POINT('',(0.,0.));
#1902 = VECTOR('',#1903,1.);
#1903 = DIRECTION('',(0.,-1.));
#1904 = ( GEOMETRIC_REPRESENTATION_CONTEXT(2) 
PARAMETRIC_REPRESENTATION_CONTEXT() REPRESENTATION_CONTEXT('2D SPACE',''
  ) );
#1905 = ORIENTED_EDGE('',*,*,#1906,.T.);
#1906 = EDGE_CURVE('',#1884,#1907,#1909,.T.);
#1907 = VERTEX_POINT('',#1908);
#1908 = CARTESIAN_POINT('',(6.7,9.,3.5));
#1909 = SURFACE_CURVE('',#1910,(#1914,#1921),.PCURVE_S1.);
#1910 = LINE('',#1911,#1912);
#1911 = CARTESIAN_POINT('',(6.5,9.,3.5));
#1912 = VECTOR('',#1913,1.);
#1913 = DIRECTION('',(1.,0.,0.));
#1914 = PCURVE('',#154,#1915);
#1915 = DEFINITIONAL_REPRESENTATION('',(#1916),#1920);
#1916 = LINE('',#1917,#1918);
#1917 = CARTESIAN_POINT('',(6.5,-4.675));
#1918 = VECTOR('',#1919,1.);
#1919 = DIRECTION('',(1.,0.));
#1920 = ( GEOMETRIC_REPRESENTATION_CONTEXT(2) 
PARAMETRIC_REPRESENTATION_CONTEXT() REPRESENTATION_CONTEXT('2D SPACE',''
  ) );
#1921 = PCURVE('',#1922,#1927);
#1922 = PLANE('',#1923);
#1923 = AXIS2_PLACEMENT_3D('',#1924,#1925,#1926);
#1924 = CARTESIAN_POINT('',(6.5,9.,3.5));
#1925 = DIRECTION('',(0.,1.,0.));
#1926 = DIRECTION('',(0.,0.,1.));
#1927 = DEFINITIONAL_REPRESENTATION('',(#1928),#1932);
#1928 = LINE('',#1929,#1930);
#1929 = CARTESIAN_POINT('',(0.,0.));
#1930 = VECTOR('',#1931,1.);
#1931 = DIRECTION('',(0.,1.));
#1932 = ( GEOMETRIC_REPRESENTATION_CONTEXT(2) 
PARAMETRIC_REPRESENTATION_CONTEXT() REPRESENTATION_CONTEXT('2D SPACE',''
  ) );
#1933 = ORIENTED_EDGE('',*,*,#1934,.T.);
#1934 = EDGE_CURVE('',#1907,#1935,#1937,.T.);
#1935 = VERTEX_POINT('',#1936);
#1936 = CARTESIAN_POINT('',(6.7,11.1,3.5));
#1937 = SURFACE_CURVE('',#1938,(#1942,#1949),.PCURVE_S1.);
#1938 = LINE('',#1939,#1940);
#1939 = CARTESIAN_POINT('',(6.7,6.6,3.5));
#1940 = VECTOR('',#1941,1.);
#1941 = DIRECTION('',(0.,1.,0.));
#1942 = PCURVE('',#154,#1943);
#1943 = DEFINITIONAL_REPRESENTATION('',(#1944),#1948);
#1944 = LINE('',#1945,#1946);
#1945 = CARTESIAN_POINT('',(6.7,-7.075));
#1946 = VECTOR('',#1947,1.);
#1947 = DIRECTION('',(0.,1.));
#1948 = ( GEOMETRIC_REPRESENTATION_CONTEXT(2) 
PARAMETRIC_REPRESENTATION_CONTEXT() REPRESENTATION_CONTEXT('2D SPACE',''
  ) );
#1949 = PCURVE('',#1950,#1955);
#1950 = PLANE('',#1951);
#1951 = AXIS2_PLACEMENT_3D('',#1952,#1953,#1954);
#1952 = CARTESIAN_POINT('',(6.7,6.6,3.5));
#1953 = DIRECTION('',(1.,0.,0.));
#1954 = DIRECTION('',(0.,0.,1.));
#1955 = DEFINITIONAL_REPRESENTATION('',(#1956),#1960);
#1956 = LINE('',#1957,#1958);
#1957 = CARTESIAN_POINT('',(0.,0.));
#1958 = VECTOR('',#1959,1.);
#1959 = DIRECTION('',(0.,-1.));
#1960 = ( GEOMETRIC_REPRESENTATION_CONTEXT(2) 
PARAMETRIC_REPRESENTATION_CONTEXT() REPRESENTATION_CONTEXT('2D SPACE',''
  ) );
#1961 = ORIENTED_EDGE('',*,*,#1962,.T.);
#1962 = EDGE_CURVE('',#1935,#1963,#1965,.T.);
#1963 = VERTEX_POINT('',#1964);
#1964 = CARTESIAN_POINT('',(7.58667059749,11.1,3.5));
#1965 = SURFACE_CURVE('',#1966,(#1970,#1977),.PCURVE_S1.);
#1966 = LINE('',#1967,#1968);
#1967 = CARTESIAN_POINT('',(6.7,11.1,3.5));
#1968 = VECTOR('',#1969,1.);
#1969 = DIRECTION('',(1.,0.,0.));
#1970 = PCURVE('',#154,#1971);
#1971 = DEFINITIONAL_REPRESENTATION('',(#1972),#1976);
#1972 = LINE('',#1973,#1974);
#1973 = CARTESIAN_POINT('',(6.7,-2.575));
#1974 = VECTOR('',#1975,1.);
#1975 = DIRECTION('',(1.,0.));
#1976 = ( GEOMETRIC_REPRESENTATION_CONTEXT(2) 
PARAMETRIC_REPRESENTATION_CONTEXT() REPRESENTATION_CONTEXT('2D SPACE',''
  ) );
#1977 = PCURVE('',#1978,#1983);
#1978 = PLANE('',#1979);
#1979 = AXIS2_PLACEMENT_3D('',#1980,#1981,#1982);
#1980 = CARTESIAN_POINT('',(6.7,11.1,3.5));
#1981 = DIRECTION('',(0.,1.,0.));
#1982 = DIRECTION('',(0.,0.,1.));
#1983 = DEFINITIONAL_REPRESENTATION('',(#1984),#1988);
#1984 = LINE('',#1985,#1986);
#1985 = CARTESIAN_POINT('',(0.,0.));
#1986 = VECTOR('',#1987,1.);
#1987 = DIRECTION('',(0.,1.));
#1988 = ( GEOMETRIC_REPRESENTATION_CONTEXT(2) 
PARAMETRIC_REPRESENTATION_CONTEXT() REPRESENTATION_CONTEXT('2D SPACE',''
  ) );
#1989 = ORIENTED_EDGE('',*,*,#1990,.F.);
#1990 = EDGE_CURVE('',#1991,#1963,#1993,.T.);
#1991 = VERTEX_POINT('',#1992);
#1992 = CARTESIAN_POINT('',(7.58667059749,12.6,3.5));
#1993 = SURFACE_CURVE('',#1994,(#1998,#2004),.PCURVE_S1.);
#1994 = LINE('',#1995,#1996);
#1995 = CARTESIAN_POINT('',(7.58667059749,4.6,3.5));
#1996 = VECTOR('',#1997,1.);
#1997 = DIRECTION('',(-0.,-1.,-1.110223024625E-16));
#1998 = PCURVE('',#154,#1999);
#1999 = DEFINITIONAL_REPRESENTATION('',(#2000),#2003);
#2000 = B_SPLINE_CURVE_WITH_KNOTS('',1,(#2001,#2002),.UNSPECIFIED.,.F.,
  .F.,(2,2),(-8.0000006,-0.585),.PIECEWISE_BEZIER_KNOTS.);
#2001 = CARTESIAN_POINT('',(7.58667059749,-1.0749994));
#2002 = CARTESIAN_POINT('',(7.58667059749,-8.49));
#2003 = ( GEOMETRIC_REPRESENTATION_CONTEXT(2) 
PARAMETRIC_REPRESENTATION_CONTEXT() REPRESENTATION_CONTEXT('2D SPACE',''
  ) );
#2004 = PCURVE('',#1082,#2005);
#2005 = DEFINITIONAL_REPRESENTATION('',(#2006),#2009);
#2006 = B_SPLINE_CURVE_WITH_KNOTS('',1,(#2007,#2008),.UNSPECIFIED.,.F.,
  .F.,(2,2),(-8.0000006,-0.585),.PIECEWISE_BEZIER_KNOTS.);
#2007 = CARTESIAN_POINT('',(-2.65371750605,-8.0000006));
#2008 = CARTESIAN_POINT('',(-2.65371750605,-0.585));
#2009 = ( GEOMETRIC_REPRESENTATION_CONTEXT(2) 
PARAMETRIC_REPRESENTATION_CONTEXT() REPRESENTATION_CONTEXT('2D SPACE',''
  ) );
#2010 = ORIENTED_EDGE('',*,*,#2011,.F.);
#2011 = EDGE_CURVE('',#2012,#1991,#2014,.T.);
#2012 = VERTEX_POINT('',#2013);
#2013 = CARTESIAN_POINT('',(9.3241360135,12.6,3.5));
#2014 = SURFACE_CURVE('',#2015,(#2019,#2025),.PCURVE_S1.);
#2015 = LINE('',#2016,#2017);
#2016 = CARTESIAN_POINT('',(4.5,12.6,3.5));
#2017 = VECTOR('',#2018,1.);
#2018 = DIRECTION('',(-1.,0.,0.));
#2019 = PCURVE('',#154,#2020);
#2020 = DEFINITIONAL_REPRESENTATION('',(#2021),#2024);
#2021 = B_SPLINE_CURVE_WITH_KNOTS('',1,(#2022,#2023),.UNSPECIFIED.,.F.,
  .F.,(2,2),(-6.1,-2.9),.PIECEWISE_BEZIER_KNOTS.);
#2022 = CARTESIAN_POINT('',(10.6,-1.075));
#2023 = CARTESIAN_POINT('',(7.4,-1.075));
#2024 = ( GEOMETRIC_REPRESENTATION_CONTEXT(2) 
PARAMETRIC_REPRESENTATION_CONTEXT() REPRESENTATION_CONTEXT('2D SPACE',''
  ) );
#2025 = PCURVE('',#2026,#2031);
#2026 = PLANE('',#2027);
#2027 = AXIS2_PLACEMENT_3D('',#2028,#2029,#2030);
#2028 = CARTESIAN_POINT('',(9.,12.6,4.25));
#2029 = DIRECTION('',(0.,1.,1.110223024625E-16));
#2030 = DIRECTION('',(1.,0.,0.));
#2031 = DEFINITIONAL_REPRESENTATION('',(#2032),#2035);
#2032 = B_SPLINE_CURVE_WITH_KNOTS('',1,(#2033,#2034),.UNSPECIFIED.,.F.,
  .F.,(2,2),(-6.1,-2.9),.PIECEWISE_BEZIER_KNOTS.);
#2033 = CARTESIAN_POINT('',(1.6,0.75));
#2034 = CARTESIAN_POINT('',(-1.6,0.75));
#2035 = ( GEOMETRIC_REPRESENTATION_CONTEXT(2) 
PARAMETRIC_REPRESENTATION_CONTEXT() REPRESENTATION_CONTEXT('2D SPACE',''
  ) );
#2036 = ORIENTED_EDGE('',*,*,#2037,.T.);
#2037 = EDGE_CURVE('',#2012,#2038,#2040,.T.);
#2038 = VERTEX_POINT('',#2039);
#2039 = CARTESIAN_POINT('',(20.25,13.5,3.5));
#2040 = SURFACE_CURVE('',#2041,(#2046,#2057),.PCURVE_S1.);
#2041 = CIRCLE('',#2042,5.5);
#2042 = AXIS2_PLACEMENT_3D('',#2043,#2044,#2045);
#2043 = CARTESIAN_POINT('',(14.75,13.5,3.5));
#2044 = DIRECTION('',(0.,0.,-1.));
#2045 = DIRECTION('',(1.,0.,0.));
#2046 = PCURVE('',#154,#2047);
#2047 = DEFINITIONAL_REPRESENTATION('',(#2048),#2056);
#2048 = ( BOUNDED_CURVE() B_SPLINE_CURVE(2,(#2049,#2050,#2051,#2052,
#2053,#2054,#2055),.UNSPECIFIED.,.T.,.F.) B_SPLINE_CURVE_WITH_KNOTS((1,2
    ,2,2,2,1),(-2.094395102393,0.,2.094395102393,4.188790204786,
6.28318530718,8.377580409573),.UNSPECIFIED.) CURVE() 
GEOMETRIC_REPRESENTATION_ITEM() RATIONAL_B_SPLINE_CURVE((1.,0.5,1.,0.5,
1.,0.5,1.)) REPRESENTATION_ITEM('') );
#2049 = CARTESIAN_POINT('',(20.25,-0.175));
#2050 = CARTESIAN_POINT('',(20.25,-9.701279441629));
#2051 = CARTESIAN_POINT('',(12.,-4.938139720814));
#2052 = CARTESIAN_POINT('',(3.75,-0.175));
#2053 = CARTESIAN_POINT('',(12.,4.588139720814));
#2054 = CARTESIAN_POINT('',(20.25,9.351279441629));
#2055 = CARTESIAN_POINT('',(20.25,-0.175));
#2056 = ( GEOMETRIC_REPRESENTATION_CONTEXT(2) 
PARAMETRIC_REPRESENTATION_CONTEXT() REPRESENTATION_CONTEXT('2D SPACE',''
  ) );
#2057 = PCURVE('',#2058,#2063);
#2058 = CYLINDRICAL_SURFACE('',#2059,5.5);
#2059 = AXIS2_PLACEMENT_3D('',#2060,#2061,#2062);
#2060 = CARTESIAN_POINT('',(14.75,13.5,0.));
#2061 = DIRECTION('',(-0.,-0.,-1.));
#2062 = DIRECTION('',(1.,0.,0.));
#2063 = DEFINITIONAL_REPRESENTATION('',(#2064),#2068);
#2064 = LINE('',#2065,#2066);
#2065 = CARTESIAN_POINT('',(-6.28318530718,-3.5));
#2066 = VECTOR('',#2067,1.);
#2067 = DIRECTION('',(1.,-0.));
#2068 = ( GEOMETRIC_REPRESENTATION_CONTEXT(2) 
PARAMETRIC_REPRESENTATION_CONTEXT() REPRESENTATION_CONTEXT('2D SPACE',''
  ) );
#2069 = ORIENTED_EDGE('',*,*,#2070,.T.);
#2070 = EDGE_CURVE('',#2038,#2071,#2073,.T.);
#2071 = VERTEX_POINT('',#2072);
#2072 = CARTESIAN_POINT('',(13.,8.285836596346,3.5));
#2073 = SURFACE_CURVE('',#2074,(#2079,#2090),.PCURVE_S1.);
#2074 = CIRCLE('',#2075,5.5);
#2075 = AXIS2_PLACEMENT_3D('',#2076,#2077,#2078);
#2076 = CARTESIAN_POINT('',(14.75,13.5,3.5));
#2077 = DIRECTION('',(0.,0.,-1.));
#2078 = DIRECTION('',(1.,0.,0.));
#2079 = PCURVE('',#154,#2080);
#2080 = DEFINITIONAL_REPRESENTATION('',(#2081),#2089);
#2081 = ( BOUNDED_CURVE() B_SPLINE_CURVE(2,(#2082,#2083,#2084,#2085,
#2086,#2087,#2088),.UNSPECIFIED.,.T.,.F.) B_SPLINE_CURVE_WITH_KNOTS((1,2
    ,2,2,2,1),(-2.094395102393,0.,2.094395102393,4.188790204786,
6.28318530718,8.377580409573),.UNSPECIFIED.) CURVE() 
GEOMETRIC_REPRESENTATION_ITEM() RATIONAL_B_SPLINE_CURVE((1.,0.5,1.,0.5,
1.,0.5,1.)) REPRESENTATION_ITEM('') );
#2082 = CARTESIAN_POINT('',(20.25,-0.175));
#2083 = CARTESIAN_POINT('',(20.25,-9.701279441629));
#2084 = CARTESIAN_POINT('',(12.,-4.938139720814));
#2085 = CARTESIAN_POINT('',(3.75,-0.175));
#2086 = CARTESIAN_POINT('',(12.,4.588139720814));
#2087 = CARTESIAN_POINT('',(20.25,9.351279441629));
#2088 = CARTESIAN_POINT('',(20.25,-0.175));
#2089 = ( GEOMETRIC_REPRESENTATION_CONTEXT(2) 
PARAMETRIC_REPRESENTATION_CONTEXT() REPRESENTATION_CONTEXT('2D SPACE',''
  ) );
#2090 = PCURVE('',#2058,#2091);
#2091 = DEFINITIONAL_REPRESENTATION('',(#2092),#2096);
#2092 = LINE('',#2093,#2094);
#2093 = CARTESIAN_POINT('',(-6.28318530718,-3.5));
#2094 = VECTOR('',#2095,1.);
#2095 = DIRECTION('',(1.,-0.));
#2096 = ( GEOMETRIC_REPRESENTATION_CONTEXT(2) 
PARAMETRIC_REPRESENTATION_CONTEXT() REPRESENTATION_CONTEXT('2D SPACE',''
  ) );
#2097 = ORIENTED_EDGE('',*,*,#2098,.F.);
#2098 = EDGE_CURVE('',#671,#2071,#2099,.T.);
#2099 = SURFACE_CURVE('',#2100,(#2104,#2111),.PCURVE_S1.);
#2100 = LINE('',#2101,#2102);
#2101 = CARTESIAN_POINT('',(13.,6.6,3.5));
#2102 = VECTOR('',#2103,1.);
#2103 = DIRECTION('',(0.,1.,0.));
#2104 = PCURVE('',#154,#2105);
#2105 = DEFINITIONAL_REPRESENTATION('',(#2106),#2110);
#2106 = LINE('',#2107,#2108);
#2107 = CARTESIAN_POINT('',(13.,-7.075));
#2108 = VECTOR('',#2109,1.);
#2109 = DIRECTION('',(0.,1.));
#2110 = ( GEOMETRIC_REPRESENTATION_CONTEXT(2) 
PARAMETRIC_REPRESENTATION_CONTEXT() REPRESENTATION_CONTEXT('2D SPACE',''
  ) );
#2111 = PCURVE('',#686,#2112);
#2112 = DEFINITIONAL_REPRESENTATION('',(#2113),#2117);
#2113 = LINE('',#2114,#2115);
#2114 = CARTESIAN_POINT('',(0.,0.));
#2115 = VECTOR('',#2116,1.);
#2116 = DIRECTION('',(0.,-1.));
#2117 = ( GEOMETRIC_REPRESENTATION_CONTEXT(2) 
PARAMETRIC_REPRESENTATION_CONTEXT() REPRESENTATION_CONTEXT('2D SPACE',''
  ) );
#2118 = ORIENTED_EDGE('',*,*,#698,.T.);
#2119 = ORIENTED_EDGE('',*,*,#2120,.T.);
#2120 = EDGE_CURVE('',#699,#2121,#2123,.T.);
#2121 = VERTEX_POINT('',#2122);
#2122 = CARTESIAN_POINT('',(22.75,9.6,3.5));
#2123 = SURFACE_CURVE('',#2124,(#2129,#2136),.PCURVE_S1.);
#2124 = CIRCLE('',#2125,3.);
#2125 = AXIS2_PLACEMENT_3D('',#2126,#2127,#2128);
#2126 = CARTESIAN_POINT('',(19.75,9.6,3.5));
#2127 = DIRECTION('',(0.,0.,1.));
#2128 = DIRECTION('',(0.,-1.,0.));
#2129 = PCURVE('',#154,#2130);
#2130 = DEFINITIONAL_REPRESENTATION('',(#2131),#2135);
#2131 = CIRCLE('',#2132,3.);
#2132 = AXIS2_PLACEMENT_2D('',#2133,#2134);
#2133 = CARTESIAN_POINT('',(19.75,-4.075));
#2134 = DIRECTION('',(0.,-1.));
#2135 = ( GEOMETRIC_REPRESENTATION_CONTEXT(2) 
PARAMETRIC_REPRESENTATION_CONTEXT() REPRESENTATION_CONTEXT('2D SPACE',''
  ) );
#2136 = PCURVE('',#737,#2137);
#2137 = DEFINITIONAL_REPRESENTATION('',(#2138),#2142);
#2138 = LINE('',#2139,#2140);
#2139 = CARTESIAN_POINT('',(0.,3.5));
#2140 = VECTOR('',#2141,1.);
#2141 = DIRECTION('',(1.,0.));
#2142 = ( GEOMETRIC_REPRESENTATION_CONTEXT(2) 
PARAMETRIC_REPRESENTATION_CONTEXT() REPRESENTATION_CONTEXT('2D SPACE',''
  ) );
#2143 = ORIENTED_EDGE('',*,*,#2144,.T.);
#2144 = EDGE_CURVE('',#2121,#2145,#2147,.T.);
#2145 = VERTEX_POINT('',#2146);
#2146 = CARTESIAN_POINT('',(22.75,17.75,3.5));
#2147 = SURFACE_CURVE('',#2148,(#2152,#2159),.PCURVE_S1.);
#2148 = LINE('',#2149,#2150);
#2149 = CARTESIAN_POINT('',(22.75,6.6,3.5));
#2150 = VECTOR('',#2151,1.);
#2151 = DIRECTION('',(0.,1.,0.));
#2152 = PCURVE('',#154,#2153);
#2153 = DEFINITIONAL_REPRESENTATION('',(#2154),#2158);
#2154 = LINE('',#2155,#2156);
#2155 = CARTESIAN_POINT('',(22.75,-7.075));
#2156 = VECTOR('',#2157,1.);
#2157 = DIRECTION('',(0.,1.));
#2158 = ( GEOMETRIC_REPRESENTATION_CONTEXT(2) 
PARAMETRIC_REPRESENTATION_CONTEXT() REPRESENTATION_CONTEXT('2D SPACE',''
  ) );
#2159 = PCURVE('',#2160,#2165);
#2160 = PLANE('',#2161);
#2161 = AXIS2_PLACEMENT_3D('',#2162,#2163,#2164);
#2162 = CARTESIAN_POINT('',(22.75,6.6,0.));
#2163 = DIRECTION('',(-1.,0.,0.));
#2164 = DIRECTION('',(0.,1.,0.));
#2165 = DEFINITIONAL_REPRESENTATION('',(#2166),#2170);
#2166 = LINE('',#2167,#2168);
#2167 = CARTESIAN_POINT('',(0.,-3.5));
#2168 = VECTOR('',#2169,1.);
#2169 = DIRECTION('',(1.,0.));
#2170 = ( GEOMETRIC_REPRESENTATION_CONTEXT(2) 
PARAMETRIC_REPRESENTATION_CONTEXT() REPRESENTATION_CONTEXT('2D SPACE',''
  ) );
#2171 = ORIENTED_EDGE('',*,*,#2172,.T.);
#2172 = EDGE_CURVE('',#2145,#2173,#2175,.T.);
#2173 = VERTEX_POINT('',#2174);
#2174 = CARTESIAN_POINT('',(19.75,20.75,3.5));
#2175 = SURFACE_CURVE('',#2176,(#2181,#2188),.PCURVE_S1.);
#2176 = CIRCLE('',#2177,3.);
#2177 = AXIS2_PLACEMENT_3D('',#2178,#2179,#2180);
#2178 = CARTESIAN_POINT('',(19.75,17.75,3.5));
#2179 = DIRECTION('',(0.,0.,1.));
#2180 = DIRECTION('',(0.,-1.,0.));
#2181 = PCURVE('',#154,#2182);
#2182 = DEFINITIONAL_REPRESENTATION('',(#2183),#2187);
#2183 = CIRCLE('',#2184,3.);
#2184 = AXIS2_PLACEMENT_2D('',#2185,#2186);
#2185 = CARTESIAN_POINT('',(19.75,4.075));
#2186 = DIRECTION('',(0.,-1.));
#2187 = ( GEOMETRIC_REPRESENTATION_CONTEXT(2) 
PARAMETRIC_REPRESENTATION_CONTEXT() REPRESENTATION_CONTEXT('2D SPACE',''
  ) );
#2188 = PCURVE('',#2189,#2194);
#2189 = CYLINDRICAL_SURFACE('',#2190,3.);
#2190 = AXIS2_PLACEMENT_3D('',#2191,#2192,#2193);
#2191 = CARTESIAN_POINT('',(19.75,17.75,0.));
#2192 = DIRECTION('',(0.,0.,1.));
#2193 = DIRECTION('',(1.,0.,-0.));
#2194 = DEFINITIONAL_REPRESENTATION('',(#2195),#2199);
#2195 = LINE('',#2196,#2197);
#2196 = CARTESIAN_POINT('',(-1.570796326795,3.5));
#2197 = VECTOR('',#2198,1.);
#2198 = DIRECTION('',(1.,0.));
#2199 = ( GEOMETRIC_REPRESENTATION_CONTEXT(2) 
PARAMETRIC_REPRESENTATION_CONTEXT() REPRESENTATION_CONTEXT('2D SPACE',''
  ) );
#2200 = ORIENTED_EDGE('',*,*,#2201,.T.);
#2201 = EDGE_CURVE('',#2173,#2202,#2204,.T.);
#2202 = VERTEX_POINT('',#2203);
#2203 = CARTESIAN_POINT('',(-19.75,20.75,3.5));
#2204 = SURFACE_CURVE('',#2205,(#2209,#2216),.PCURVE_S1.);
#2205 = LINE('',#2206,#2207);
#2206 = CARTESIAN_POINT('',(22.75,20.75,3.5));
#2207 = VECTOR('',#2208,1.);
#2208 = DIRECTION('',(-1.,0.,0.));
#2209 = PCURVE('',#154,#2210);
#2210 = DEFINITIONAL_REPRESENTATION('',(#2211),#2215);
#2211 = LINE('',#2212,#2213);
#2212 = CARTESIAN_POINT('',(22.75,7.075));
#2213 = VECTOR('',#2214,1.);
#2214 = DIRECTION('',(-1.,0.));
#2215 = ( GEOMETRIC_REPRESENTATION_CONTEXT(2) 
PARAMETRIC_REPRESENTATION_CONTEXT() REPRESENTATION_CONTEXT('2D SPACE',''
  ) );
#2216 = PCURVE('',#1488,#2217);
#2217 = DEFINITIONAL_REPRESENTATION('',(#2218),#2222);
#2218 = LINE('',#2219,#2220);
#2219 = CARTESIAN_POINT('',(0.,-3.5));
#2220 = VECTOR('',#2221,1.);
#2221 = DIRECTION('',(1.,0.));
#2222 = ( GEOMETRIC_REPRESENTATION_CONTEXT(2) 
PARAMETRIC_REPRESENTATION_CONTEXT() REPRESENTATION_CONTEXT('2D SPACE',''
  ) );
#2223 = ORIENTED_EDGE('',*,*,#2224,.T.);
#2224 = EDGE_CURVE('',#2202,#2225,#2227,.T.);
#2225 = VERTEX_POINT('',#2226);
#2226 = CARTESIAN_POINT('',(-22.75,17.75,3.5));
#2227 = SURFACE_CURVE('',#2228,(#2233,#2240),.PCURVE_S1.);
#2228 = CIRCLE('',#2229,3.);
#2229 = AXIS2_PLACEMENT_3D('',#2230,#2231,#2232);
#2230 = CARTESIAN_POINT('',(-19.75,17.75,3.5));
#2231 = DIRECTION('',(0.,0.,1.));
#2232 = DIRECTION('',(0.,-1.,0.));
#2233 = PCURVE('',#154,#2234);
#2234 = DEFINITIONAL_REPRESENTATION('',(#2235),#2239);
#2235 = CIRCLE('',#2236,3.);
#2236 = AXIS2_PLACEMENT_2D('',#2237,#2238);
#2237 = CARTESIAN_POINT('',(-19.75,4.075));
#2238 = DIRECTION('',(0.,-1.));
#2239 = ( GEOMETRIC_REPRESENTATION_CONTEXT(2) 
PARAMETRIC_REPRESENTATION_CONTEXT() REPRESENTATION_CONTEXT('2D SPACE',''
  ) );
#2240 = PCURVE('',#1516,#2241);
#2241 = DEFINITIONAL_REPRESENTATION('',(#2242),#2246);
#2242 = LINE('',#2243,#2244);
#2243 = CARTESIAN_POINT('',(-3.14159265359,3.5));
#2244 = VECTOR('',#2245,1.);
#2245 = DIRECTION('',(1.,0.));
#2246 = ( GEOMETRIC_REPRESENTATION_CONTEXT(2) 
PARAMETRIC_REPRESENTATION_CONTEXT() REPRESENTATION_CONTEXT('2D SPACE',''
  ) );
#2247 = ORIENTED_EDGE('',*,*,#2248,.T.);
#2248 = EDGE_CURVE('',#2225,#1593,#2249,.T.);
#2249 = SURFACE_CURVE('',#2250,(#2254,#2261),.PCURVE_S1.);
#2250 = LINE('',#2251,#2252);
#2251 = CARTESIAN_POINT('',(-22.75,20.75,3.5));
#2252 = VECTOR('',#2253,1.);
#2253 = DIRECTION('',(0.,-1.,0.));
#2254 = PCURVE('',#154,#2255);
#2255 = DEFINITIONAL_REPRESENTATION('',(#2256),#2260);
#2256 = LINE('',#2257,#2258);
#2257 = CARTESIAN_POINT('',(-22.75,7.075));
#2258 = VECTOR('',#2259,1.);
#2259 = DIRECTION('',(0.,-1.));
#2260 = ( GEOMETRIC_REPRESENTATION_CONTEXT(2) 
PARAMETRIC_REPRESENTATION_CONTEXT() REPRESENTATION_CONTEXT('2D SPACE',''
  ) );
#2261 = PCURVE('',#1541,#2262);
#2262 = DEFINITIONAL_REPRESENTATION('',(#2263),#2267);
#2263 = LINE('',#2264,#2265);
#2264 = CARTESIAN_POINT('',(0.,-3.5));
#2265 = VECTOR('',#2266,1.);
#2266 = DIRECTION('',(1.,0.));
#2267 = ( GEOMETRIC_REPRESENTATION_CONTEXT(2) 
PARAMETRIC_REPRESENTATION_CONTEXT() REPRESENTATION_CONTEXT('2D SPACE',''
  ) );
#2268 = FACE_BOUND('',#2269,.T.);
#2269 = EDGE_LOOP('',(#2270,#2301,#2322,#2346,#2367,#2391,#2412,#2441));
#2270 = ORIENTED_EDGE('',*,*,#2271,.F.);
#2271 = EDGE_CURVE('',#2272,#2274,#2276,.T.);
#2272 = VERTEX_POINT('',#2273);
#2273 = CARTESIAN_POINT('',(5.1,8.4,3.5));
#2274 = VERTEX_POINT('',#2275);
#2275 = CARTESIAN_POINT('',(6.1,9.4,3.5));
#2276 = SURFACE_CURVE('',#2277,(#2282,#2289),.PCURVE_S1.);
#2277 = CIRCLE('',#2278,1.);
#2278 = AXIS2_PLACEMENT_3D('',#2279,#2280,#2281);
#2279 = CARTESIAN_POINT('',(5.1,9.4,3.5));
#2280 = DIRECTION('',(0.,0.,1.));
#2281 = DIRECTION('',(0.,-1.,0.));
#2282 = PCURVE('',#154,#2283);
#2283 = DEFINITIONAL_REPRESENTATION('',(#2284),#2288);
#2284 = CIRCLE('',#2285,1.);
#2285 = AXIS2_PLACEMENT_2D('',#2286,#2287);
#2286 = CARTESIAN_POINT('',(5.1,-4.275));
#2287 = DIRECTION('',(0.,-1.));
#2288 = ( GEOMETRIC_REPRESENTATION_CONTEXT(2) 
PARAMETRIC_REPRESENTATION_CONTEXT() REPRESENTATION_CONTEXT('2D SPACE',''
  ) );
#2289 = PCURVE('',#2290,#2295);
#2290 = CYLINDRICAL_SURFACE('',#2291,1.);
#2291 = AXIS2_PLACEMENT_3D('',#2292,#2293,#2294);
#2292 = CARTESIAN_POINT('',(5.1,9.4,-1.));
#2293 = DIRECTION('',(0.,0.,1.));
#2294 = DIRECTION('',(0.,-1.,0.));
#2295 = DEFINITIONAL_REPRESENTATION('',(#2296),#2300);
#2296 = LINE('',#2297,#2298);
#2297 = CARTESIAN_POINT('',(0.,4.5));
#2298 = VECTOR('',#2299,1.);
#2299 = DIRECTION('',(1.,0.));
#2300 = ( GEOMETRIC_REPRESENTATION_CONTEXT(2) 
PARAMETRIC_REPRESENTATION_CONTEXT() REPRESENTATION_CONTEXT('2D SPACE',''
  ) );
#2301 = ORIENTED_EDGE('',*,*,#2302,.T.);
#2302 = EDGE_CURVE('',#2272,#2303,#2305,.T.);
#2303 = VERTEX_POINT('',#2304);
#2304 = CARTESIAN_POINT('',(-5.1,8.4,3.5));
#2305 = SURFACE_CURVE('',#2306,(#2310,#2316),.PCURVE_S1.);
#2306 = LINE('',#2307,#2308);
#2307 = CARTESIAN_POINT('',(-3.05,8.4,3.5));
#2308 = VECTOR('',#2309,1.);
#2309 = DIRECTION('',(-1.,0.,0.));
#2310 = PCURVE('',#154,#2311);
#2311 = DEFINITIONAL_REPRESENTATION('',(#2312),#2315);
#2312 = B_SPLINE_CURVE_WITH_KNOTS('',1,(#2313,#2314),.UNSPECIFIED.,.F.,
  .F.,(2,2),(-8.15,2.05),.PIECEWISE_BEZIER_KNOTS.);
#2313 = CARTESIAN_POINT('',(5.1,-5.275));
#2314 = CARTESIAN_POINT('',(-5.1,-5.275));
#2315 = ( GEOMETRIC_REPRESENTATION_CONTEXT(2) 
PARAMETRIC_REPRESENTATION_CONTEXT() REPRESENTATION_CONTEXT('2D SPACE',''
  ) );
#2316 = PCURVE('',#1165,#2317);
#2317 = DEFINITIONAL_REPRESENTATION('',(#2318),#2321);
#2318 = B_SPLINE_CURVE_WITH_KNOTS('',1,(#2319,#2320),.UNSPECIFIED.,.F.,
  .F.,(2,2),(-8.15,2.05),.PIECEWISE_BEZIER_KNOTS.);
#2319 = CARTESIAN_POINT('',(11.2,-4.5));
#2320 = CARTESIAN_POINT('',(1.,-4.5));
#2321 = ( GEOMETRIC_REPRESENTATION_CONTEXT(2) 
PARAMETRIC_REPRESENTATION_CONTEXT() REPRESENTATION_CONTEXT('2D SPACE',''
  ) );
#2322 = ORIENTED_EDGE('',*,*,#2323,.F.);
#2323 = EDGE_CURVE('',#2324,#2303,#2326,.T.);
#2324 = VERTEX_POINT('',#2325);
#2325 = CARTESIAN_POINT('',(-6.1,9.4,3.5));
#2326 = SURFACE_CURVE('',#2327,(#2332,#2339),.PCURVE_S1.);
#2327 = CIRCLE('',#2328,1.);
#2328 = AXIS2_PLACEMENT_3D('',#2329,#2330,#2331);
#2329 = CARTESIAN_POINT('',(-5.1,9.4,3.5));
#2330 = DIRECTION('',(0.,0.,1.));
#2331 = DIRECTION('',(0.,-1.,0.));
#2332 = PCURVE('',#154,#2333);
#2333 = DEFINITIONAL_REPRESENTATION('',(#2334),#2338);
#2334 = CIRCLE('',#2335,1.);
#2335 = AXIS2_PLACEMENT_2D('',#2336,#2337);
#2336 = CARTESIAN_POINT('',(-5.1,-4.275));
#2337 = DIRECTION('',(0.,-1.));
#2338 = ( GEOMETRIC_REPRESENTATION_CONTEXT(2) 
PARAMETRIC_REPRESENTATION_CONTEXT() REPRESENTATION_CONTEXT('2D SPACE',''
  ) );
#2339 = PCURVE('',#1347,#2340);
#2340 = DEFINITIONAL_REPRESENTATION('',(#2341),#2345);
#2341 = LINE('',#2342,#2343);
#2342 = CARTESIAN_POINT('',(-6.28318530718,4.5));
#2343 = VECTOR('',#2344,1.);
#2344 = DIRECTION('',(1.,-0.));
#2345 = ( GEOMETRIC_REPRESENTATION_CONTEXT(2) 
PARAMETRIC_REPRESENTATION_CONTEXT() REPRESENTATION_CONTEXT('2D SPACE',''
  ) );
#2346 = ORIENTED_EDGE('',*,*,#2347,.T.);
#2347 = EDGE_CURVE('',#2324,#2348,#2350,.T.);
#2348 = VERTEX_POINT('',#2349);
#2349 = CARTESIAN_POINT('',(-6.1,17.6,3.5));
#2350 = SURFACE_CURVE('',#2351,(#2355,#2361),.PCURVE_S1.);
#2351 = LINE('',#2352,#2353);
#2352 = CARTESIAN_POINT('',(-6.1,16.1375,3.5));
#2353 = VECTOR('',#2354,1.);
#2354 = DIRECTION('',(-0.,1.,0.));
#2355 = PCURVE('',#154,#2356);
#2356 = DEFINITIONAL_REPRESENTATION('',(#2357),#2360);
#2357 = B_SPLINE_CURVE_WITH_KNOTS('',1,(#2358,#2359),.UNSPECIFIED.,.F.,
  .F.,(2,2),(-6.7375,1.4625),.PIECEWISE_BEZIER_KNOTS.);
#2358 = CARTESIAN_POINT('',(-6.1,-4.275));
#2359 = CARTESIAN_POINT('',(-6.1,3.925));
#2360 = ( GEOMETRIC_REPRESENTATION_CONTEXT(2) 
PARAMETRIC_REPRESENTATION_CONTEXT() REPRESENTATION_CONTEXT('2D SPACE',''
  ) );
#2361 = PCURVE('',#1374,#2362);
#2362 = DEFINITIONAL_REPRESENTATION('',(#2363),#2366);
#2363 = B_SPLINE_CURVE_WITH_KNOTS('',1,(#2364,#2365),.UNSPECIFIED.,.F.,
  .F.,(2,2),(-6.7375,1.4625),.PIECEWISE_BEZIER_KNOTS.);
#2364 = CARTESIAN_POINT('',(9.2,-4.5));
#2365 = CARTESIAN_POINT('',(1.,-4.5));
#2366 = ( GEOMETRIC_REPRESENTATION_CONTEXT(2) 
PARAMETRIC_REPRESENTATION_CONTEXT() REPRESENTATION_CONTEXT('2D SPACE',''
  ) );
#2367 = ORIENTED_EDGE('',*,*,#2368,.F.);
#2368 = EDGE_CURVE('',#2369,#2348,#2371,.T.);
#2369 = VERTEX_POINT('',#2370);
#2370 = CARTESIAN_POINT('',(-5.1,18.6,3.5));
#2371 = SURFACE_CURVE('',#2372,(#2377,#2384),.PCURVE_S1.);
#2372 = CIRCLE('',#2373,1.);
#2373 = AXIS2_PLACEMENT_3D('',#2374,#2375,#2376);
#2374 = CARTESIAN_POINT('',(-5.1,17.6,3.5));
#2375 = DIRECTION('',(0.,0.,1.));
#2376 = DIRECTION('',(-0.,1.,0.));
#2377 = PCURVE('',#154,#2378);
#2378 = DEFINITIONAL_REPRESENTATION('',(#2379),#2383);
#2379 = CIRCLE('',#2380,1.);
#2380 = AXIS2_PLACEMENT_2D('',#2381,#2382);
#2381 = CARTESIAN_POINT('',(-5.1,3.925));
#2382 = DIRECTION('',(0.,1.));
#2383 = ( GEOMETRIC_REPRESENTATION_CONTEXT(2) 
PARAMETRIC_REPRESENTATION_CONTEXT() REPRESENTATION_CONTEXT('2D SPACE',''
  ) );
#2384 = PCURVE('',#1402,#2385);
#2385 = DEFINITIONAL_REPRESENTATION('',(#2386),#2390);
#2386 = LINE('',#2387,#2388);
#2387 = CARTESIAN_POINT('',(0.,4.5));
#2388 = VECTOR('',#2389,1.);
#2389 = DIRECTION('',(1.,0.));
#2390 = ( GEOMETRIC_REPRESENTATION_CONTEXT(2) 
PARAMETRIC_REPRESENTATION_CONTEXT() REPRESENTATION_CONTEXT('2D SPACE',''
  ) );
#2391 = ORIENTED_EDGE('',*,*,#2392,.T.);
#2392 = EDGE_CURVE('',#2369,#2393,#2395,.T.);
#2393 = VERTEX_POINT('',#2394);
#2394 = CARTESIAN_POINT('',(5.1,18.6,3.5));
#2395 = SURFACE_CURVE('',#2396,(#2400,#2406),.PCURVE_S1.);
#2396 = LINE('',#2397,#2398);
#2397 = CARTESIAN_POINT('',(3.05,18.6,3.5));
#2398 = VECTOR('',#2399,1.);
#2399 = DIRECTION('',(1.,0.,-0.));
#2400 = PCURVE('',#154,#2401);
#2401 = DEFINITIONAL_REPRESENTATION('',(#2402),#2405);
#2402 = B_SPLINE_CURVE_WITH_KNOTS('',1,(#2403,#2404),.UNSPECIFIED.,.F.,
  .F.,(2,2),(-8.15,2.05),.PIECEWISE_BEZIER_KNOTS.);
#2403 = CARTESIAN_POINT('',(-5.1,4.925));
#2404 = CARTESIAN_POINT('',(5.1,4.925));
#2405 = ( GEOMETRIC_REPRESENTATION_CONTEXT(2) 
PARAMETRIC_REPRESENTATION_CONTEXT() REPRESENTATION_CONTEXT('2D SPACE',''
  ) );
#2406 = PCURVE('',#1429,#2407);
#2407 = DEFINITIONAL_REPRESENTATION('',(#2408),#2411);
#2408 = B_SPLINE_CURVE_WITH_KNOTS('',1,(#2409,#2410),.UNSPECIFIED.,.F.,
  .F.,(2,2),(-8.15,2.05),.PIECEWISE_BEZIER_KNOTS.);
#2409 = CARTESIAN_POINT('',(11.2,-4.5));
#2410 = CARTESIAN_POINT('',(1.,-4.5));
#2411 = ( GEOMETRIC_REPRESENTATION_CONTEXT(2) 
PARAMETRIC_REPRESENTATION_CONTEXT() REPRESENTATION_CONTEXT('2D SPACE',''
  ) );
#2412 = ORIENTED_EDGE('',*,*,#2413,.F.);
#2413 = EDGE_CURVE('',#2414,#2393,#2416,.T.);
#2414 = VERTEX_POINT('',#2415);
#2415 = CARTESIAN_POINT('',(6.1,17.6,3.5));
#2416 = SURFACE_CURVE('',#2417,(#2422,#2429),.PCURVE_S1.);
#2417 = CIRCLE('',#2418,1.);
#2418 = AXIS2_PLACEMENT_3D('',#2419,#2420,#2421);
#2419 = CARTESIAN_POINT('',(5.1,17.6,3.5));
#2420 = DIRECTION('',(0.,0.,1.));
#2421 = DIRECTION('',(1.,0.,-0.));
#2422 = PCURVE('',#154,#2423);
#2423 = DEFINITIONAL_REPRESENTATION('',(#2424),#2428);
#2424 = CIRCLE('',#2425,1.);
#2425 = AXIS2_PLACEMENT_2D('',#2426,#2427);
#2426 = CARTESIAN_POINT('',(5.1,3.925));
#2427 = DIRECTION('',(1.,0.));
#2428 = ( GEOMETRIC_REPRESENTATION_CONTEXT(2) 
PARAMETRIC_REPRESENTATION_CONTEXT() REPRESENTATION_CONTEXT('2D SPACE',''
  ) );
#2429 = PCURVE('',#2430,#2435);
#2430 = CYLINDRICAL_SURFACE('',#2431,1.);
#2431 = AXIS2_PLACEMENT_3D('',#2432,#2433,#2434);
#2432 = CARTESIAN_POINT('',(5.1,17.6,-1.));
#2433 = DIRECTION('',(0.,0.,1.));
#2434 = DIRECTION('',(1.,0.,-0.));
#2435 = DEFINITIONAL_REPRESENTATION('',(#2436),#2440);
#2436 = LINE('',#2437,#2438);
#2437 = CARTESIAN_POINT('',(0.,4.5));
#2438 = VECTOR('',#2439,1.);
#2439 = DIRECTION('',(1.,0.));
#2440 = ( GEOMETRIC_REPRESENTATION_CONTEXT(2) 
PARAMETRIC_REPRESENTATION_CONTEXT() REPRESENTATION_CONTEXT('2D SPACE',''
  ) );
#2441 = ORIENTED_EDGE('',*,*,#2442,.T.);
#2442 = EDGE_CURVE('',#2414,#2274,#2443,.T.);
#2443 = SURFACE_CURVE('',#2444,(#2448,#2454),.PCURVE_S1.);
#2444 = LINE('',#2445,#2446);
#2445 = CARTESIAN_POINT('',(6.1,11.0375,3.5));
#2446 = VECTOR('',#2447,1.);
#2447 = DIRECTION('',(0.,-1.,0.));
#2448 = PCURVE('',#154,#2449);
#2449 = DEFINITIONAL_REPRESENTATION('',(#2450),#2453);
#2450 = B_SPLINE_CURVE_WITH_KNOTS('',1,(#2451,#2452),.UNSPECIFIED.,.F.,
  .F.,(2,2),(-6.5625,1.6375),.PIECEWISE_BEZIER_KNOTS.);
#2451 = CARTESIAN_POINT('',(6.1,3.925));
#2452 = CARTESIAN_POINT('',(6.1,-4.275));
#2453 = ( GEOMETRIC_REPRESENTATION_CONTEXT(2) 
PARAMETRIC_REPRESENTATION_CONTEXT() REPRESENTATION_CONTEXT('2D SPACE',''
  ) );
#2454 = PCURVE('',#2455,#2460);
#2455 = PLANE('',#2456);
#2456 = AXIS2_PLACEMENT_3D('',#2457,#2458,#2459);
#2457 = CARTESIAN_POINT('',(6.1,8.4,-1.));
#2458 = DIRECTION('',(-1.,0.,0.));
#2459 = DIRECTION('',(0.,1.,0.));
#2460 = DEFINITIONAL_REPRESENTATION('',(#2461),#2464);
#2461 = B_SPLINE_CURVE_WITH_KNOTS('',1,(#2462,#2463),.UNSPECIFIED.,.F.,
  .F.,(2,2),(-6.5625,1.6375),.PIECEWISE_BEZIER_KNOTS.);
#2462 = CARTESIAN_POINT('',(9.2,-4.5));
#2463 = CARTESIAN_POINT('',(1.,-4.5));
#2464 = ( GEOMETRIC_REPRESENTATION_CONTEXT(2) 
PARAMETRIC_REPRESENTATION_CONTEXT() REPRESENTATION_CONTEXT('2D SPACE',''
  ) );
#2465 = ADVANCED_FACE('',(#2466),#182,.F.);
#2466 = FACE_BOUND('',#2467,.F.);
#2467 = EDGE_LOOP('',(#2468,#2491,#2492,#2493));
#2468 = ORIENTED_EDGE('',*,*,#2469,.F.);
#2469 = EDGE_CURVE('',#167,#2470,#2472,.T.);
#2470 = VERTEX_POINT('',#2471);
#2471 = CARTESIAN_POINT('',(-13.,8.285836596346,7.25));
#2472 = SURFACE_CURVE('',#2473,(#2477,#2484),.PCURVE_S1.);
#2473 = LINE('',#2474,#2475);
#2474 = CARTESIAN_POINT('',(-13.,6.6,7.25));
#2475 = VECTOR('',#2476,1.);
#2476 = DIRECTION('',(0.,1.,0.));
#2477 = PCURVE('',#182,#2478);
#2478 = DEFINITIONAL_REPRESENTATION('',(#2479),#2483);
#2479 = LINE('',#2480,#2481);
#2480 = CARTESIAN_POINT('',(3.75,0.));
#2481 = VECTOR('',#2482,1.);
#2482 = DIRECTION('',(0.,-1.));
#2483 = ( GEOMETRIC_REPRESENTATION_CONTEXT(2) 
PARAMETRIC_REPRESENTATION_CONTEXT() REPRESENTATION_CONTEXT('2D SPACE',''
  ) );
#2484 = PCURVE('',#210,#2485);
#2485 = DEFINITIONAL_REPRESENTATION('',(#2486),#2490);
#2486 = LINE('',#2487,#2488);
#2487 = CARTESIAN_POINT('',(0.,0.));
#2488 = VECTOR('',#2489,1.);
#2489 = DIRECTION('',(0.,1.));
#2490 = ( GEOMETRIC_REPRESENTATION_CONTEXT(2) 
PARAMETRIC_REPRESENTATION_CONTEXT() REPRESENTATION_CONTEXT('2D SPACE',''
  ) );
#2491 = ORIENTED_EDGE('',*,*,#166,.F.);
#2492 = ORIENTED_EDGE('',*,*,#1646,.T.);
#2493 = ORIENTED_EDGE('',*,*,#2494,.F.);
#2494 = EDGE_CURVE('',#2470,#1647,#2495,.T.);
#2495 = SURFACE_CURVE('',#2496,(#2500,#2506),.PCURVE_S1.);
#2496 = LINE('',#2497,#2498);
#2497 = CARTESIAN_POINT('',(-13.,8.285836596346,0.));
#2498 = VECTOR('',#2499,1.);
#2499 = DIRECTION('',(-0.,-0.,-1.));
#2500 = PCURVE('',#182,#2501);
#2501 = DEFINITIONAL_REPRESENTATION('',(#2502),#2505);
#2502 = B_SPLINE_CURVE_WITH_KNOTS('',1,(#2503,#2504),.UNSPECIFIED.,.F.,
  .F.,(2,2),(-7.625,-3.4999994),.PIECEWISE_BEZIER_KNOTS.);
#2503 = CARTESIAN_POINT('',(4.125,-1.685836596346));
#2504 = CARTESIAN_POINT('',(-5.999999999062E-07,-1.685836596346));
#2505 = ( GEOMETRIC_REPRESENTATION_CONTEXT(2) 
PARAMETRIC_REPRESENTATION_CONTEXT() REPRESENTATION_CONTEXT('2D SPACE',''
  ) );
#2506 = PCURVE('',#1690,#2507);
#2507 = DEFINITIONAL_REPRESENTATION('',(#2508),#2511);
#2508 = B_SPLINE_CURVE_WITH_KNOTS('',1,(#2509,#2510),.UNSPECIFIED.,.F.,
  .F.,(2,2),(-7.625,-3.4999994),.PIECEWISE_BEZIER_KNOTS.);
#2509 = CARTESIAN_POINT('',(-5.036199995658,-7.625));
#2510 = CARTESIAN_POINT('',(-5.036199995658,-3.4999994));
#2511 = ( GEOMETRIC_REPRESENTATION_CONTEXT(2) 
PARAMETRIC_REPRESENTATION_CONTEXT() REPRESENTATION_CONTEXT('2D SPACE',''
  ) );
#2512 = ADVANCED_FACE('',(#2513),#210,.T.);
#2513 = FACE_BOUND('',#2514,.T.);
#2514 = EDGE_LOOP('',(#2515,#2516,#2517,#2538,#2559,#2582,#2605));
#2515 = ORIENTED_EDGE('',*,*,#2469,.F.);
#2516 = ORIENTED_EDGE('',*,*,#194,.T.);
#2517 = ORIENTED_EDGE('',*,*,#2518,.F.);
#2518 = EDGE_CURVE('',#2519,#195,#2521,.T.);
#2519 = VERTEX_POINT('',#2520);
#2520 = CARTESIAN_POINT('',(-10.,9.,7.25));
#2521 = SURFACE_CURVE('',#2522,(#2526,#2532),.PCURVE_S1.);
#2522 = LINE('',#2523,#2524);
#2523 = CARTESIAN_POINT('',(-10.,6.6,7.25));
#2524 = VECTOR('',#2525,1.);
#2525 = DIRECTION('',(0.,-1.,0.));
#2526 = PCURVE('',#210,#2527);
#2527 = DEFINITIONAL_REPRESENTATION('',(#2528),#2531);
#2528 = B_SPLINE_CURVE_WITH_KNOTS('',1,(#2529,#2530),.UNSPECIFIED.,.F.,
  .F.,(2,2),(-2.4,0.),.PIECEWISE_BEZIER_KNOTS.);
#2529 = CARTESIAN_POINT('',(3.,2.4));
#2530 = CARTESIAN_POINT('',(3.,0.));
#2531 = ( GEOMETRIC_REPRESENTATION_CONTEXT(2) 
PARAMETRIC_REPRESENTATION_CONTEXT() REPRESENTATION_CONTEXT('2D SPACE',''
  ) );
#2532 = PCURVE('',#238,#2533);
#2533 = DEFINITIONAL_REPRESENTATION('',(#2534),#2537);
#2534 = B_SPLINE_CURVE_WITH_KNOTS('',1,(#2535,#2536),.UNSPECIFIED.,.F.,
  .F.,(2,2),(-2.4,0.),.PIECEWISE_BEZIER_KNOTS.);
#2535 = CARTESIAN_POINT('',(3.75,-2.4));
#2536 = CARTESIAN_POINT('',(3.75,0.));
#2537 = ( GEOMETRIC_REPRESENTATION_CONTEXT(2) 
PARAMETRIC_REPRESENTATION_CONTEXT() REPRESENTATION_CONTEXT('2D SPACE',''
  ) );
#2538 = ORIENTED_EDGE('',*,*,#2539,.T.);
#2539 = EDGE_CURVE('',#2519,#2540,#2542,.T.);
#2540 = VERTEX_POINT('',#2541);
#2541 = CARTESIAN_POINT('',(-6.7,9.,7.25));
#2542 = SURFACE_CURVE('',#2543,(#2547,#2553),.PCURVE_S1.);
#2543 = LINE('',#2544,#2545);
#2544 = CARTESIAN_POINT('',(-11.5,9.,7.25));
#2545 = VECTOR('',#2546,1.);
#2546 = DIRECTION('',(1.,0.,0.));
#2547 = PCURVE('',#210,#2548);
#2548 = DEFINITIONAL_REPRESENTATION('',(#2549),#2552);
#2549 = B_SPLINE_CURVE_WITH_KNOTS('',1,(#2550,#2551),.UNSPECIFIED.,.F.,
  .F.,(2,2),(1.5,4.8),.PIECEWISE_BEZIER_KNOTS.);
#2550 = CARTESIAN_POINT('',(3.,2.4));
#2551 = CARTESIAN_POINT('',(6.3,2.4));
#2552 = ( GEOMETRIC_REPRESENTATION_CONTEXT(2) 
PARAMETRIC_REPRESENTATION_CONTEXT() REPRESENTATION_CONTEXT('2D SPACE',''
  ) );
#2553 = PCURVE('',#1849,#2554);
#2554 = DEFINITIONAL_REPRESENTATION('',(#2555),#2558);
#2555 = B_SPLINE_CURVE_WITH_KNOTS('',1,(#2556,#2557),.UNSPECIFIED.,.F.,
  .F.,(2,2),(1.5,4.8),.PIECEWISE_BEZIER_KNOTS.);
#2556 = CARTESIAN_POINT('',(3.75,0.));
#2557 = CARTESIAN_POINT('',(3.75,3.3));
#2558 = ( GEOMETRIC_REPRESENTATION_CONTEXT(2) 
PARAMETRIC_REPRESENTATION_CONTEXT() REPRESENTATION_CONTEXT('2D SPACE',''
  ) );
#2559 = ORIENTED_EDGE('',*,*,#2560,.T.);
#2560 = EDGE_CURVE('',#2540,#2561,#2563,.T.);
#2561 = VERTEX_POINT('',#2562);
#2562 = CARTESIAN_POINT('',(-6.7,11.1,7.25));
#2563 = SURFACE_CURVE('',#2564,(#2568,#2575),.PCURVE_S1.);
#2564 = LINE('',#2565,#2566);
#2565 = CARTESIAN_POINT('',(-6.7,6.6,7.25));
#2566 = VECTOR('',#2567,1.);
#2567 = DIRECTION('',(0.,1.,0.));
#2568 = PCURVE('',#210,#2569);
#2569 = DEFINITIONAL_REPRESENTATION('',(#2570),#2574);
#2570 = LINE('',#2571,#2572);
#2571 = CARTESIAN_POINT('',(6.3,0.));
#2572 = VECTOR('',#2573,1.);
#2573 = DIRECTION('',(0.,1.));
#2574 = ( GEOMETRIC_REPRESENTATION_CONTEXT(2) 
PARAMETRIC_REPRESENTATION_CONTEXT() REPRESENTATION_CONTEXT('2D SPACE',''
  ) );
#2575 = PCURVE('',#1821,#2576);
#2576 = DEFINITIONAL_REPRESENTATION('',(#2577),#2581);
#2577 = LINE('',#2578,#2579);
#2578 = CARTESIAN_POINT('',(3.75,0.));
#2579 = VECTOR('',#2580,1.);
#2580 = DIRECTION('',(0.,-1.));
#2581 = ( GEOMETRIC_REPRESENTATION_CONTEXT(2) 
PARAMETRIC_REPRESENTATION_CONTEXT() REPRESENTATION_CONTEXT('2D SPACE',''
  ) );
#2582 = ORIENTED_EDGE('',*,*,#2583,.F.);
#2583 = EDGE_CURVE('',#2584,#2561,#2586,.T.);
#2584 = VERTEX_POINT('',#2585);
#2585 = CARTESIAN_POINT('',(-9.801262787337,11.1,7.25));
#2586 = SURFACE_CURVE('',#2587,(#2591,#2598),.PCURVE_S1.);
#2587 = LINE('',#2588,#2589);
#2588 = CARTESIAN_POINT('',(-13.,11.1,7.25));
#2589 = VECTOR('',#2590,1.);
#2590 = DIRECTION('',(1.,0.,0.));
#2591 = PCURVE('',#210,#2592);
#2592 = DEFINITIONAL_REPRESENTATION('',(#2593),#2597);
#2593 = LINE('',#2594,#2595);
#2594 = CARTESIAN_POINT('',(0.,4.5));
#2595 = VECTOR('',#2596,1.);
#2596 = DIRECTION('',(1.,0.));
#2597 = ( GEOMETRIC_REPRESENTATION_CONTEXT(2) 
PARAMETRIC_REPRESENTATION_CONTEXT() REPRESENTATION_CONTEXT('2D SPACE',''
  ) );
#2598 = PCURVE('',#1793,#2599);
#2599 = DEFINITIONAL_REPRESENTATION('',(#2600),#2604);
#2600 = LINE('',#2601,#2602);
#2601 = CARTESIAN_POINT('',(3.75,0.));
#2602 = VECTOR('',#2603,1.);
#2603 = DIRECTION('',(0.,1.));
#2604 = ( GEOMETRIC_REPRESENTATION_CONTEXT(2) 
PARAMETRIC_REPRESENTATION_CONTEXT() REPRESENTATION_CONTEXT('2D SPACE',''
  ) );
#2605 = ORIENTED_EDGE('',*,*,#2606,.T.);
#2606 = EDGE_CURVE('',#2584,#2470,#2607,.T.);
#2607 = SURFACE_CURVE('',#2608,(#2613,#2624),.PCURVE_S1.);
#2608 = CIRCLE('',#2609,5.5);
#2609 = AXIS2_PLACEMENT_3D('',#2610,#2611,#2612);
#2610 = CARTESIAN_POINT('',(-14.75,13.5,7.25));
#2611 = DIRECTION('',(0.,0.,-1.));
#2612 = DIRECTION('',(1.,0.,0.));
#2613 = PCURVE('',#210,#2614);
#2614 = DEFINITIONAL_REPRESENTATION('',(#2615),#2623);
#2615 = ( BOUNDED_CURVE() B_SPLINE_CURVE(2,(#2616,#2617,#2618,#2619,
#2620,#2621,#2622),.UNSPECIFIED.,.T.,.F.) B_SPLINE_CURVE_WITH_KNOTS((1,2
    ,2,2,2,1),(-2.094395102393,0.,2.094395102393,4.188790204786,
6.28318530718,8.377580409573),.UNSPECIFIED.) CURVE() 
GEOMETRIC_REPRESENTATION_ITEM() RATIONAL_B_SPLINE_CURVE((1.,0.5,1.,0.5,
1.,0.5,1.)) REPRESENTATION_ITEM('') );
#2616 = CARTESIAN_POINT('',(3.75,6.9));
#2617 = CARTESIAN_POINT('',(3.75,-2.626279441629));
#2618 = CARTESIAN_POINT('',(-4.5,2.136860279186));
#2619 = CARTESIAN_POINT('',(-12.75,6.9));
#2620 = CARTESIAN_POINT('',(-4.5,11.663139720814));
#2621 = CARTESIAN_POINT('',(3.75,16.426279441629));
#2622 = CARTESIAN_POINT('',(3.75,6.9));
#2623 = ( GEOMETRIC_REPRESENTATION_CONTEXT(2) 
PARAMETRIC_REPRESENTATION_CONTEXT() REPRESENTATION_CONTEXT('2D SPACE',''
  ) );
#2624 = PCURVE('',#1690,#2625);
#2625 = DEFINITIONAL_REPRESENTATION('',(#2626),#2630);
#2626 = LINE('',#2627,#2628);
#2627 = CARTESIAN_POINT('',(-6.28318530718,-7.25));
#2628 = VECTOR('',#2629,1.);
#2629 = DIRECTION('',(1.,-0.));
#2630 = ( GEOMETRIC_REPRESENTATION_CONTEXT(2) 
PARAMETRIC_REPRESENTATION_CONTEXT() REPRESENTATION_CONTEXT('2D SPACE',''
  ) );
#2631 = ADVANCED_FACE('',(#2632),#238,.F.);
#2632 = FACE_BOUND('',#2633,.F.);
#2633 = EDGE_LOOP('',(#2634,#2635,#2636,#2659));
#2634 = ORIENTED_EDGE('',*,*,#222,.F.);
#2635 = ORIENTED_EDGE('',*,*,#2518,.F.);
#2636 = ORIENTED_EDGE('',*,*,#2637,.T.);
#2637 = EDGE_CURVE('',#2519,#2638,#2640,.T.);
#2638 = VERTEX_POINT('',#2639);
#2639 = CARTESIAN_POINT('',(-10.,9.,14.));
#2640 = SURFACE_CURVE('',#2641,(#2645,#2652),.PCURVE_S1.);
#2641 = LINE('',#2642,#2643);
#2642 = CARTESIAN_POINT('',(-10.,9.,3.5));
#2643 = VECTOR('',#2644,1.);
#2644 = DIRECTION('',(0.,0.,1.));
#2645 = PCURVE('',#238,#2646);
#2646 = DEFINITIONAL_REPRESENTATION('',(#2647),#2651);
#2647 = LINE('',#2648,#2649);
#2648 = CARTESIAN_POINT('',(0.,-2.4));
#2649 = VECTOR('',#2650,1.);
#2650 = DIRECTION('',(1.,0.));
#2651 = ( GEOMETRIC_REPRESENTATION_CONTEXT(2) 
PARAMETRIC_REPRESENTATION_CONTEXT() REPRESENTATION_CONTEXT('2D SPACE',''
  ) );
#2652 = PCURVE('',#1849,#2653);
#2653 = DEFINITIONAL_REPRESENTATION('',(#2654),#2658);
#2654 = LINE('',#2655,#2656);
#2655 = CARTESIAN_POINT('',(0.,0.));
#2656 = VECTOR('',#2657,1.);
#2657 = DIRECTION('',(1.,0.));
#2658 = ( GEOMETRIC_REPRESENTATION_CONTEXT(2) 
PARAMETRIC_REPRESENTATION_CONTEXT() REPRESENTATION_CONTEXT('2D SPACE',''
  ) );
#2659 = ORIENTED_EDGE('',*,*,#2660,.T.);
#2660 = EDGE_CURVE('',#2638,#223,#2661,.T.);
#2661 = SURFACE_CURVE('',#2662,(#2666,#2672),.PCURVE_S1.);
#2662 = LINE('',#2663,#2664);
#2663 = CARTESIAN_POINT('',(-10.,6.6,14.));
#2664 = VECTOR('',#2665,1.);
#2665 = DIRECTION('',(0.,-1.,0.));
#2666 = PCURVE('',#238,#2667);
#2667 = DEFINITIONAL_REPRESENTATION('',(#2668),#2671);
#2668 = B_SPLINE_CURVE_WITH_KNOTS('',1,(#2669,#2670),.UNSPECIFIED.,.F.,
  .F.,(2,2),(-2.4,0.),.PIECEWISE_BEZIER_KNOTS.);
#2669 = CARTESIAN_POINT('',(10.5,-2.4));
#2670 = CARTESIAN_POINT('',(10.5,0.));
#2671 = ( GEOMETRIC_REPRESENTATION_CONTEXT(2) 
PARAMETRIC_REPRESENTATION_CONTEXT() REPRESENTATION_CONTEXT('2D SPACE',''
  ) );
#2672 = PCURVE('',#266,#2673);
#2673 = DEFINITIONAL_REPRESENTATION('',(#2674),#2677);
#2674 = B_SPLINE_CURVE_WITH_KNOTS('',1,(#2675,#2676),.UNSPECIFIED.,.F.,
  .F.,(2,2),(-2.4,0.),.PIECEWISE_BEZIER_KNOTS.);
#2675 = CARTESIAN_POINT('',(2.5,2.4));
#2676 = CARTESIAN_POINT('',(2.5,0.));
#2677 = ( GEOMETRIC_REPRESENTATION_CONTEXT(2) 
PARAMETRIC_REPRESENTATION_CONTEXT() REPRESENTATION_CONTEXT('2D SPACE',''
  ) );
#2678 = ADVANCED_FACE('',(#2679),#266,.F.);
#2679 = FACE_BOUND('',#2680,.F.);
#2680 = EDGE_LOOP('',(#2681,#2711,#2732,#2733,#2734,#2755));
#2681 = ORIENTED_EDGE('',*,*,#2682,.F.);
#2682 = EDGE_CURVE('',#2683,#2685,#2687,.T.);
#2683 = VERTEX_POINT('',#2684);
#2684 = CARTESIAN_POINT('',(-12.5,19.,14.));
#2685 = VERTEX_POINT('',#2686);
#2686 = CARTESIAN_POINT('',(-9.5,19.,14.));
#2687 = SURFACE_CURVE('',#2688,(#2692,#2699),.PCURVE_S1.);
#2688 = LINE('',#2689,#2690);
#2689 = CARTESIAN_POINT('',(-12.5,19.,14.));
#2690 = VECTOR('',#2691,1.);
#2691 = DIRECTION('',(1.,0.,0.));
#2692 = PCURVE('',#266,#2693);
#2693 = DEFINITIONAL_REPRESENTATION('',(#2694),#2698);
#2694 = LINE('',#2695,#2696);
#2695 = CARTESIAN_POINT('',(0.,12.4));
#2696 = VECTOR('',#2697,1.);
#2697 = DIRECTION('',(1.,0.));
#2698 = ( GEOMETRIC_REPRESENTATION_CONTEXT(2) 
PARAMETRIC_REPRESENTATION_CONTEXT() REPRESENTATION_CONTEXT('2D SPACE',''
  ) );
#2699 = PCURVE('',#2700,#2705);
#2700 = PLANE('',#2701);
#2701 = AXIS2_PLACEMENT_3D('',#2702,#2703,#2704);
#2702 = CARTESIAN_POINT('',(-12.5,19.,14.));
#2703 = DIRECTION('',(0.,1.,0.));
#2704 = DIRECTION('',(0.,0.,1.));
#2705 = DEFINITIONAL_REPRESENTATION('',(#2706),#2710);
#2706 = LINE('',#2707,#2708);
#2707 = CARTESIAN_POINT('',(0.,0.));
#2708 = VECTOR('',#2709,1.);
#2709 = DIRECTION('',(0.,1.));
#2710 = ( GEOMETRIC_REPRESENTATION_CONTEXT(2) 
PARAMETRIC_REPRESENTATION_CONTEXT() REPRESENTATION_CONTEXT('2D SPACE',''
  ) );
#2711 = ORIENTED_EDGE('',*,*,#2712,.F.);
#2712 = EDGE_CURVE('',#251,#2683,#2713,.T.);
#2713 = SURFACE_CURVE('',#2714,(#2718,#2725),.PCURVE_S1.);
#2714 = LINE('',#2715,#2716);
#2715 = CARTESIAN_POINT('',(-12.5,6.6,14.));
#2716 = VECTOR('',#2717,1.);
#2717 = DIRECTION('',(0.,1.,0.));
#2718 = PCURVE('',#266,#2719);
#2719 = DEFINITIONAL_REPRESENTATION('',(#2720),#2724);
#2720 = LINE('',#2721,#2722);
#2721 = CARTESIAN_POINT('',(0.,0.));
#2722 = VECTOR('',#2723,1.);
#2723 = DIRECTION('',(0.,1.));
#2724 = ( GEOMETRIC_REPRESENTATION_CONTEXT(2) 
PARAMETRIC_REPRESENTATION_CONTEXT() REPRESENTATION_CONTEXT('2D SPACE',''
  ) );
#2725 = PCURVE('',#294,#2726);
#2726 = DEFINITIONAL_REPRESENTATION('',(#2727),#2731);
#2727 = LINE('',#2728,#2729);
#2728 = CARTESIAN_POINT('',(0.,0.));
#2729 = VECTOR('',#2730,1.);
#2730 = DIRECTION('',(0.,-1.));
#2731 = ( GEOMETRIC_REPRESENTATION_CONTEXT(2) 
PARAMETRIC_REPRESENTATION_CONTEXT() REPRESENTATION_CONTEXT('2D SPACE',''
  ) );
#2732 = ORIENTED_EDGE('',*,*,#250,.T.);
#2733 = ORIENTED_EDGE('',*,*,#2660,.F.);
#2734 = ORIENTED_EDGE('',*,*,#2735,.T.);
#2735 = EDGE_CURVE('',#2638,#2736,#2738,.T.);
#2736 = VERTEX_POINT('',#2737);
#2737 = CARTESIAN_POINT('',(-9.5,9.,14.));
#2738 = SURFACE_CURVE('',#2739,(#2743,#2749),.PCURVE_S1.);
#2739 = LINE('',#2740,#2741);
#2740 = CARTESIAN_POINT('',(-11.25,9.,14.));
#2741 = VECTOR('',#2742,1.);
#2742 = DIRECTION('',(1.,0.,0.));
#2743 = PCURVE('',#266,#2744);
#2744 = DEFINITIONAL_REPRESENTATION('',(#2745),#2748);
#2745 = B_SPLINE_CURVE_WITH_KNOTS('',1,(#2746,#2747),.UNSPECIFIED.,.F.,
  .F.,(2,2),(1.25,1.75),.PIECEWISE_BEZIER_KNOTS.);
#2746 = CARTESIAN_POINT('',(2.5,2.4));
#2747 = CARTESIAN_POINT('',(3.,2.4));
#2748 = ( GEOMETRIC_REPRESENTATION_CONTEXT(2) 
PARAMETRIC_REPRESENTATION_CONTEXT() REPRESENTATION_CONTEXT('2D SPACE',''
  ) );
#2749 = PCURVE('',#1849,#2750);
#2750 = DEFINITIONAL_REPRESENTATION('',(#2751),#2754);
#2751 = B_SPLINE_CURVE_WITH_KNOTS('',1,(#2752,#2753),.UNSPECIFIED.,.F.,
  .F.,(2,2),(1.25,1.75),.PIECEWISE_BEZIER_KNOTS.);
#2752 = CARTESIAN_POINT('',(10.5,0.));
#2753 = CARTESIAN_POINT('',(10.5,0.5));
#2754 = ( GEOMETRIC_REPRESENTATION_CONTEXT(2) 
PARAMETRIC_REPRESENTATION_CONTEXT() REPRESENTATION_CONTEXT('2D SPACE',''
  ) );
#2755 = ORIENTED_EDGE('',*,*,#2756,.T.);
#2756 = EDGE_CURVE('',#2736,#2685,#2757,.T.);
#2757 = SURFACE_CURVE('',#2758,(#2762,#2769),.PCURVE_S1.);
#2758 = LINE('',#2759,#2760);
#2759 = CARTESIAN_POINT('',(-9.5,6.6,14.));
#2760 = VECTOR('',#2761,1.);
#2761 = DIRECTION('',(0.,1.,0.));
#2762 = PCURVE('',#266,#2763);
#2763 = DEFINITIONAL_REPRESENTATION('',(#2764),#2768);
#2764 = LINE('',#2765,#2766);
#2765 = CARTESIAN_POINT('',(3.,0.));
#2766 = VECTOR('',#2767,1.);
#2767 = DIRECTION('',(0.,1.));
#2768 = ( GEOMETRIC_REPRESENTATION_CONTEXT(2) 
PARAMETRIC_REPRESENTATION_CONTEXT() REPRESENTATION_CONTEXT('2D SPACE',''
  ) );
#2769 = PCURVE('',#2770,#2775);
#2770 = PLANE('',#2771);
#2771 = AXIS2_PLACEMENT_3D('',#2772,#2773,#2774);
#2772 = CARTESIAN_POINT('',(-9.5,6.6,14.));
#2773 = DIRECTION('',(1.,0.,0.));
#2774 = DIRECTION('',(0.,0.,1.));
#2775 = DEFINITIONAL_REPRESENTATION('',(#2776),#2780);
#2776 = LINE('',#2777,#2778);
#2777 = CARTESIAN_POINT('',(0.,0.));
#2778 = VECTOR('',#2779,1.);
#2779 = DIRECTION('',(0.,-1.));
#2780 = ( GEOMETRIC_REPRESENTATION_CONTEXT(2) 
PARAMETRIC_REPRESENTATION_CONTEXT() REPRESENTATION_CONTEXT('2D SPACE',''
  ) );
#2781 = ADVANCED_FACE('',(#2782),#294,.F.);
#2782 = FACE_BOUND('',#2783,.F.);
#2783 = EDGE_LOOP('',(#2784,#2785,#2786,#2809,#2837));
#2784 = ORIENTED_EDGE('',*,*,#278,.F.);
#2785 = ORIENTED_EDGE('',*,*,#2712,.T.);
#2786 = ORIENTED_EDGE('',*,*,#2787,.T.);
#2787 = EDGE_CURVE('',#2683,#2788,#2790,.T.);
#2788 = VERTEX_POINT('',#2789);
#2789 = CARTESIAN_POINT('',(-12.5,19.,16.));
#2790 = SURFACE_CURVE('',#2791,(#2795,#2802),.PCURVE_S1.);
#2791 = LINE('',#2792,#2793);
#2792 = CARTESIAN_POINT('',(-12.5,19.,14.));
#2793 = VECTOR('',#2794,1.);
#2794 = DIRECTION('',(0.,0.,1.));
#2795 = PCURVE('',#294,#2796);
#2796 = DEFINITIONAL_REPRESENTATION('',(#2797),#2801);
#2797 = LINE('',#2798,#2799);
#2798 = CARTESIAN_POINT('',(0.,-12.4));
#2799 = VECTOR('',#2800,1.);
#2800 = DIRECTION('',(1.,0.));
#2801 = ( GEOMETRIC_REPRESENTATION_CONTEXT(2) 
PARAMETRIC_REPRESENTATION_CONTEXT() REPRESENTATION_CONTEXT('2D SPACE',''
  ) );
#2802 = PCURVE('',#2700,#2803);
#2803 = DEFINITIONAL_REPRESENTATION('',(#2804),#2808);
#2804 = LINE('',#2805,#2806);
#2805 = CARTESIAN_POINT('',(0.,0.));
#2806 = VECTOR('',#2807,1.);
#2807 = DIRECTION('',(1.,0.));
#2808 = ( GEOMETRIC_REPRESENTATION_CONTEXT(2) 
PARAMETRIC_REPRESENTATION_CONTEXT() REPRESENTATION_CONTEXT('2D SPACE',''
  ) );
#2809 = ORIENTED_EDGE('',*,*,#2810,.T.);
#2810 = EDGE_CURVE('',#2788,#2811,#2813,.T.);
#2811 = VERTEX_POINT('',#2812);
#2812 = CARTESIAN_POINT('',(-12.5,19.,18.));
#2813 = SURFACE_CURVE('',#2814,(#2818,#2825),.PCURVE_S1.);
#2814 = LINE('',#2815,#2816);
#2815 = CARTESIAN_POINT('',(-12.5,19.,14.));
#2816 = VECTOR('',#2817,1.);
#2817 = DIRECTION('',(0.,0.,1.));
#2818 = PCURVE('',#294,#2819);
#2819 = DEFINITIONAL_REPRESENTATION('',(#2820),#2824);
#2820 = LINE('',#2821,#2822);
#2821 = CARTESIAN_POINT('',(0.,-12.4));
#2822 = VECTOR('',#2823,1.);
#2823 = DIRECTION('',(1.,0.));
#2824 = ( GEOMETRIC_REPRESENTATION_CONTEXT(2) 
PARAMETRIC_REPRESENTATION_CONTEXT() REPRESENTATION_CONTEXT('2D SPACE',''
  ) );
#2825 = PCURVE('',#2826,#2831);
#2826 = PLANE('',#2827);
#2827 = AXIS2_PLACEMENT_3D('',#2828,#2829,#2830);
#2828 = CARTESIAN_POINT('',(-12.5,19.,14.));
#2829 = DIRECTION('',(0.,1.,0.));
#2830 = DIRECTION('',(0.,0.,1.));
#2831 = DEFINITIONAL_REPRESENTATION('',(#2832),#2836);
#2832 = LINE('',#2833,#2834);
#2833 = CARTESIAN_POINT('',(0.,0.));
#2834 = VECTOR('',#2835,1.);
#2835 = DIRECTION('',(1.,0.));
#2836 = ( GEOMETRIC_REPRESENTATION_CONTEXT(2) 
PARAMETRIC_REPRESENTATION_CONTEXT() REPRESENTATION_CONTEXT('2D SPACE',''
  ) );
#2837 = ORIENTED_EDGE('',*,*,#2838,.F.);
#2838 = EDGE_CURVE('',#279,#2811,#2839,.T.);
#2839 = SURFACE_CURVE('',#2840,(#2844,#2851),.PCURVE_S1.);
#2840 = LINE('',#2841,#2842);
#2841 = CARTESIAN_POINT('',(-12.5,6.6,18.));
#2842 = VECTOR('',#2843,1.);
#2843 = DIRECTION('',(0.,1.,0.));
#2844 = PCURVE('',#294,#2845);
#2845 = DEFINITIONAL_REPRESENTATION('',(#2846),#2850);
#2846 = LINE('',#2847,#2848);
#2847 = CARTESIAN_POINT('',(4.,0.));
#2848 = VECTOR('',#2849,1.);
#2849 = DIRECTION('',(0.,-1.));
#2850 = ( GEOMETRIC_REPRESENTATION_CONTEXT(2) 
PARAMETRIC_REPRESENTATION_CONTEXT() REPRESENTATION_CONTEXT('2D SPACE',''
  ) );
#2851 = PCURVE('',#322,#2852);
#2852 = DEFINITIONAL_REPRESENTATION('',(#2853),#2857);
#2853 = LINE('',#2854,#2855);
#2854 = CARTESIAN_POINT('',(0.,0.));
#2855 = VECTOR('',#2856,1.);
#2856 = DIRECTION('',(0.,1.));
#2857 = ( GEOMETRIC_REPRESENTATION_CONTEXT(2) 
PARAMETRIC_REPRESENTATION_CONTEXT() REPRESENTATION_CONTEXT('2D SPACE',''
  ) );
#2858 = ADVANCED_FACE('',(#2859),#322,.T.);
#2859 = FACE_BOUND('',#2860,.T.);
#2860 = EDGE_LOOP('',(#2861,#2884,#2885,#2886,#2907,#2928));
#2861 = ORIENTED_EDGE('',*,*,#2862,.F.);
#2862 = EDGE_CURVE('',#2811,#2863,#2865,.T.);
#2863 = VERTEX_POINT('',#2864);
#2864 = CARTESIAN_POINT('',(-9.5,19.,18.));
#2865 = SURFACE_CURVE('',#2866,(#2870,#2877),.PCURVE_S1.);
#2866 = LINE('',#2867,#2868);
#2867 = CARTESIAN_POINT('',(-12.5,19.,18.));
#2868 = VECTOR('',#2869,1.);
#2869 = DIRECTION('',(1.,0.,0.));
#2870 = PCURVE('',#322,#2871);
#2871 = DEFINITIONAL_REPRESENTATION('',(#2872),#2876);
#2872 = LINE('',#2873,#2874);
#2873 = CARTESIAN_POINT('',(0.,12.4));
#2874 = VECTOR('',#2875,1.);
#2875 = DIRECTION('',(1.,0.));
#2876 = ( GEOMETRIC_REPRESENTATION_CONTEXT(2) 
PARAMETRIC_REPRESENTATION_CONTEXT() REPRESENTATION_CONTEXT('2D SPACE',''
  ) );
#2877 = PCURVE('',#2826,#2878);
#2878 = DEFINITIONAL_REPRESENTATION('',(#2879),#2883);
#2879 = LINE('',#2880,#2881);
#2880 = CARTESIAN_POINT('',(4.,0.));
#2881 = VECTOR('',#2882,1.);
#2882 = DIRECTION('',(0.,1.));
#2883 = ( GEOMETRIC_REPRESENTATION_CONTEXT(2) 
PARAMETRIC_REPRESENTATION_CONTEXT() REPRESENTATION_CONTEXT('2D SPACE',''
  ) );
#2884 = ORIENTED_EDGE('',*,*,#2838,.F.);
#2885 = ORIENTED_EDGE('',*,*,#306,.T.);
#2886 = ORIENTED_EDGE('',*,*,#2887,.F.);
#2887 = EDGE_CURVE('',#2888,#307,#2890,.T.);
#2888 = VERTEX_POINT('',#2889);
#2889 = CARTESIAN_POINT('',(-10.,9.,18.));
#2890 = SURFACE_CURVE('',#2891,(#2895,#2901),.PCURVE_S1.);
#2891 = LINE('',#2892,#2893);
#2892 = CARTESIAN_POINT('',(-10.,6.6,18.));
#2893 = VECTOR('',#2894,1.);
#2894 = DIRECTION('',(0.,-1.,0.));
#2895 = PCURVE('',#322,#2896);
#2896 = DEFINITIONAL_REPRESENTATION('',(#2897),#2900);
#2897 = B_SPLINE_CURVE_WITH_KNOTS('',1,(#2898,#2899),.UNSPECIFIED.,.F.,
  .F.,(2,2),(-2.4,0.),.PIECEWISE_BEZIER_KNOTS.);
#2898 = CARTESIAN_POINT('',(2.5,2.4));
#2899 = CARTESIAN_POINT('',(2.5,0.));
#2900 = ( GEOMETRIC_REPRESENTATION_CONTEXT(2) 
PARAMETRIC_REPRESENTATION_CONTEXT() REPRESENTATION_CONTEXT('2D SPACE',''
  ) );
#2901 = PCURVE('',#350,#2902);
#2902 = DEFINITIONAL_REPRESENTATION('',(#2903),#2906);
#2903 = B_SPLINE_CURVE_WITH_KNOTS('',1,(#2904,#2905),.UNSPECIFIED.,.F.,
  .F.,(2,2),(-2.4,0.),.PIECEWISE_BEZIER_KNOTS.);
#2904 = CARTESIAN_POINT('',(14.5,-2.4));
#2905 = CARTESIAN_POINT('',(14.5,0.));
#2906 = ( GEOMETRIC_REPRESENTATION_CONTEXT(2) 
PARAMETRIC_REPRESENTATION_CONTEXT() REPRESENTATION_CONTEXT('2D SPACE',''
  ) );
#2907 = ORIENTED_EDGE('',*,*,#2908,.T.);
#2908 = EDGE_CURVE('',#2888,#2909,#2911,.T.);
#2909 = VERTEX_POINT('',#2910);
#2910 = CARTESIAN_POINT('',(-9.5,9.,18.));
#2911 = SURFACE_CURVE('',#2912,(#2916,#2922),.PCURVE_S1.);
#2912 = LINE('',#2913,#2914);
#2913 = CARTESIAN_POINT('',(-11.25,9.,18.));
#2914 = VECTOR('',#2915,1.);
#2915 = DIRECTION('',(1.,0.,0.));
#2916 = PCURVE('',#322,#2917);
#2917 = DEFINITIONAL_REPRESENTATION('',(#2918),#2921);
#2918 = B_SPLINE_CURVE_WITH_KNOTS('',1,(#2919,#2920),.UNSPECIFIED.,.F.,
  .F.,(2,2),(1.25,1.75),.PIECEWISE_BEZIER_KNOTS.);
#2919 = CARTESIAN_POINT('',(2.5,2.4));
#2920 = CARTESIAN_POINT('',(3.,2.4));
#2921 = ( GEOMETRIC_REPRESENTATION_CONTEXT(2) 
PARAMETRIC_REPRESENTATION_CONTEXT() REPRESENTATION_CONTEXT('2D SPACE',''
  ) );
#2922 = PCURVE('',#1849,#2923);
#2923 = DEFINITIONAL_REPRESENTATION('',(#2924),#2927);
#2924 = B_SPLINE_CURVE_WITH_KNOTS('',1,(#2925,#2926),.UNSPECIFIED.,.F.,
  .F.,(2,2),(1.25,1.75),.PIECEWISE_BEZIER_KNOTS.);
#2925 = CARTESIAN_POINT('',(14.5,0.));
#2926 = CARTESIAN_POINT('',(14.5,0.5));
#2927 = ( GEOMETRIC_REPRESENTATION_CONTEXT(2) 
PARAMETRIC_REPRESENTATION_CONTEXT() REPRESENTATION_CONTEXT('2D SPACE',''
  ) );
#2928 = ORIENTED_EDGE('',*,*,#2929,.T.);
#2929 = EDGE_CURVE('',#2909,#2863,#2930,.T.);
#2930 = SURFACE_CURVE('',#2931,(#2935,#2942),.PCURVE_S1.);
#2931 = LINE('',#2932,#2933);
#2932 = CARTESIAN_POINT('',(-9.5,6.6,18.));
#2933 = VECTOR('',#2934,1.);
#2934 = DIRECTION('',(0.,1.,0.));
#2935 = PCURVE('',#322,#2936);
#2936 = DEFINITIONAL_REPRESENTATION('',(#2937),#2941);
#2937 = LINE('',#2938,#2939);
#2938 = CARTESIAN_POINT('',(3.,0.));
#2939 = VECTOR('',#2940,1.);
#2940 = DIRECTION('',(0.,1.));
#2941 = ( GEOMETRIC_REPRESENTATION_CONTEXT(2) 
PARAMETRIC_REPRESENTATION_CONTEXT() REPRESENTATION_CONTEXT('2D SPACE',''
  ) );
#2942 = PCURVE('',#2770,#2943);
#2943 = DEFINITIONAL_REPRESENTATION('',(#2944),#2948);
#2944 = LINE('',#2945,#2946);
#2945 = CARTESIAN_POINT('',(4.,0.));
#2946 = VECTOR('',#2947,1.);
#2947 = DIRECTION('',(0.,-1.));
#2948 = ( GEOMETRIC_REPRESENTATION_CONTEXT(2) 
PARAMETRIC_REPRESENTATION_CONTEXT() REPRESENTATION_CONTEXT('2D SPACE',''
  ) );
#2949 = ADVANCED_FACE('',(#2950),#350,.F.);
#2950 = FACE_BOUND('',#2951,.F.);
#2951 = EDGE_LOOP('',(#2952,#2953,#2954,#2977));
#2952 = ORIENTED_EDGE('',*,*,#334,.F.);
#2953 = ORIENTED_EDGE('',*,*,#2887,.F.);
#2954 = ORIENTED_EDGE('',*,*,#2955,.T.);
#2955 = EDGE_CURVE('',#2888,#2956,#2958,.T.);
#2956 = VERTEX_POINT('',#2957);
#2957 = CARTESIAN_POINT('',(-10.,9.,24.5));
#2958 = SURFACE_CURVE('',#2959,(#2963,#2970),.PCURVE_S1.);
#2959 = LINE('',#2960,#2961);
#2960 = CARTESIAN_POINT('',(-10.,9.,3.5));
#2961 = VECTOR('',#2962,1.);
#2962 = DIRECTION('',(0.,0.,1.));
#2963 = PCURVE('',#350,#2964);
#2964 = DEFINITIONAL_REPRESENTATION('',(#2965),#2969);
#2965 = LINE('',#2966,#2967);
#2966 = CARTESIAN_POINT('',(0.,-2.4));
#2967 = VECTOR('',#2968,1.);
#2968 = DIRECTION('',(1.,0.));
#2969 = ( GEOMETRIC_REPRESENTATION_CONTEXT(2) 
PARAMETRIC_REPRESENTATION_CONTEXT() REPRESENTATION_CONTEXT('2D SPACE',''
  ) );
#2970 = PCURVE('',#1849,#2971);
#2971 = DEFINITIONAL_REPRESENTATION('',(#2972),#2976);
#2972 = LINE('',#2973,#2974);
#2973 = CARTESIAN_POINT('',(0.,0.));
#2974 = VECTOR('',#2975,1.);
#2975 = DIRECTION('',(1.,0.));
#2976 = ( GEOMETRIC_REPRESENTATION_CONTEXT(2) 
PARAMETRIC_REPRESENTATION_CONTEXT() REPRESENTATION_CONTEXT('2D SPACE',''
  ) );
#2977 = ORIENTED_EDGE('',*,*,#2978,.F.);
#2978 = EDGE_CURVE('',#335,#2956,#2979,.T.);
#2979 = SURFACE_CURVE('',#2980,(#2984,#2991),.PCURVE_S1.);
#2980 = LINE('',#2981,#2982);
#2981 = CARTESIAN_POINT('',(-10.,6.6,24.5));
#2982 = VECTOR('',#2983,1.);
#2983 = DIRECTION('',(0.,1.,0.));
#2984 = PCURVE('',#350,#2985);
#2985 = DEFINITIONAL_REPRESENTATION('',(#2986),#2990);
#2986 = LINE('',#2987,#2988);
#2987 = CARTESIAN_POINT('',(21.,0.));
#2988 = VECTOR('',#2989,1.);
#2989 = DIRECTION('',(0.,-1.));
#2990 = ( GEOMETRIC_REPRESENTATION_CONTEXT(2) 
PARAMETRIC_REPRESENTATION_CONTEXT() REPRESENTATION_CONTEXT('2D SPACE',''
  ) );
#2991 = PCURVE('',#378,#2992);
#2992 = DEFINITIONAL_REPRESENTATION('',(#2993),#2997);
#2993 = LINE('',#2994,#2995);
#2994 = CARTESIAN_POINT('',(0.,0.));
#2995 = VECTOR('',#2996,1.);
#2996 = DIRECTION('',(0.,1.));
#2997 = ( GEOMETRIC_REPRESENTATION_CONTEXT(2) 
PARAMETRIC_REPRESENTATION_CONTEXT() REPRESENTATION_CONTEXT('2D SPACE',''
  ) );
#2998 = ADVANCED_FACE('',(#2999),#378,.T.);
#2999 = FACE_BOUND('',#3000,.T.);
#3000 = EDGE_LOOP('',(#3001,#3002,#3003,#3026));
#3001 = ORIENTED_EDGE('',*,*,#2978,.F.);
#3002 = ORIENTED_EDGE('',*,*,#362,.T.);
#3003 = ORIENTED_EDGE('',*,*,#3004,.T.);
#3004 = EDGE_CURVE('',#363,#3005,#3007,.T.);
#3005 = VERTEX_POINT('',#3006);
#3006 = CARTESIAN_POINT('',(-6.5,9.,24.5));
#3007 = SURFACE_CURVE('',#3008,(#3012,#3019),.PCURVE_S1.);
#3008 = LINE('',#3009,#3010);
#3009 = CARTESIAN_POINT('',(-6.5,6.6,24.5));
#3010 = VECTOR('',#3011,1.);
#3011 = DIRECTION('',(0.,1.,0.));
#3012 = PCURVE('',#378,#3013);
#3013 = DEFINITIONAL_REPRESENTATION('',(#3014),#3018);
#3014 = LINE('',#3015,#3016);
#3015 = CARTESIAN_POINT('',(3.5,0.));
#3016 = VECTOR('',#3017,1.);
#3017 = DIRECTION('',(0.,1.));
#3018 = ( GEOMETRIC_REPRESENTATION_CONTEXT(2) 
PARAMETRIC_REPRESENTATION_CONTEXT() REPRESENTATION_CONTEXT('2D SPACE',''
  ) );
#3019 = PCURVE('',#406,#3020);
#3020 = DEFINITIONAL_REPRESENTATION('',(#3021),#3025);
#3021 = LINE('',#3022,#3023);
#3022 = CARTESIAN_POINT('',(21.,0.));
#3023 = VECTOR('',#3024,1.);
#3024 = DIRECTION('',(0.,-1.));
#3025 = ( GEOMETRIC_REPRESENTATION_CONTEXT(2) 
PARAMETRIC_REPRESENTATION_CONTEXT() REPRESENTATION_CONTEXT('2D SPACE',''
  ) );
#3026 = ORIENTED_EDGE('',*,*,#3027,.F.);
#3027 = EDGE_CURVE('',#2956,#3005,#3028,.T.);
#3028 = SURFACE_CURVE('',#3029,(#3033,#3040),.PCURVE_S1.);
#3029 = LINE('',#3030,#3031);
#3030 = CARTESIAN_POINT('',(-10.,9.,24.5));
#3031 = VECTOR('',#3032,1.);
#3032 = DIRECTION('',(1.,0.,0.));
#3033 = PCURVE('',#378,#3034);
#3034 = DEFINITIONAL_REPRESENTATION('',(#3035),#3039);
#3035 = LINE('',#3036,#3037);
#3036 = CARTESIAN_POINT('',(0.,2.4));
#3037 = VECTOR('',#3038,1.);
#3038 = DIRECTION('',(1.,0.));
#3039 = ( GEOMETRIC_REPRESENTATION_CONTEXT(2) 
PARAMETRIC_REPRESENTATION_CONTEXT() REPRESENTATION_CONTEXT('2D SPACE',''
  ) );
#3040 = PCURVE('',#1849,#3041);
#3041 = DEFINITIONAL_REPRESENTATION('',(#3042),#3046);
#3042 = LINE('',#3043,#3044);
#3043 = CARTESIAN_POINT('',(21.,0.));
#3044 = VECTOR('',#3045,1.);
#3045 = DIRECTION('',(0.,1.));
#3046 = ( GEOMETRIC_REPRESENTATION_CONTEXT(2) 
PARAMETRIC_REPRESENTATION_CONTEXT() REPRESENTATION_CONTEXT('2D SPACE',''
  ) );
#3047 = ADVANCED_FACE('',(#3048),#406,.T.);
#3048 = FACE_BOUND('',#3049,.T.);
#3049 = EDGE_LOOP('',(#3050,#3051,#3072,#3093));
#3050 = ORIENTED_EDGE('',*,*,#390,.F.);
#3051 = ORIENTED_EDGE('',*,*,#3052,.F.);
#3052 = EDGE_CURVE('',#3053,#391,#3055,.T.);
#3053 = VERTEX_POINT('',#3054);
#3054 = CARTESIAN_POINT('',(-6.5,9.,24.));
#3055 = SURFACE_CURVE('',#3056,(#3060,#3066),.PCURVE_S1.);
#3056 = LINE('',#3057,#3058);
#3057 = CARTESIAN_POINT('',(-6.5,6.6,24.));
#3058 = VECTOR('',#3059,1.);
#3059 = DIRECTION('',(0.,-1.,0.));
#3060 = PCURVE('',#406,#3061);
#3061 = DEFINITIONAL_REPRESENTATION('',(#3062),#3065);
#3062 = B_SPLINE_CURVE_WITH_KNOTS('',1,(#3063,#3064),.UNSPECIFIED.,.F.,
  .F.,(2,2),(-2.4,0.),.PIECEWISE_BEZIER_KNOTS.);
#3063 = CARTESIAN_POINT('',(20.5,-2.4));
#3064 = CARTESIAN_POINT('',(20.5,0.));
#3065 = ( GEOMETRIC_REPRESENTATION_CONTEXT(2) 
PARAMETRIC_REPRESENTATION_CONTEXT() REPRESENTATION_CONTEXT('2D SPACE',''
  ) );
#3066 = PCURVE('',#434,#3067);
#3067 = DEFINITIONAL_REPRESENTATION('',(#3068),#3071);
#3068 = B_SPLINE_CURVE_WITH_KNOTS('',1,(#3069,#3070),.UNSPECIFIED.,.F.,
  .F.,(2,2),(-2.4,0.),.PIECEWISE_BEZIER_KNOTS.);
#3069 = CARTESIAN_POINT('',(2.9,2.4));
#3070 = CARTESIAN_POINT('',(2.9,0.));
#3071 = ( GEOMETRIC_REPRESENTATION_CONTEXT(2) 
PARAMETRIC_REPRESENTATION_CONTEXT() REPRESENTATION_CONTEXT('2D SPACE',''
  ) );
#3072 = ORIENTED_EDGE('',*,*,#3073,.T.);
#3073 = EDGE_CURVE('',#3053,#3005,#3074,.T.);
#3074 = SURFACE_CURVE('',#3075,(#3079,#3086),.PCURVE_S1.);
#3075 = LINE('',#3076,#3077);
#3076 = CARTESIAN_POINT('',(-6.5,9.,3.5));
#3077 = VECTOR('',#3078,1.);
#3078 = DIRECTION('',(0.,0.,1.));
#3079 = PCURVE('',#406,#3080);
#3080 = DEFINITIONAL_REPRESENTATION('',(#3081),#3085);
#3081 = LINE('',#3082,#3083);
#3082 = CARTESIAN_POINT('',(0.,-2.4));
#3083 = VECTOR('',#3084,1.);
#3084 = DIRECTION('',(1.,0.));
#3085 = ( GEOMETRIC_REPRESENTATION_CONTEXT(2) 
PARAMETRIC_REPRESENTATION_CONTEXT() REPRESENTATION_CONTEXT('2D SPACE',''
  ) );
#3086 = PCURVE('',#1849,#3087);
#3087 = DEFINITIONAL_REPRESENTATION('',(#3088),#3092);
#3088 = LINE('',#3089,#3090);
#3089 = CARTESIAN_POINT('',(0.,3.5));
#3090 = VECTOR('',#3091,1.);
#3091 = DIRECTION('',(1.,0.));
#3092 = ( GEOMETRIC_REPRESENTATION_CONTEXT(2) 
PARAMETRIC_REPRESENTATION_CONTEXT() REPRESENTATION_CONTEXT('2D SPACE',''
  ) );
#3093 = ORIENTED_EDGE('',*,*,#3004,.F.);
#3094 = ADVANCED_FACE('',(#3095),#434,.T.);
#3095 = FACE_BOUND('',#3096,.T.);
#3096 = EDGE_LOOP('',(#3097,#3127,#3146,#3147,#3148,#3169,#3190,#3218,
    #3246,#3272,#3298,#3324));
#3097 = ORIENTED_EDGE('',*,*,#3098,.F.);
#3098 = EDGE_CURVE('',#3099,#3101,#3103,.T.);
#3099 = VERTEX_POINT('',#3100);
#3100 = CARTESIAN_POINT('',(-9.4,9.,24.));
#3101 = VERTEX_POINT('',#3102);
#3102 = CARTESIAN_POINT('',(-9.4,12.5,24.));
#3103 = SURFACE_CURVE('',#3104,(#3108,#3115),.PCURVE_S1.);
#3104 = LINE('',#3105,#3106);
#3105 = CARTESIAN_POINT('',(-9.4,6.6,24.));
#3106 = VECTOR('',#3107,1.);
#3107 = DIRECTION('',(0.,1.,0.));
#3108 = PCURVE('',#434,#3109);
#3109 = DEFINITIONAL_REPRESENTATION('',(#3110),#3114);
#3110 = LINE('',#3111,#3112);
#3111 = CARTESIAN_POINT('',(0.,0.));
#3112 = VECTOR('',#3113,1.);
#3113 = DIRECTION('',(0.,1.));
#3114 = ( GEOMETRIC_REPRESENTATION_CONTEXT(2) 
PARAMETRIC_REPRESENTATION_CONTEXT() REPRESENTATION_CONTEXT('2D SPACE',''
  ) );
#3115 = PCURVE('',#3116,#3121);
#3116 = PLANE('',#3117);
#3117 = AXIS2_PLACEMENT_3D('',#3118,#3119,#3120);
#3118 = CARTESIAN_POINT('',(-9.4,6.6,20.));
#3119 = DIRECTION('',(1.,0.,0.));
#3120 = DIRECTION('',(0.,0.,1.));
#3121 = DEFINITIONAL_REPRESENTATION('',(#3122),#3126);
#3122 = LINE('',#3123,#3124);
#3123 = CARTESIAN_POINT('',(4.,0.));
#3124 = VECTOR('',#3125,1.);
#3125 = DIRECTION('',(0.,-1.));
#3126 = ( GEOMETRIC_REPRESENTATION_CONTEXT(2) 
PARAMETRIC_REPRESENTATION_CONTEXT() REPRESENTATION_CONTEXT('2D SPACE',''
  ) );
#3127 = ORIENTED_EDGE('',*,*,#3128,.T.);
#3128 = EDGE_CURVE('',#3099,#3053,#3129,.T.);
#3129 = SURFACE_CURVE('',#3130,(#3134,#3140),.PCURVE_S1.);
#3130 = LINE('',#3131,#3132);
#3131 = CARTESIAN_POINT('',(-9.7,9.,24.));
#3132 = VECTOR('',#3133,1.);
#3133 = DIRECTION('',(1.,0.,0.));
#3134 = PCURVE('',#434,#3135);
#3135 = DEFINITIONAL_REPRESENTATION('',(#3136),#3139);
#3136 = B_SPLINE_CURVE_WITH_KNOTS('',1,(#3137,#3138),.UNSPECIFIED.,.F.,
  .F.,(2,2),(0.3,3.2),.PIECEWISE_BEZIER_KNOTS.);
#3137 = CARTESIAN_POINT('',(0.,2.4));
#3138 = CARTESIAN_POINT('',(2.9,2.4));
#3139 = ( GEOMETRIC_REPRESENTATION_CONTEXT(2) 
PARAMETRIC_REPRESENTATION_CONTEXT() REPRESENTATION_CONTEXT('2D SPACE',''
  ) );
#3140 = PCURVE('',#1849,#3141);
#3141 = DEFINITIONAL_REPRESENTATION('',(#3142),#3145);
#3142 = B_SPLINE_CURVE_WITH_KNOTS('',1,(#3143,#3144),.UNSPECIFIED.,.F.,
  .F.,(2,2),(0.3,3.2),.PIECEWISE_BEZIER_KNOTS.);
#3143 = CARTESIAN_POINT('',(20.5,0.6));
#3144 = CARTESIAN_POINT('',(20.5,3.5));
#3145 = ( GEOMETRIC_REPRESENTATION_CONTEXT(2) 
PARAMETRIC_REPRESENTATION_CONTEXT() REPRESENTATION_CONTEXT('2D SPACE',''
  ) );
#3146 = ORIENTED_EDGE('',*,*,#3052,.T.);
#3147 = ORIENTED_EDGE('',*,*,#418,.T.);
#3148 = ORIENTED_EDGE('',*,*,#3149,.F.);
#3149 = EDGE_CURVE('',#3150,#419,#3152,.T.);
#3150 = VERTEX_POINT('',#3151);
#3151 = CARTESIAN_POINT('',(6.5,9.,24.));
#3152 = SURFACE_CURVE('',#3153,(#3157,#3163),.PCURVE_S1.);
#3153 = LINE('',#3154,#3155);
#3154 = CARTESIAN_POINT('',(6.5,6.6,24.));
#3155 = VECTOR('',#3156,1.);
#3156 = DIRECTION('',(0.,-1.,0.));
#3157 = PCURVE('',#434,#3158);
#3158 = DEFINITIONAL_REPRESENTATION('',(#3159),#3162);
#3159 = B_SPLINE_CURVE_WITH_KNOTS('',1,(#3160,#3161),.UNSPECIFIED.,.F.,
  .F.,(2,2),(-2.4,0.),.PIECEWISE_BEZIER_KNOTS.);
#3160 = CARTESIAN_POINT('',(15.9,2.4));
#3161 = CARTESIAN_POINT('',(15.9,0.));
#3162 = ( GEOMETRIC_REPRESENTATION_CONTEXT(2) 
PARAMETRIC_REPRESENTATION_CONTEXT() REPRESENTATION_CONTEXT('2D SPACE',''
  ) );
#3163 = PCURVE('',#462,#3164);
#3164 = DEFINITIONAL_REPRESENTATION('',(#3165),#3168);
#3165 = B_SPLINE_CURVE_WITH_KNOTS('',1,(#3166,#3167),.UNSPECIFIED.,.F.,
  .F.,(2,2),(-2.4,0.),.PIECEWISE_BEZIER_KNOTS.);
#3166 = CARTESIAN_POINT('',(20.5,-2.4));
#3167 = CARTESIAN_POINT('',(20.5,0.));
#3168 = ( GEOMETRIC_REPRESENTATION_CONTEXT(2) 
PARAMETRIC_REPRESENTATION_CONTEXT() REPRESENTATION_CONTEXT('2D SPACE',''
  ) );
#3169 = ORIENTED_EDGE('',*,*,#3170,.T.);
#3170 = EDGE_CURVE('',#3150,#3171,#3173,.T.);
#3171 = VERTEX_POINT('',#3172);
#3172 = CARTESIAN_POINT('',(9.4,9.,24.));
#3173 = SURFACE_CURVE('',#3174,(#3178,#3184),.PCURVE_S1.);
#3174 = LINE('',#3175,#3176);
#3175 = CARTESIAN_POINT('',(-1.45,9.,24.));
#3176 = VECTOR('',#3177,1.);
#3177 = DIRECTION('',(1.,0.,0.));
#3178 = PCURVE('',#434,#3179);
#3179 = DEFINITIONAL_REPRESENTATION('',(#3180),#3183);
#3180 = B_SPLINE_CURVE_WITH_KNOTS('',1,(#3181,#3182),.UNSPECIFIED.,.F.,
  .F.,(2,2),(7.95,10.85),.PIECEWISE_BEZIER_KNOTS.);
#3181 = CARTESIAN_POINT('',(15.9,2.4));
#3182 = CARTESIAN_POINT('',(18.8,2.4));
#3183 = ( GEOMETRIC_REPRESENTATION_CONTEXT(2) 
PARAMETRIC_REPRESENTATION_CONTEXT() REPRESENTATION_CONTEXT('2D SPACE',''
  ) );
#3184 = PCURVE('',#1922,#3185);
#3185 = DEFINITIONAL_REPRESENTATION('',(#3186),#3189);
#3186 = B_SPLINE_CURVE_WITH_KNOTS('',1,(#3187,#3188),.UNSPECIFIED.,.F.,
  .F.,(2,2),(7.95,10.85),.PIECEWISE_BEZIER_KNOTS.);
#3187 = CARTESIAN_POINT('',(20.5,0.));
#3188 = CARTESIAN_POINT('',(20.5,2.9));
#3189 = ( GEOMETRIC_REPRESENTATION_CONTEXT(2) 
PARAMETRIC_REPRESENTATION_CONTEXT() REPRESENTATION_CONTEXT('2D SPACE',''
  ) );
#3190 = ORIENTED_EDGE('',*,*,#3191,.T.);
#3191 = EDGE_CURVE('',#3171,#3192,#3194,.T.);
#3192 = VERTEX_POINT('',#3193);
#3193 = CARTESIAN_POINT('',(9.4,12.5,24.));
#3194 = SURFACE_CURVE('',#3195,(#3199,#3206),.PCURVE_S1.);
#3195 = LINE('',#3196,#3197);
#3196 = CARTESIAN_POINT('',(9.4,6.6,24.));
#3197 = VECTOR('',#3198,1.);
#3198 = DIRECTION('',(0.,1.,0.));
#3199 = PCURVE('',#434,#3200);
#3200 = DEFINITIONAL_REPRESENTATION('',(#3201),#3205);
#3201 = LINE('',#3202,#3203);
#3202 = CARTESIAN_POINT('',(18.8,0.));
#3203 = VECTOR('',#3204,1.);
#3204 = DIRECTION('',(0.,1.));
#3205 = ( GEOMETRIC_REPRESENTATION_CONTEXT(2) 
PARAMETRIC_REPRESENTATION_CONTEXT() REPRESENTATION_CONTEXT('2D SPACE',''
  ) );
#3206 = PCURVE('',#3207,#3212);
#3207 = PLANE('',#3208);
#3208 = AXIS2_PLACEMENT_3D('',#3209,#3210,#3211);
#3209 = CARTESIAN_POINT('',(9.4,6.6,20.));
#3210 = DIRECTION('',(1.,0.,0.));
#3211 = DIRECTION('',(0.,0.,1.));
#3212 = DEFINITIONAL_REPRESENTATION('',(#3213),#3217);
#3213 = LINE('',#3214,#3215);
#3214 = CARTESIAN_POINT('',(4.,0.));
#3215 = VECTOR('',#3216,1.);
#3216 = DIRECTION('',(0.,-1.));
#3217 = ( GEOMETRIC_REPRESENTATION_CONTEXT(2) 
PARAMETRIC_REPRESENTATION_CONTEXT() REPRESENTATION_CONTEXT('2D SPACE',''
  ) );
#3218 = ORIENTED_EDGE('',*,*,#3219,.F.);
#3219 = EDGE_CURVE('',#3220,#3192,#3222,.T.);
#3220 = VERTEX_POINT('',#3221);
#3221 = CARTESIAN_POINT('',(6.15,12.5,24.));
#3222 = SURFACE_CURVE('',#3223,(#3227,#3234),.PCURVE_S1.);
#3223 = LINE('',#3224,#3225);
#3224 = CARTESIAN_POINT('',(-9.4,12.5,24.));
#3225 = VECTOR('',#3226,1.);
#3226 = DIRECTION('',(1.,0.,0.));
#3227 = PCURVE('',#434,#3228);
#3228 = DEFINITIONAL_REPRESENTATION('',(#3229),#3233);
#3229 = LINE('',#3230,#3231);
#3230 = CARTESIAN_POINT('',(0.,5.9));
#3231 = VECTOR('',#3232,1.);
#3232 = DIRECTION('',(1.,0.));
#3233 = ( GEOMETRIC_REPRESENTATION_CONTEXT(2) 
PARAMETRIC_REPRESENTATION_CONTEXT() REPRESENTATION_CONTEXT('2D SPACE',''
  ) );
#3234 = PCURVE('',#3235,#3240);
#3235 = PLANE('',#3236);
#3236 = AXIS2_PLACEMENT_3D('',#3237,#3238,#3239);
#3237 = CARTESIAN_POINT('',(-9.4,12.5,20.));
#3238 = DIRECTION('',(0.,1.,0.));
#3239 = DIRECTION('',(0.,0.,1.));
#3240 = DEFINITIONAL_REPRESENTATION('',(#3241),#3245);
#3241 = LINE('',#3242,#3243);
#3242 = CARTESIAN_POINT('',(4.,0.));
#3243 = VECTOR('',#3244,1.);
#3244 = DIRECTION('',(0.,1.));
#3245 = ( GEOMETRIC_REPRESENTATION_CONTEXT(2) 
PARAMETRIC_REPRESENTATION_CONTEXT() REPRESENTATION_CONTEXT('2D SPACE',''
  ) );
#3246 = ORIENTED_EDGE('',*,*,#3247,.F.);
#3247 = EDGE_CURVE('',#3248,#3220,#3250,.T.);
#3248 = VERTEX_POINT('',#3249);
#3249 = CARTESIAN_POINT('',(6.15,8.45,24.));
#3250 = SURFACE_CURVE('',#3251,(#3255,#3261),.PCURVE_S1.);
#3251 = LINE('',#3252,#3253);
#3252 = CARTESIAN_POINT('',(6.15,7.525,24.));
#3253 = VECTOR('',#3254,1.);
#3254 = DIRECTION('',(0.,1.,0.));
#3255 = PCURVE('',#434,#3256);
#3256 = DEFINITIONAL_REPRESENTATION('',(#3257),#3260);
#3257 = B_SPLINE_CURVE_WITH_KNOTS('',1,(#3258,#3259),.UNSPECIFIED.,.F.,
  .F.,(2,2),(0.925,4.975),.PIECEWISE_BEZIER_KNOTS.);
#3258 = CARTESIAN_POINT('',(15.55,1.85));
#3259 = CARTESIAN_POINT('',(15.55,5.9));
#3260 = ( GEOMETRIC_REPRESENTATION_CONTEXT(2) 
PARAMETRIC_REPRESENTATION_CONTEXT() REPRESENTATION_CONTEXT('2D SPACE',''
  ) );
#3261 = PCURVE('',#3262,#3267);
#3262 = PLANE('',#3263);
#3263 = AXIS2_PLACEMENT_3D('',#3264,#3265,#3266);
#3264 = CARTESIAN_POINT('',(6.15,8.45,19.));
#3265 = DIRECTION('',(1.,0.,0.));
#3266 = DIRECTION('',(0.,0.,1.));
#3267 = DEFINITIONAL_REPRESENTATION('',(#3268),#3271);
#3268 = B_SPLINE_CURVE_WITH_KNOTS('',1,(#3269,#3270),.UNSPECIFIED.,.F.,
  .F.,(2,2),(0.925,4.975),.PIECEWISE_BEZIER_KNOTS.);
#3269 = CARTESIAN_POINT('',(5.,0.));
#3270 = CARTESIAN_POINT('',(5.,-4.05));
#3271 = ( GEOMETRIC_REPRESENTATION_CONTEXT(2) 
PARAMETRIC_REPRESENTATION_CONTEXT() REPRESENTATION_CONTEXT('2D SPACE',''
  ) );
#3272 = ORIENTED_EDGE('',*,*,#3273,.T.);
#3273 = EDGE_CURVE('',#3248,#3274,#3276,.T.);
#3274 = VERTEX_POINT('',#3275);
#3275 = CARTESIAN_POINT('',(-6.15,8.45,24.));
#3276 = SURFACE_CURVE('',#3277,(#3281,#3287),.PCURVE_S1.);
#3277 = LINE('',#3278,#3279);
#3278 = CARTESIAN_POINT('',(-7.775,8.45,24.));
#3279 = VECTOR('',#3280,1.);
#3280 = DIRECTION('',(-1.,0.,0.));
#3281 = PCURVE('',#434,#3282);
#3282 = DEFINITIONAL_REPRESENTATION('',(#3283),#3286);
#3283 = B_SPLINE_CURVE_WITH_KNOTS('',1,(#3284,#3285),.UNSPECIFIED.,.F.,
  .F.,(2,2),(-13.925,-1.625),.PIECEWISE_BEZIER_KNOTS.);
#3284 = CARTESIAN_POINT('',(15.55,1.85));
#3285 = CARTESIAN_POINT('',(3.25,1.85));
#3286 = ( GEOMETRIC_REPRESENTATION_CONTEXT(2) 
PARAMETRIC_REPRESENTATION_CONTEXT() REPRESENTATION_CONTEXT('2D SPACE',''
  ) );
#3287 = PCURVE('',#3288,#3293);
#3288 = PLANE('',#3289);
#3289 = AXIS2_PLACEMENT_3D('',#3290,#3291,#3292);
#3290 = CARTESIAN_POINT('',(-6.15,8.45,19.));
#3291 = DIRECTION('',(0.,1.,0.));
#3292 = DIRECTION('',(0.,0.,1.));
#3293 = DEFINITIONAL_REPRESENTATION('',(#3294),#3297);
#3294 = B_SPLINE_CURVE_WITH_KNOTS('',1,(#3295,#3296),.UNSPECIFIED.,.F.,
  .F.,(2,2),(-13.925,-1.625),.PIECEWISE_BEZIER_KNOTS.);
#3295 = CARTESIAN_POINT('',(5.,12.3));
#3296 = CARTESIAN_POINT('',(5.,0.));
#3297 = ( GEOMETRIC_REPRESENTATION_CONTEXT(2) 
PARAMETRIC_REPRESENTATION_CONTEXT() REPRESENTATION_CONTEXT('2D SPACE',''
  ) );
#3298 = ORIENTED_EDGE('',*,*,#3299,.T.);
#3299 = EDGE_CURVE('',#3274,#3300,#3302,.T.);
#3300 = VERTEX_POINT('',#3301);
#3301 = CARTESIAN_POINT('',(-6.15,12.5,24.));
#3302 = SURFACE_CURVE('',#3303,(#3307,#3313),.PCURVE_S1.);
#3303 = LINE('',#3304,#3305);
#3304 = CARTESIAN_POINT('',(-6.15,7.525,24.));
#3305 = VECTOR('',#3306,1.);
#3306 = DIRECTION('',(0.,1.,0.));
#3307 = PCURVE('',#434,#3308);
#3308 = DEFINITIONAL_REPRESENTATION('',(#3309),#3312);
#3309 = B_SPLINE_CURVE_WITH_KNOTS('',1,(#3310,#3311),.UNSPECIFIED.,.F.,
  .F.,(2,2),(0.925,4.975),.PIECEWISE_BEZIER_KNOTS.);
#3310 = CARTESIAN_POINT('',(3.25,1.85));
#3311 = CARTESIAN_POINT('',(3.25,5.9));
#3312 = ( GEOMETRIC_REPRESENTATION_CONTEXT(2) 
PARAMETRIC_REPRESENTATION_CONTEXT() REPRESENTATION_CONTEXT('2D SPACE',''
  ) );
#3313 = PCURVE('',#3314,#3319);
#3314 = PLANE('',#3315);
#3315 = AXIS2_PLACEMENT_3D('',#3316,#3317,#3318);
#3316 = CARTESIAN_POINT('',(-6.15,8.45,19.));
#3317 = DIRECTION('',(1.,0.,0.));
#3318 = DIRECTION('',(0.,0.,1.));
#3319 = DEFINITIONAL_REPRESENTATION('',(#3320),#3323);
#3320 = B_SPLINE_CURVE_WITH_KNOTS('',1,(#3321,#3322),.UNSPECIFIED.,.F.,
  .F.,(2,2),(0.925,4.975),.PIECEWISE_BEZIER_KNOTS.);
#3321 = CARTESIAN_POINT('',(5.,0.));
#3322 = CARTESIAN_POINT('',(5.,-4.05));
#3323 = ( GEOMETRIC_REPRESENTATION_CONTEXT(2) 
PARAMETRIC_REPRESENTATION_CONTEXT() REPRESENTATION_CONTEXT('2D SPACE',''
  ) );
#3324 = ORIENTED_EDGE('',*,*,#3325,.F.);
#3325 = EDGE_CURVE('',#3101,#3300,#3326,.T.);
#3326 = SURFACE_CURVE('',#3327,(#3331,#3338),.PCURVE_S1.);
#3327 = LINE('',#3328,#3329);
#3328 = CARTESIAN_POINT('',(-9.4,12.5,24.));
#3329 = VECTOR('',#3330,1.);
#3330 = DIRECTION('',(1.,0.,0.));
#3331 = PCURVE('',#434,#3332);
#3332 = DEFINITIONAL_REPRESENTATION('',(#3333),#3337);
#3333 = LINE('',#3334,#3335);
#3334 = CARTESIAN_POINT('',(0.,5.9));
#3335 = VECTOR('',#3336,1.);
#3336 = DIRECTION('',(1.,0.));
#3337 = ( GEOMETRIC_REPRESENTATION_CONTEXT(2) 
PARAMETRIC_REPRESENTATION_CONTEXT() REPRESENTATION_CONTEXT('2D SPACE',''
  ) );
#3338 = PCURVE('',#3339,#3344);
#3339 = PLANE('',#3340);
#3340 = AXIS2_PLACEMENT_3D('',#3341,#3342,#3343);
#3341 = CARTESIAN_POINT('',(-9.4,12.5,20.));
#3342 = DIRECTION('',(0.,1.,0.));
#3343 = DIRECTION('',(0.,0.,1.));
#3344 = DEFINITIONAL_REPRESENTATION('',(#3345),#3349);
#3345 = LINE('',#3346,#3347);
#3346 = CARTESIAN_POINT('',(4.,0.));
#3347 = VECTOR('',#3348,1.);
#3348 = DIRECTION('',(0.,1.));
#3349 = ( GEOMETRIC_REPRESENTATION_CONTEXT(2) 
PARAMETRIC_REPRESENTATION_CONTEXT() REPRESENTATION_CONTEXT('2D SPACE',''
  ) );
#3350 = ADVANCED_FACE('',(#3351),#462,.F.);
#3351 = FACE_BOUND('',#3352,.F.);
#3352 = EDGE_LOOP('',(#3353,#3354,#3355,#3378));
#3353 = ORIENTED_EDGE('',*,*,#446,.F.);
#3354 = ORIENTED_EDGE('',*,*,#3149,.F.);
#3355 = ORIENTED_EDGE('',*,*,#3356,.T.);
#3356 = EDGE_CURVE('',#3150,#3357,#3359,.T.);
#3357 = VERTEX_POINT('',#3358);
#3358 = CARTESIAN_POINT('',(6.5,9.,24.5));
#3359 = SURFACE_CURVE('',#3360,(#3364,#3371),.PCURVE_S1.);
#3360 = LINE('',#3361,#3362);
#3361 = CARTESIAN_POINT('',(6.5,9.,3.5));
#3362 = VECTOR('',#3363,1.);
#3363 = DIRECTION('',(0.,0.,1.));
#3364 = PCURVE('',#462,#3365);
#3365 = DEFINITIONAL_REPRESENTATION('',(#3366),#3370);
#3366 = LINE('',#3367,#3368);
#3367 = CARTESIAN_POINT('',(0.,-2.4));
#3368 = VECTOR('',#3369,1.);
#3369 = DIRECTION('',(1.,0.));
#3370 = ( GEOMETRIC_REPRESENTATION_CONTEXT(2) 
PARAMETRIC_REPRESENTATION_CONTEXT() REPRESENTATION_CONTEXT('2D SPACE',''
  ) );
#3371 = PCURVE('',#1922,#3372);
#3372 = DEFINITIONAL_REPRESENTATION('',(#3373),#3377);
#3373 = LINE('',#3374,#3375);
#3374 = CARTESIAN_POINT('',(0.,0.));
#3375 = VECTOR('',#3376,1.);
#3376 = DIRECTION('',(1.,0.));
#3377 = ( GEOMETRIC_REPRESENTATION_CONTEXT(2) 
PARAMETRIC_REPRESENTATION_CONTEXT() REPRESENTATION_CONTEXT('2D SPACE',''
  ) );
#3378 = ORIENTED_EDGE('',*,*,#3379,.F.);
#3379 = EDGE_CURVE('',#447,#3357,#3380,.T.);
#3380 = SURFACE_CURVE('',#3381,(#3385,#3392),.PCURVE_S1.);
#3381 = LINE('',#3382,#3383);
#3382 = CARTESIAN_POINT('',(6.5,6.6,24.5));
#3383 = VECTOR('',#3384,1.);
#3384 = DIRECTION('',(0.,1.,0.));
#3385 = PCURVE('',#462,#3386);
#3386 = DEFINITIONAL_REPRESENTATION('',(#3387),#3391);
#3387 = LINE('',#3388,#3389);
#3388 = CARTESIAN_POINT('',(21.,0.));
#3389 = VECTOR('',#3390,1.);
#3390 = DIRECTION('',(0.,-1.));
#3391 = ( GEOMETRIC_REPRESENTATION_CONTEXT(2) 
PARAMETRIC_REPRESENTATION_CONTEXT() REPRESENTATION_CONTEXT('2D SPACE',''
  ) );
#3392 = PCURVE('',#490,#3393);
#3393 = DEFINITIONAL_REPRESENTATION('',(#3394),#3398);
#3394 = LINE('',#3395,#3396);
#3395 = CARTESIAN_POINT('',(0.,0.));
#3396 = VECTOR('',#3397,1.);
#3397 = DIRECTION('',(0.,1.));
#3398 = ( GEOMETRIC_REPRESENTATION_CONTEXT(2) 
PARAMETRIC_REPRESENTATION_CONTEXT() REPRESENTATION_CONTEXT('2D SPACE',''
  ) );
#3399 = ADVANCED_FACE('',(#3400),#490,.T.);
#3400 = FACE_BOUND('',#3401,.T.);
#3401 = EDGE_LOOP('',(#3402,#3403,#3404,#3427));
#3402 = ORIENTED_EDGE('',*,*,#3379,.F.);
#3403 = ORIENTED_EDGE('',*,*,#474,.T.);
#3404 = ORIENTED_EDGE('',*,*,#3405,.T.);
#3405 = EDGE_CURVE('',#475,#3406,#3408,.T.);
#3406 = VERTEX_POINT('',#3407);
#3407 = CARTESIAN_POINT('',(10.,9.,24.5));
#3408 = SURFACE_CURVE('',#3409,(#3413,#3420),.PCURVE_S1.);
#3409 = LINE('',#3410,#3411);
#3410 = CARTESIAN_POINT('',(10.,6.6,24.5));
#3411 = VECTOR('',#3412,1.);
#3412 = DIRECTION('',(0.,1.,0.));
#3413 = PCURVE('',#490,#3414);
#3414 = DEFINITIONAL_REPRESENTATION('',(#3415),#3419);
#3415 = LINE('',#3416,#3417);
#3416 = CARTESIAN_POINT('',(3.5,0.));
#3417 = VECTOR('',#3418,1.);
#3418 = DIRECTION('',(0.,1.));
#3419 = ( GEOMETRIC_REPRESENTATION_CONTEXT(2) 
PARAMETRIC_REPRESENTATION_CONTEXT() REPRESENTATION_CONTEXT('2D SPACE',''
  ) );
#3420 = PCURVE('',#518,#3421);
#3421 = DEFINITIONAL_REPRESENTATION('',(#3422),#3426);
#3422 = LINE('',#3423,#3424);
#3423 = CARTESIAN_POINT('',(21.,0.));
#3424 = VECTOR('',#3425,1.);
#3425 = DIRECTION('',(0.,-1.));
#3426 = ( GEOMETRIC_REPRESENTATION_CONTEXT(2) 
PARAMETRIC_REPRESENTATION_CONTEXT() REPRESENTATION_CONTEXT('2D SPACE',''
  ) );
#3427 = ORIENTED_EDGE('',*,*,#3428,.F.);
#3428 = EDGE_CURVE('',#3357,#3406,#3429,.T.);
#3429 = SURFACE_CURVE('',#3430,(#3434,#3441),.PCURVE_S1.);
#3430 = LINE('',#3431,#3432);
#3431 = CARTESIAN_POINT('',(6.5,9.,24.5));
#3432 = VECTOR('',#3433,1.);
#3433 = DIRECTION('',(1.,0.,0.));
#3434 = PCURVE('',#490,#3435);
#3435 = DEFINITIONAL_REPRESENTATION('',(#3436),#3440);
#3436 = LINE('',#3437,#3438);
#3437 = CARTESIAN_POINT('',(0.,2.4));
#3438 = VECTOR('',#3439,1.);
#3439 = DIRECTION('',(1.,0.));
#3440 = ( GEOMETRIC_REPRESENTATION_CONTEXT(2) 
PARAMETRIC_REPRESENTATION_CONTEXT() REPRESENTATION_CONTEXT('2D SPACE',''
  ) );
#3441 = PCURVE('',#1922,#3442);
#3442 = DEFINITIONAL_REPRESENTATION('',(#3443),#3447);
#3443 = LINE('',#3444,#3445);
#3444 = CARTESIAN_POINT('',(21.,0.));
#3445 = VECTOR('',#3446,1.);
#3446 = DIRECTION('',(0.,1.));
#3447 = ( GEOMETRIC_REPRESENTATION_CONTEXT(2) 
PARAMETRIC_REPRESENTATION_CONTEXT() REPRESENTATION_CONTEXT('2D SPACE',''
  ) );
#3448 = ADVANCED_FACE('',(#3449),#518,.T.);
#3449 = FACE_BOUND('',#3450,.T.);
#3450 = EDGE_LOOP('',(#3451,#3452,#3473,#3494));
#3451 = ORIENTED_EDGE('',*,*,#502,.F.);
#3452 = ORIENTED_EDGE('',*,*,#3453,.F.);
#3453 = EDGE_CURVE('',#3454,#503,#3456,.T.);
#3454 = VERTEX_POINT('',#3455);
#3455 = CARTESIAN_POINT('',(10.,9.,18.));
#3456 = SURFACE_CURVE('',#3457,(#3461,#3467),.PCURVE_S1.);
#3457 = LINE('',#3458,#3459);
#3458 = CARTESIAN_POINT('',(10.,6.6,18.));
#3459 = VECTOR('',#3460,1.);
#3460 = DIRECTION('',(0.,-1.,0.));
#3461 = PCURVE('',#518,#3462);
#3462 = DEFINITIONAL_REPRESENTATION('',(#3463),#3466);
#3463 = B_SPLINE_CURVE_WITH_KNOTS('',1,(#3464,#3465),.UNSPECIFIED.,.F.,
  .F.,(2,2),(-2.4,0.),.PIECEWISE_BEZIER_KNOTS.);
#3464 = CARTESIAN_POINT('',(14.5,-2.4));
#3465 = CARTESIAN_POINT('',(14.5,0.));
#3466 = ( GEOMETRIC_REPRESENTATION_CONTEXT(2) 
PARAMETRIC_REPRESENTATION_CONTEXT() REPRESENTATION_CONTEXT('2D SPACE',''
  ) );
#3467 = PCURVE('',#546,#3468);
#3468 = DEFINITIONAL_REPRESENTATION('',(#3469),#3472);
#3469 = B_SPLINE_CURVE_WITH_KNOTS('',1,(#3470,#3471),.UNSPECIFIED.,.F.,
  .F.,(2,2),(-2.4,0.),.PIECEWISE_BEZIER_KNOTS.);
#3470 = CARTESIAN_POINT('',(0.5,2.4));
#3471 = CARTESIAN_POINT('',(0.5,0.));
#3472 = ( GEOMETRIC_REPRESENTATION_CONTEXT(2) 
PARAMETRIC_REPRESENTATION_CONTEXT() REPRESENTATION_CONTEXT('2D SPACE',''
  ) );
#3473 = ORIENTED_EDGE('',*,*,#3474,.T.);
#3474 = EDGE_CURVE('',#3454,#3406,#3475,.T.);
#3475 = SURFACE_CURVE('',#3476,(#3480,#3487),.PCURVE_S1.);
#3476 = LINE('',#3477,#3478);
#3477 = CARTESIAN_POINT('',(10.,9.,3.5));
#3478 = VECTOR('',#3479,1.);
#3479 = DIRECTION('',(0.,0.,1.));
#3480 = PCURVE('',#518,#3481);
#3481 = DEFINITIONAL_REPRESENTATION('',(#3482),#3486);
#3482 = LINE('',#3483,#3484);
#3483 = CARTESIAN_POINT('',(0.,-2.4));
#3484 = VECTOR('',#3485,1.);
#3485 = DIRECTION('',(1.,0.));
#3486 = ( GEOMETRIC_REPRESENTATION_CONTEXT(2) 
PARAMETRIC_REPRESENTATION_CONTEXT() REPRESENTATION_CONTEXT('2D SPACE',''
  ) );
#3487 = PCURVE('',#1922,#3488);
#3488 = DEFINITIONAL_REPRESENTATION('',(#3489),#3493);
#3489 = LINE('',#3490,#3491);
#3490 = CARTESIAN_POINT('',(0.,3.5));
#3491 = VECTOR('',#3492,1.);
#3492 = DIRECTION('',(1.,0.));
#3493 = ( GEOMETRIC_REPRESENTATION_CONTEXT(2) 
PARAMETRIC_REPRESENTATION_CONTEXT() REPRESENTATION_CONTEXT('2D SPACE',''
  ) );
#3494 = ORIENTED_EDGE('',*,*,#3405,.F.);
#3495 = ADVANCED_FACE('',(#3496),#546,.T.);
#3496 = FACE_BOUND('',#3497,.T.);
#3497 = EDGE_LOOP('',(#3498,#3528,#3547,#3548,#3549,#3572));
#3498 = ORIENTED_EDGE('',*,*,#3499,.F.);
#3499 = EDGE_CURVE('',#3500,#3502,#3504,.T.);
#3500 = VERTEX_POINT('',#3501);
#3501 = CARTESIAN_POINT('',(9.5,9.,18.));
#3502 = VERTEX_POINT('',#3503);
#3503 = CARTESIAN_POINT('',(9.5,19.,18.));
#3504 = SURFACE_CURVE('',#3505,(#3509,#3516),.PCURVE_S1.);
#3505 = LINE('',#3506,#3507);
#3506 = CARTESIAN_POINT('',(9.5,6.6,18.));
#3507 = VECTOR('',#3508,1.);
#3508 = DIRECTION('',(0.,1.,0.));
#3509 = PCURVE('',#546,#3510);
#3510 = DEFINITIONAL_REPRESENTATION('',(#3511),#3515);
#3511 = LINE('',#3512,#3513);
#3512 = CARTESIAN_POINT('',(0.,0.));
#3513 = VECTOR('',#3514,1.);
#3514 = DIRECTION('',(0.,1.));
#3515 = ( GEOMETRIC_REPRESENTATION_CONTEXT(2) 
PARAMETRIC_REPRESENTATION_CONTEXT() REPRESENTATION_CONTEXT('2D SPACE',''
  ) );
#3516 = PCURVE('',#3517,#3522);
#3517 = PLANE('',#3518);
#3518 = AXIS2_PLACEMENT_3D('',#3519,#3520,#3521);
#3519 = CARTESIAN_POINT('',(9.5,6.6,14.));
#3520 = DIRECTION('',(1.,0.,0.));
#3521 = DIRECTION('',(0.,0.,1.));
#3522 = DEFINITIONAL_REPRESENTATION('',(#3523),#3527);
#3523 = LINE('',#3524,#3525);
#3524 = CARTESIAN_POINT('',(4.,0.));
#3525 = VECTOR('',#3526,1.);
#3526 = DIRECTION('',(0.,-1.));
#3527 = ( GEOMETRIC_REPRESENTATION_CONTEXT(2) 
PARAMETRIC_REPRESENTATION_CONTEXT() REPRESENTATION_CONTEXT('2D SPACE',''
  ) );
#3528 = ORIENTED_EDGE('',*,*,#3529,.T.);
#3529 = EDGE_CURVE('',#3500,#3454,#3530,.T.);
#3530 = SURFACE_CURVE('',#3531,(#3535,#3541),.PCURVE_S1.);
#3531 = LINE('',#3532,#3533);
#3532 = CARTESIAN_POINT('',(8.,9.,18.));
#3533 = VECTOR('',#3534,1.);
#3534 = DIRECTION('',(1.,0.,0.));
#3535 = PCURVE('',#546,#3536);
#3536 = DEFINITIONAL_REPRESENTATION('',(#3537),#3540);
#3537 = B_SPLINE_CURVE_WITH_KNOTS('',1,(#3538,#3539),.UNSPECIFIED.,.F.,
  .F.,(2,2),(1.5,2.),.PIECEWISE_BEZIER_KNOTS.);
#3538 = CARTESIAN_POINT('',(0.,2.4));
#3539 = CARTESIAN_POINT('',(0.5,2.4));
#3540 = ( GEOMETRIC_REPRESENTATION_CONTEXT(2) 
PARAMETRIC_REPRESENTATION_CONTEXT() REPRESENTATION_CONTEXT('2D SPACE',''
  ) );
#3541 = PCURVE('',#1922,#3542);
#3542 = DEFINITIONAL_REPRESENTATION('',(#3543),#3546);
#3543 = B_SPLINE_CURVE_WITH_KNOTS('',1,(#3544,#3545),.UNSPECIFIED.,.F.,
  .F.,(2,2),(1.5,2.),.PIECEWISE_BEZIER_KNOTS.);
#3544 = CARTESIAN_POINT('',(14.5,3.));
#3545 = CARTESIAN_POINT('',(14.5,3.5));
#3546 = ( GEOMETRIC_REPRESENTATION_CONTEXT(2) 
PARAMETRIC_REPRESENTATION_CONTEXT() REPRESENTATION_CONTEXT('2D SPACE',''
  ) );
#3547 = ORIENTED_EDGE('',*,*,#3453,.T.);
#3548 = ORIENTED_EDGE('',*,*,#530,.T.);
#3549 = ORIENTED_EDGE('',*,*,#3550,.T.);
#3550 = EDGE_CURVE('',#531,#3551,#3553,.T.);
#3551 = VERTEX_POINT('',#3552);
#3552 = CARTESIAN_POINT('',(12.5,19.,18.));
#3553 = SURFACE_CURVE('',#3554,(#3558,#3565),.PCURVE_S1.);
#3554 = LINE('',#3555,#3556);
#3555 = CARTESIAN_POINT('',(12.5,6.6,18.));
#3556 = VECTOR('',#3557,1.);
#3557 = DIRECTION('',(0.,1.,0.));
#3558 = PCURVE('',#546,#3559);
#3559 = DEFINITIONAL_REPRESENTATION('',(#3560),#3564);
#3560 = LINE('',#3561,#3562);
#3561 = CARTESIAN_POINT('',(3.,0.));
#3562 = VECTOR('',#3563,1.);
#3563 = DIRECTION('',(0.,1.));
#3564 = ( GEOMETRIC_REPRESENTATION_CONTEXT(2) 
PARAMETRIC_REPRESENTATION_CONTEXT() REPRESENTATION_CONTEXT('2D SPACE',''
  ) );
#3565 = PCURVE('',#574,#3566);
#3566 = DEFINITIONAL_REPRESENTATION('',(#3567),#3571);
#3567 = LINE('',#3568,#3569);
#3568 = CARTESIAN_POINT('',(4.,0.));
#3569 = VECTOR('',#3570,1.);
#3570 = DIRECTION('',(0.,-1.));
#3571 = ( GEOMETRIC_REPRESENTATION_CONTEXT(2) 
PARAMETRIC_REPRESENTATION_CONTEXT() REPRESENTATION_CONTEXT('2D SPACE',''
  ) );
#3572 = ORIENTED_EDGE('',*,*,#3573,.F.);
#3573 = EDGE_CURVE('',#3502,#3551,#3574,.T.);
#3574 = SURFACE_CURVE('',#3575,(#3579,#3586),.PCURVE_S1.);
#3575 = LINE('',#3576,#3577);
#3576 = CARTESIAN_POINT('',(9.5,19.,18.));
#3577 = VECTOR('',#3578,1.);
#3578 = DIRECTION('',(1.,0.,0.));
#3579 = PCURVE('',#546,#3580);
#3580 = DEFINITIONAL_REPRESENTATION('',(#3581),#3585);
#3581 = LINE('',#3582,#3583);
#3582 = CARTESIAN_POINT('',(0.,12.4));
#3583 = VECTOR('',#3584,1.);
#3584 = DIRECTION('',(1.,0.));
#3585 = ( GEOMETRIC_REPRESENTATION_CONTEXT(2) 
PARAMETRIC_REPRESENTATION_CONTEXT() REPRESENTATION_CONTEXT('2D SPACE',''
  ) );
#3586 = PCURVE('',#3587,#3592);
#3587 = PLANE('',#3588);
#3588 = AXIS2_PLACEMENT_3D('',#3589,#3590,#3591);
#3589 = CARTESIAN_POINT('',(9.5,19.,14.));
#3590 = DIRECTION('',(0.,1.,0.));
#3591 = DIRECTION('',(0.,0.,1.));
#3592 = DEFINITIONAL_REPRESENTATION('',(#3593),#3597);
#3593 = LINE('',#3594,#3595);
#3594 = CARTESIAN_POINT('',(4.,0.));
#3595 = VECTOR('',#3596,1.);
#3596 = DIRECTION('',(0.,1.));
#3597 = ( GEOMETRIC_REPRESENTATION_CONTEXT(2) 
PARAMETRIC_REPRESENTATION_CONTEXT() REPRESENTATION_CONTEXT('2D SPACE',''
  ) );
#3598 = ADVANCED_FACE('',(#3599),#574,.T.);
#3599 = FACE_BOUND('',#3600,.T.);
#3600 = EDGE_LOOP('',(#3601,#3602,#3625,#3653,#3674));
#3601 = ORIENTED_EDGE('',*,*,#558,.F.);
#3602 = ORIENTED_EDGE('',*,*,#3603,.T.);
#3603 = EDGE_CURVE('',#559,#3604,#3606,.T.);
#3604 = VERTEX_POINT('',#3605);
#3605 = CARTESIAN_POINT('',(12.5,19.,14.));
#3606 = SURFACE_CURVE('',#3607,(#3611,#3618),.PCURVE_S1.);
#3607 = LINE('',#3608,#3609);
#3608 = CARTESIAN_POINT('',(12.5,6.6,14.));
#3609 = VECTOR('',#3610,1.);
#3610 = DIRECTION('',(0.,1.,0.));
#3611 = PCURVE('',#574,#3612);
#3612 = DEFINITIONAL_REPRESENTATION('',(#3613),#3617);
#3613 = LINE('',#3614,#3615);
#3614 = CARTESIAN_POINT('',(0.,0.));
#3615 = VECTOR('',#3616,1.);
#3616 = DIRECTION('',(0.,-1.));
#3617 = ( GEOMETRIC_REPRESENTATION_CONTEXT(2) 
PARAMETRIC_REPRESENTATION_CONTEXT() REPRESENTATION_CONTEXT('2D SPACE',''
  ) );
#3618 = PCURVE('',#602,#3619);
#3619 = DEFINITIONAL_REPRESENTATION('',(#3620),#3624);
#3620 = LINE('',#3621,#3622);
#3621 = CARTESIAN_POINT('',(3.,0.));
#3622 = VECTOR('',#3623,1.);
#3623 = DIRECTION('',(0.,1.));
#3624 = ( GEOMETRIC_REPRESENTATION_CONTEXT(2) 
PARAMETRIC_REPRESENTATION_CONTEXT() REPRESENTATION_CONTEXT('2D SPACE',''
  ) );
#3625 = ORIENTED_EDGE('',*,*,#3626,.T.);
#3626 = EDGE_CURVE('',#3604,#3627,#3629,.T.);
#3627 = VERTEX_POINT('',#3628);
#3628 = CARTESIAN_POINT('',(12.5,19.,16.));
#3629 = SURFACE_CURVE('',#3630,(#3634,#3641),.PCURVE_S1.);
#3630 = LINE('',#3631,#3632);
#3631 = CARTESIAN_POINT('',(12.5,19.,14.));
#3632 = VECTOR('',#3633,1.);
#3633 = DIRECTION('',(0.,0.,1.));
#3634 = PCURVE('',#574,#3635);
#3635 = DEFINITIONAL_REPRESENTATION('',(#3636),#3640);
#3636 = LINE('',#3637,#3638);
#3637 = CARTESIAN_POINT('',(0.,-12.4));
#3638 = VECTOR('',#3639,1.);
#3639 = DIRECTION('',(1.,0.));
#3640 = ( GEOMETRIC_REPRESENTATION_CONTEXT(2) 
PARAMETRIC_REPRESENTATION_CONTEXT() REPRESENTATION_CONTEXT('2D SPACE',''
  ) );
#3641 = PCURVE('',#3642,#3647);
#3642 = PLANE('',#3643);
#3643 = AXIS2_PLACEMENT_3D('',#3644,#3645,#3646);
#3644 = CARTESIAN_POINT('',(9.5,19.,14.));
#3645 = DIRECTION('',(0.,1.,0.));
#3646 = DIRECTION('',(0.,0.,1.));
#3647 = DEFINITIONAL_REPRESENTATION('',(#3648),#3652);
#3648 = LINE('',#3649,#3650);
#3649 = CARTESIAN_POINT('',(0.,3.));
#3650 = VECTOR('',#3651,1.);
#3651 = DIRECTION('',(1.,0.));
#3652 = ( GEOMETRIC_REPRESENTATION_CONTEXT(2) 
PARAMETRIC_REPRESENTATION_CONTEXT() REPRESENTATION_CONTEXT('2D SPACE',''
  ) );
#3653 = ORIENTED_EDGE('',*,*,#3654,.T.);
#3654 = EDGE_CURVE('',#3627,#3551,#3655,.T.);
#3655 = SURFACE_CURVE('',#3656,(#3660,#3667),.PCURVE_S1.);
#3656 = LINE('',#3657,#3658);
#3657 = CARTESIAN_POINT('',(12.5,19.,14.));
#3658 = VECTOR('',#3659,1.);
#3659 = DIRECTION('',(0.,0.,1.));
#3660 = PCURVE('',#574,#3661);
#3661 = DEFINITIONAL_REPRESENTATION('',(#3662),#3666);
#3662 = LINE('',#3663,#3664);
#3663 = CARTESIAN_POINT('',(0.,-12.4));
#3664 = VECTOR('',#3665,1.);
#3665 = DIRECTION('',(1.,0.));
#3666 = ( GEOMETRIC_REPRESENTATION_CONTEXT(2) 
PARAMETRIC_REPRESENTATION_CONTEXT() REPRESENTATION_CONTEXT('2D SPACE',''
  ) );
#3667 = PCURVE('',#3587,#3668);
#3668 = DEFINITIONAL_REPRESENTATION('',(#3669),#3673);
#3669 = LINE('',#3670,#3671);
#3670 = CARTESIAN_POINT('',(0.,3.));
#3671 = VECTOR('',#3672,1.);
#3672 = DIRECTION('',(1.,0.));
#3673 = ( GEOMETRIC_REPRESENTATION_CONTEXT(2) 
PARAMETRIC_REPRESENTATION_CONTEXT() REPRESENTATION_CONTEXT('2D SPACE',''
  ) );
#3674 = ORIENTED_EDGE('',*,*,#3550,.F.);
#3675 = ADVANCED_FACE('',(#3676),#602,.F.);
#3676 = FACE_BOUND('',#3677,.F.);
#3677 = EDGE_LOOP('',(#3678,#3703,#3724,#3743,#3744,#3745));
#3678 = ORIENTED_EDGE('',*,*,#3679,.F.);
#3679 = EDGE_CURVE('',#3680,#3682,#3684,.T.);
#3680 = VERTEX_POINT('',#3681);
#3681 = CARTESIAN_POINT('',(9.5,9.,14.));
#3682 = VERTEX_POINT('',#3683);
#3683 = CARTESIAN_POINT('',(9.5,19.,14.));
#3684 = SURFACE_CURVE('',#3685,(#3689,#3696),.PCURVE_S1.);
#3685 = LINE('',#3686,#3687);
#3686 = CARTESIAN_POINT('',(9.5,6.6,14.));
#3687 = VECTOR('',#3688,1.);
#3688 = DIRECTION('',(0.,1.,0.));
#3689 = PCURVE('',#602,#3690);
#3690 = DEFINITIONAL_REPRESENTATION('',(#3691),#3695);
#3691 = LINE('',#3692,#3693);
#3692 = CARTESIAN_POINT('',(0.,0.));
#3693 = VECTOR('',#3694,1.);
#3694 = DIRECTION('',(0.,1.));
#3695 = ( GEOMETRIC_REPRESENTATION_CONTEXT(2) 
PARAMETRIC_REPRESENTATION_CONTEXT() REPRESENTATION_CONTEXT('2D SPACE',''
  ) );
#3696 = PCURVE('',#3517,#3697);
#3697 = DEFINITIONAL_REPRESENTATION('',(#3698),#3702);
#3698 = LINE('',#3699,#3700);
#3699 = CARTESIAN_POINT('',(0.,0.));
#3700 = VECTOR('',#3701,1.);
#3701 = DIRECTION('',(0.,-1.));
#3702 = ( GEOMETRIC_REPRESENTATION_CONTEXT(2) 
PARAMETRIC_REPRESENTATION_CONTEXT() REPRESENTATION_CONTEXT('2D SPACE',''
  ) );
#3703 = ORIENTED_EDGE('',*,*,#3704,.T.);
#3704 = EDGE_CURVE('',#3680,#3705,#3707,.T.);
#3705 = VERTEX_POINT('',#3706);
#3706 = CARTESIAN_POINT('',(10.,9.,14.));
#3707 = SURFACE_CURVE('',#3708,(#3712,#3718),.PCURVE_S1.);
#3708 = LINE('',#3709,#3710);
#3709 = CARTESIAN_POINT('',(8.,9.,14.));
#3710 = VECTOR('',#3711,1.);
#3711 = DIRECTION('',(1.,0.,0.));
#3712 = PCURVE('',#602,#3713);
#3713 = DEFINITIONAL_REPRESENTATION('',(#3714),#3717);
#3714 = B_SPLINE_CURVE_WITH_KNOTS('',1,(#3715,#3716),.UNSPECIFIED.,.F.,
  .F.,(2,2),(1.5,2.),.PIECEWISE_BEZIER_KNOTS.);
#3715 = CARTESIAN_POINT('',(0.,2.4));
#3716 = CARTESIAN_POINT('',(0.5,2.4));
#3717 = ( GEOMETRIC_REPRESENTATION_CONTEXT(2) 
PARAMETRIC_REPRESENTATION_CONTEXT() REPRESENTATION_CONTEXT('2D SPACE',''
  ) );
#3718 = PCURVE('',#1922,#3719);
#3719 = DEFINITIONAL_REPRESENTATION('',(#3720),#3723);
#3720 = B_SPLINE_CURVE_WITH_KNOTS('',1,(#3721,#3722),.UNSPECIFIED.,.F.,
  .F.,(2,2),(1.5,2.),.PIECEWISE_BEZIER_KNOTS.);
#3721 = CARTESIAN_POINT('',(10.5,3.));
#3722 = CARTESIAN_POINT('',(10.5,3.5));
#3723 = ( GEOMETRIC_REPRESENTATION_CONTEXT(2) 
PARAMETRIC_REPRESENTATION_CONTEXT() REPRESENTATION_CONTEXT('2D SPACE',''
  ) );
#3724 = ORIENTED_EDGE('',*,*,#3725,.T.);
#3725 = EDGE_CURVE('',#3705,#587,#3726,.T.);
#3726 = SURFACE_CURVE('',#3727,(#3731,#3737),.PCURVE_S1.);
#3727 = LINE('',#3728,#3729);
#3728 = CARTESIAN_POINT('',(10.,6.6,14.));
#3729 = VECTOR('',#3730,1.);
#3730 = DIRECTION('',(0.,-1.,0.));
#3731 = PCURVE('',#602,#3732);
#3732 = DEFINITIONAL_REPRESENTATION('',(#3733),#3736);
#3733 = B_SPLINE_CURVE_WITH_KNOTS('',1,(#3734,#3735),.UNSPECIFIED.,.F.,
  .F.,(2,2),(-2.4,0.),.PIECEWISE_BEZIER_KNOTS.);
#3734 = CARTESIAN_POINT('',(0.5,2.4));
#3735 = CARTESIAN_POINT('',(0.5,0.));
#3736 = ( GEOMETRIC_REPRESENTATION_CONTEXT(2) 
PARAMETRIC_REPRESENTATION_CONTEXT() REPRESENTATION_CONTEXT('2D SPACE',''
  ) );
#3737 = PCURVE('',#630,#3738);
#3738 = DEFINITIONAL_REPRESENTATION('',(#3739),#3742);
#3739 = B_SPLINE_CURVE_WITH_KNOTS('',1,(#3740,#3741),.UNSPECIFIED.,.F.,
  .F.,(2,2),(-2.4,0.),.PIECEWISE_BEZIER_KNOTS.);
#3740 = CARTESIAN_POINT('',(10.5,-2.4));
#3741 = CARTESIAN_POINT('',(10.5,0.));
#3742 = ( GEOMETRIC_REPRESENTATION_CONTEXT(2) 
PARAMETRIC_REPRESENTATION_CONTEXT() REPRESENTATION_CONTEXT('2D SPACE',''
  ) );
#3743 = ORIENTED_EDGE('',*,*,#586,.T.);
#3744 = ORIENTED_EDGE('',*,*,#3603,.T.);
#3745 = ORIENTED_EDGE('',*,*,#3746,.F.);
#3746 = EDGE_CURVE('',#3682,#3604,#3747,.T.);
#3747 = SURFACE_CURVE('',#3748,(#3752,#3759),.PCURVE_S1.);
#3748 = LINE('',#3749,#3750);
#3749 = CARTESIAN_POINT('',(9.5,19.,14.));
#3750 = VECTOR('',#3751,1.);
#3751 = DIRECTION('',(1.,0.,0.));
#3752 = PCURVE('',#602,#3753);
#3753 = DEFINITIONAL_REPRESENTATION('',(#3754),#3758);
#3754 = LINE('',#3755,#3756);
#3755 = CARTESIAN_POINT('',(0.,12.4));
#3756 = VECTOR('',#3757,1.);
#3757 = DIRECTION('',(1.,0.));
#3758 = ( GEOMETRIC_REPRESENTATION_CONTEXT(2) 
PARAMETRIC_REPRESENTATION_CONTEXT() REPRESENTATION_CONTEXT('2D SPACE',''
  ) );
#3759 = PCURVE('',#3642,#3760);
#3760 = DEFINITIONAL_REPRESENTATION('',(#3761),#3765);
#3761 = LINE('',#3762,#3763);
#3762 = CARTESIAN_POINT('',(0.,0.));
#3763 = VECTOR('',#3764,1.);
#3764 = DIRECTION('',(0.,1.));
#3765 = ( GEOMETRIC_REPRESENTATION_CONTEXT(2) 
PARAMETRIC_REPRESENTATION_CONTEXT() REPRESENTATION_CONTEXT('2D SPACE',''
  ) );
#3766 = ADVANCED_FACE('',(#3767),#630,.T.);
#3767 = FACE_BOUND('',#3768,.T.);
#3768 = EDGE_LOOP('',(#3769,#3770,#3791,#3812));
#3769 = ORIENTED_EDGE('',*,*,#614,.F.);
#3770 = ORIENTED_EDGE('',*,*,#3771,.F.);
#3771 = EDGE_CURVE('',#3772,#615,#3774,.T.);
#3772 = VERTEX_POINT('',#3773);
#3773 = CARTESIAN_POINT('',(10.,9.,7.25));
#3774 = SURFACE_CURVE('',#3775,(#3779,#3785),.PCURVE_S1.);
#3775 = LINE('',#3776,#3777);
#3776 = CARTESIAN_POINT('',(10.,6.6,7.25));
#3777 = VECTOR('',#3778,1.);
#3778 = DIRECTION('',(0.,-1.,0.));
#3779 = PCURVE('',#630,#3780);
#3780 = DEFINITIONAL_REPRESENTATION('',(#3781),#3784);
#3781 = B_SPLINE_CURVE_WITH_KNOTS('',1,(#3782,#3783),.UNSPECIFIED.,.F.,
  .F.,(2,2),(-2.4,0.),.PIECEWISE_BEZIER_KNOTS.);
#3782 = CARTESIAN_POINT('',(3.75,-2.4));
#3783 = CARTESIAN_POINT('',(3.75,0.));
#3784 = ( GEOMETRIC_REPRESENTATION_CONTEXT(2) 
PARAMETRIC_REPRESENTATION_CONTEXT() REPRESENTATION_CONTEXT('2D SPACE',''
  ) );
#3785 = PCURVE('',#658,#3786);
#3786 = DEFINITIONAL_REPRESENTATION('',(#3787),#3790);
#3787 = B_SPLINE_CURVE_WITH_KNOTS('',1,(#3788,#3789),.UNSPECIFIED.,.F.,
  .F.,(2,2),(-2.4,0.),.PIECEWISE_BEZIER_KNOTS.);
#3788 = CARTESIAN_POINT('',(3.3,2.4));
#3789 = CARTESIAN_POINT('',(3.3,0.));
#3790 = ( GEOMETRIC_REPRESENTATION_CONTEXT(2) 
PARAMETRIC_REPRESENTATION_CONTEXT() REPRESENTATION_CONTEXT('2D SPACE',''
  ) );
#3791 = ORIENTED_EDGE('',*,*,#3792,.T.);
#3792 = EDGE_CURVE('',#3772,#3705,#3793,.T.);
#3793 = SURFACE_CURVE('',#3794,(#3798,#3805),.PCURVE_S1.);
#3794 = LINE('',#3795,#3796);
#3795 = CARTESIAN_POINT('',(10.,9.,3.5));
#3796 = VECTOR('',#3797,1.);
#3797 = DIRECTION('',(0.,0.,1.));
#3798 = PCURVE('',#630,#3799);
#3799 = DEFINITIONAL_REPRESENTATION('',(#3800),#3804);
#3800 = LINE('',#3801,#3802);
#3801 = CARTESIAN_POINT('',(0.,-2.4));
#3802 = VECTOR('',#3803,1.);
#3803 = DIRECTION('',(1.,0.));
#3804 = ( GEOMETRIC_REPRESENTATION_CONTEXT(2) 
PARAMETRIC_REPRESENTATION_CONTEXT() REPRESENTATION_CONTEXT('2D SPACE',''
  ) );
#3805 = PCURVE('',#1922,#3806);
#3806 = DEFINITIONAL_REPRESENTATION('',(#3807),#3811);
#3807 = LINE('',#3808,#3809);
#3808 = CARTESIAN_POINT('',(0.,3.5));
#3809 = VECTOR('',#3810,1.);
#3810 = DIRECTION('',(1.,0.));
#3811 = ( GEOMETRIC_REPRESENTATION_CONTEXT(2) 
PARAMETRIC_REPRESENTATION_CONTEXT() REPRESENTATION_CONTEXT('2D SPACE',''
  ) );
#3812 = ORIENTED_EDGE('',*,*,#3725,.T.);
#3813 = ADVANCED_FACE('',(#3814),#658,.T.);
#3814 = FACE_BOUND('',#3815,.T.);
#3815 = EDGE_LOOP('',(#3816,#3841,#3860,#3861,#3862,#3885,#3913));
#3816 = ORIENTED_EDGE('',*,*,#3817,.F.);
#3817 = EDGE_CURVE('',#3818,#3820,#3822,.T.);
#3818 = VERTEX_POINT('',#3819);
#3819 = CARTESIAN_POINT('',(6.7,9.,7.25));
#3820 = VERTEX_POINT('',#3821);
#3821 = CARTESIAN_POINT('',(6.7,11.1,7.25));
#3822 = SURFACE_CURVE('',#3823,(#3827,#3834),.PCURVE_S1.);
#3823 = LINE('',#3824,#3825);
#3824 = CARTESIAN_POINT('',(6.7,6.6,7.25));
#3825 = VECTOR('',#3826,1.);
#3826 = DIRECTION('',(0.,1.,0.));
#3827 = PCURVE('',#658,#3828);
#3828 = DEFINITIONAL_REPRESENTATION('',(#3829),#3833);
#3829 = LINE('',#3830,#3831);
#3830 = CARTESIAN_POINT('',(0.,0.));
#3831 = VECTOR('',#3832,1.);
#3832 = DIRECTION('',(0.,1.));
#3833 = ( GEOMETRIC_REPRESENTATION_CONTEXT(2) 
PARAMETRIC_REPRESENTATION_CONTEXT() REPRESENTATION_CONTEXT('2D SPACE',''
  ) );
#3834 = PCURVE('',#1950,#3835);
#3835 = DEFINITIONAL_REPRESENTATION('',(#3836),#3840);
#3836 = LINE('',#3837,#3838);
#3837 = CARTESIAN_POINT('',(3.75,0.));
#3838 = VECTOR('',#3839,1.);
#3839 = DIRECTION('',(0.,-1.));
#3840 = ( GEOMETRIC_REPRESENTATION_CONTEXT(2) 
PARAMETRIC_REPRESENTATION_CONTEXT() REPRESENTATION_CONTEXT('2D SPACE',''
  ) );
#3841 = ORIENTED_EDGE('',*,*,#3842,.T.);
#3842 = EDGE_CURVE('',#3818,#3772,#3843,.T.);
#3843 = SURFACE_CURVE('',#3844,(#3848,#3854),.PCURVE_S1.);
#3844 = LINE('',#3845,#3846);
#3845 = CARTESIAN_POINT('',(6.6,9.,7.25));
#3846 = VECTOR('',#3847,1.);
#3847 = DIRECTION('',(1.,0.,0.));
#3848 = PCURVE('',#658,#3849);
#3849 = DEFINITIONAL_REPRESENTATION('',(#3850),#3853);
#3850 = B_SPLINE_CURVE_WITH_KNOTS('',1,(#3851,#3852),.UNSPECIFIED.,.F.,
  .F.,(2,2),(0.1,3.4),.PIECEWISE_BEZIER_KNOTS.);
#3851 = CARTESIAN_POINT('',(0.,2.4));
#3852 = CARTESIAN_POINT('',(3.3,2.4));
#3853 = ( GEOMETRIC_REPRESENTATION_CONTEXT(2) 
PARAMETRIC_REPRESENTATION_CONTEXT() REPRESENTATION_CONTEXT('2D SPACE',''
  ) );
#3854 = PCURVE('',#1922,#3855);
#3855 = DEFINITIONAL_REPRESENTATION('',(#3856),#3859);
#3856 = B_SPLINE_CURVE_WITH_KNOTS('',1,(#3857,#3858),.UNSPECIFIED.,.F.,
  .F.,(2,2),(0.1,3.4),.PIECEWISE_BEZIER_KNOTS.);
#3857 = CARTESIAN_POINT('',(3.75,0.2));
#3858 = CARTESIAN_POINT('',(3.75,3.5));
#3859 = ( GEOMETRIC_REPRESENTATION_CONTEXT(2) 
PARAMETRIC_REPRESENTATION_CONTEXT() REPRESENTATION_CONTEXT('2D SPACE',''
  ) );
#3860 = ORIENTED_EDGE('',*,*,#3771,.T.);
#3861 = ORIENTED_EDGE('',*,*,#642,.T.);
#3862 = ORIENTED_EDGE('',*,*,#3863,.T.);
#3863 = EDGE_CURVE('',#643,#3864,#3866,.T.);
#3864 = VERTEX_POINT('',#3865);
#3865 = CARTESIAN_POINT('',(13.,8.285836596346,7.25));
#3866 = SURFACE_CURVE('',#3867,(#3871,#3878),.PCURVE_S1.);
#3867 = LINE('',#3868,#3869);
#3868 = CARTESIAN_POINT('',(13.,6.6,7.25));
#3869 = VECTOR('',#3870,1.);
#3870 = DIRECTION('',(0.,1.,0.));
#3871 = PCURVE('',#658,#3872);
#3872 = DEFINITIONAL_REPRESENTATION('',(#3873),#3877);
#3873 = LINE('',#3874,#3875);
#3874 = CARTESIAN_POINT('',(6.3,0.));
#3875 = VECTOR('',#3876,1.);
#3876 = DIRECTION('',(0.,1.));
#3877 = ( GEOMETRIC_REPRESENTATION_CONTEXT(2) 
PARAMETRIC_REPRESENTATION_CONTEXT() REPRESENTATION_CONTEXT('2D SPACE',''
  ) );
#3878 = PCURVE('',#686,#3879);
#3879 = DEFINITIONAL_REPRESENTATION('',(#3880),#3884);
#3880 = LINE('',#3881,#3882);
#3881 = CARTESIAN_POINT('',(3.75,0.));
#3882 = VECTOR('',#3883,1.);
#3883 = DIRECTION('',(0.,-1.));
#3884 = ( GEOMETRIC_REPRESENTATION_CONTEXT(2) 
PARAMETRIC_REPRESENTATION_CONTEXT() REPRESENTATION_CONTEXT('2D SPACE',''
  ) );
#3885 = ORIENTED_EDGE('',*,*,#3886,.T.);
#3886 = EDGE_CURVE('',#3864,#3887,#3889,.T.);
#3887 = VERTEX_POINT('',#3888);
#3888 = CARTESIAN_POINT('',(9.801262787337,11.1,7.25));
#3889 = SURFACE_CURVE('',#3890,(#3895,#3906),.PCURVE_S1.);
#3890 = CIRCLE('',#3891,5.5);
#3891 = AXIS2_PLACEMENT_3D('',#3892,#3893,#3894);
#3892 = CARTESIAN_POINT('',(14.75,13.5,7.25));
#3893 = DIRECTION('',(0.,0.,-1.));
#3894 = DIRECTION('',(1.,0.,0.));
#3895 = PCURVE('',#658,#3896);
#3896 = DEFINITIONAL_REPRESENTATION('',(#3897),#3905);
#3897 = ( BOUNDED_CURVE() B_SPLINE_CURVE(2,(#3898,#3899,#3900,#3901,
#3902,#3903,#3904),.UNSPECIFIED.,.T.,.F.) B_SPLINE_CURVE_WITH_KNOTS((1,2
    ,2,2,2,1),(-2.094395102393,0.,2.094395102393,4.188790204786,
6.28318530718,8.377580409573),.UNSPECIFIED.) CURVE() 
GEOMETRIC_REPRESENTATION_ITEM() RATIONAL_B_SPLINE_CURVE((1.,0.5,1.,0.5,
1.,0.5,1.)) REPRESENTATION_ITEM('') );
#3898 = CARTESIAN_POINT('',(13.55,6.9));
#3899 = CARTESIAN_POINT('',(13.55,-2.626279441629));
#3900 = CARTESIAN_POINT('',(5.3,2.136860279186));
#3901 = CARTESIAN_POINT('',(-2.95,6.9));
#3902 = CARTESIAN_POINT('',(5.3,11.663139720814));
#3903 = CARTESIAN_POINT('',(13.55,16.426279441629));
#3904 = CARTESIAN_POINT('',(13.55,6.9));
#3905 = ( GEOMETRIC_REPRESENTATION_CONTEXT(2) 
PARAMETRIC_REPRESENTATION_CONTEXT() REPRESENTATION_CONTEXT('2D SPACE',''
  ) );
#3906 = PCURVE('',#2058,#3907);
#3907 = DEFINITIONAL_REPRESENTATION('',(#3908),#3912);
#3908 = LINE('',#3909,#3910);
#3909 = CARTESIAN_POINT('',(-6.28318530718,-7.25));
#3910 = VECTOR('',#3911,1.);
#3911 = DIRECTION('',(1.,-0.));
#3912 = ( GEOMETRIC_REPRESENTATION_CONTEXT(2) 
PARAMETRIC_REPRESENTATION_CONTEXT() REPRESENTATION_CONTEXT('2D SPACE',''
  ) );
#3913 = ORIENTED_EDGE('',*,*,#3914,.F.);
#3914 = EDGE_CURVE('',#3820,#3887,#3915,.T.);
#3915 = SURFACE_CURVE('',#3916,(#3920,#3927),.PCURVE_S1.);
#3916 = LINE('',#3917,#3918);
#3917 = CARTESIAN_POINT('',(6.7,11.1,7.25));
#3918 = VECTOR('',#3919,1.);
#3919 = DIRECTION('',(1.,0.,0.));
#3920 = PCURVE('',#658,#3921);
#3921 = DEFINITIONAL_REPRESENTATION('',(#3922),#3926);
#3922 = LINE('',#3923,#3924);
#3923 = CARTESIAN_POINT('',(0.,4.5));
#3924 = VECTOR('',#3925,1.);
#3925 = DIRECTION('',(1.,0.));
#3926 = ( GEOMETRIC_REPRESENTATION_CONTEXT(2) 
PARAMETRIC_REPRESENTATION_CONTEXT() REPRESENTATION_CONTEXT('2D SPACE',''
  ) );
#3927 = PCURVE('',#1978,#3928);
#3928 = DEFINITIONAL_REPRESENTATION('',(#3929),#3933);
#3929 = LINE('',#3930,#3931);
#3930 = CARTESIAN_POINT('',(3.75,0.));
#3931 = VECTOR('',#3932,1.);
#3932 = DIRECTION('',(0.,1.));
#3933 = ( GEOMETRIC_REPRESENTATION_CONTEXT(2) 
PARAMETRIC_REPRESENTATION_CONTEXT() REPRESENTATION_CONTEXT('2D SPACE',''
  ) );
#3934 = ADVANCED_FACE('',(#3935),#686,.T.);
#3935 = FACE_BOUND('',#3936,.T.);
#3936 = EDGE_LOOP('',(#3937,#3938,#3939,#3940));
#3937 = ORIENTED_EDGE('',*,*,#3863,.F.);
#3938 = ORIENTED_EDGE('',*,*,#670,.F.);
#3939 = ORIENTED_EDGE('',*,*,#2098,.T.);
#3940 = ORIENTED_EDGE('',*,*,#3941,.F.);
#3941 = EDGE_CURVE('',#3864,#2071,#3942,.T.);
#3942 = SURFACE_CURVE('',#3943,(#3947,#3953),.PCURVE_S1.);
#3943 = LINE('',#3944,#3945);
#3944 = CARTESIAN_POINT('',(13.,8.285836596346,0.));
#3945 = VECTOR('',#3946,1.);
#3946 = DIRECTION('',(-0.,-0.,-1.));
#3947 = PCURVE('',#686,#3948);
#3948 = DEFINITIONAL_REPRESENTATION('',(#3949),#3952);
#3949 = B_SPLINE_CURVE_WITH_KNOTS('',1,(#3950,#3951),.UNSPECIFIED.,.F.,
  .F.,(2,2),(-7.625,-3.4999994),.PIECEWISE_BEZIER_KNOTS.);
#3950 = CARTESIAN_POINT('',(4.125,-1.685836596346));
#3951 = CARTESIAN_POINT('',(-5.999999999062E-07,-1.685836596346));
#3952 = ( GEOMETRIC_REPRESENTATION_CONTEXT(2) 
PARAMETRIC_REPRESENTATION_CONTEXT() REPRESENTATION_CONTEXT('2D SPACE',''
  ) );
#3953 = PCURVE('',#2058,#3954);
#3954 = DEFINITIONAL_REPRESENTATION('',(#3955),#3958);
#3955 = B_SPLINE_CURVE_WITH_KNOTS('',1,(#3956,#3957),.UNSPECIFIED.,.F.,
  .F.,(2,2),(-7.625,-3.4999994),.PIECEWISE_BEZIER_KNOTS.);
#3956 = CARTESIAN_POINT('',(-4.388577965111,-7.625));
#3957 = CARTESIAN_POINT('',(-4.388577965111,-3.4999994));
#3958 = ( GEOMETRIC_REPRESENTATION_CONTEXT(2) 
PARAMETRIC_REPRESENTATION_CONTEXT() REPRESENTATION_CONTEXT('2D SPACE',''
  ) );
#3959 = ADVANCED_FACE('',(#3960),#737,.T.);
#3960 = FACE_BOUND('',#3961,.T.);
#3961 = EDGE_LOOP('',(#3962,#3963,#3987,#4008));
#3962 = ORIENTED_EDGE('',*,*,#721,.F.);
#3963 = ORIENTED_EDGE('',*,*,#3964,.T.);
#3964 = EDGE_CURVE('',#722,#3965,#3967,.T.);
#3965 = VERTEX_POINT('',#3966);
#3966 = CARTESIAN_POINT('',(22.75,9.6,0.3));
#3967 = SURFACE_CURVE('',#3968,(#3973,#3980),.PCURVE_S1.);
#3968 = CIRCLE('',#3969,3.);
#3969 = AXIS2_PLACEMENT_3D('',#3970,#3971,#3972);
#3970 = CARTESIAN_POINT('',(19.75,9.6,0.3));
#3971 = DIRECTION('',(0.,0.,1.));
#3972 = DIRECTION('',(0.,-1.,0.));
#3973 = PCURVE('',#737,#3974);
#3974 = DEFINITIONAL_REPRESENTATION('',(#3975),#3979);
#3975 = LINE('',#3976,#3977);
#3976 = CARTESIAN_POINT('',(0.,0.3));
#3977 = VECTOR('',#3978,1.);
#3978 = DIRECTION('',(1.,0.));
#3979 = ( GEOMETRIC_REPRESENTATION_CONTEXT(2) 
PARAMETRIC_REPRESENTATION_CONTEXT() REPRESENTATION_CONTEXT('2D SPACE',''
  ) );
#3980 = PCURVE('',#765,#3981);
#3981 = DEFINITIONAL_REPRESENTATION('',(#3982),#3986);
#3982 = CIRCLE('',#3983,3.);
#3983 = AXIS2_PLACEMENT_2D('',#3984,#3985);
#3984 = CARTESIAN_POINT('',(5.,-3.9));
#3985 = DIRECTION('',(0.,-1.));
#3986 = ( GEOMETRIC_REPRESENTATION_CONTEXT(2) 
PARAMETRIC_REPRESENTATION_CONTEXT() REPRESENTATION_CONTEXT('2D SPACE',''
  ) );
#3987 = ORIENTED_EDGE('',*,*,#3988,.T.);
#3988 = EDGE_CURVE('',#3965,#2121,#3989,.T.);
#3989 = SURFACE_CURVE('',#3990,(#3994,#4001),.PCURVE_S1.);
#3990 = LINE('',#3991,#3992);
#3991 = CARTESIAN_POINT('',(22.75,9.6,0.));
#3992 = VECTOR('',#3993,1.);
#3993 = DIRECTION('',(0.,0.,1.));
#3994 = PCURVE('',#737,#3995);
#3995 = DEFINITIONAL_REPRESENTATION('',(#3996),#4000);
#3996 = LINE('',#3997,#3998);
#3997 = CARTESIAN_POINT('',(1.570796326795,0.));
#3998 = VECTOR('',#3999,1.);
#3999 = DIRECTION('',(0.,1.));
#4000 = ( GEOMETRIC_REPRESENTATION_CONTEXT(2) 
PARAMETRIC_REPRESENTATION_CONTEXT() REPRESENTATION_CONTEXT('2D SPACE',''
  ) );
#4001 = PCURVE('',#2160,#4002);
#4002 = DEFINITIONAL_REPRESENTATION('',(#4003),#4007);
#4003 = LINE('',#4004,#4005);
#4004 = CARTESIAN_POINT('',(3.,0.));
#4005 = VECTOR('',#4006,1.);
#4006 = DIRECTION('',(0.,-1.));
#4007 = ( GEOMETRIC_REPRESENTATION_CONTEXT(2) 
PARAMETRIC_REPRESENTATION_CONTEXT() REPRESENTATION_CONTEXT('2D SPACE',''
  ) );
#4008 = ORIENTED_EDGE('',*,*,#2120,.F.);
#4009 = ADVANCED_FACE('',(#4010,#4242),#765,.F.);
#4010 = FACE_BOUND('',#4011,.F.);
#4011 = EDGE_LOOP('',(#4012,#4038,#4059,#4088,#4109,#4133,#4154,#4178,
    #4199,#4221,#4222,#4223));
#4012 = ORIENTED_EDGE('',*,*,#4013,.T.);
#4013 = EDGE_CURVE('',#4014,#4016,#4018,.T.);
#4014 = VERTEX_POINT('',#4015);
#4015 = CARTESIAN_POINT('',(22.75,17.75,0.3));
#4016 = VERTEX_POINT('',#4017);
#4017 = CARTESIAN_POINT('',(19.75,20.75,0.3));
#4018 = SURFACE_CURVE('',#4019,(#4024,#4031),.PCURVE_S1.);
#4019 = CIRCLE('',#4020,3.);
#4020 = AXIS2_PLACEMENT_3D('',#4021,#4022,#4023);
#4021 = CARTESIAN_POINT('',(19.75,17.75,0.3));
#4022 = DIRECTION('',(0.,0.,1.));
#4023 = DIRECTION('',(1.,0.,-0.));
#4024 = PCURVE('',#765,#4025);
#4025 = DEFINITIONAL_REPRESENTATION('',(#4026),#4030);
#4026 = CIRCLE('',#4027,3.);
#4027 = AXIS2_PLACEMENT_2D('',#4028,#4029);
#4028 = CARTESIAN_POINT('',(5.,4.25));
#4029 = DIRECTION('',(1.,0.));
#4030 = ( GEOMETRIC_REPRESENTATION_CONTEXT(2) 
PARAMETRIC_REPRESENTATION_CONTEXT() REPRESENTATION_CONTEXT('2D SPACE',''
  ) );
#4031 = PCURVE('',#2189,#4032);
#4032 = DEFINITIONAL_REPRESENTATION('',(#4033),#4037);
#4033 = LINE('',#4034,#4035);
#4034 = CARTESIAN_POINT('',(0.,0.3));
#4035 = VECTOR('',#4036,1.);
#4036 = DIRECTION('',(1.,0.));
#4037 = ( GEOMETRIC_REPRESENTATION_CONTEXT(2) 
PARAMETRIC_REPRESENTATION_CONTEXT() REPRESENTATION_CONTEXT('2D SPACE',''
  ) );
#4038 = ORIENTED_EDGE('',*,*,#4039,.T.);
#4039 = EDGE_CURVE('',#4016,#4040,#4042,.T.);
#4040 = VERTEX_POINT('',#4041);
#4041 = CARTESIAN_POINT('',(6.477303946113,20.75,0.3));
#4042 = SURFACE_CURVE('',#4043,(#4047,#4053),.PCURVE_S1.);
#4043 = LINE('',#4044,#4045);
#4044 = CARTESIAN_POINT('',(18.75,20.75,0.3));
#4045 = VECTOR('',#4046,1.);
#4046 = DIRECTION('',(-1.,0.,0.));
#4047 = PCURVE('',#765,#4048);
#4048 = DEFINITIONAL_REPRESENTATION('',(#4049),#4052);
#4049 = B_SPLINE_CURVE_WITH_KNOTS('',1,(#4050,#4051),.UNSPECIFIED.,.F.,
  .F.,(2,2),(-1.,15.),.PIECEWISE_BEZIER_KNOTS.);
#4050 = CARTESIAN_POINT('',(5.,7.25));
#4051 = CARTESIAN_POINT('',(-11.,7.25));
#4052 = ( GEOMETRIC_REPRESENTATION_CONTEXT(2) 
PARAMETRIC_REPRESENTATION_CONTEXT() REPRESENTATION_CONTEXT('2D SPACE',''
  ) );
#4053 = PCURVE('',#1488,#4054);
#4054 = DEFINITIONAL_REPRESENTATION('',(#4055),#4058);
#4055 = B_SPLINE_CURVE_WITH_KNOTS('',1,(#4056,#4057),.UNSPECIFIED.,.F.,
  .F.,(2,2),(-1.,15.),.PIECEWISE_BEZIER_KNOTS.);
#4056 = CARTESIAN_POINT('',(3.,-0.3));
#4057 = CARTESIAN_POINT('',(19.,-0.3));
#4058 = ( GEOMETRIC_REPRESENTATION_CONTEXT(2) 
PARAMETRIC_REPRESENTATION_CONTEXT() REPRESENTATION_CONTEXT('2D SPACE',''
  ) );
#4059 = ORIENTED_EDGE('',*,*,#4060,.T.);
#4060 = EDGE_CURVE('',#4040,#4061,#4063,.T.);
#4061 = VERTEX_POINT('',#4062);
#4062 = CARTESIAN_POINT('',(5.003718657868,18.6,0.3));
#4063 = SURFACE_CURVE('',#4064,(#4069,#4076),.PCURVE_S1.);
#4064 = CIRCLE('',#4065,11.);
#4065 = AXIS2_PLACEMENT_3D('',#4066,#4067,#4068);
#4066 = CARTESIAN_POINT('',(14.75,13.5,0.3));
#4067 = DIRECTION('',(0.,0.,1.));
#4068 = DIRECTION('',(1.,0.,0.));
#4069 = PCURVE('',#765,#4070);
#4070 = DEFINITIONAL_REPRESENTATION('',(#4071),#4075);
#4071 = CIRCLE('',#4072,11.);
#4072 = AXIS2_PLACEMENT_2D('',#4073,#4074);
#4073 = CARTESIAN_POINT('',(0.,0.));
#4074 = DIRECTION('',(1.,0.));
#4075 = ( GEOMETRIC_REPRESENTATION_CONTEXT(2) 
PARAMETRIC_REPRESENTATION_CONTEXT() REPRESENTATION_CONTEXT('2D SPACE',''
  ) );
#4076 = PCURVE('',#4077,#4082);
#4077 = CYLINDRICAL_SURFACE('',#4078,11.);
#4078 = AXIS2_PLACEMENT_3D('',#4079,#4080,#4081);
#4079 = CARTESIAN_POINT('',(14.75,13.5,-1.));
#4080 = DIRECTION('',(-0.,-0.,-1.));
#4081 = DIRECTION('',(1.,0.,0.));
#4082 = DEFINITIONAL_REPRESENTATION('',(#4083),#4087);
#4083 = LINE('',#4084,#4085);
#4084 = CARTESIAN_POINT('',(-0.,-1.3));
#4085 = VECTOR('',#4086,1.);
#4086 = DIRECTION('',(-1.,0.));
#4087 = ( GEOMETRIC_REPRESENTATION_CONTEXT(2) 
PARAMETRIC_REPRESENTATION_CONTEXT() REPRESENTATION_CONTEXT('2D SPACE',''
  ) );
#4088 = ORIENTED_EDGE('',*,*,#4089,.T.);
#4089 = EDGE_CURVE('',#4061,#4090,#4092,.T.);
#4090 = VERTEX_POINT('',#4091);
#4091 = CARTESIAN_POINT('',(5.1,18.6,0.3));
#4092 = SURFACE_CURVE('',#4093,(#4097,#4103),.PCURVE_S1.);
#4093 = LINE('',#4094,#4095);
#4094 = CARTESIAN_POINT('',(10.425,18.6,0.3));
#4095 = VECTOR('',#4096,1.);
#4096 = DIRECTION('',(1.,0.,-0.));
#4097 = PCURVE('',#765,#4098);
#4098 = DEFINITIONAL_REPRESENTATION('',(#4099),#4102);
#4099 = B_SPLINE_CURVE_WITH_KNOTS('',1,(#4100,#4101),.UNSPECIFIED.,.F.,
  .F.,(2,2),(-6.675,-5.325),.PIECEWISE_BEZIER_KNOTS.);
#4100 = CARTESIAN_POINT('',(-11.,5.1));
#4101 = CARTESIAN_POINT('',(-9.65,5.1));
#4102 = ( GEOMETRIC_REPRESENTATION_CONTEXT(2) 
PARAMETRIC_REPRESENTATION_CONTEXT() REPRESENTATION_CONTEXT('2D SPACE',''
  ) );
#4103 = PCURVE('',#1429,#4104);
#4104 = DEFINITIONAL_REPRESENTATION('',(#4105),#4108);
#4105 = B_SPLINE_CURVE_WITH_KNOTS('',1,(#4106,#4107),.UNSPECIFIED.,.F.,
  .F.,(2,2),(-6.675,-5.325),.PIECEWISE_BEZIER_KNOTS.);
#4106 = CARTESIAN_POINT('',(2.35,-1.3));
#4107 = CARTESIAN_POINT('',(1.,-1.3));
#4108 = ( GEOMETRIC_REPRESENTATION_CONTEXT(2) 
PARAMETRIC_REPRESENTATION_CONTEXT() REPRESENTATION_CONTEXT('2D SPACE',''
  ) );
#4109 = ORIENTED_EDGE('',*,*,#4110,.F.);
#4110 = EDGE_CURVE('',#4111,#4090,#4113,.T.);
#4111 = VERTEX_POINT('',#4112);
#4112 = CARTESIAN_POINT('',(6.1,17.6,0.3));
#4113 = SURFACE_CURVE('',#4114,(#4119,#4126),.PCURVE_S1.);
#4114 = CIRCLE('',#4115,1.);
#4115 = AXIS2_PLACEMENT_3D('',#4116,#4117,#4118);
#4116 = CARTESIAN_POINT('',(5.1,17.6,0.3));
#4117 = DIRECTION('',(0.,0.,1.));
#4118 = DIRECTION('',(1.,0.,-0.));
#4119 = PCURVE('',#765,#4120);
#4120 = DEFINITIONAL_REPRESENTATION('',(#4121),#4125);
#4121 = CIRCLE('',#4122,1.);
#4122 = AXIS2_PLACEMENT_2D('',#4123,#4124);
#4123 = CARTESIAN_POINT('',(-9.65,4.1));
#4124 = DIRECTION('',(1.,0.));
#4125 = ( GEOMETRIC_REPRESENTATION_CONTEXT(2) 
PARAMETRIC_REPRESENTATION_CONTEXT() REPRESENTATION_CONTEXT('2D SPACE',''
  ) );
#4126 = PCURVE('',#2430,#4127);
#4127 = DEFINITIONAL_REPRESENTATION('',(#4128),#4132);
#4128 = LINE('',#4129,#4130);
#4129 = CARTESIAN_POINT('',(0.,1.3));
#4130 = VECTOR('',#4131,1.);
#4131 = DIRECTION('',(1.,0.));
#4132 = ( GEOMETRIC_REPRESENTATION_CONTEXT(2) 
PARAMETRIC_REPRESENTATION_CONTEXT() REPRESENTATION_CONTEXT('2D SPACE',''
  ) );
#4133 = ORIENTED_EDGE('',*,*,#4134,.T.);
#4134 = EDGE_CURVE('',#4111,#4135,#4137,.T.);
#4135 = VERTEX_POINT('',#4136);
#4136 = CARTESIAN_POINT('',(6.1,9.4,0.3));
#4137 = SURFACE_CURVE('',#4138,(#4142,#4148),.PCURVE_S1.);
#4138 = LINE('',#4139,#4140);
#4139 = CARTESIAN_POINT('',(6.1,10.95,0.3));
#4140 = VECTOR('',#4141,1.);
#4141 = DIRECTION('',(0.,-1.,0.));
#4142 = PCURVE('',#765,#4143);
#4143 = DEFINITIONAL_REPRESENTATION('',(#4144),#4147);
#4144 = B_SPLINE_CURVE_WITH_KNOTS('',1,(#4145,#4146),.UNSPECIFIED.,.F.,
  .F.,(2,2),(-6.65,1.55),.PIECEWISE_BEZIER_KNOTS.);
#4145 = CARTESIAN_POINT('',(-8.65,4.1));
#4146 = CARTESIAN_POINT('',(-8.65,-4.1));
#4147 = ( GEOMETRIC_REPRESENTATION_CONTEXT(2) 
PARAMETRIC_REPRESENTATION_CONTEXT() REPRESENTATION_CONTEXT('2D SPACE',''
  ) );
#4148 = PCURVE('',#2455,#4149);
#4149 = DEFINITIONAL_REPRESENTATION('',(#4150),#4153);
#4150 = B_SPLINE_CURVE_WITH_KNOTS('',1,(#4151,#4152),.UNSPECIFIED.,.F.,
  .F.,(2,2),(-6.65,1.55),.PIECEWISE_BEZIER_KNOTS.);
#4151 = CARTESIAN_POINT('',(9.2,-1.3));
#4152 = CARTESIAN_POINT('',(1.,-1.3));
#4153 = ( GEOMETRIC_REPRESENTATION_CONTEXT(2) 
PARAMETRIC_REPRESENTATION_CONTEXT() REPRESENTATION_CONTEXT('2D SPACE',''
  ) );
#4154 = ORIENTED_EDGE('',*,*,#4155,.F.);
#4155 = EDGE_CURVE('',#4156,#4135,#4158,.T.);
#4156 = VERTEX_POINT('',#4157);
#4157 = CARTESIAN_POINT('',(5.1,8.4,0.3));
#4158 = SURFACE_CURVE('',#4159,(#4164,#4171),.PCURVE_S1.);
#4159 = CIRCLE('',#4160,1.);
#4160 = AXIS2_PLACEMENT_3D('',#4161,#4162,#4163);
#4161 = CARTESIAN_POINT('',(5.1,9.4,0.3));
#4162 = DIRECTION('',(0.,0.,1.));
#4163 = DIRECTION('',(0.,-1.,0.));
#4164 = PCURVE('',#765,#4165);
#4165 = DEFINITIONAL_REPRESENTATION('',(#4166),#4170);
#4166 = CIRCLE('',#4167,1.);
#4167 = AXIS2_PLACEMENT_2D('',#4168,#4169);
#4168 = CARTESIAN_POINT('',(-9.65,-4.1));
#4169 = DIRECTION('',(0.,-1.));
#4170 = ( GEOMETRIC_REPRESENTATION_CONTEXT(2) 
PARAMETRIC_REPRESENTATION_CONTEXT() REPRESENTATION_CONTEXT('2D SPACE',''
  ) );
#4171 = PCURVE('',#2290,#4172);
#4172 = DEFINITIONAL_REPRESENTATION('',(#4173),#4177);
#4173 = LINE('',#4174,#4175);
#4174 = CARTESIAN_POINT('',(0.,1.3));
#4175 = VECTOR('',#4176,1.);
#4176 = DIRECTION('',(1.,0.));
#4177 = ( GEOMETRIC_REPRESENTATION_CONTEXT(2) 
PARAMETRIC_REPRESENTATION_CONTEXT() REPRESENTATION_CONTEXT('2D SPACE',''
  ) );
#4178 = ORIENTED_EDGE('',*,*,#4179,.T.);
#4179 = EDGE_CURVE('',#4156,#4180,#4182,.T.);
#4180 = VERTEX_POINT('',#4181);
#4181 = CARTESIAN_POINT('',(5.003718657868,8.4,0.3));
#4182 = SURFACE_CURVE('',#4183,(#4187,#4193),.PCURVE_S1.);
#4183 = LINE('',#4184,#4185);
#4184 = CARTESIAN_POINT('',(4.325,8.4,0.3));
#4185 = VECTOR('',#4186,1.);
#4186 = DIRECTION('',(-1.,0.,0.));
#4187 = PCURVE('',#765,#4188);
#4188 = DEFINITIONAL_REPRESENTATION('',(#4189),#4192);
#4189 = B_SPLINE_CURVE_WITH_KNOTS('',1,(#4190,#4191),.UNSPECIFIED.,.F.,
  .F.,(2,2),(-0.775,0.575),.PIECEWISE_BEZIER_KNOTS.);
#4190 = CARTESIAN_POINT('',(-9.65,-5.1));
#4191 = CARTESIAN_POINT('',(-11.,-5.1));
#4192 = ( GEOMETRIC_REPRESENTATION_CONTEXT(2) 
PARAMETRIC_REPRESENTATION_CONTEXT() REPRESENTATION_CONTEXT('2D SPACE',''
  ) );
#4193 = PCURVE('',#1165,#4194);
#4194 = DEFINITIONAL_REPRESENTATION('',(#4195),#4198);
#4195 = B_SPLINE_CURVE_WITH_KNOTS('',1,(#4196,#4197),.UNSPECIFIED.,.F.,
  .F.,(2,2),(-0.775,0.575),.PIECEWISE_BEZIER_KNOTS.);
#4196 = CARTESIAN_POINT('',(11.2,-1.3));
#4197 = CARTESIAN_POINT('',(9.85,-1.3));
#4198 = ( GEOMETRIC_REPRESENTATION_CONTEXT(2) 
PARAMETRIC_REPRESENTATION_CONTEXT() REPRESENTATION_CONTEXT('2D SPACE',''
  ) );
#4199 = ORIENTED_EDGE('',*,*,#4200,.T.);
#4200 = EDGE_CURVE('',#4180,#750,#4201,.T.);
#4201 = SURFACE_CURVE('',#4202,(#4207,#4214),.PCURVE_S1.);
#4202 = CIRCLE('',#4203,11.);
#4203 = AXIS2_PLACEMENT_3D('',#4204,#4205,#4206);
#4204 = CARTESIAN_POINT('',(14.75,13.5,0.3));
#4205 = DIRECTION('',(0.,0.,1.));
#4206 = DIRECTION('',(1.,0.,0.));
#4207 = PCURVE('',#765,#4208);
#4208 = DEFINITIONAL_REPRESENTATION('',(#4209),#4213);
#4209 = CIRCLE('',#4210,11.);
#4210 = AXIS2_PLACEMENT_2D('',#4211,#4212);
#4211 = CARTESIAN_POINT('',(0.,0.));
#4212 = DIRECTION('',(1.,0.));
#4213 = ( GEOMETRIC_REPRESENTATION_CONTEXT(2) 
PARAMETRIC_REPRESENTATION_CONTEXT() REPRESENTATION_CONTEXT('2D SPACE',''
  ) );
#4214 = PCURVE('',#790,#4215);
#4215 = DEFINITIONAL_REPRESENTATION('',(#4216),#4220);
#4216 = LINE('',#4217,#4218);
#4217 = CARTESIAN_POINT('',(-0.,-1.3));
#4218 = VECTOR('',#4219,1.);
#4219 = DIRECTION('',(-1.,0.));
#4220 = ( GEOMETRIC_REPRESENTATION_CONTEXT(2) 
PARAMETRIC_REPRESENTATION_CONTEXT() REPRESENTATION_CONTEXT('2D SPACE',''
  ) );
#4221 = ORIENTED_EDGE('',*,*,#749,.T.);
#4222 = ORIENTED_EDGE('',*,*,#3964,.T.);
#4223 = ORIENTED_EDGE('',*,*,#4224,.T.);
#4224 = EDGE_CURVE('',#3965,#4014,#4225,.T.);
#4225 = SURFACE_CURVE('',#4226,(#4230,#4236),.PCURVE_S1.);
#4226 = LINE('',#4227,#4228);
#4227 = CARTESIAN_POINT('',(22.75,10.05,0.3));
#4228 = VECTOR('',#4229,1.);
#4229 = DIRECTION('',(0.,1.,-0.));
#4230 = PCURVE('',#765,#4231);
#4231 = DEFINITIONAL_REPRESENTATION('',(#4232),#4235);
#4232 = B_SPLINE_CURVE_WITH_KNOTS('',1,(#4233,#4234),.UNSPECIFIED.,.F.,
  .F.,(2,2),(-0.45,7.7),.PIECEWISE_BEZIER_KNOTS.);
#4233 = CARTESIAN_POINT('',(8.,-3.9));
#4234 = CARTESIAN_POINT('',(8.,4.25));
#4235 = ( GEOMETRIC_REPRESENTATION_CONTEXT(2) 
PARAMETRIC_REPRESENTATION_CONTEXT() REPRESENTATION_CONTEXT('2D SPACE',''
  ) );
#4236 = PCURVE('',#2160,#4237);
#4237 = DEFINITIONAL_REPRESENTATION('',(#4238),#4241);
#4238 = B_SPLINE_CURVE_WITH_KNOTS('',1,(#4239,#4240),.UNSPECIFIED.,.F.,
  .F.,(2,2),(-0.45,7.7),.PIECEWISE_BEZIER_KNOTS.);
#4239 = CARTESIAN_POINT('',(3.,-0.3));
#4240 = CARTESIAN_POINT('',(11.15,-0.3));
#4241 = ( GEOMETRIC_REPRESENTATION_CONTEXT(2) 
PARAMETRIC_REPRESENTATION_CONTEXT() REPRESENTATION_CONTEXT('2D SPACE',''
  ) );
#4242 = FACE_BOUND('',#4243,.F.);
#4243 = EDGE_LOOP('',(#4244));
#4244 = ORIENTED_EDGE('',*,*,#4245,.T.);
#4245 = EDGE_CURVE('',#4246,#4246,#4248,.T.);
#4246 = VERTEX_POINT('',#4247);
#4247 = CARTESIAN_POINT('',(19.,13.5,0.3));
#4248 = SURFACE_CURVE('',#4249,(#4254,#4265),.PCURVE_S1.);
#4249 = CIRCLE('',#4250,4.25);
#4250 = AXIS2_PLACEMENT_3D('',#4251,#4252,#4253);
#4251 = CARTESIAN_POINT('',(14.75,13.5,0.3));
#4252 = DIRECTION('',(0.,0.,-1.));
#4253 = DIRECTION('',(1.,0.,0.));
#4254 = PCURVE('',#765,#4255);
#4255 = DEFINITIONAL_REPRESENTATION('',(#4256),#4264);
#4256 = ( BOUNDED_CURVE() B_SPLINE_CURVE(2,(#4257,#4258,#4259,#4260,
#4261,#4262,#4263),.UNSPECIFIED.,.T.,.F.) B_SPLINE_CURVE_WITH_KNOTS((1,2
    ,2,2,2,1),(-2.094395102393,0.,2.094395102393,4.188790204786,
6.28318530718,8.377580409573),.UNSPECIFIED.) CURVE() 
GEOMETRIC_REPRESENTATION_ITEM() RATIONAL_B_SPLINE_CURVE((1.,0.5,1.,0.5,
1.,0.5,1.)) REPRESENTATION_ITEM('') );
#4257 = CARTESIAN_POINT('',(4.25,0.));
#4258 = CARTESIAN_POINT('',(4.25,-7.361215932168));
#4259 = CARTESIAN_POINT('',(-2.125,-3.680607966084));
#4260 = CARTESIAN_POINT('',(-8.5,-1.040949779275E-15));
#4261 = CARTESIAN_POINT('',(-2.125,3.680607966084));
#4262 = CARTESIAN_POINT('',(4.25,7.361215932168));
#4263 = CARTESIAN_POINT('',(4.25,0.));
#4264 = ( GEOMETRIC_REPRESENTATION_CONTEXT(2) 
PARAMETRIC_REPRESENTATION_CONTEXT() REPRESENTATION_CONTEXT('2D SPACE',''
  ) );
#4265 = PCURVE('',#4266,#4271);
#4266 = CYLINDRICAL_SURFACE('',#4267,4.25);
#4267 = AXIS2_PLACEMENT_3D('',#4268,#4269,#4270);
#4268 = CARTESIAN_POINT('',(14.75,13.5,0.));
#4269 = DIRECTION('',(-0.,-0.,-1.));
#4270 = DIRECTION('',(1.,0.,0.));
#4271 = DEFINITIONAL_REPRESENTATION('',(#4272),#4276);
#4272 = LINE('',#4273,#4274);
#4273 = CARTESIAN_POINT('',(-6.28318530718,-0.3));
#4274 = VECTOR('',#4275,1.);
#4275 = DIRECTION('',(1.,-0.));
#4276 = ( GEOMETRIC_REPRESENTATION_CONTEXT(2) 
PARAMETRIC_REPRESENTATION_CONTEXT() REPRESENTATION_CONTEXT('2D SPACE',''
  ) );
#4277 = ADVANCED_FACE('',(#4278),#790,.F.);
#4278 = FACE_BOUND('',#4279,.T.);
#4279 = EDGE_LOOP('',(#4280,#4299,#4300,#4301));
#4280 = ORIENTED_EDGE('',*,*,#4281,.F.);
#4281 = EDGE_CURVE('',#4180,#1123,#4282,.T.);
#4282 = SURFACE_CURVE('',#4283,(#4287,#4293),.PCURVE_S1.);
#4283 = LINE('',#4284,#4285);
#4284 = CARTESIAN_POINT('',(5.003718657868,8.4,-1.));
#4285 = VECTOR('',#4286,1.);
#4286 = DIRECTION('',(-0.,-0.,-1.));
#4287 = PCURVE('',#790,#4288);
#4288 = DEFINITIONAL_REPRESENTATION('',(#4289),#4292);
#4289 = B_SPLINE_CURVE_WITH_KNOTS('',1,(#4290,#4291),.UNSPECIFIED.,.F.,
  .F.,(2,2),(-1.3000006,-0.9999994),.PIECEWISE_BEZIER_KNOTS.);
#4290 = CARTESIAN_POINT('',(-3.623687595432,-1.3000006));
#4291 = CARTESIAN_POINT('',(-3.623687595432,-0.9999994));
#4292 = ( GEOMETRIC_REPRESENTATION_CONTEXT(2) 
PARAMETRIC_REPRESENTATION_CONTEXT() REPRESENTATION_CONTEXT('2D SPACE',''
  ) );
#4293 = PCURVE('',#1165,#4294);
#4294 = DEFINITIONAL_REPRESENTATION('',(#4295),#4298);
#4295 = B_SPLINE_CURVE_WITH_KNOTS('',1,(#4296,#4297),.UNSPECIFIED.,.F.,
  .F.,(2,2),(-1.3000006,-0.9999994),.PIECEWISE_BEZIER_KNOTS.);
#4296 = CARTESIAN_POINT('',(11.103718657868,-1.3000006));
#4297 = CARTESIAN_POINT('',(11.103718657868,-0.9999994));
#4298 = ( GEOMETRIC_REPRESENTATION_CONTEXT(2) 
PARAMETRIC_REPRESENTATION_CONTEXT() REPRESENTATION_CONTEXT('2D SPACE',''
  ) );
#4299 = ORIENTED_EDGE('',*,*,#4200,.T.);
#4300 = ORIENTED_EDGE('',*,*,#776,.T.);
#4301 = ORIENTED_EDGE('',*,*,#1122,.T.);
#4302 = ADVANCED_FACE('',(#4303),#821,.T.);
#4303 = FACE_BOUND('',#4304,.T.);
#4304 = EDGE_LOOP('',(#4305,#4306,#4327,#4350));
#4305 = ORIENTED_EDGE('',*,*,#803,.F.);
#4306 = ORIENTED_EDGE('',*,*,#4307,.F.);
#4307 = EDGE_CURVE('',#4308,#804,#4310,.T.);
#4308 = VERTEX_POINT('',#4309);
#4309 = CARTESIAN_POINT('',(-6.5,9.,18.));
#4310 = SURFACE_CURVE('',#4311,(#4315,#4321),.PCURVE_S1.);
#4311 = LINE('',#4312,#4313);
#4312 = CARTESIAN_POINT('',(-6.5,6.6,18.));
#4313 = VECTOR('',#4314,1.);
#4314 = DIRECTION('',(0.,-1.,0.));
#4315 = PCURVE('',#821,#4316);
#4316 = DEFINITIONAL_REPRESENTATION('',(#4317),#4320);
#4317 = B_SPLINE_CURVE_WITH_KNOTS('',1,(#4318,#4319),.UNSPECIFIED.,.F.,
  .F.,(2,2),(-2.4,0.),.PIECEWISE_BEZIER_KNOTS.);
#4318 = CARTESIAN_POINT('',(14.5,-2.4));
#4319 = CARTESIAN_POINT('',(14.5,0.));
#4320 = ( GEOMETRIC_REPRESENTATION_CONTEXT(2) 
PARAMETRIC_REPRESENTATION_CONTEXT() REPRESENTATION_CONTEXT('2D SPACE',''
  ) );
#4321 = PCURVE('',#849,#4322);
#4322 = DEFINITIONAL_REPRESENTATION('',(#4323),#4326);
#4323 = B_SPLINE_CURVE_WITH_KNOTS('',1,(#4324,#4325),.UNSPECIFIED.,.F.,
  .F.,(2,2),(-2.4,0.),.PIECEWISE_BEZIER_KNOTS.);
#4324 = CARTESIAN_POINT('',(2.9,2.4));
#4325 = CARTESIAN_POINT('',(2.9,0.));
#4326 = ( GEOMETRIC_REPRESENTATION_CONTEXT(2) 
PARAMETRIC_REPRESENTATION_CONTEXT() REPRESENTATION_CONTEXT('2D SPACE',''
  ) );
#4327 = ORIENTED_EDGE('',*,*,#4328,.T.);
#4328 = EDGE_CURVE('',#4308,#4329,#4331,.T.);
#4329 = VERTEX_POINT('',#4330);
#4330 = CARTESIAN_POINT('',(-6.5,9.,20.));
#4331 = SURFACE_CURVE('',#4332,(#4336,#4343),.PCURVE_S1.);
#4332 = LINE('',#4333,#4334);
#4333 = CARTESIAN_POINT('',(-6.5,9.,3.5));
#4334 = VECTOR('',#4335,1.);
#4335 = DIRECTION('',(0.,0.,1.));
#4336 = PCURVE('',#821,#4337);
#4337 = DEFINITIONAL_REPRESENTATION('',(#4338),#4342);
#4338 = LINE('',#4339,#4340);
#4339 = CARTESIAN_POINT('',(0.,-2.4));
#4340 = VECTOR('',#4341,1.);
#4341 = DIRECTION('',(1.,0.));
#4342 = ( GEOMETRIC_REPRESENTATION_CONTEXT(2) 
PARAMETRIC_REPRESENTATION_CONTEXT() REPRESENTATION_CONTEXT('2D SPACE',''
  ) );
#4343 = PCURVE('',#1849,#4344);
#4344 = DEFINITIONAL_REPRESENTATION('',(#4345),#4349);
#4345 = LINE('',#4346,#4347);
#4346 = CARTESIAN_POINT('',(0.,3.5));
#4347 = VECTOR('',#4348,1.);
#4348 = DIRECTION('',(1.,0.));
#4349 = ( GEOMETRIC_REPRESENTATION_CONTEXT(2) 
PARAMETRIC_REPRESENTATION_CONTEXT() REPRESENTATION_CONTEXT('2D SPACE',''
  ) );
#4350 = ORIENTED_EDGE('',*,*,#4351,.T.);
#4351 = EDGE_CURVE('',#4329,#806,#4352,.T.);
#4352 = SURFACE_CURVE('',#4353,(#4357,#4363),.PCURVE_S1.);
#4353 = LINE('',#4354,#4355);
#4354 = CARTESIAN_POINT('',(-6.5,6.6,20.));
#4355 = VECTOR('',#4356,1.);
#4356 = DIRECTION('',(0.,-1.,0.));
#4357 = PCURVE('',#821,#4358);
#4358 = DEFINITIONAL_REPRESENTATION('',(#4359),#4362);
#4359 = B_SPLINE_CURVE_WITH_KNOTS('',1,(#4360,#4361),.UNSPECIFIED.,.F.,
  .F.,(2,2),(-2.4,0.),.PIECEWISE_BEZIER_KNOTS.);
#4360 = CARTESIAN_POINT('',(16.5,-2.4));
#4361 = CARTESIAN_POINT('',(16.5,0.));
#4362 = ( GEOMETRIC_REPRESENTATION_CONTEXT(2) 
PARAMETRIC_REPRESENTATION_CONTEXT() REPRESENTATION_CONTEXT('2D SPACE',''
  ) );
#4363 = PCURVE('',#903,#4364);
#4364 = DEFINITIONAL_REPRESENTATION('',(#4365),#4368);
#4365 = B_SPLINE_CURVE_WITH_KNOTS('',1,(#4366,#4367),.UNSPECIFIED.,.F.,
  .F.,(2,2),(-2.4,0.),.PIECEWISE_BEZIER_KNOTS.);
#4366 = CARTESIAN_POINT('',(2.9,2.4));
#4367 = CARTESIAN_POINT('',(2.9,0.));
#4368 = ( GEOMETRIC_REPRESENTATION_CONTEXT(2) 
PARAMETRIC_REPRESENTATION_CONTEXT() REPRESENTATION_CONTEXT('2D SPACE',''
  ) );
#4369 = ADVANCED_FACE('',(#4370),#849,.T.);
#4370 = FACE_BOUND('',#4371,.T.);
#4371 = EDGE_LOOP('',(#4372,#4402,#4421,#4422,#4423,#4444,#4465,#4493,
    #4521,#4547,#4573,#4599));
#4372 = ORIENTED_EDGE('',*,*,#4373,.F.);
#4373 = EDGE_CURVE('',#4374,#4376,#4378,.T.);
#4374 = VERTEX_POINT('',#4375);
#4375 = CARTESIAN_POINT('',(-9.4,9.,18.));
#4376 = VERTEX_POINT('',#4377);
#4377 = CARTESIAN_POINT('',(-9.4,12.5,18.));
#4378 = SURFACE_CURVE('',#4379,(#4383,#4390),.PCURVE_S1.);
#4379 = LINE('',#4380,#4381);
#4380 = CARTESIAN_POINT('',(-9.4,6.6,18.));
#4381 = VECTOR('',#4382,1.);
#4382 = DIRECTION('',(0.,1.,0.));
#4383 = PCURVE('',#849,#4384);
#4384 = DEFINITIONAL_REPRESENTATION('',(#4385),#4389);
#4385 = LINE('',#4386,#4387);
#4386 = CARTESIAN_POINT('',(0.,0.));
#4387 = VECTOR('',#4388,1.);
#4388 = DIRECTION('',(0.,1.));
#4389 = ( GEOMETRIC_REPRESENTATION_CONTEXT(2) 
PARAMETRIC_REPRESENTATION_CONTEXT() REPRESENTATION_CONTEXT('2D SPACE',''
  ) );
#4390 = PCURVE('',#4391,#4396);
#4391 = PLANE('',#4392);
#4392 = AXIS2_PLACEMENT_3D('',#4393,#4394,#4395);
#4393 = CARTESIAN_POINT('',(-9.4,6.6,14.));
#4394 = DIRECTION('',(1.,0.,0.));
#4395 = DIRECTION('',(0.,0.,1.));
#4396 = DEFINITIONAL_REPRESENTATION('',(#4397),#4401);
#4397 = LINE('',#4398,#4399);
#4398 = CARTESIAN_POINT('',(4.,0.));
#4399 = VECTOR('',#4400,1.);
#4400 = DIRECTION('',(0.,-1.));
#4401 = ( GEOMETRIC_REPRESENTATION_CONTEXT(2) 
PARAMETRIC_REPRESENTATION_CONTEXT() REPRESENTATION_CONTEXT('2D SPACE',''
  ) );
#4402 = ORIENTED_EDGE('',*,*,#4403,.T.);
#4403 = EDGE_CURVE('',#4374,#4308,#4404,.T.);
#4404 = SURFACE_CURVE('',#4405,(#4409,#4415),.PCURVE_S1.);
#4405 = LINE('',#4406,#4407);
#4406 = CARTESIAN_POINT('',(-9.7,9.,18.));
#4407 = VECTOR('',#4408,1.);
#4408 = DIRECTION('',(1.,0.,0.));
#4409 = PCURVE('',#849,#4410);
#4410 = DEFINITIONAL_REPRESENTATION('',(#4411),#4414);
#4411 = B_SPLINE_CURVE_WITH_KNOTS('',1,(#4412,#4413),.UNSPECIFIED.,.F.,
  .F.,(2,2),(0.3,3.2),.PIECEWISE_BEZIER_KNOTS.);
#4412 = CARTESIAN_POINT('',(0.,2.4));
#4413 = CARTESIAN_POINT('',(2.9,2.4));
#4414 = ( GEOMETRIC_REPRESENTATION_CONTEXT(2) 
PARAMETRIC_REPRESENTATION_CONTEXT() REPRESENTATION_CONTEXT('2D SPACE',''
  ) );
#4415 = PCURVE('',#1849,#4416);
#4416 = DEFINITIONAL_REPRESENTATION('',(#4417),#4420);
#4417 = B_SPLINE_CURVE_WITH_KNOTS('',1,(#4418,#4419),.UNSPECIFIED.,.F.,
  .F.,(2,2),(0.3,3.2),.PIECEWISE_BEZIER_KNOTS.);
#4418 = CARTESIAN_POINT('',(14.5,0.6));
#4419 = CARTESIAN_POINT('',(14.5,3.5));
#4420 = ( GEOMETRIC_REPRESENTATION_CONTEXT(2) 
PARAMETRIC_REPRESENTATION_CONTEXT() REPRESENTATION_CONTEXT('2D SPACE',''
  ) );
#4421 = ORIENTED_EDGE('',*,*,#4307,.T.);
#4422 = ORIENTED_EDGE('',*,*,#833,.T.);
#4423 = ORIENTED_EDGE('',*,*,#4424,.F.);
#4424 = EDGE_CURVE('',#4425,#834,#4427,.T.);
#4425 = VERTEX_POINT('',#4426);
#4426 = CARTESIAN_POINT('',(6.5,9.,18.));
#4427 = SURFACE_CURVE('',#4428,(#4432,#4438),.PCURVE_S1.);
#4428 = LINE('',#4429,#4430);
#4429 = CARTESIAN_POINT('',(6.5,6.6,18.));
#4430 = VECTOR('',#4431,1.);
#4431 = DIRECTION('',(0.,-1.,0.));
#4432 = PCURVE('',#849,#4433);
#4433 = DEFINITIONAL_REPRESENTATION('',(#4434),#4437);
#4434 = B_SPLINE_CURVE_WITH_KNOTS('',1,(#4435,#4436),.UNSPECIFIED.,.F.,
  .F.,(2,2),(-2.4,0.),.PIECEWISE_BEZIER_KNOTS.);
#4435 = CARTESIAN_POINT('',(15.9,2.4));
#4436 = CARTESIAN_POINT('',(15.9,0.));
#4437 = ( GEOMETRIC_REPRESENTATION_CONTEXT(2) 
PARAMETRIC_REPRESENTATION_CONTEXT() REPRESENTATION_CONTEXT('2D SPACE',''
  ) );
#4438 = PCURVE('',#877,#4439);
#4439 = DEFINITIONAL_REPRESENTATION('',(#4440),#4443);
#4440 = B_SPLINE_CURVE_WITH_KNOTS('',1,(#4441,#4442),.UNSPECIFIED.,.F.,
  .F.,(2,2),(-2.4,0.),.PIECEWISE_BEZIER_KNOTS.);
#4441 = CARTESIAN_POINT('',(14.5,-2.4));
#4442 = CARTESIAN_POINT('',(14.5,0.));
#4443 = ( GEOMETRIC_REPRESENTATION_CONTEXT(2) 
PARAMETRIC_REPRESENTATION_CONTEXT() REPRESENTATION_CONTEXT('2D SPACE',''
  ) );
#4444 = ORIENTED_EDGE('',*,*,#4445,.T.);
#4445 = EDGE_CURVE('',#4425,#4446,#4448,.T.);
#4446 = VERTEX_POINT('',#4447);
#4447 = CARTESIAN_POINT('',(9.4,9.,18.));
#4448 = SURFACE_CURVE('',#4449,(#4453,#4459),.PCURVE_S1.);
#4449 = LINE('',#4450,#4451);
#4450 = CARTESIAN_POINT('',(-1.45,9.,18.));
#4451 = VECTOR('',#4452,1.);
#4452 = DIRECTION('',(1.,0.,0.));
#4453 = PCURVE('',#849,#4454);
#4454 = DEFINITIONAL_REPRESENTATION('',(#4455),#4458);
#4455 = B_SPLINE_CURVE_WITH_KNOTS('',1,(#4456,#4457),.UNSPECIFIED.,.F.,
  .F.,(2,2),(7.95,10.85),.PIECEWISE_BEZIER_KNOTS.);
#4456 = CARTESIAN_POINT('',(15.9,2.4));
#4457 = CARTESIAN_POINT('',(18.8,2.4));
#4458 = ( GEOMETRIC_REPRESENTATION_CONTEXT(2) 
PARAMETRIC_REPRESENTATION_CONTEXT() REPRESENTATION_CONTEXT('2D SPACE',''
  ) );
#4459 = PCURVE('',#1922,#4460);
#4460 = DEFINITIONAL_REPRESENTATION('',(#4461),#4464);
#4461 = B_SPLINE_CURVE_WITH_KNOTS('',1,(#4462,#4463),.UNSPECIFIED.,.F.,
  .F.,(2,2),(7.95,10.85),.PIECEWISE_BEZIER_KNOTS.);
#4462 = CARTESIAN_POINT('',(14.5,0.));
#4463 = CARTESIAN_POINT('',(14.5,2.9));
#4464 = ( GEOMETRIC_REPRESENTATION_CONTEXT(2) 
PARAMETRIC_REPRESENTATION_CONTEXT() REPRESENTATION_CONTEXT('2D SPACE',''
  ) );
#4465 = ORIENTED_EDGE('',*,*,#4466,.T.);
#4466 = EDGE_CURVE('',#4446,#4467,#4469,.T.);
#4467 = VERTEX_POINT('',#4468);
#4468 = CARTESIAN_POINT('',(9.4,12.5,18.));
#4469 = SURFACE_CURVE('',#4470,(#4474,#4481),.PCURVE_S1.);
#4470 = LINE('',#4471,#4472);
#4471 = CARTESIAN_POINT('',(9.4,6.6,18.));
#4472 = VECTOR('',#4473,1.);
#4473 = DIRECTION('',(0.,1.,0.));
#4474 = PCURVE('',#849,#4475);
#4475 = DEFINITIONAL_REPRESENTATION('',(#4476),#4480);
#4476 = LINE('',#4477,#4478);
#4477 = CARTESIAN_POINT('',(18.8,0.));
#4478 = VECTOR('',#4479,1.);
#4479 = DIRECTION('',(0.,1.));
#4480 = ( GEOMETRIC_REPRESENTATION_CONTEXT(2) 
PARAMETRIC_REPRESENTATION_CONTEXT() REPRESENTATION_CONTEXT('2D SPACE',''
  ) );
#4481 = PCURVE('',#4482,#4487);
#4482 = PLANE('',#4483);
#4483 = AXIS2_PLACEMENT_3D('',#4484,#4485,#4486);
#4484 = CARTESIAN_POINT('',(9.4,6.6,14.));
#4485 = DIRECTION('',(1.,0.,0.));
#4486 = DIRECTION('',(0.,0.,1.));
#4487 = DEFINITIONAL_REPRESENTATION('',(#4488),#4492);
#4488 = LINE('',#4489,#4490);
#4489 = CARTESIAN_POINT('',(4.,0.));
#4490 = VECTOR('',#4491,1.);
#4491 = DIRECTION('',(0.,-1.));
#4492 = ( GEOMETRIC_REPRESENTATION_CONTEXT(2) 
PARAMETRIC_REPRESENTATION_CONTEXT() REPRESENTATION_CONTEXT('2D SPACE',''
  ) );
#4493 = ORIENTED_EDGE('',*,*,#4494,.F.);
#4494 = EDGE_CURVE('',#4495,#4467,#4497,.T.);
#4495 = VERTEX_POINT('',#4496);
#4496 = CARTESIAN_POINT('',(6.15,12.5,18.));
#4497 = SURFACE_CURVE('',#4498,(#4502,#4509),.PCURVE_S1.);
#4498 = LINE('',#4499,#4500);
#4499 = CARTESIAN_POINT('',(-9.4,12.5,18.));
#4500 = VECTOR('',#4501,1.);
#4501 = DIRECTION('',(1.,0.,0.));
#4502 = PCURVE('',#849,#4503);
#4503 = DEFINITIONAL_REPRESENTATION('',(#4504),#4508);
#4504 = LINE('',#4505,#4506);
#4505 = CARTESIAN_POINT('',(0.,5.9));
#4506 = VECTOR('',#4507,1.);
#4507 = DIRECTION('',(1.,0.));
#4508 = ( GEOMETRIC_REPRESENTATION_CONTEXT(2) 
PARAMETRIC_REPRESENTATION_CONTEXT() REPRESENTATION_CONTEXT('2D SPACE',''
  ) );
#4509 = PCURVE('',#4510,#4515);
#4510 = PLANE('',#4511);
#4511 = AXIS2_PLACEMENT_3D('',#4512,#4513,#4514);
#4512 = CARTESIAN_POINT('',(-9.4,12.5,14.));
#4513 = DIRECTION('',(0.,1.,0.));
#4514 = DIRECTION('',(0.,0.,1.));
#4515 = DEFINITIONAL_REPRESENTATION('',(#4516),#4520);
#4516 = LINE('',#4517,#4518);
#4517 = CARTESIAN_POINT('',(4.,0.));
#4518 = VECTOR('',#4519,1.);
#4519 = DIRECTION('',(0.,1.));
#4520 = ( GEOMETRIC_REPRESENTATION_CONTEXT(2) 
PARAMETRIC_REPRESENTATION_CONTEXT() REPRESENTATION_CONTEXT('2D SPACE',''
  ) );
#4521 = ORIENTED_EDGE('',*,*,#4522,.F.);
#4522 = EDGE_CURVE('',#4523,#4495,#4525,.T.);
#4523 = VERTEX_POINT('',#4524);
#4524 = CARTESIAN_POINT('',(6.15,8.45,18.));
#4525 = SURFACE_CURVE('',#4526,(#4530,#4536),.PCURVE_S1.);
#4526 = LINE('',#4527,#4528);
#4527 = CARTESIAN_POINT('',(6.15,7.525,18.));
#4528 = VECTOR('',#4529,1.);
#4529 = DIRECTION('',(0.,1.,0.));
#4530 = PCURVE('',#849,#4531);
#4531 = DEFINITIONAL_REPRESENTATION('',(#4532),#4535);
#4532 = B_SPLINE_CURVE_WITH_KNOTS('',1,(#4533,#4534),.UNSPECIFIED.,.F.,
  .F.,(2,2),(0.925,4.975),.PIECEWISE_BEZIER_KNOTS.);
#4533 = CARTESIAN_POINT('',(15.55,1.85));
#4534 = CARTESIAN_POINT('',(15.55,5.9));
#4535 = ( GEOMETRIC_REPRESENTATION_CONTEXT(2) 
PARAMETRIC_REPRESENTATION_CONTEXT() REPRESENTATION_CONTEXT('2D SPACE',''
  ) );
#4536 = PCURVE('',#4537,#4542);
#4537 = PLANE('',#4538);
#4538 = AXIS2_PLACEMENT_3D('',#4539,#4540,#4541);
#4539 = CARTESIAN_POINT('',(6.15,8.45,13.));
#4540 = DIRECTION('',(1.,0.,0.));
#4541 = DIRECTION('',(0.,0.,1.));
#4542 = DEFINITIONAL_REPRESENTATION('',(#4543),#4546);
#4543 = B_SPLINE_CURVE_WITH_KNOTS('',1,(#4544,#4545),.UNSPECIFIED.,.F.,
  .F.,(2,2),(0.925,4.975),.PIECEWISE_BEZIER_KNOTS.);
#4544 = CARTESIAN_POINT('',(5.,0.));
#4545 = CARTESIAN_POINT('',(5.,-4.05));
#4546 = ( GEOMETRIC_REPRESENTATION_CONTEXT(2) 
PARAMETRIC_REPRESENTATION_CONTEXT() REPRESENTATION_CONTEXT('2D SPACE',''
  ) );
#4547 = ORIENTED_EDGE('',*,*,#4548,.T.);
#4548 = EDGE_CURVE('',#4523,#4549,#4551,.T.);
#4549 = VERTEX_POINT('',#4550);
#4550 = CARTESIAN_POINT('',(-6.15,8.45,18.));
#4551 = SURFACE_CURVE('',#4552,(#4556,#4562),.PCURVE_S1.);
#4552 = LINE('',#4553,#4554);
#4553 = CARTESIAN_POINT('',(-7.775,8.45,18.));
#4554 = VECTOR('',#4555,1.);
#4555 = DIRECTION('',(-1.,0.,0.));
#4556 = PCURVE('',#849,#4557);
#4557 = DEFINITIONAL_REPRESENTATION('',(#4558),#4561);
#4558 = B_SPLINE_CURVE_WITH_KNOTS('',1,(#4559,#4560),.UNSPECIFIED.,.F.,
  .F.,(2,2),(-13.925,-1.625),.PIECEWISE_BEZIER_KNOTS.);
#4559 = CARTESIAN_POINT('',(15.55,1.85));
#4560 = CARTESIAN_POINT('',(3.25,1.85));
#4561 = ( GEOMETRIC_REPRESENTATION_CONTEXT(2) 
PARAMETRIC_REPRESENTATION_CONTEXT() REPRESENTATION_CONTEXT('2D SPACE',''
  ) );
#4562 = PCURVE('',#4563,#4568);
#4563 = PLANE('',#4564);
#4564 = AXIS2_PLACEMENT_3D('',#4565,#4566,#4567);
#4565 = CARTESIAN_POINT('',(-6.15,8.45,13.));
#4566 = DIRECTION('',(0.,1.,0.));
#4567 = DIRECTION('',(0.,0.,1.));
#4568 = DEFINITIONAL_REPRESENTATION('',(#4569),#4572);
#4569 = B_SPLINE_CURVE_WITH_KNOTS('',1,(#4570,#4571),.UNSPECIFIED.,.F.,
  .F.,(2,2),(-13.925,-1.625),.PIECEWISE_BEZIER_KNOTS.);
#4570 = CARTESIAN_POINT('',(5.,12.3));
#4571 = CARTESIAN_POINT('',(5.,0.));
#4572 = ( GEOMETRIC_REPRESENTATION_CONTEXT(2) 
PARAMETRIC_REPRESENTATION_CONTEXT() REPRESENTATION_CONTEXT('2D SPACE',''
  ) );
#4573 = ORIENTED_EDGE('',*,*,#4574,.T.);
#4574 = EDGE_CURVE('',#4549,#4575,#4577,.T.);
#4575 = VERTEX_POINT('',#4576);
#4576 = CARTESIAN_POINT('',(-6.15,12.5,18.));
#4577 = SURFACE_CURVE('',#4578,(#4582,#4588),.PCURVE_S1.);
#4578 = LINE('',#4579,#4580);
#4579 = CARTESIAN_POINT('',(-6.15,7.525,18.));
#4580 = VECTOR('',#4581,1.);
#4581 = DIRECTION('',(0.,1.,0.));
#4582 = PCURVE('',#849,#4583);
#4583 = DEFINITIONAL_REPRESENTATION('',(#4584),#4587);
#4584 = B_SPLINE_CURVE_WITH_KNOTS('',1,(#4585,#4586),.UNSPECIFIED.,.F.,
  .F.,(2,2),(0.925,4.975),.PIECEWISE_BEZIER_KNOTS.);
#4585 = CARTESIAN_POINT('',(3.25,1.85));
#4586 = CARTESIAN_POINT('',(3.25,5.9));
#4587 = ( GEOMETRIC_REPRESENTATION_CONTEXT(2) 
PARAMETRIC_REPRESENTATION_CONTEXT() REPRESENTATION_CONTEXT('2D SPACE',''
  ) );
#4588 = PCURVE('',#4589,#4594);
#4589 = PLANE('',#4590);
#4590 = AXIS2_PLACEMENT_3D('',#4591,#4592,#4593);
#4591 = CARTESIAN_POINT('',(-6.15,8.45,13.));
#4592 = DIRECTION('',(1.,0.,0.));
#4593 = DIRECTION('',(0.,0.,1.));
#4594 = DEFINITIONAL_REPRESENTATION('',(#4595),#4598);
#4595 = B_SPLINE_CURVE_WITH_KNOTS('',1,(#4596,#4597),.UNSPECIFIED.,.F.,
  .F.,(2,2),(0.925,4.975),.PIECEWISE_BEZIER_KNOTS.);
#4596 = CARTESIAN_POINT('',(5.,0.));
#4597 = CARTESIAN_POINT('',(5.,-4.05));
#4598 = ( GEOMETRIC_REPRESENTATION_CONTEXT(2) 
PARAMETRIC_REPRESENTATION_CONTEXT() REPRESENTATION_CONTEXT('2D SPACE',''
  ) );
#4599 = ORIENTED_EDGE('',*,*,#4600,.F.);
#4600 = EDGE_CURVE('',#4376,#4575,#4601,.T.);
#4601 = SURFACE_CURVE('',#4602,(#4606,#4613),.PCURVE_S1.);
#4602 = LINE('',#4603,#4604);
#4603 = CARTESIAN_POINT('',(-9.4,12.5,18.));
#4604 = VECTOR('',#4605,1.);
#4605 = DIRECTION('',(1.,0.,0.));
#4606 = PCURVE('',#849,#4607);
#4607 = DEFINITIONAL_REPRESENTATION('',(#4608),#4612);
#4608 = LINE('',#4609,#4610);
#4609 = CARTESIAN_POINT('',(0.,5.9));
#4610 = VECTOR('',#4611,1.);
#4611 = DIRECTION('',(1.,0.));
#4612 = ( GEOMETRIC_REPRESENTATION_CONTEXT(2) 
PARAMETRIC_REPRESENTATION_CONTEXT() REPRESENTATION_CONTEXT('2D SPACE',''
  ) );
#4613 = PCURVE('',#4614,#4619);
#4614 = PLANE('',#4615);
#4615 = AXIS2_PLACEMENT_3D('',#4616,#4617,#4618);
#4616 = CARTESIAN_POINT('',(-9.4,12.5,14.));
#4617 = DIRECTION('',(0.,1.,0.));
#4618 = DIRECTION('',(0.,0.,1.));
#4619 = DEFINITIONAL_REPRESENTATION('',(#4620),#4624);
#4620 = LINE('',#4621,#4622);
#4621 = CARTESIAN_POINT('',(4.,0.));
#4622 = VECTOR('',#4623,1.);
#4623 = DIRECTION('',(0.,1.));
#4624 = ( GEOMETRIC_REPRESENTATION_CONTEXT(2) 
PARAMETRIC_REPRESENTATION_CONTEXT() REPRESENTATION_CONTEXT('2D SPACE',''
  ) );
#4625 = ADVANCED_FACE('',(#4626),#877,.F.);
#4626 = FACE_BOUND('',#4627,.F.);
#4627 = EDGE_LOOP('',(#4628,#4629,#4630,#4653));
#4628 = ORIENTED_EDGE('',*,*,#861,.F.);
#4629 = ORIENTED_EDGE('',*,*,#4424,.F.);
#4630 = ORIENTED_EDGE('',*,*,#4631,.T.);
#4631 = EDGE_CURVE('',#4425,#4632,#4634,.T.);
#4632 = VERTEX_POINT('',#4633);
#4633 = CARTESIAN_POINT('',(6.5,9.,20.));
#4634 = SURFACE_CURVE('',#4635,(#4639,#4646),.PCURVE_S1.);
#4635 = LINE('',#4636,#4637);
#4636 = CARTESIAN_POINT('',(6.5,9.,3.5));
#4637 = VECTOR('',#4638,1.);
#4638 = DIRECTION('',(0.,0.,1.));
#4639 = PCURVE('',#877,#4640);
#4640 = DEFINITIONAL_REPRESENTATION('',(#4641),#4645);
#4641 = LINE('',#4642,#4643);
#4642 = CARTESIAN_POINT('',(0.,-2.4));
#4643 = VECTOR('',#4644,1.);
#4644 = DIRECTION('',(1.,0.));
#4645 = ( GEOMETRIC_REPRESENTATION_CONTEXT(2) 
PARAMETRIC_REPRESENTATION_CONTEXT() REPRESENTATION_CONTEXT('2D SPACE',''
  ) );
#4646 = PCURVE('',#1922,#4647);
#4647 = DEFINITIONAL_REPRESENTATION('',(#4648),#4652);
#4648 = LINE('',#4649,#4650);
#4649 = CARTESIAN_POINT('',(0.,0.));
#4650 = VECTOR('',#4651,1.);
#4651 = DIRECTION('',(1.,0.));
#4652 = ( GEOMETRIC_REPRESENTATION_CONTEXT(2) 
PARAMETRIC_REPRESENTATION_CONTEXT() REPRESENTATION_CONTEXT('2D SPACE',''
  ) );
#4653 = ORIENTED_EDGE('',*,*,#4654,.T.);
#4654 = EDGE_CURVE('',#4632,#862,#4655,.T.);
#4655 = SURFACE_CURVE('',#4656,(#4660,#4666),.PCURVE_S1.);
#4656 = LINE('',#4657,#4658);
#4657 = CARTESIAN_POINT('',(6.5,6.6,20.));
#4658 = VECTOR('',#4659,1.);
#4659 = DIRECTION('',(0.,-1.,0.));
#4660 = PCURVE('',#877,#4661);
#4661 = DEFINITIONAL_REPRESENTATION('',(#4662),#4665);
#4662 = B_SPLINE_CURVE_WITH_KNOTS('',1,(#4663,#4664),.UNSPECIFIED.,.F.,
  .F.,(2,2),(-2.4,0.),.PIECEWISE_BEZIER_KNOTS.);
#4663 = CARTESIAN_POINT('',(16.5,-2.4));
#4664 = CARTESIAN_POINT('',(16.5,0.));
#4665 = ( GEOMETRIC_REPRESENTATION_CONTEXT(2) 
PARAMETRIC_REPRESENTATION_CONTEXT() REPRESENTATION_CONTEXT('2D SPACE',''
  ) );
#4666 = PCURVE('',#903,#4667);
#4667 = DEFINITIONAL_REPRESENTATION('',(#4668),#4671);
#4668 = B_SPLINE_CURVE_WITH_KNOTS('',1,(#4669,#4670),.UNSPECIFIED.,.F.,
  .F.,(2,2),(-2.4,0.),.PIECEWISE_BEZIER_KNOTS.);
#4669 = CARTESIAN_POINT('',(15.9,2.4));
#4670 = CARTESIAN_POINT('',(15.9,0.));
#4671 = ( GEOMETRIC_REPRESENTATION_CONTEXT(2) 
PARAMETRIC_REPRESENTATION_CONTEXT() REPRESENTATION_CONTEXT('2D SPACE',''
  ) );
#4672 = ADVANCED_FACE('',(#4673),#903,.F.);
#4673 = FACE_BOUND('',#4674,.F.);
#4674 = EDGE_LOOP('',(#4675,#4700,#4719,#4720,#4721,#4722,#4743,#4766,
    #4789,#4810,#4831,#4852));
#4675 = ORIENTED_EDGE('',*,*,#4676,.F.);
#4676 = EDGE_CURVE('',#4677,#4679,#4681,.T.);
#4677 = VERTEX_POINT('',#4678);
#4678 = CARTESIAN_POINT('',(-9.4,9.,20.));
#4679 = VERTEX_POINT('',#4680);
#4680 = CARTESIAN_POINT('',(-9.4,12.5,20.));
#4681 = SURFACE_CURVE('',#4682,(#4686,#4693),.PCURVE_S1.);
#4682 = LINE('',#4683,#4684);
#4683 = CARTESIAN_POINT('',(-9.4,6.6,20.));
#4684 = VECTOR('',#4685,1.);
#4685 = DIRECTION('',(0.,1.,0.));
#4686 = PCURVE('',#903,#4687);
#4687 = DEFINITIONAL_REPRESENTATION('',(#4688),#4692);
#4688 = LINE('',#4689,#4690);
#4689 = CARTESIAN_POINT('',(0.,0.));
#4690 = VECTOR('',#4691,1.);
#4691 = DIRECTION('',(0.,1.));
#4692 = ( GEOMETRIC_REPRESENTATION_CONTEXT(2) 
PARAMETRIC_REPRESENTATION_CONTEXT() REPRESENTATION_CONTEXT('2D SPACE',''
  ) );
#4693 = PCURVE('',#3116,#4694);
#4694 = DEFINITIONAL_REPRESENTATION('',(#4695),#4699);
#4695 = LINE('',#4696,#4697);
#4696 = CARTESIAN_POINT('',(0.,0.));
#4697 = VECTOR('',#4698,1.);
#4698 = DIRECTION('',(0.,-1.));
#4699 = ( GEOMETRIC_REPRESENTATION_CONTEXT(2) 
PARAMETRIC_REPRESENTATION_CONTEXT() REPRESENTATION_CONTEXT('2D SPACE',''
  ) );
#4700 = ORIENTED_EDGE('',*,*,#4701,.T.);
#4701 = EDGE_CURVE('',#4677,#4329,#4702,.T.);
#4702 = SURFACE_CURVE('',#4703,(#4707,#4713),.PCURVE_S1.);
#4703 = LINE('',#4704,#4705);
#4704 = CARTESIAN_POINT('',(-9.7,9.,20.));
#4705 = VECTOR('',#4706,1.);
#4706 = DIRECTION('',(1.,0.,0.));
#4707 = PCURVE('',#903,#4708);
#4708 = DEFINITIONAL_REPRESENTATION('',(#4709),#4712);
#4709 = B_SPLINE_CURVE_WITH_KNOTS('',1,(#4710,#4711),.UNSPECIFIED.,.F.,
  .F.,(2,2),(0.3,3.2),.PIECEWISE_BEZIER_KNOTS.);
#4710 = CARTESIAN_POINT('',(0.,2.4));
#4711 = CARTESIAN_POINT('',(2.9,2.4));
#4712 = ( GEOMETRIC_REPRESENTATION_CONTEXT(2) 
PARAMETRIC_REPRESENTATION_CONTEXT() REPRESENTATION_CONTEXT('2D SPACE',''
  ) );
#4713 = PCURVE('',#1849,#4714);
#4714 = DEFINITIONAL_REPRESENTATION('',(#4715),#4718);
#4715 = B_SPLINE_CURVE_WITH_KNOTS('',1,(#4716,#4717),.UNSPECIFIED.,.F.,
  .F.,(2,2),(0.3,3.2),.PIECEWISE_BEZIER_KNOTS.);
#4716 = CARTESIAN_POINT('',(16.5,0.6));
#4717 = CARTESIAN_POINT('',(16.5,3.5));
#4718 = ( GEOMETRIC_REPRESENTATION_CONTEXT(2) 
PARAMETRIC_REPRESENTATION_CONTEXT() REPRESENTATION_CONTEXT('2D SPACE',''
  ) );
#4719 = ORIENTED_EDGE('',*,*,#4351,.T.);
#4720 = ORIENTED_EDGE('',*,*,#889,.T.);
#4721 = ORIENTED_EDGE('',*,*,#4654,.F.);
#4722 = ORIENTED_EDGE('',*,*,#4723,.T.);
#4723 = EDGE_CURVE('',#4632,#4724,#4726,.T.);
#4724 = VERTEX_POINT('',#4725);
#4725 = CARTESIAN_POINT('',(9.4,9.,20.));
#4726 = SURFACE_CURVE('',#4727,(#4731,#4737),.PCURVE_S1.);
#4727 = LINE('',#4728,#4729);
#4728 = CARTESIAN_POINT('',(-1.45,9.,20.));
#4729 = VECTOR('',#4730,1.);
#4730 = DIRECTION('',(1.,0.,0.));
#4731 = PCURVE('',#903,#4732);
#4732 = DEFINITIONAL_REPRESENTATION('',(#4733),#4736);
#4733 = B_SPLINE_CURVE_WITH_KNOTS('',1,(#4734,#4735),.UNSPECIFIED.,.F.,
  .F.,(2,2),(7.95,10.85),.PIECEWISE_BEZIER_KNOTS.);
#4734 = CARTESIAN_POINT('',(15.9,2.4));
#4735 = CARTESIAN_POINT('',(18.8,2.4));
#4736 = ( GEOMETRIC_REPRESENTATION_CONTEXT(2) 
PARAMETRIC_REPRESENTATION_CONTEXT() REPRESENTATION_CONTEXT('2D SPACE',''
  ) );
#4737 = PCURVE('',#1922,#4738);
#4738 = DEFINITIONAL_REPRESENTATION('',(#4739),#4742);
#4739 = B_SPLINE_CURVE_WITH_KNOTS('',1,(#4740,#4741),.UNSPECIFIED.,.F.,
  .F.,(2,2),(7.95,10.85),.PIECEWISE_BEZIER_KNOTS.);
#4740 = CARTESIAN_POINT('',(16.5,0.));
#4741 = CARTESIAN_POINT('',(16.5,2.9));
#4742 = ( GEOMETRIC_REPRESENTATION_CONTEXT(2) 
PARAMETRIC_REPRESENTATION_CONTEXT() REPRESENTATION_CONTEXT('2D SPACE',''
  ) );
#4743 = ORIENTED_EDGE('',*,*,#4744,.T.);
#4744 = EDGE_CURVE('',#4724,#4745,#4747,.T.);
#4745 = VERTEX_POINT('',#4746);
#4746 = CARTESIAN_POINT('',(9.4,12.5,20.));
#4747 = SURFACE_CURVE('',#4748,(#4752,#4759),.PCURVE_S1.);
#4748 = LINE('',#4749,#4750);
#4749 = CARTESIAN_POINT('',(9.4,6.6,20.));
#4750 = VECTOR('',#4751,1.);
#4751 = DIRECTION('',(0.,1.,0.));
#4752 = PCURVE('',#903,#4753);
#4753 = DEFINITIONAL_REPRESENTATION('',(#4754),#4758);
#4754 = LINE('',#4755,#4756);
#4755 = CARTESIAN_POINT('',(18.8,0.));
#4756 = VECTOR('',#4757,1.);
#4757 = DIRECTION('',(0.,1.));
#4758 = ( GEOMETRIC_REPRESENTATION_CONTEXT(2) 
PARAMETRIC_REPRESENTATION_CONTEXT() REPRESENTATION_CONTEXT('2D SPACE',''
  ) );
#4759 = PCURVE('',#3207,#4760);
#4760 = DEFINITIONAL_REPRESENTATION('',(#4761),#4765);
#4761 = LINE('',#4762,#4763);
#4762 = CARTESIAN_POINT('',(0.,0.));
#4763 = VECTOR('',#4764,1.);
#4764 = DIRECTION('',(0.,-1.));
#4765 = ( GEOMETRIC_REPRESENTATION_CONTEXT(2) 
PARAMETRIC_REPRESENTATION_CONTEXT() REPRESENTATION_CONTEXT('2D SPACE',''
  ) );
#4766 = ORIENTED_EDGE('',*,*,#4767,.F.);
#4767 = EDGE_CURVE('',#4768,#4745,#4770,.T.);
#4768 = VERTEX_POINT('',#4769);
#4769 = CARTESIAN_POINT('',(6.15,12.5,20.));
#4770 = SURFACE_CURVE('',#4771,(#4775,#4782),.PCURVE_S1.);
#4771 = LINE('',#4772,#4773);
#4772 = CARTESIAN_POINT('',(-9.4,12.5,20.));
#4773 = VECTOR('',#4774,1.);
#4774 = DIRECTION('',(1.,0.,0.));
#4775 = PCURVE('',#903,#4776);
#4776 = DEFINITIONAL_REPRESENTATION('',(#4777),#4781);
#4777 = LINE('',#4778,#4779);
#4778 = CARTESIAN_POINT('',(0.,5.9));
#4779 = VECTOR('',#4780,1.);
#4780 = DIRECTION('',(1.,0.));
#4781 = ( GEOMETRIC_REPRESENTATION_CONTEXT(2) 
PARAMETRIC_REPRESENTATION_CONTEXT() REPRESENTATION_CONTEXT('2D SPACE',''
  ) );
#4782 = PCURVE('',#3235,#4783);
#4783 = DEFINITIONAL_REPRESENTATION('',(#4784),#4788);
#4784 = LINE('',#4785,#4786);
#4785 = CARTESIAN_POINT('',(0.,0.));
#4786 = VECTOR('',#4787,1.);
#4787 = DIRECTION('',(0.,1.));
#4788 = ( GEOMETRIC_REPRESENTATION_CONTEXT(2) 
PARAMETRIC_REPRESENTATION_CONTEXT() REPRESENTATION_CONTEXT('2D SPACE',''
  ) );
#4789 = ORIENTED_EDGE('',*,*,#4790,.F.);
#4790 = EDGE_CURVE('',#4791,#4768,#4793,.T.);
#4791 = VERTEX_POINT('',#4792);
#4792 = CARTESIAN_POINT('',(6.15,8.45,20.));
#4793 = SURFACE_CURVE('',#4794,(#4798,#4804),.PCURVE_S1.);
#4794 = LINE('',#4795,#4796);
#4795 = CARTESIAN_POINT('',(6.15,7.525,20.));
#4796 = VECTOR('',#4797,1.);
#4797 = DIRECTION('',(0.,1.,0.));
#4798 = PCURVE('',#903,#4799);
#4799 = DEFINITIONAL_REPRESENTATION('',(#4800),#4803);
#4800 = B_SPLINE_CURVE_WITH_KNOTS('',1,(#4801,#4802),.UNSPECIFIED.,.F.,
  .F.,(2,2),(0.925,4.975),.PIECEWISE_BEZIER_KNOTS.);
#4801 = CARTESIAN_POINT('',(15.55,1.85));
#4802 = CARTESIAN_POINT('',(15.55,5.9));
#4803 = ( GEOMETRIC_REPRESENTATION_CONTEXT(2) 
PARAMETRIC_REPRESENTATION_CONTEXT() REPRESENTATION_CONTEXT('2D SPACE',''
  ) );
#4804 = PCURVE('',#3262,#4805);
#4805 = DEFINITIONAL_REPRESENTATION('',(#4806),#4809);
#4806 = B_SPLINE_CURVE_WITH_KNOTS('',1,(#4807,#4808),.UNSPECIFIED.,.F.,
  .F.,(2,2),(0.925,4.975),.PIECEWISE_BEZIER_KNOTS.);
#4807 = CARTESIAN_POINT('',(1.,0.));
#4808 = CARTESIAN_POINT('',(1.,-4.05));
#4809 = ( GEOMETRIC_REPRESENTATION_CONTEXT(2) 
PARAMETRIC_REPRESENTATION_CONTEXT() REPRESENTATION_CONTEXT('2D SPACE',''
  ) );
#4810 = ORIENTED_EDGE('',*,*,#4811,.T.);
#4811 = EDGE_CURVE('',#4791,#4812,#4814,.T.);
#4812 = VERTEX_POINT('',#4813);
#4813 = CARTESIAN_POINT('',(-6.15,8.45,20.));
#4814 = SURFACE_CURVE('',#4815,(#4819,#4825),.PCURVE_S1.);
#4815 = LINE('',#4816,#4817);
#4816 = CARTESIAN_POINT('',(-7.775,8.45,20.));
#4817 = VECTOR('',#4818,1.);
#4818 = DIRECTION('',(-1.,0.,0.));
#4819 = PCURVE('',#903,#4820);
#4820 = DEFINITIONAL_REPRESENTATION('',(#4821),#4824);
#4821 = B_SPLINE_CURVE_WITH_KNOTS('',1,(#4822,#4823),.UNSPECIFIED.,.F.,
  .F.,(2,2),(-13.925,-1.625),.PIECEWISE_BEZIER_KNOTS.);
#4822 = CARTESIAN_POINT('',(15.55,1.85));
#4823 = CARTESIAN_POINT('',(3.25,1.85));
#4824 = ( GEOMETRIC_REPRESENTATION_CONTEXT(2) 
PARAMETRIC_REPRESENTATION_CONTEXT() REPRESENTATION_CONTEXT('2D SPACE',''
  ) );
#4825 = PCURVE('',#3288,#4826);
#4826 = DEFINITIONAL_REPRESENTATION('',(#4827),#4830);
#4827 = B_SPLINE_CURVE_WITH_KNOTS('',1,(#4828,#4829),.UNSPECIFIED.,.F.,
  .F.,(2,2),(-13.925,-1.625),.PIECEWISE_BEZIER_KNOTS.);
#4828 = CARTESIAN_POINT('',(1.,12.3));
#4829 = CARTESIAN_POINT('',(1.,0.));
#4830 = ( GEOMETRIC_REPRESENTATION_CONTEXT(2) 
PARAMETRIC_REPRESENTATION_CONTEXT() REPRESENTATION_CONTEXT('2D SPACE',''
  ) );
#4831 = ORIENTED_EDGE('',*,*,#4832,.T.);
#4832 = EDGE_CURVE('',#4812,#4833,#4835,.T.);
#4833 = VERTEX_POINT('',#4834);
#4834 = CARTESIAN_POINT('',(-6.15,12.5,20.));
#4835 = SURFACE_CURVE('',#4836,(#4840,#4846),.PCURVE_S1.);
#4836 = LINE('',#4837,#4838);
#4837 = CARTESIAN_POINT('',(-6.15,7.525,20.));
#4838 = VECTOR('',#4839,1.);
#4839 = DIRECTION('',(0.,1.,0.));
#4840 = PCURVE('',#903,#4841);
#4841 = DEFINITIONAL_REPRESENTATION('',(#4842),#4845);
#4842 = B_SPLINE_CURVE_WITH_KNOTS('',1,(#4843,#4844),.UNSPECIFIED.,.F.,
  .F.,(2,2),(0.925,4.975),.PIECEWISE_BEZIER_KNOTS.);
#4843 = CARTESIAN_POINT('',(3.25,1.85));
#4844 = CARTESIAN_POINT('',(3.25,5.9));
#4845 = ( GEOMETRIC_REPRESENTATION_CONTEXT(2) 
PARAMETRIC_REPRESENTATION_CONTEXT() REPRESENTATION_CONTEXT('2D SPACE',''
  ) );
#4846 = PCURVE('',#3314,#4847);
#4847 = DEFINITIONAL_REPRESENTATION('',(#4848),#4851);
#4848 = B_SPLINE_CURVE_WITH_KNOTS('',1,(#4849,#4850),.UNSPECIFIED.,.F.,
  .F.,(2,2),(0.925,4.975),.PIECEWISE_BEZIER_KNOTS.);
#4849 = CARTESIAN_POINT('',(1.,0.));
#4850 = CARTESIAN_POINT('',(1.,-4.05));
#4851 = ( GEOMETRIC_REPRESENTATION_CONTEXT(2) 
PARAMETRIC_REPRESENTATION_CONTEXT() REPRESENTATION_CONTEXT('2D SPACE',''
  ) );
#4852 = ORIENTED_EDGE('',*,*,#4853,.F.);
#4853 = EDGE_CURVE('',#4679,#4833,#4854,.T.);
#4854 = SURFACE_CURVE('',#4855,(#4859,#4866),.PCURVE_S1.);
#4855 = LINE('',#4856,#4857);
#4856 = CARTESIAN_POINT('',(-9.4,12.5,20.));
#4857 = VECTOR('',#4858,1.);
#4858 = DIRECTION('',(1.,0.,0.));
#4859 = PCURVE('',#903,#4860);
#4860 = DEFINITIONAL_REPRESENTATION('',(#4861),#4865);
#4861 = LINE('',#4862,#4863);
#4862 = CARTESIAN_POINT('',(0.,5.9));
#4863 = VECTOR('',#4864,1.);
#4864 = DIRECTION('',(1.,0.));
#4865 = ( GEOMETRIC_REPRESENTATION_CONTEXT(2) 
PARAMETRIC_REPRESENTATION_CONTEXT() REPRESENTATION_CONTEXT('2D SPACE',''
  ) );
#4866 = PCURVE('',#3339,#4867);
#4867 = DEFINITIONAL_REPRESENTATION('',(#4868),#4872);
#4868 = LINE('',#4869,#4870);
#4869 = CARTESIAN_POINT('',(0.,0.));
#4870 = VECTOR('',#4871,1.);
#4871 = DIRECTION('',(0.,1.));
#4872 = ( GEOMETRIC_REPRESENTATION_CONTEXT(2) 
PARAMETRIC_REPRESENTATION_CONTEXT() REPRESENTATION_CONTEXT('2D SPACE',''
  ) );
#4873 = ADVANCED_FACE('',(#4874),#958,.F.);
#4874 = FACE_BOUND('',#4875,.F.);
#4875 = EDGE_LOOP('',(#4876,#4877,#4878,#4901));
#4876 = ORIENTED_EDGE('',*,*,#942,.F.);
#4877 = ORIENTED_EDGE('',*,*,#1883,.T.);
#4878 = ORIENTED_EDGE('',*,*,#4879,.T.);
#4879 = EDGE_CURVE('',#1884,#4880,#4882,.T.);
#4880 = VERTEX_POINT('',#4881);
#4881 = CARTESIAN_POINT('',(6.5,9.,14.));
#4882 = SURFACE_CURVE('',#4883,(#4887,#4894),.PCURVE_S1.);
#4883 = LINE('',#4884,#4885);
#4884 = CARTESIAN_POINT('',(6.5,9.,3.5));
#4885 = VECTOR('',#4886,1.);
#4886 = DIRECTION('',(0.,0.,1.));
#4887 = PCURVE('',#958,#4888);
#4888 = DEFINITIONAL_REPRESENTATION('',(#4889),#4893);
#4889 = LINE('',#4890,#4891);
#4890 = CARTESIAN_POINT('',(0.,-2.4));
#4891 = VECTOR('',#4892,1.);
#4892 = DIRECTION('',(1.,0.));
#4893 = ( GEOMETRIC_REPRESENTATION_CONTEXT(2) 
PARAMETRIC_REPRESENTATION_CONTEXT() REPRESENTATION_CONTEXT('2D SPACE',''
  ) );
#4894 = PCURVE('',#1922,#4895);
#4895 = DEFINITIONAL_REPRESENTATION('',(#4896),#4900);
#4896 = LINE('',#4897,#4898);
#4897 = CARTESIAN_POINT('',(0.,0.));
#4898 = VECTOR('',#4899,1.);
#4899 = DIRECTION('',(1.,0.));
#4900 = ( GEOMETRIC_REPRESENTATION_CONTEXT(2) 
PARAMETRIC_REPRESENTATION_CONTEXT() REPRESENTATION_CONTEXT('2D SPACE',''
  ) );
#4901 = ORIENTED_EDGE('',*,*,#4902,.T.);
#4902 = EDGE_CURVE('',#4880,#943,#4903,.T.);
#4903 = SURFACE_CURVE('',#4904,(#4908,#4914),.PCURVE_S1.);
#4904 = LINE('',#4905,#4906);
#4905 = CARTESIAN_POINT('',(6.5,6.6,14.));
#4906 = VECTOR('',#4907,1.);
#4907 = DIRECTION('',(0.,-1.,0.));
#4908 = PCURVE('',#958,#4909);
#4909 = DEFINITIONAL_REPRESENTATION('',(#4910),#4913);
#4910 = B_SPLINE_CURVE_WITH_KNOTS('',1,(#4911,#4912),.UNSPECIFIED.,.F.,
  .F.,(2,2),(-2.4,0.),.PIECEWISE_BEZIER_KNOTS.);
#4911 = CARTESIAN_POINT('',(10.5,-2.4));
#4912 = CARTESIAN_POINT('',(10.5,0.));
#4913 = ( GEOMETRIC_REPRESENTATION_CONTEXT(2) 
PARAMETRIC_REPRESENTATION_CONTEXT() REPRESENTATION_CONTEXT('2D SPACE',''
  ) );
#4914 = PCURVE('',#986,#4915);
#4915 = DEFINITIONAL_REPRESENTATION('',(#4916),#4919);
#4916 = B_SPLINE_CURVE_WITH_KNOTS('',1,(#4917,#4918),.UNSPECIFIED.,.F.,
  .F.,(2,2),(-2.4,0.),.PIECEWISE_BEZIER_KNOTS.);
#4917 = CARTESIAN_POINT('',(15.9,2.4));
#4918 = CARTESIAN_POINT('',(15.9,0.));
#4919 = ( GEOMETRIC_REPRESENTATION_CONTEXT(2) 
PARAMETRIC_REPRESENTATION_CONTEXT() REPRESENTATION_CONTEXT('2D SPACE',''
  ) );
#4920 = ADVANCED_FACE('',(#4921),#986,.F.);
#4921 = FACE_BOUND('',#4922,.F.);
#4922 = EDGE_LOOP('',(#4923,#4948,#4969,#4988,#4989,#4990,#5011,#5034,
    #5057,#5078,#5099,#5120));
#4923 = ORIENTED_EDGE('',*,*,#4924,.F.);
#4924 = EDGE_CURVE('',#4925,#4927,#4929,.T.);
#4925 = VERTEX_POINT('',#4926);
#4926 = CARTESIAN_POINT('',(-9.4,9.,14.));
#4927 = VERTEX_POINT('',#4928);
#4928 = CARTESIAN_POINT('',(-9.4,12.5,14.));
#4929 = SURFACE_CURVE('',#4930,(#4934,#4941),.PCURVE_S1.);
#4930 = LINE('',#4931,#4932);
#4931 = CARTESIAN_POINT('',(-9.4,6.6,14.));
#4932 = VECTOR('',#4933,1.);
#4933 = DIRECTION('',(0.,1.,0.));
#4934 = PCURVE('',#986,#4935);
#4935 = DEFINITIONAL_REPRESENTATION('',(#4936),#4940);
#4936 = LINE('',#4937,#4938);
#4937 = CARTESIAN_POINT('',(0.,0.));
#4938 = VECTOR('',#4939,1.);
#4939 = DIRECTION('',(0.,1.));
#4940 = ( GEOMETRIC_REPRESENTATION_CONTEXT(2) 
PARAMETRIC_REPRESENTATION_CONTEXT() REPRESENTATION_CONTEXT('2D SPACE',''
  ) );
#4941 = PCURVE('',#4391,#4942);
#4942 = DEFINITIONAL_REPRESENTATION('',(#4943),#4947);
#4943 = LINE('',#4944,#4945);
#4944 = CARTESIAN_POINT('',(0.,0.));
#4945 = VECTOR('',#4946,1.);
#4946 = DIRECTION('',(0.,-1.));
#4947 = ( GEOMETRIC_REPRESENTATION_CONTEXT(2) 
PARAMETRIC_REPRESENTATION_CONTEXT() REPRESENTATION_CONTEXT('2D SPACE',''
  ) );
#4948 = ORIENTED_EDGE('',*,*,#4949,.T.);
#4949 = EDGE_CURVE('',#4925,#4950,#4952,.T.);
#4950 = VERTEX_POINT('',#4951);
#4951 = CARTESIAN_POINT('',(-6.5,9.,14.));
#4952 = SURFACE_CURVE('',#4953,(#4957,#4963),.PCURVE_S1.);
#4953 = LINE('',#4954,#4955);
#4954 = CARTESIAN_POINT('',(-9.7,9.,14.));
#4955 = VECTOR('',#4956,1.);
#4956 = DIRECTION('',(1.,0.,0.));
#4957 = PCURVE('',#986,#4958);
#4958 = DEFINITIONAL_REPRESENTATION('',(#4959),#4962);
#4959 = B_SPLINE_CURVE_WITH_KNOTS('',1,(#4960,#4961),.UNSPECIFIED.,.F.,
  .F.,(2,2),(0.3,3.2),.PIECEWISE_BEZIER_KNOTS.);
#4960 = CARTESIAN_POINT('',(0.,2.4));
#4961 = CARTESIAN_POINT('',(2.9,2.4));
#4962 = ( GEOMETRIC_REPRESENTATION_CONTEXT(2) 
PARAMETRIC_REPRESENTATION_CONTEXT() REPRESENTATION_CONTEXT('2D SPACE',''
  ) );
#4963 = PCURVE('',#1849,#4964);
#4964 = DEFINITIONAL_REPRESENTATION('',(#4965),#4968);
#4965 = B_SPLINE_CURVE_WITH_KNOTS('',1,(#4966,#4967),.UNSPECIFIED.,.F.,
  .F.,(2,2),(0.3,3.2),.PIECEWISE_BEZIER_KNOTS.);
#4966 = CARTESIAN_POINT('',(10.5,0.6));
#4967 = CARTESIAN_POINT('',(10.5,3.5));
#4968 = ( GEOMETRIC_REPRESENTATION_CONTEXT(2) 
PARAMETRIC_REPRESENTATION_CONTEXT() REPRESENTATION_CONTEXT('2D SPACE',''
  ) );
#4969 = ORIENTED_EDGE('',*,*,#4970,.T.);
#4970 = EDGE_CURVE('',#4950,#971,#4971,.T.);
#4971 = SURFACE_CURVE('',#4972,(#4976,#4982),.PCURVE_S1.);
#4972 = LINE('',#4973,#4974);
#4973 = CARTESIAN_POINT('',(-6.5,6.6,14.));
#4974 = VECTOR('',#4975,1.);
#4975 = DIRECTION('',(0.,-1.,0.));
#4976 = PCURVE('',#986,#4977);
#4977 = DEFINITIONAL_REPRESENTATION('',(#4978),#4981);
#4978 = B_SPLINE_CURVE_WITH_KNOTS('',1,(#4979,#4980),.UNSPECIFIED.,.F.,
  .F.,(2,2),(-2.4,0.),.PIECEWISE_BEZIER_KNOTS.);
#4979 = CARTESIAN_POINT('',(2.9,2.4));
#4980 = CARTESIAN_POINT('',(2.9,0.));
#4981 = ( GEOMETRIC_REPRESENTATION_CONTEXT(2) 
PARAMETRIC_REPRESENTATION_CONTEXT() REPRESENTATION_CONTEXT('2D SPACE',''
  ) );
#4982 = PCURVE('',#1012,#4983);
#4983 = DEFINITIONAL_REPRESENTATION('',(#4984),#4987);
#4984 = B_SPLINE_CURVE_WITH_KNOTS('',1,(#4985,#4986),.UNSPECIFIED.,.F.,
  .F.,(2,2),(-2.4,0.),.PIECEWISE_BEZIER_KNOTS.);
#4985 = CARTESIAN_POINT('',(10.5,-2.4));
#4986 = CARTESIAN_POINT('',(10.5,0.));
#4987 = ( GEOMETRIC_REPRESENTATION_CONTEXT(2) 
PARAMETRIC_REPRESENTATION_CONTEXT() REPRESENTATION_CONTEXT('2D SPACE',''
  ) );
#4988 = ORIENTED_EDGE('',*,*,#970,.T.);
#4989 = ORIENTED_EDGE('',*,*,#4902,.F.);
#4990 = ORIENTED_EDGE('',*,*,#4991,.T.);
#4991 = EDGE_CURVE('',#4880,#4992,#4994,.T.);
#4992 = VERTEX_POINT('',#4993);
#4993 = CARTESIAN_POINT('',(9.4,9.,14.));
#4994 = SURFACE_CURVE('',#4995,(#4999,#5005),.PCURVE_S1.);
#4995 = LINE('',#4996,#4997);
#4996 = CARTESIAN_POINT('',(-1.45,9.,14.));
#4997 = VECTOR('',#4998,1.);
#4998 = DIRECTION('',(1.,0.,0.));
#4999 = PCURVE('',#986,#5000);
#5000 = DEFINITIONAL_REPRESENTATION('',(#5001),#5004);
#5001 = B_SPLINE_CURVE_WITH_KNOTS('',1,(#5002,#5003),.UNSPECIFIED.,.F.,
  .F.,(2,2),(7.95,10.85),.PIECEWISE_BEZIER_KNOTS.);
#5002 = CARTESIAN_POINT('',(15.9,2.4));
#5003 = CARTESIAN_POINT('',(18.8,2.4));
#5004 = ( GEOMETRIC_REPRESENTATION_CONTEXT(2) 
PARAMETRIC_REPRESENTATION_CONTEXT() REPRESENTATION_CONTEXT('2D SPACE',''
  ) );
#5005 = PCURVE('',#1922,#5006);
#5006 = DEFINITIONAL_REPRESENTATION('',(#5007),#5010);
#5007 = B_SPLINE_CURVE_WITH_KNOTS('',1,(#5008,#5009),.UNSPECIFIED.,.F.,
  .F.,(2,2),(7.95,10.85),.PIECEWISE_BEZIER_KNOTS.);
#5008 = CARTESIAN_POINT('',(10.5,0.));
#5009 = CARTESIAN_POINT('',(10.5,2.9));
#5010 = ( GEOMETRIC_REPRESENTATION_CONTEXT(2) 
PARAMETRIC_REPRESENTATION_CONTEXT() REPRESENTATION_CONTEXT('2D SPACE',''
  ) );
#5011 = ORIENTED_EDGE('',*,*,#5012,.T.);
#5012 = EDGE_CURVE('',#4992,#5013,#5015,.T.);
#5013 = VERTEX_POINT('',#5014);
#5014 = CARTESIAN_POINT('',(9.4,12.5,14.));
#5015 = SURFACE_CURVE('',#5016,(#5020,#5027),.PCURVE_S1.);
#5016 = LINE('',#5017,#5018);
#5017 = CARTESIAN_POINT('',(9.4,6.6,14.));
#5018 = VECTOR('',#5019,1.);
#5019 = DIRECTION('',(0.,1.,0.));
#5020 = PCURVE('',#986,#5021);
#5021 = DEFINITIONAL_REPRESENTATION('',(#5022),#5026);
#5022 = LINE('',#5023,#5024);
#5023 = CARTESIAN_POINT('',(18.8,0.));
#5024 = VECTOR('',#5025,1.);
#5025 = DIRECTION('',(0.,1.));
#5026 = ( GEOMETRIC_REPRESENTATION_CONTEXT(2) 
PARAMETRIC_REPRESENTATION_CONTEXT() REPRESENTATION_CONTEXT('2D SPACE',''
  ) );
#5027 = PCURVE('',#4482,#5028);
#5028 = DEFINITIONAL_REPRESENTATION('',(#5029),#5033);
#5029 = LINE('',#5030,#5031);
#5030 = CARTESIAN_POINT('',(0.,0.));
#5031 = VECTOR('',#5032,1.);
#5032 = DIRECTION('',(0.,-1.));
#5033 = ( GEOMETRIC_REPRESENTATION_CONTEXT(2) 
PARAMETRIC_REPRESENTATION_CONTEXT() REPRESENTATION_CONTEXT('2D SPACE',''
  ) );
#5034 = ORIENTED_EDGE('',*,*,#5035,.F.);
#5035 = EDGE_CURVE('',#5036,#5013,#5038,.T.);
#5036 = VERTEX_POINT('',#5037);
#5037 = CARTESIAN_POINT('',(6.15,12.5,14.));
#5038 = SURFACE_CURVE('',#5039,(#5043,#5050),.PCURVE_S1.);
#5039 = LINE('',#5040,#5041);
#5040 = CARTESIAN_POINT('',(-9.4,12.5,14.));
#5041 = VECTOR('',#5042,1.);
#5042 = DIRECTION('',(1.,0.,0.));
#5043 = PCURVE('',#986,#5044);
#5044 = DEFINITIONAL_REPRESENTATION('',(#5045),#5049);
#5045 = LINE('',#5046,#5047);
#5046 = CARTESIAN_POINT('',(0.,5.9));
#5047 = VECTOR('',#5048,1.);
#5048 = DIRECTION('',(1.,0.));
#5049 = ( GEOMETRIC_REPRESENTATION_CONTEXT(2) 
PARAMETRIC_REPRESENTATION_CONTEXT() REPRESENTATION_CONTEXT('2D SPACE',''
  ) );
#5050 = PCURVE('',#4510,#5051);
#5051 = DEFINITIONAL_REPRESENTATION('',(#5052),#5056);
#5052 = LINE('',#5053,#5054);
#5053 = CARTESIAN_POINT('',(0.,0.));
#5054 = VECTOR('',#5055,1.);
#5055 = DIRECTION('',(0.,1.));
#5056 = ( GEOMETRIC_REPRESENTATION_CONTEXT(2) 
PARAMETRIC_REPRESENTATION_CONTEXT() REPRESENTATION_CONTEXT('2D SPACE',''
  ) );
#5057 = ORIENTED_EDGE('',*,*,#5058,.F.);
#5058 = EDGE_CURVE('',#5059,#5036,#5061,.T.);
#5059 = VERTEX_POINT('',#5060);
#5060 = CARTESIAN_POINT('',(6.15,8.45,14.));
#5061 = SURFACE_CURVE('',#5062,(#5066,#5072),.PCURVE_S1.);
#5062 = LINE('',#5063,#5064);
#5063 = CARTESIAN_POINT('',(6.15,7.525,14.));
#5064 = VECTOR('',#5065,1.);
#5065 = DIRECTION('',(0.,1.,0.));
#5066 = PCURVE('',#986,#5067);
#5067 = DEFINITIONAL_REPRESENTATION('',(#5068),#5071);
#5068 = B_SPLINE_CURVE_WITH_KNOTS('',1,(#5069,#5070),.UNSPECIFIED.,.F.,
  .F.,(2,2),(0.925,4.975),.PIECEWISE_BEZIER_KNOTS.);
#5069 = CARTESIAN_POINT('',(15.55,1.85));
#5070 = CARTESIAN_POINT('',(15.55,5.9));
#5071 = ( GEOMETRIC_REPRESENTATION_CONTEXT(2) 
PARAMETRIC_REPRESENTATION_CONTEXT() REPRESENTATION_CONTEXT('2D SPACE',''
  ) );
#5072 = PCURVE('',#4537,#5073);
#5073 = DEFINITIONAL_REPRESENTATION('',(#5074),#5077);
#5074 = B_SPLINE_CURVE_WITH_KNOTS('',1,(#5075,#5076),.UNSPECIFIED.,.F.,
  .F.,(2,2),(0.925,4.975),.PIECEWISE_BEZIER_KNOTS.);
#5075 = CARTESIAN_POINT('',(1.,0.));
#5076 = CARTESIAN_POINT('',(1.,-4.05));
#5077 = ( GEOMETRIC_REPRESENTATION_CONTEXT(2) 
PARAMETRIC_REPRESENTATION_CONTEXT() REPRESENTATION_CONTEXT('2D SPACE',''
  ) );
#5078 = ORIENTED_EDGE('',*,*,#5079,.T.);
#5079 = EDGE_CURVE('',#5059,#5080,#5082,.T.);
#5080 = VERTEX_POINT('',#5081);
#5081 = CARTESIAN_POINT('',(-6.15,8.45,14.));
#5082 = SURFACE_CURVE('',#5083,(#5087,#5093),.PCURVE_S1.);
#5083 = LINE('',#5084,#5085);
#5084 = CARTESIAN_POINT('',(-7.775,8.45,14.));
#5085 = VECTOR('',#5086,1.);
#5086 = DIRECTION('',(-1.,0.,0.));
#5087 = PCURVE('',#986,#5088);
#5088 = DEFINITIONAL_REPRESENTATION('',(#5089),#5092);
#5089 = B_SPLINE_CURVE_WITH_KNOTS('',1,(#5090,#5091),.UNSPECIFIED.,.F.,
  .F.,(2,2),(-13.925,-1.625),.PIECEWISE_BEZIER_KNOTS.);
#5090 = CARTESIAN_POINT('',(15.55,1.85));
#5091 = CARTESIAN_POINT('',(3.25,1.85));
#5092 = ( GEOMETRIC_REPRESENTATION_CONTEXT(2) 
PARAMETRIC_REPRESENTATION_CONTEXT() REPRESENTATION_CONTEXT('2D SPACE',''
  ) );
#5093 = PCURVE('',#4563,#5094);
#5094 = DEFINITIONAL_REPRESENTATION('',(#5095),#5098);
#5095 = B_SPLINE_CURVE_WITH_KNOTS('',1,(#5096,#5097),.UNSPECIFIED.,.F.,
  .F.,(2,2),(-13.925,-1.625),.PIECEWISE_BEZIER_KNOTS.);
#5096 = CARTESIAN_POINT('',(1.,12.3));
#5097 = CARTESIAN_POINT('',(1.,0.));
#5098 = ( GEOMETRIC_REPRESENTATION_CONTEXT(2) 
PARAMETRIC_REPRESENTATION_CONTEXT() REPRESENTATION_CONTEXT('2D SPACE',''
  ) );
#5099 = ORIENTED_EDGE('',*,*,#5100,.T.);
#5100 = EDGE_CURVE('',#5080,#5101,#5103,.T.);
#5101 = VERTEX_POINT('',#5102);
#5102 = CARTESIAN_POINT('',(-6.15,12.5,14.));
#5103 = SURFACE_CURVE('',#5104,(#5108,#5114),.PCURVE_S1.);
#5104 = LINE('',#5105,#5106);
#5105 = CARTESIAN_POINT('',(-6.15,7.525,14.));
#5106 = VECTOR('',#5107,1.);
#5107 = DIRECTION('',(0.,1.,0.));
#5108 = PCURVE('',#986,#5109);
#5109 = DEFINITIONAL_REPRESENTATION('',(#5110),#5113);
#5110 = B_SPLINE_CURVE_WITH_KNOTS('',1,(#5111,#5112),.UNSPECIFIED.,.F.,
  .F.,(2,2),(0.925,4.975),.PIECEWISE_BEZIER_KNOTS.);
#5111 = CARTESIAN_POINT('',(3.25,1.85));
#5112 = CARTESIAN_POINT('',(3.25,5.9));
#5113 = ( GEOMETRIC_REPRESENTATION_CONTEXT(2) 
PARAMETRIC_REPRESENTATION_CONTEXT() REPRESENTATION_CONTEXT('2D SPACE',''
  ) );
#5114 = PCURVE('',#4589,#5115);
#5115 = DEFINITIONAL_REPRESENTATION('',(#5116),#5119);
#5116 = B_SPLINE_CURVE_WITH_KNOTS('',1,(#5117,#5118),.UNSPECIFIED.,.F.,
  .F.,(2,2),(0.925,4.975),.PIECEWISE_BEZIER_KNOTS.);
#5117 = CARTESIAN_POINT('',(1.,0.));
#5118 = CARTESIAN_POINT('',(1.,-4.05));
#5119 = ( GEOMETRIC_REPRESENTATION_CONTEXT(2) 
PARAMETRIC_REPRESENTATION_CONTEXT() REPRESENTATION_CONTEXT('2D SPACE',''
  ) );
#5120 = ORIENTED_EDGE('',*,*,#5121,.F.);
#5121 = EDGE_CURVE('',#4927,#5101,#5122,.T.);
#5122 = SURFACE_CURVE('',#5123,(#5127,#5134),.PCURVE_S1.);
#5123 = LINE('',#5124,#5125);
#5124 = CARTESIAN_POINT('',(-9.4,12.5,14.));
#5125 = VECTOR('',#5126,1.);
#5126 = DIRECTION('',(1.,0.,0.));
#5127 = PCURVE('',#986,#5128);
#5128 = DEFINITIONAL_REPRESENTATION('',(#5129),#5133);
#5129 = LINE('',#5130,#5131);
#5130 = CARTESIAN_POINT('',(0.,5.9));
#5131 = VECTOR('',#5132,1.);
#5132 = DIRECTION('',(1.,0.));
#5133 = ( GEOMETRIC_REPRESENTATION_CONTEXT(2) 
PARAMETRIC_REPRESENTATION_CONTEXT() REPRESENTATION_CONTEXT('2D SPACE',''
  ) );
#5134 = PCURVE('',#4614,#5135);
#5135 = DEFINITIONAL_REPRESENTATION('',(#5136),#5140);
#5136 = LINE('',#5137,#5138);
#5137 = CARTESIAN_POINT('',(0.,0.));
#5138 = VECTOR('',#5139,1.);
#5139 = DIRECTION('',(0.,1.));
#5140 = ( GEOMETRIC_REPRESENTATION_CONTEXT(2) 
PARAMETRIC_REPRESENTATION_CONTEXT() REPRESENTATION_CONTEXT('2D SPACE',''
  ) );
#5141 = ADVANCED_FACE('',(#5142),#1012,.T.);
#5142 = FACE_BOUND('',#5143,.T.);
#5143 = EDGE_LOOP('',(#5144,#5145,#5146,#5167));
#5144 = ORIENTED_EDGE('',*,*,#998,.F.);
#5145 = ORIENTED_EDGE('',*,*,#1861,.T.);
#5146 = ORIENTED_EDGE('',*,*,#5147,.T.);
#5147 = EDGE_CURVE('',#1834,#4950,#5148,.T.);
#5148 = SURFACE_CURVE('',#5149,(#5153,#5160),.PCURVE_S1.);
#5149 = LINE('',#5150,#5151);
#5150 = CARTESIAN_POINT('',(-6.5,9.,3.5));
#5151 = VECTOR('',#5152,1.);
#5152 = DIRECTION('',(0.,0.,1.));
#5153 = PCURVE('',#1012,#5154);
#5154 = DEFINITIONAL_REPRESENTATION('',(#5155),#5159);
#5155 = LINE('',#5156,#5157);
#5156 = CARTESIAN_POINT('',(0.,-2.4));
#5157 = VECTOR('',#5158,1.);
#5158 = DIRECTION('',(1.,0.));
#5159 = ( GEOMETRIC_REPRESENTATION_CONTEXT(2) 
PARAMETRIC_REPRESENTATION_CONTEXT() REPRESENTATION_CONTEXT('2D SPACE',''
  ) );
#5160 = PCURVE('',#1849,#5161);
#5161 = DEFINITIONAL_REPRESENTATION('',(#5162),#5166);
#5162 = LINE('',#5163,#5164);
#5163 = CARTESIAN_POINT('',(0.,3.5));
#5164 = VECTOR('',#5165,1.);
#5165 = DIRECTION('',(1.,0.));
#5166 = ( GEOMETRIC_REPRESENTATION_CONTEXT(2) 
PARAMETRIC_REPRESENTATION_CONTEXT() REPRESENTATION_CONTEXT('2D SPACE',''
  ) );
#5167 = ORIENTED_EDGE('',*,*,#4970,.T.);
#5168 = ADVANCED_FACE('',(#5169),#1047,.F.);
#5169 = FACE_BOUND('',#5170,.T.);
#5170 = EDGE_LOOP('',(#5171,#5172,#5195,#5221,#5222,#5246,#5497,#5523));
#5171 = ORIENTED_EDGE('',*,*,#1026,.T.);
#5172 = ORIENTED_EDGE('',*,*,#5173,.T.);
#5173 = EDGE_CURVE('',#1027,#5174,#5176,.T.);
#5174 = VERTEX_POINT('',#5175);
#5175 = CARTESIAN_POINT('',(-7.4,11.1,4.25));
#5176 = SEAM_CURVE('',#5177,(#5181,#5188),.PCURVE_S1.);
#5177 = LINE('',#5178,#5179);
#5178 = CARTESIAN_POINT('',(-7.4,4.6,4.25));
#5179 = VECTOR('',#5180,1.);
#5180 = DIRECTION('',(0.,1.,1.110223024625E-16));
#5181 = PCURVE('',#1047,#5182);
#5182 = DEFINITIONAL_REPRESENTATION('',(#5183),#5187);
#5183 = LINE('',#5184,#5185);
#5184 = CARTESIAN_POINT('',(-6.28318530718,0.));
#5185 = VECTOR('',#5186,1.);
#5186 = DIRECTION('',(-0.,-1.));
#5187 = ( GEOMETRIC_REPRESENTATION_CONTEXT(2) 
PARAMETRIC_REPRESENTATION_CONTEXT() REPRESENTATION_CONTEXT('2D SPACE',''
  ) );
#5188 = PCURVE('',#1047,#5189);
#5189 = DEFINITIONAL_REPRESENTATION('',(#5190),#5194);
#5190 = LINE('',#5191,#5192);
#5191 = CARTESIAN_POINT('',(-0.,0.));
#5192 = VECTOR('',#5193,1.);
#5193 = DIRECTION('',(-0.,-1.));
#5194 = ( GEOMETRIC_REPRESENTATION_CONTEXT(2) 
PARAMETRIC_REPRESENTATION_CONTEXT() REPRESENTATION_CONTEXT('2D SPACE',''
  ) );
#5195 = ORIENTED_EDGE('',*,*,#5196,.F.);
#5196 = EDGE_CURVE('',#1757,#5174,#5197,.T.);
#5197 = SURFACE_CURVE('',#5198,(#5203,#5210),.PCURVE_S1.);
#5198 = CIRCLE('',#5199,1.6);
#5199 = AXIS2_PLACEMENT_3D('',#5200,#5201,#5202);
#5200 = CARTESIAN_POINT('',(-9.,11.1,4.25));
#5201 = DIRECTION('',(0.,-1.,-1.110223024625E-16));
#5202 = DIRECTION('',(1.,-0.,0.));
#5203 = PCURVE('',#1047,#5204);
#5204 = DEFINITIONAL_REPRESENTATION('',(#5205),#5209);
#5205 = LINE('',#5206,#5207);
#5206 = CARTESIAN_POINT('',(-6.28318530718,-6.5));
#5207 = VECTOR('',#5208,1.);
#5208 = DIRECTION('',(1.,-0.));
#5209 = ( GEOMETRIC_REPRESENTATION_CONTEXT(2) 
PARAMETRIC_REPRESENTATION_CONTEXT() REPRESENTATION_CONTEXT('2D SPACE',''
  ) );
#5210 = PCURVE('',#1793,#5211);
#5211 = DEFINITIONAL_REPRESENTATION('',(#5212),#5220);
#5212 = ( BOUNDED_CURVE() B_SPLINE_CURVE(2,(#5213,#5214,#5215,#5216,
#5217,#5218,#5219),.UNSPECIFIED.,.T.,.F.) B_SPLINE_CURVE_WITH_KNOTS((1,2
    ,2,2,2,1),(-2.094395102393,0.,2.094395102393,4.188790204786,
6.28318530718,8.377580409573),.UNSPECIFIED.) CURVE() 
GEOMETRIC_REPRESENTATION_ITEM() RATIONAL_B_SPLINE_CURVE((1.,0.5,1.,0.5,
1.,0.5,1.)) REPRESENTATION_ITEM('') );
#5213 = CARTESIAN_POINT('',(0.75,5.6));
#5214 = CARTESIAN_POINT('',(3.52128129211,5.6));
#5215 = CARTESIAN_POINT('',(2.135640646055,3.2));
#5216 = CARTESIAN_POINT('',(0.75,0.8));
#5217 = CARTESIAN_POINT('',(-0.635640646055,3.2));
#5218 = CARTESIAN_POINT('',(-2.02128129211,5.6));
#5219 = CARTESIAN_POINT('',(0.75,5.6));
#5220 = ( GEOMETRIC_REPRESENTATION_CONTEXT(2) 
PARAMETRIC_REPRESENTATION_CONTEXT() REPRESENTATION_CONTEXT('2D SPACE',''
  ) );
#5221 = ORIENTED_EDGE('',*,*,#1756,.F.);
#5222 = ORIENTED_EDGE('',*,*,#5223,.T.);
#5223 = EDGE_CURVE('',#1731,#5224,#5226,.T.);
#5224 = VERTEX_POINT('',#5225);
#5225 = CARTESIAN_POINT('',(-9.3241360135,12.6,5.816823488703));
#5226 = SURFACE_CURVE('',#5227,(#5232,#5239),.PCURVE_S1.);
#5227 = CIRCLE('',#5228,1.6);
#5228 = AXIS2_PLACEMENT_3D('',#5229,#5230,#5231);
#5229 = CARTESIAN_POINT('',(-9.,12.6,4.25));
#5230 = DIRECTION('',(-0.,1.,1.110223024625E-16));
#5231 = DIRECTION('',(1.,0.,0.));
#5232 = PCURVE('',#1047,#5233);
#5233 = DEFINITIONAL_REPRESENTATION('',(#5234),#5238);
#5234 = LINE('',#5235,#5236);
#5235 = CARTESIAN_POINT('',(-0.,-8.));
#5236 = VECTOR('',#5237,1.);
#5237 = DIRECTION('',(-1.,0.));
#5238 = ( GEOMETRIC_REPRESENTATION_CONTEXT(2) 
PARAMETRIC_REPRESENTATION_CONTEXT() REPRESENTATION_CONTEXT('2D SPACE',''
  ) );
#5239 = PCURVE('',#1745,#5240);
#5240 = DEFINITIONAL_REPRESENTATION('',(#5241),#5245);
#5241 = CIRCLE('',#5242,1.6);
#5242 = AXIS2_PLACEMENT_2D('',#5243,#5244);
#5243 = CARTESIAN_POINT('',(0.,0.));
#5244 = DIRECTION('',(1.,0.));
#5245 = ( GEOMETRIC_REPRESENTATION_CONTEXT(2) 
PARAMETRIC_REPRESENTATION_CONTEXT() REPRESENTATION_CONTEXT('2D SPACE',''
  ) );
#5246 = ORIENTED_EDGE('',*,*,#5247,.F.);
#5247 = EDGE_CURVE('',#5248,#5224,#5250,.T.);
#5248 = VERTEX_POINT('',#5249);
#5249 = CARTESIAN_POINT('',(-9.801262787337,11.1,5.634910807825));
#5250 = SURFACE_CURVE('',#5251,(#5331,#5414),.PCURVE_S1.);
#5251 = B_SPLINE_CURVE_WITH_KNOTS('',8,(#5252,#5253,#5254,#5255,#5256,
    #5257,#5258,#5259,#5260,#5261,#5262,#5263,#5264,#5265,#5266,#5267,
    #5268,#5269,#5270,#5271,#5272,#5273,#5274,#5275,#5276,#5277,#5278,
    #5279,#5280,#5281,#5282,#5283,#5284,#5285,#5286,#5287,#5288,#5289,
    #5290,#5291,#5292,#5293,#5294,#5295,#5296,#5297,#5298,#5299,#5300,
    #5301,#5302,#5303,#5304,#5305,#5306,#5307,#5308,#5309,#5310,#5311,
    #5312,#5313,#5314,#5315,#5316,#5317,#5318,#5319,#5320,#5321,#5322,
    #5323,#5324,#5325,#5326,#5327,#5328,#5329,#5330),.UNSPECIFIED.,.F.,
  .F.,(9,7,7,7,7,7,7,7,7,7,7,9),(0.,4.396934212266E-02,
    7.732709966639E-02,0.10419449311,0.188947018429,0.279393591781,
    0.308740206427,0.344226070833,0.389411061985,0.453047051756,
    0.557661962331,1.),.UNSPECIFIED.);
#5252 = CARTESIAN_POINT('',(-10.41332908411,10.117207460204,3.4999994));
#5253 = CARTESIAN_POINT('',(-10.42335531019,10.10435404323,
    3.518893194121));
#5254 = CARTESIAN_POINT('',(-10.43316231836,10.091871503176,
    3.53807092774));
#5255 = CARTESIAN_POINT('',(-10.44273785602,10.079767178306,
    3.557526600699));
#5256 = CARTESIAN_POINT('',(-10.45206998207,10.068048038047,
    3.577253551024));
#5257 = CARTESIAN_POINT('',(-10.46114706685,10.056720682997,
    3.597244454923));
#5258 = CARTESIAN_POINT('',(-10.46995779216,10.045791344917,
    3.617491326788));
#5259 = CARTESIAN_POINT('',(-10.4784911513,10.035265886737,
    3.637985519191));
#5260 = CARTESIAN_POINT('',(-10.49299182212,10.017475139546,
    3.674446405445));
#5261 = CARTESIAN_POINT('',(-10.4990814557,10.010036078234,3.69031212995
    ));
#5262 = CARTESIAN_POINT('',(-10.50500071243,10.002835001482,
    3.706310841689));
#5263 = CARTESIAN_POINT('',(-10.51074512842,9.995874158204,
    3.722438319858));
#5264 = CARTESIAN_POINT('',(-10.5163104132,9.98915566336,3.738690177571)
  );
#5265 = CARTESIAN_POINT('',(-10.52169244965,9.982681497962,
    3.755061861858));
#5266 = CARTESIAN_POINT('',(-10.5268872941,9.976453509068,3.771548653666
    ));
#5267 = CARTESIAN_POINT('',(-10.53592146126,9.965656848601,
    3.801513428254));
#5268 = CARTESIAN_POINT('',(-10.5398278771,9.961001098286,3.814952710726
    ));
#5269 = CARTESIAN_POINT('',(-10.54360846064,9.956507052515,
    3.828460968859));
#5270 = CARTESIAN_POINT('',(-10.5472613366,9.952175552264,3.842035606656
    ));
#5271 = CARTESIAN_POINT('',(-10.5507847175,9.948007385819,3.855673978538
    ));
#5272 = CARTESIAN_POINT('',(-10.55417690369,9.944003288769,
    3.869373389343));
#5273 = CARTESIAN_POINT('',(-10.55743628332,9.940163944011,
    3.883131094322));
#5274 = CARTESIAN_POINT('',(-10.57041922198,9.924900559036,
    3.940517710696));
#5275 = CARTESIAN_POINT('',(-10.57893994492,9.914957504099,
    3.984641379512));
#5276 = CARTESIAN_POINT('',(-10.58607638228,9.906679725067,
    4.029228760726));
#5277 = CARTESIAN_POINT('',(-10.59179031304,9.900081988535,
    4.074190009636));
#5278 = CARTESIAN_POINT('',(-10.5960527933,9.895175057624,4.119432226247
    ));
#5279 = CARTESIAN_POINT('',(-10.59884453557,9.891965830049,
    4.164859699827));
#5280 = CARTESIAN_POINT('',(-10.60015628805,9.890457476185,
    4.210374153451));
#5281 = CARTESIAN_POINT('',(-10.59981091491,9.890854584275,
    4.304432770204));
#5282 = CARTESIAN_POINT('',(-10.59794835379,9.892996297917,
    4.352986000076));
#5283 = CARTESIAN_POINT('',(-10.59440198098,9.897074559974,
    4.401411547828));
#5284 = CARTESIAN_POINT('',(-10.58918586499,9.903084517387,
    4.449589720545));
#5285 = CARTESIAN_POINT('',(-10.58232709604,9.911016407719,
    4.497404606659));
#5286 = CARTESIAN_POINT('',(-10.57386518981,9.920855344737,
    4.544744419868));
#5287 = CARTESIAN_POINT('',(-10.56385149108,9.932581104,4.591501843062)
  );
#5288 = CARTESIAN_POINT('',(-10.54861630149,9.950576331008,
    4.652523227793));
#5289 = CARTESIAN_POINT('',(-10.54472732275,9.955180567263,
    4.667399686695));
#5290 = CARTESIAN_POINT('',(-10.54068381623,9.959979691998,
    4.682200193066));
#5291 = CARTESIAN_POINT('',(-10.5364880763,9.964972702538,4.696921270871
    ));
#5292 = CARTESIAN_POINT('',(-10.5321425167,9.970158518744,4.711559523925
    ));
#5293 = CARTESIAN_POINT('',(-10.52764967055,9.975535983016,
    4.726111635894));
#5294 = CARTESIAN_POINT('',(-10.52301219035,9.981103860294,
    4.740574370295));
#5295 = CARTESIAN_POINT('',(-10.5124536773,9.993822163394,4.772320986207
    ));
#5296 = CARTESIAN_POINT('',(-10.50646705189,10.001059987337,
    4.789562141249));
#5297 = CARTESIAN_POINT('',(-10.50027789169,10.008571982615,
    4.806662442568));
#5298 = CARTESIAN_POINT('',(-10.49389131448,10.01635565097,
    4.823616533284));
#5299 = CARTESIAN_POINT('',(-10.48731263586,10.024408323157,
    4.840419292689));
#5300 = CARTESIAN_POINT('',(-10.48054736926,10.032727158943,
    4.85706583625));
#5301 = CARTESIAN_POINT('',(-10.47360122596,10.04130914711,
    4.873551515605));
#5302 = CARTESIAN_POINT('',(-10.45741263595,10.061409780308,
    4.910653073983));
#5303 = CARTESIAN_POINT('',(-10.44806134578,10.073090009015,
    4.931166344715));
#5304 = CARTESIAN_POINT('',(-10.43843852191,10.085185175842,
    4.951402623263));
#5305 = CARTESIAN_POINT('',(-10.42855669102,10.097688288628,
    4.971353580214));
#5306 = CARTESIAN_POINT('',(-10.41842862919,10.110591978788,
    4.991011664246));
#5307 = CARTESIAN_POINT('',(-10.40806736182,10.123888501303,
    5.010370102121));
#5308 = CARTESIAN_POINT('',(-10.39748616367,10.137569734729,
    5.029422898692));
#5309 = CARTESIAN_POINT('',(-10.37150590545,10.171424894916,
    5.074559924242));
#5310 = CARTESIAN_POINT('',(-10.35590548745,10.191966527458,
    5.100335380283));
#5311 = CARTESIAN_POINT('',(-10.33993331403,10.213230163756,
    5.125479540872));
#5312 = CARTESIAN_POINT('',(-10.32362590741,10.235192524582,
    5.149982881422));
#5313 = CARTESIAN_POINT('',(-10.3070200957,10.257828899567,
    5.173837990974));
#5314 = CARTESIAN_POINT('',(-10.2901528057,10.281113080236,
    5.197039546267));
#5315 = CARTESIAN_POINT('',(-10.27306085573,10.305017293038,
    5.219584285797));
#5316 = CARTESIAN_POINT('',(-10.2273729734,10.369780625655,5.27745180184
    ));
#5317 = CARTESIAN_POINT('',(-10.19846972828,10.411626779533,
    5.31163777526));
#5318 = CARTESIAN_POINT('',(-10.16920843978,10.45495399349,
    5.344058217321));
#5319 = CARTESIAN_POINT('',(-10.13972118812,10.499661808397,
    5.374748724622));
#5320 = CARTESIAN_POINT('',(-10.11013398386,10.545645615954,
    5.403750832338));
#5321 = CARTESIAN_POINT('',(-10.08056604462,10.592796368132,
    5.431111669363));
#5322 = CARTESIAN_POINT('',(-10.05112907193,10.641000286623,
    5.456883613463));
#5323 = CARTESIAN_POINT('',(-9.898450859667,10.897907548335,
    5.583618143982));
#5324 = CARTESIAN_POINT('',(-9.779670476606,11.121534177586,
    5.658310290606));
#5325 = CARTESIAN_POINT('',(-9.670907299528,11.355933423812,
    5.711920752643));
#5326 = CARTESIAN_POINT('',(-9.574451150971,11.597735583726,
    5.749930580629));
#5327 = CARTESIAN_POINT('',(-9.491369282288,11.844422287429,
    5.776625148979));
#5328 = CARTESIAN_POINT('',(-9.421969877626,12.094227890551,
    5.795236062424));
#5329 = CARTESIAN_POINT('',(-9.366233083964,12.346207627739,
    5.808114676045));
#5330 = CARTESIAN_POINT('',(-9.324135913976,12.6000006,5.816823509292));
#5331 = PCURVE('',#1047,#5332);
#5332 = DEFINITIONAL_REPRESENTATION('',(#5333),#5413);
#5333 = B_SPLINE_CURVE_WITH_KNOTS('',8,(#5334,#5335,#5336,#5337,#5338,
    #5339,#5340,#5341,#5342,#5343,#5344,#5345,#5346,#5347,#5348,#5349,
    #5350,#5351,#5352,#5353,#5354,#5355,#5356,#5357,#5358,#5359,#5360,
    #5361,#5362,#5363,#5364,#5365,#5366,#5367,#5368,#5369,#5370,#5371,
    #5372,#5373,#5374,#5375,#5376,#5377,#5378,#5379,#5380,#5381,#5382,
    #5383,#5384,#5385,#5386,#5387,#5388,#5389,#5390,#5391,#5392,#5393,
    #5394,#5395,#5396,#5397,#5398,#5399,#5400,#5401,#5402,#5403,#5404,
    #5405,#5406,#5407,#5408,#5409,#5410,#5411,#5412),.UNSPECIFIED.,.F.,
  .F.,(9,7,7,7,7,7,7,7,7,7,7,9),(0.,4.396934212266E-02,
    7.732709966639E-02,0.10419449311,0.188947018429,0.279393591781,
    0.308740206427,0.344226070833,0.389411061985,0.453047051756,
    0.557661962331,1.),.UNSPECIFIED.);
#5334 = CARTESIAN_POINT('',(-2.65371708152,-5.517207460204));
#5335 = CARTESIAN_POINT('',(-2.66708537227,-5.50435404323));
#5336 = CARTESIAN_POINT('',(-2.680546177969,-5.491871503176));
#5337 = CARTESIAN_POINT('',(-2.694096273379,-5.479767178306));
#5338 = CARTESIAN_POINT('',(-2.707732336361,-5.468048038047));
#5339 = CARTESIAN_POINT('',(-2.72145094788,-5.456720682997));
#5340 = CARTESIAN_POINT('',(-2.735248592003,-5.445791344917));
#5341 = CARTESIAN_POINT('',(-2.749121655902,-5.435265886737));
#5342 = CARTESIAN_POINT('',(-2.773645764582,-5.417475139546));
#5343 = CARTESIAN_POINT('',(-2.784266400515,-5.410036078234));
#5344 = CARTESIAN_POINT('',(-2.794926727901,-5.402835001482));
#5345 = CARTESIAN_POINT('',(-2.805625128174,-5.395874158204));
#5346 = CARTESIAN_POINT('',(-2.816359973949,-5.38915566336));
#5347 = CARTESIAN_POINT('',(-2.827129629022,-5.382681497962));
#5348 = CARTESIAN_POINT('',(-2.837932448369,-5.376453509068));
#5349 = CARTESIAN_POINT('',(-2.857493090177,-5.365656848601));
#5350 = CARTESIAN_POINT('',(-2.866239850956,-5.361001098286));
#5351 = CARTESIAN_POINT('',(-2.875006199565,-5.356507052515));
#5352 = CARTESIAN_POINT('',(-2.883791276785,-5.352175552264));
#5353 = CARTESIAN_POINT('',(-2.892594225097,-5.348007385819));
#5354 = CARTESIAN_POINT('',(-2.901414188683,-5.344003288769));
#5355 = CARTESIAN_POINT('',(-2.910250313424,-5.340163944011));
#5356 = CARTESIAN_POINT('',(-2.947023373978,-5.324900559036));
#5357 = CARTESIAN_POINT('',(-2.975096036546,-5.314957504099));
#5358 = CARTESIAN_POINT('',(-3.003293608014,-5.306679725067));
#5359 = CARTESIAN_POINT('',(-3.031590752294,-5.300081988535));
#5360 = CARTESIAN_POINT('',(-3.059962361771,-5.295175057624));
#5361 = CARTESIAN_POINT('',(-3.088382995272,-5.291965830049));
#5362 = CARTESIAN_POINT('',(-3.116826316036,-5.290457476185));
#5363 = CARTESIAN_POINT('',(-3.17561334781,-5.290854584275));
#5364 = CARTESIAN_POINT('',(-3.205963168311,-5.292996297917));
#5365 = CARTESIAN_POINT('',(-3.236279689766,-5.297074559974));
#5366 = CARTESIAN_POINT('',(-3.266530622317,-5.303084517387));
#5367 = CARTESIAN_POINT('',(-3.296684925741,-5.311016407719));
#5368 = CARTESIAN_POINT('',(-3.326712047516,-5.320855344737));
#5369 = CARTESIAN_POINT('',(-3.356581160889,-5.332581104));
#5370 = CARTESIAN_POINT('',(-3.395890234648,-5.350576331008));
#5371 = CARTESIAN_POINT('',(-3.405499886915,-5.355180567263));
#5372 = CARTESIAN_POINT('',(-3.415088241686,-5.359979691998));
#5373 = CARTESIAN_POINT('',(-3.424654180524,-5.364972702538));
#5374 = CARTESIAN_POINT('',(-3.434196584616,-5.370158518744));
#5375 = CARTESIAN_POINT('',(-3.443714334768,-5.375535983016));
#5376 = CARTESIAN_POINT('',(-3.453206311411,-5.381103860294));
#5377 = CARTESIAN_POINT('',(-3.474116553179,-5.393822163394));
#5378 = CARTESIAN_POINT('',(-3.485522405977,-5.401059987337));
#5379 = CARTESIAN_POINT('',(-3.496886964955,-5.408571982615));
#5380 = CARTESIAN_POINT('',(-3.508208261896,-5.41635565097));
#5381 = CARTESIAN_POINT('',(-3.519484348402,-5.424408323157));
#5382 = CARTESIAN_POINT('',(-3.530713295896,-5.432727158943));
#5383 = CARTESIAN_POINT('',(-3.54189319562,-5.44130914711));
#5384 = CARTESIAN_POINT('',(-3.567192930677,-5.461409780308));
#5385 = CARTESIAN_POINT('',(-3.581281168719,-5.473090009015));
#5386 = CARTESIAN_POINT('',(-3.595282957407,-5.485185175842));
#5387 = CARTESIAN_POINT('',(-3.609194515626,-5.497688288628));
#5388 = CARTESIAN_POINT('',(-3.623012196501,-5.510591978788));
#5389 = CARTESIAN_POINT('',(-3.636732487394,-5.523888501303));
#5390 = CARTESIAN_POINT('',(-3.650352009908,-5.537569734729));
#5391 = CARTESIAN_POINT('',(-3.682902000864,-5.571424894916));
#5392 = CARTESIAN_POINT('',(-3.701727970579,-5.591966527458));
#5393 = CARTESIAN_POINT('',(-3.720338405527,-5.613230163756));
#5394 = CARTESIAN_POINT('',(-3.73872629132,-5.635192524582));
#5395 = CARTESIAN_POINT('',(-3.756884652109,-5.657828899567));
#5396 = CARTESIAN_POINT('',(-3.774806580009,-5.681113080236));
#5397 = CARTESIAN_POINT('',(-3.792485264528,-5.705017293038));
#5398 = CARTESIAN_POINT('',(-3.838566171657,-5.769780625655));
#5399 = CARTESIAN_POINT('',(-3.866529764576,-5.811626779533));
#5400 = CARTESIAN_POINT('',(-3.893801817833,-5.85495399349));
#5401 = CARTESIAN_POINT('',(-3.920377243289,-5.899661808397));
#5402 = CARTESIAN_POINT('',(-3.946249541932,-5.945645615954));
#5403 = CARTESIAN_POINT('',(-3.971411498226,-5.992796368132));
#5404 = CARTESIAN_POINT('',(-3.995855874463,-6.041000286623));
#5405 = CARTESIAN_POINT('',(-4.119871179919,-6.297907548335));
#5406 = CARTESIAN_POINT('',(-4.206810442636,-6.521534177586));
#5407 = CARTESIAN_POINT('',(-4.282050359744,-6.755933423811));
#5408 = CARTESIAN_POINT('',(-4.346514170716,-6.997735583727));
#5409 = CARTESIAN_POINT('',(-4.400921320094,-7.244422287428));
#5410 = CARTESIAN_POINT('',(-4.445779987736,-7.494227890551));
#5411 = CARTESIAN_POINT('',(-4.481524251822,-7.746207627739));
#5412 = CARTESIAN_POINT('',(-4.508392096055,-8.0000006));
#5413 = ( GEOMETRIC_REPRESENTATION_CONTEXT(2) 
PARAMETRIC_REPRESENTATION_CONTEXT() REPRESENTATION_CONTEXT('2D SPACE',''
  ) );
#5414 = PCURVE('',#1690,#5415);
#5415 = DEFINITIONAL_REPRESENTATION('',(#5416),#5496);
#5416 = B_SPLINE_CURVE_WITH_KNOTS('',8,(#5417,#5418,#5419,#5420,#5421,
    #5422,#5423,#5424,#5425,#5426,#5427,#5428,#5429,#5430,#5431,#5432,
    #5433,#5434,#5435,#5436,#5437,#5438,#5439,#5440,#5441,#5442,#5443,
    #5444,#5445,#5446,#5447,#5448,#5449,#5450,#5451,#5452,#5453,#5454,
    #5455,#5456,#5457,#5458,#5459,#5460,#5461,#5462,#5463,#5464,#5465,
    #5466,#5467,#5468,#5469,#5470,#5471,#5472,#5473,#5474,#5475,#5476,
    #5477,#5478,#5479,#5480,#5481,#5482,#5483,#5484,#5485,#5486,#5487,
    #5488,#5489,#5490,#5491,#5492,#5493,#5494,#5495),.UNSPECIFIED.,.F.,
  .F.,(9,7,7,7,7,7,7,7,7,7,7,9),(0.,4.396934212266E-02,
    7.732709966639E-02,0.10419449311,0.188947018429,0.279393591781,
    0.308740206427,0.344226070833,0.389411061985,0.453047051756,
    0.557661962331,1.),.UNSPECIFIED.);
#5417 = CARTESIAN_POINT('',(-5.620731885225,-3.4999994));
#5418 = CARTESIAN_POINT('',(-5.617767994899,-3.518893194121));
#5419 = CARTESIAN_POINT('',(-5.614881787928,-3.53807092774));
#5420 = CARTESIAN_POINT('',(-5.612075647995,-3.557526600699));
#5421 = CARTESIAN_POINT('',(-5.609351878775,-3.577253551024));
#5422 = CARTESIAN_POINT('',(-5.606712703932,-3.597244454923));
#5423 = CARTESIAN_POINT('',(-5.604160267119,-3.617491326788));
#5424 = CARTESIAN_POINT('',(-5.601696631982,-3.637985519191));
#5425 = CARTESIAN_POINT('',(-5.597523597175,-3.674446405445));
#5426 = CARTESIAN_POINT('',(-5.595775655031,-3.69031212995));
#5427 = CARTESIAN_POINT('',(-5.594080815773,-3.706310841689));
#5428 = CARTESIAN_POINT('',(-5.592439902412,-3.722438319858));
#5429 = CARTESIAN_POINT('',(-5.590853700916,-3.738690177571));
#5430 = CARTESIAN_POINT('',(-5.589322960216,-3.755061861858));
#5431 = CARTESIAN_POINT('',(-5.587848392199,-3.771548653666));
#5432 = CARTESIAN_POINT('',(-5.585288794778,-3.801513428254));
#5433 = CARTESIAN_POINT('',(-5.584183794373,-3.814952710726));
#5434 = CARTESIAN_POINT('',(-5.583116022045,-3.828460968859));
#5435 = CARTESIAN_POINT('',(-5.582085812216,-3.842035606656));
#5436 = CARTESIAN_POINT('',(-5.581093482183,-3.855673978538));
#5437 = CARTESIAN_POINT('',(-5.580139332115,-3.869373389343));
#5438 = CARTESIAN_POINT('',(-5.579223645059,-3.883131094322));
#5439 = CARTESIAN_POINT('',(-5.575580344325,-3.940517710696));
#5440 = CARTESIAN_POINT('',(-5.573199532775,-3.984641379512));
#5441 = CARTESIAN_POINT('',(-5.5712123944,-4.029228760726));
#5442 = CARTESIAN_POINT('',(-5.569625478951,-4.074190009636));
#5443 = CARTESIAN_POINT('',(-5.56844370561,-4.119432226247));
#5444 = CARTESIAN_POINT('',(-5.567670324783,-4.164859699827));
#5445 = CARTESIAN_POINT('',(-5.56730687989,-4.210374153451));
#5446 = CARTESIAN_POINT('',(-5.567402568338,-4.304432770204));
#5447 = CARTESIAN_POINT('',(-5.567918624517,-4.352986000076));
#5448 = CARTESIAN_POINT('',(-5.568901269978,-4.401411547828));
#5449 = CARTESIAN_POINT('',(-5.57034815379,-4.449589720545));
#5450 = CARTESIAN_POINT('',(-5.572254701799,-4.497404606659));
#5451 = CARTESIAN_POINT('',(-5.574614176623,-4.544744419868));
#5452 = CARTESIAN_POINT('',(-5.577417737653,-4.591501843062));
#5453 = CARTESIAN_POINT('',(-5.581704712725,-4.652523227793));
#5454 = CARTESIAN_POINT('',(-5.58280050643,-4.667399686695));
#5455 = CARTESIAN_POINT('',(-5.583941499798,-4.682200193066));
#5456 = CARTESIAN_POINT('',(-5.585127286554,-4.696921270871));
#5457 = CARTESIAN_POINT('',(-5.586357436511,-4.711559523925));
#5458 = CARTESIAN_POINT('',(-5.587631495569,-4.726111635894));
#5459 = CARTESIAN_POINT('',(-5.588948985717,-4.740574370295));
#5460 = CARTESIAN_POINT('',(-5.591954421187,-4.772320986207));
#5461 = CARTESIAN_POINT('',(-5.593662210985,-4.789562141249));
#5462 = CARTESIAN_POINT('',(-5.595431883741,-4.806662442568));
#5463 = CARTESIAN_POINT('',(-5.597262504577,-4.823616533284));
#5464 = CARTESIAN_POINT('',(-5.599153094424,-4.840419292689));
#5465 = CARTESIAN_POINT('',(-5.601102630019,-4.85706583625));
#5466 = CARTESIAN_POINT('',(-5.603110043905,-4.873551515605));
#5467 = CARTESIAN_POINT('',(-5.607802594363,-4.910653073983));
#5468 = CARTESIAN_POINT('',(-5.61052302556,-4.931166344715));
#5469 = CARTESIAN_POINT('',(-5.613333207739,-4.951402623263));
#5470 = CARTESIAN_POINT('',(-5.616230758119,-4.971353580214));
#5471 = CARTESIAN_POINT('',(-5.619213221422,-4.991011664246));
#5472 = CARTESIAN_POINT('',(-5.622278069871,-5.010370102121));
#5473 = CARTESIAN_POINT('',(-5.625422703194,-5.029422898692));
#5474 = CARTESIAN_POINT('',(-5.633181772936,-5.074559924242));
#5475 = CARTESIAN_POINT('',(-5.63787153709,-5.100335380283));
#5476 = CARTESIAN_POINT('',(-5.642706734898,-5.125479540872));
#5477 = CARTESIAN_POINT('',(-5.647680149642,-5.149982881422));
#5478 = CARTESIAN_POINT('',(-5.652784365344,-5.173837990974));
#5479 = CARTESIAN_POINT('',(-5.658011778036,-5.197039546267));
#5480 = CARTESIAN_POINT('',(-5.663354607025,-5.219584285797));
#5481 = CARTESIAN_POINT('',(-5.677764970425,-5.27745180184));
#5482 = CARTESIAN_POINT('',(-5.687011361096,-5.31163777526));
#5483 = CARTESIAN_POINT('',(-5.696516403608,-5.344058217321));
#5484 = CARTESIAN_POINT('',(-5.706252732825,-5.374748724622));
#5485 = CARTESIAN_POINT('',(-5.716193260574,-5.403750832338));
#5486 = CARTESIAN_POINT('',(-5.726311143176,-5.431111669363));
#5487 = CARTESIAN_POINT('',(-5.736579748983,-5.456883613463));
#5488 = CARTESIAN_POINT('',(-5.790916311904,-5.583618143982));
#5489 = CARTESIAN_POINT('',(-5.836902409434,-5.658310290607));
#5490 = CARTESIAN_POINT('',(-5.883771104404,-5.711920752642));
#5491 = CARTESIAN_POINT('',(-5.93096286088,-5.74993058063));
#5492 = CARTESIAN_POINT('',(-5.978152208266,-5.776625148978));
#5493 = CARTESIAN_POINT('',(-6.025179935922,-5.795236062425));
#5494 = CARTESIAN_POINT('',(-6.072035169228,-5.808114676045));
#5495 = CARTESIAN_POINT('',(-6.11880983373,-5.816823509292));
#5496 = ( GEOMETRIC_REPRESENTATION_CONTEXT(2) 
PARAMETRIC_REPRESENTATION_CONTEXT() REPRESENTATION_CONTEXT('2D SPACE',''
  ) );
#5497 = ORIENTED_EDGE('',*,*,#5498,.F.);
#5498 = EDGE_CURVE('',#5174,#5248,#5499,.T.);
#5499 = SURFACE_CURVE('',#5500,(#5505,#5512),.PCURVE_S1.);
#5500 = CIRCLE('',#5501,1.6);
#5501 = AXIS2_PLACEMENT_3D('',#5502,#5503,#5504);
#5502 = CARTESIAN_POINT('',(-9.,11.1,4.25));
#5503 = DIRECTION('',(0.,-1.,-1.110223024625E-16));
#5504 = DIRECTION('',(1.,-0.,0.));
#5505 = PCURVE('',#1047,#5506);
#5506 = DEFINITIONAL_REPRESENTATION('',(#5507),#5511);
#5507 = LINE('',#5508,#5509);
#5508 = CARTESIAN_POINT('',(-6.28318530718,-6.5));
#5509 = VECTOR('',#5510,1.);
#5510 = DIRECTION('',(1.,-0.));
#5511 = ( GEOMETRIC_REPRESENTATION_CONTEXT(2) 
PARAMETRIC_REPRESENTATION_CONTEXT() REPRESENTATION_CONTEXT('2D SPACE',''
  ) );
#5512 = PCURVE('',#1793,#5513);
#5513 = DEFINITIONAL_REPRESENTATION('',(#5514),#5522);
#5514 = ( BOUNDED_CURVE() B_SPLINE_CURVE(2,(#5515,#5516,#5517,#5518,
#5519,#5520,#5521),.UNSPECIFIED.,.T.,.F.) B_SPLINE_CURVE_WITH_KNOTS((1,2
    ,2,2,2,1),(-2.094395102393,0.,2.094395102393,4.188790204786,
6.28318530718,8.377580409573),.UNSPECIFIED.) CURVE() 
GEOMETRIC_REPRESENTATION_ITEM() RATIONAL_B_SPLINE_CURVE((1.,0.5,1.,0.5,
1.,0.5,1.)) REPRESENTATION_ITEM('') );
#5515 = CARTESIAN_POINT('',(0.75,5.6));
#5516 = CARTESIAN_POINT('',(3.52128129211,5.6));
#5517 = CARTESIAN_POINT('',(2.135640646055,3.2));
#5518 = CARTESIAN_POINT('',(0.75,0.8));
#5519 = CARTESIAN_POINT('',(-0.635640646055,3.2));
#5520 = CARTESIAN_POINT('',(-2.02128129211,5.6));
#5521 = CARTESIAN_POINT('',(0.75,5.6));
#5522 = ( GEOMETRIC_REPRESENTATION_CONTEXT(2) 
PARAMETRIC_REPRESENTATION_CONTEXT() REPRESENTATION_CONTEXT('2D SPACE',''
  ) );
#5523 = ORIENTED_EDGE('',*,*,#5173,.F.);
#5524 = ADVANCED_FACE('',(#5525),#1082,.F.);
#5525 = FACE_BOUND('',#5526,.T.);
#5526 = EDGE_LOOP('',(#5527,#5528,#5551,#5573,#5574,#5602,#5727,#5749));
#5527 = ORIENTED_EDGE('',*,*,#1061,.T.);
#5528 = ORIENTED_EDGE('',*,*,#5529,.T.);
#5529 = EDGE_CURVE('',#1062,#5530,#5532,.T.);
#5530 = VERTEX_POINT('',#5531);
#5531 = CARTESIAN_POINT('',(10.6,12.6,4.25));
#5532 = SEAM_CURVE('',#5533,(#5537,#5544),.PCURVE_S1.);
#5533 = LINE('',#5534,#5535);
#5534 = CARTESIAN_POINT('',(10.6,4.6,4.25));
#5535 = VECTOR('',#5536,1.);
#5536 = DIRECTION('',(0.,1.,1.110223024625E-16));
#5537 = PCURVE('',#1082,#5538);
#5538 = DEFINITIONAL_REPRESENTATION('',(#5539),#5543);
#5539 = LINE('',#5540,#5541);
#5540 = CARTESIAN_POINT('',(-6.28318530718,0.));
#5541 = VECTOR('',#5542,1.);
#5542 = DIRECTION('',(-0.,-1.));
#5543 = ( GEOMETRIC_REPRESENTATION_CONTEXT(2) 
PARAMETRIC_REPRESENTATION_CONTEXT() REPRESENTATION_CONTEXT('2D SPACE',''
  ) );
#5544 = PCURVE('',#1082,#5545);
#5545 = DEFINITIONAL_REPRESENTATION('',(#5546),#5550);
#5546 = LINE('',#5547,#5548);
#5547 = CARTESIAN_POINT('',(-0.,0.));
#5548 = VECTOR('',#5549,1.);
#5549 = DIRECTION('',(-0.,-1.));
#5550 = ( GEOMETRIC_REPRESENTATION_CONTEXT(2) 
PARAMETRIC_REPRESENTATION_CONTEXT() REPRESENTATION_CONTEXT('2D SPACE',''
  ) );
#5551 = ORIENTED_EDGE('',*,*,#5552,.T.);
#5552 = EDGE_CURVE('',#5530,#1991,#5553,.T.);
#5553 = SURFACE_CURVE('',#5554,(#5559,#5566),.PCURVE_S1.);
#5554 = CIRCLE('',#5555,1.6);
#5555 = AXIS2_PLACEMENT_3D('',#5556,#5557,#5558);
#5556 = CARTESIAN_POINT('',(9.,12.6,4.25));
#5557 = DIRECTION('',(-0.,1.,1.110223024625E-16));
#5558 = DIRECTION('',(1.,0.,0.));
#5559 = PCURVE('',#1082,#5560);
#5560 = DEFINITIONAL_REPRESENTATION('',(#5561),#5565);
#5561 = LINE('',#5562,#5563);
#5562 = CARTESIAN_POINT('',(-0.,-8.));
#5563 = VECTOR('',#5564,1.);
#5564 = DIRECTION('',(-1.,0.));
#5565 = ( GEOMETRIC_REPRESENTATION_CONTEXT(2) 
PARAMETRIC_REPRESENTATION_CONTEXT() REPRESENTATION_CONTEXT('2D SPACE',''
  ) );
#5566 = PCURVE('',#2026,#5567);
#5567 = DEFINITIONAL_REPRESENTATION('',(#5568),#5572);
#5568 = CIRCLE('',#5569,1.6);
#5569 = AXIS2_PLACEMENT_2D('',#5570,#5571);
#5570 = CARTESIAN_POINT('',(0.,0.));
#5571 = DIRECTION('',(1.,0.));
#5572 = ( GEOMETRIC_REPRESENTATION_CONTEXT(2) 
PARAMETRIC_REPRESENTATION_CONTEXT() REPRESENTATION_CONTEXT('2D SPACE',''
  ) );
#5573 = ORIENTED_EDGE('',*,*,#1990,.T.);
#5574 = ORIENTED_EDGE('',*,*,#5575,.F.);
#5575 = EDGE_CURVE('',#5576,#1963,#5578,.T.);
#5576 = VERTEX_POINT('',#5577);
#5577 = CARTESIAN_POINT('',(9.801262787337,11.1,5.634910807825));
#5578 = SURFACE_CURVE('',#5579,(#5584,#5591),.PCURVE_S1.);
#5579 = CIRCLE('',#5580,1.6);
#5580 = AXIS2_PLACEMENT_3D('',#5581,#5582,#5583);
#5581 = CARTESIAN_POINT('',(9.,11.1,4.25));
#5582 = DIRECTION('',(0.,-1.,-1.110223024625E-16));
#5583 = DIRECTION('',(1.,-0.,0.));
#5584 = PCURVE('',#1082,#5585);
#5585 = DEFINITIONAL_REPRESENTATION('',(#5586),#5590);
#5586 = LINE('',#5587,#5588);
#5587 = CARTESIAN_POINT('',(-6.28318530718,-6.5));
#5588 = VECTOR('',#5589,1.);
#5589 = DIRECTION('',(1.,-0.));
#5590 = ( GEOMETRIC_REPRESENTATION_CONTEXT(2) 
PARAMETRIC_REPRESENTATION_CONTEXT() REPRESENTATION_CONTEXT('2D SPACE',''
  ) );
#5591 = PCURVE('',#1978,#5592);
#5592 = DEFINITIONAL_REPRESENTATION('',(#5593),#5601);
#5593 = ( BOUNDED_CURVE() B_SPLINE_CURVE(2,(#5594,#5595,#5596,#5597,
#5598,#5599,#5600),.UNSPECIFIED.,.T.,.F.) B_SPLINE_CURVE_WITH_KNOTS((1,2
    ,2,2,2,1),(-2.094395102393,0.,2.094395102393,4.188790204786,
6.28318530718,8.377580409573),.UNSPECIFIED.) CURVE() 
GEOMETRIC_REPRESENTATION_ITEM() RATIONAL_B_SPLINE_CURVE((1.,0.5,1.,0.5,
1.,0.5,1.)) REPRESENTATION_ITEM('') );
#5594 = CARTESIAN_POINT('',(0.75,3.9));
#5595 = CARTESIAN_POINT('',(3.52128129211,3.9));
#5596 = CARTESIAN_POINT('',(2.135640646055,1.5));
#5597 = CARTESIAN_POINT('',(0.75,-0.9));
#5598 = CARTESIAN_POINT('',(-0.635640646055,1.5));
#5599 = CARTESIAN_POINT('',(-2.02128129211,3.9));
#5600 = CARTESIAN_POINT('',(0.75,3.9));
#5601 = ( GEOMETRIC_REPRESENTATION_CONTEXT(2) 
PARAMETRIC_REPRESENTATION_CONTEXT() REPRESENTATION_CONTEXT('2D SPACE',''
  ) );
#5602 = ORIENTED_EDGE('',*,*,#5603,.F.);
#5603 = EDGE_CURVE('',#5604,#5576,#5606,.T.);
#5604 = VERTEX_POINT('',#5605);
#5605 = CARTESIAN_POINT('',(9.3241360135,12.6,5.816823488703));
#5606 = SURFACE_CURVE('',#5607,(#5645,#5686),.PCURVE_S1.);
#5607 = B_SPLINE_CURVE_WITH_KNOTS('',8,(#5608,#5609,#5610,#5611,#5612,
    #5613,#5614,#5615,#5616,#5617,#5618,#5619,#5620,#5621,#5622,#5623,
    #5624,#5625,#5626,#5627,#5628,#5629,#5630,#5631,#5632,#5633,#5634,
    #5635,#5636,#5637,#5638,#5639,#5640,#5641,#5642,#5643,#5644),
  .UNSPECIFIED.,.F.,.F.,(9,7,7,7,7,9),(0.,0.546389980877,0.675464610108,
    0.753832831341,0.809438986609,1.),.UNSPECIFIED.);
#5608 = CARTESIAN_POINT('',(9.324135913976,12.6000006,5.816823509292));
#5609 = CARTESIAN_POINT('',(9.366381186555,12.345314755442,
    5.808084037388));
#5610 = CARTESIAN_POINT('',(9.4223635309,12.092447081906,5.795145119241)
  );
#5611 = CARTESIAN_POINT('',(9.492107309725,11.841764369183,
    5.776427325128));
#5612 = CARTESIAN_POINT('',(9.575633155083,11.594226291844,
    5.749550950912));
#5613 = CARTESIAN_POINT('',(9.672626309309,11.351628931918,
    5.711243034484));
#5614 = CARTESIAN_POINT('',(9.781995777386,11.116531755682,
    5.657161704219));
#5615 = CARTESIAN_POINT('',(9.901406380031,10.892353116669,
    5.581753616537));
#5616 = CARTESIAN_POINT('',(10.054720882856,10.635104049817,
    5.453752651125));
#5617 = CARTESIAN_POINT('',(10.084245618587,10.586893057184,
    5.427747439914));
#5618 = CARTESIAN_POINT('',(10.113892806639,10.539749371259,
    5.400139578829));
#5619 = CARTESIAN_POINT('',(10.143548741993,10.493788303632,
    5.37087703298));
#5620 = CARTESIAN_POINT('',(10.173092171177,10.449120242795,
    5.339913247284));
#5621 = CARTESIAN_POINT('',(10.202395055768,10.405850957713,
    5.307207499668));
#5622 = CARTESIAN_POINT('',(10.231323335882,10.364081901386,
    5.272725254267));
#5623 = CARTESIAN_POINT('',(10.276989594308,10.299520282511,
    5.214406863191));
#5624 = CARTESIAN_POINT('',(10.294047143185,10.275725968034,
    5.191716231453));
#5625 = CARTESIAN_POINT('',(10.310873607318,10.252556992056,
    5.168368233248));
#5626 = CARTESIAN_POINT('',(10.327431965643,10.230041122207,
    5.144366549694));
#5627 = CARTESIAN_POINT('',(10.343685119761,10.208204540866,
    5.119716954712));
#5628 = CARTESIAN_POINT('',(10.359596104681,10.187071913356,
    5.094427340561));
#5629 = CARTESIAN_POINT('',(10.375128299563,10.166666456125,
    5.068507743357));
#5630 = CARTESIAN_POINT('',(10.400972143157,10.133062774039,
    5.023140779816));
#5631 = CARTESIAN_POINT('',(10.411488983816,10.119493755644,
    5.004001686684));
#5632 = CARTESIAN_POINT('',(10.421782657956,10.106311381922,
    4.984558477206));
#5633 = CARTESIAN_POINT('',(10.431839926175,10.093523703119,
    4.964817312234));
#5634 = CARTESIAN_POINT('',(10.441647812143,10.081138387555,
    4.944785125487));
#5635 = CARTESIAN_POINT('',(10.451193602605,10.06916272163,
    4.924469623546));
#5636 = CARTESIAN_POINT('',(10.460464847378,10.057603609816,
    4.903879285858));
#5637 = CARTESIAN_POINT('',(10.500239074958,10.008304638681,
    4.811550603393));
#5638 = CARTESIAN_POINT('',(10.527648377498,9.975127051034,4.73699099672
    ));
#5639 = CARTESIAN_POINT('',(10.551207580974,9.947177230904,
    4.659697192894));
#5640 = CARTESIAN_POINT('',(10.570501983896,9.924641144735,
    4.580113218409));
#5641 = CARTESIAN_POINT('',(10.585199206775,9.907654609637,
    4.498758488464));
#5642 = CARTESIAN_POINT('',(10.5950696397,9.896306259717,4.4162097114));
#5643 = CARTESIAN_POINT('',(10.6,9.890637175345,4.333080687194));
#5644 = CARTESIAN_POINT('',(10.6,9.890637175345,4.25));
#5645 = PCURVE('',#1082,#5646);
#5646 = DEFINITIONAL_REPRESENTATION('',(#5647),#5685);
#5647 = B_SPLINE_CURVE_WITH_KNOTS('',8,(#5648,#5649,#5650,#5651,#5652,
    #5653,#5654,#5655,#5656,#5657,#5658,#5659,#5660,#5661,#5662,#5663,
    #5664,#5665,#5666,#5667,#5668,#5669,#5670,#5671,#5672,#5673,#5674,
    #5675,#5676,#5677,#5678,#5679,#5680,#5681,#5682,#5683,#5684),
  .UNSPECIFIED.,.F.,.F.,(9,7,7,7,7,9),(0.,0.546389980877,0.675464610108,
    0.753832831341,0.809438986609,1.),.UNSPECIFIED.);
#5648 = CARTESIAN_POINT('',(-4.916385864715,-8.0000006));
#5649 = CARTESIAN_POINT('',(-4.943348233053,-7.745314755442));
#5650 = CARTESIAN_POINT('',(-4.979250443485,-7.492447081906));
#5651 = CARTESIAN_POINT('',(-5.024333605678,-7.241764369184));
#5652 = CARTESIAN_POINT('',(-5.079037926918,-6.994226291842));
#5653 = CARTESIAN_POINT('',(-5.14387637908,-6.751628931918));
#5654 = CARTESIAN_POINT('',(-5.219576643525,-6.516531755682));
#5655 = CARTESIAN_POINT('',(-5.307072009838,-6.292353116669));
#5656 = CARTESIAN_POINT('',(-5.431899365493,-6.035104049817));
#5657 = CARTESIAN_POINT('',(-5.456481015539,-5.986893057184));
#5658 = CARTESIAN_POINT('',(-5.481784034514,-5.939749371259));
#5659 = CARTESIAN_POINT('',(-5.507800721359,-5.893788303632));
#5660 = CARTESIAN_POINT('',(-5.534523380441,-5.849120242795));
#5661 = CARTESIAN_POINT('',(-5.561945024225,-5.805850957713));
#5662 = CARTESIAN_POINT('',(-5.590060075945,-5.764081901386));
#5663 = CARTESIAN_POINT('',(-5.63635415079,-5.699520282511));
#5664 = CARTESIAN_POINT('',(-5.65409261859,-5.675725968034));
#5665 = CARTESIAN_POINT('',(-5.672073665822,-5.652556992056));
#5666 = CARTESIAN_POINT('',(-5.690290353647,-5.630041122207));
#5667 = CARTESIAN_POINT('',(-5.708735642272,-5.608204540866));
#5668 = CARTESIAN_POINT('',(-5.727402418985,-5.587071913356));
#5669 = CARTESIAN_POINT('',(-5.746283526194,-5.566666456125));
#5670 = CARTESIAN_POINT('',(-5.778915862729,-5.533062774039));
#5671 = CARTESIAN_POINT('',(-5.792563135293,-5.519493755644));
#5672 = CARTESIAN_POINT('',(-5.806310327011,-5.506311381922));
#5673 = CARTESIAN_POINT('',(-5.820154027248,-5.493523703119));
#5674 = CARTESIAN_POINT('',(-5.834090694866,-5.481138387555));
#5675 = CARTESIAN_POINT('',(-5.84811665823,-5.46916272163));
#5676 = CARTESIAN_POINT('',(-5.862228115203,-5.457603609816));
#5677 = CARTESIAN_POINT('',(-5.925060278746,-5.408304638681));
#5678 = CARTESIAN_POINT('',(-5.974635460538,-5.375127051034));
#5679 = CARTESIAN_POINT('',(-6.025003146952,-5.347177230904));
#5680 = CARTESIAN_POINT('',(-6.076010162698,-5.324641144735));
#5681 = CARTESIAN_POINT('',(-6.127498030823,-5.307654609637));
#5682 = CARTESIAN_POINT('',(-6.179304160094,-5.296306259717));
#5683 = CARTESIAN_POINT('',(-6.231259877684,-5.290637175345));
#5684 = CARTESIAN_POINT('',(-6.28318530718,-5.290637175345));
#5685 = ( GEOMETRIC_REPRESENTATION_CONTEXT(2) 
PARAMETRIC_REPRESENTATION_CONTEXT() REPRESENTATION_CONTEXT('2D SPACE',''
  ) );
#5686 = PCURVE('',#2058,#5687);
#5687 = DEFINITIONAL_REPRESENTATION('',(#5688),#5726);
#5688 = B_SPLINE_CURVE_WITH_KNOTS('',8,(#5689,#5690,#5691,#5692,#5693,
    #5694,#5695,#5696,#5697,#5698,#5699,#5700,#5701,#5702,#5703,#5704,
    #5705,#5706,#5707,#5708,#5709,#5710,#5711,#5712,#5713,#5714,#5715,
    #5716,#5717,#5718,#5719,#5720,#5721,#5722,#5723,#5724,#5725),
  .UNSPECIFIED.,.F.,.F.,(9,7,7,7,7,9),(0.,0.546389980877,0.675464610108,
    0.753832831341,0.809438986609,1.),.UNSPECIFIED.);
#5689 = CARTESIAN_POINT('',(-3.305968127039,-5.816823509292));
#5690 = CARTESIAN_POINT('',(-3.352907350086,-5.808084037388));
#5691 = CARTESIAN_POINT('',(-3.399929155768,-5.795145119241));
#5692 = CARTESIAN_POINT('',(-3.44712610686,-5.776427325128));
#5693 = CARTESIAN_POINT('',(-3.494486394207,-5.749550950912));
#5694 = CARTESIAN_POINT('',(-3.541847053886,-5.711243034484));
#5695 = CARTESIAN_POINT('',(-3.588876109361,-5.657161704218));
#5696 = CARTESIAN_POINT('',(-3.635004304846,-5.581753616537));
#5697 = CARTESIAN_POINT('',(-3.68945343773,-5.453752651125));
#5698 = CARTESIAN_POINT('',(-3.699731462905,-5.427747439914));
#5699 = CARTESIAN_POINT('',(-3.709855917367,-5.400139578829));
#5700 = CARTESIAN_POINT('',(-3.719799736582,-5.37087703298));
#5701 = CARTESIAN_POINT('',(-3.729535664083,-5.339913247284));
#5702 = CARTESIAN_POINT('',(-3.739036220799,-5.307207499668));
#5703 = CARTESIAN_POINT('',(-3.748273674377,-5.272725254267));
#5704 = CARTESIAN_POINT('',(-3.76265181411,-5.214406863191));
#5705 = CARTESIAN_POINT('',(-3.767974756207,-5.191716231453));
#5706 = CARTESIAN_POINT('',(-3.773180856782,-5.168368233248));
#5707 = CARTESIAN_POINT('',(-3.778262308783,-5.144366549694));
#5708 = CARTESIAN_POINT('',(-3.783211487785,-5.119716954712));
#5709 = CARTESIAN_POINT('',(-3.78802096363,-5.094427340561));
#5710 = CARTESIAN_POINT('',(-3.792683512077,-5.068507743357));
#5711 = CARTESIAN_POINT('',(-3.800391212856,-5.023140779816));
#5712 = CARTESIAN_POINT('',(-3.80351255056,-5.004001686684));
#5713 = CARTESIAN_POINT('',(-3.806553476481,-4.984558477206));
#5714 = CARTESIAN_POINT('',(-3.809511402448,-4.964817312234));
#5715 = CARTESIAN_POINT('',(-3.812383815199,-4.944785125487));
#5716 = CARTESIAN_POINT('',(-3.815168276389,-4.924469623546));
#5717 = CARTESIAN_POINT('',(-3.817862422581,-4.903879285858));
#5718 = CARTESIAN_POINT('',(-3.829379392072,-4.811550603393));
#5719 = CARTESIAN_POINT('',(-3.837203421582,-4.73699099672));
#5720 = CARTESIAN_POINT('',(-3.843849263502,-4.659697192894));
#5721 = CARTESIAN_POINT('',(-3.849243131136,-4.580113218409));
#5722 = CARTESIAN_POINT('',(-3.853327144581,-4.498758488464));
#5723 = CARTESIAN_POINT('',(-3.856061767859,-4.4162097114));
#5724 = CARTESIAN_POINT('',(-3.857427779993,-4.333080687194));
#5725 = CARTESIAN_POINT('',(-3.857427779993,-4.25));
#5726 = ( GEOMETRIC_REPRESENTATION_CONTEXT(2) 
PARAMETRIC_REPRESENTATION_CONTEXT() REPRESENTATION_CONTEXT('2D SPACE',''
  ) );
#5727 = ORIENTED_EDGE('',*,*,#5728,.T.);
#5728 = EDGE_CURVE('',#5604,#5530,#5729,.T.);
#5729 = SURFACE_CURVE('',#5730,(#5735,#5742),.PCURVE_S1.);
#5730 = CIRCLE('',#5731,1.6);
#5731 = AXIS2_PLACEMENT_3D('',#5732,#5733,#5734);
#5732 = CARTESIAN_POINT('',(9.,12.6,4.25));
#5733 = DIRECTION('',(-0.,1.,1.110223024625E-16));
#5734 = DIRECTION('',(1.,0.,0.));
#5735 = PCURVE('',#1082,#5736);
#5736 = DEFINITIONAL_REPRESENTATION('',(#5737),#5741);
#5737 = LINE('',#5738,#5739);
#5738 = CARTESIAN_POINT('',(-0.,-8.));
#5739 = VECTOR('',#5740,1.);
#5740 = DIRECTION('',(-1.,0.));
#5741 = ( GEOMETRIC_REPRESENTATION_CONTEXT(2) 
PARAMETRIC_REPRESENTATION_CONTEXT() REPRESENTATION_CONTEXT('2D SPACE',''
  ) );
#5742 = PCURVE('',#2026,#5743);
#5743 = DEFINITIONAL_REPRESENTATION('',(#5744),#5748);
#5744 = CIRCLE('',#5745,1.6);
#5745 = AXIS2_PLACEMENT_2D('',#5746,#5747);
#5746 = CARTESIAN_POINT('',(0.,0.));
#5747 = DIRECTION('',(1.,0.));
#5748 = ( GEOMETRIC_REPRESENTATION_CONTEXT(2) 
PARAMETRIC_REPRESENTATION_CONTEXT() REPRESENTATION_CONTEXT('2D SPACE',''
  ) );
#5749 = ORIENTED_EDGE('',*,*,#5529,.F.);
#5750 = ADVANCED_FACE('',(#5751),#1165,.T.);
#5751 = FACE_BOUND('',#5752,.T.);
#5752 = EDGE_LOOP('',(#5753,#5754,#5755,#5776,#5777,#5798,#5799,#5800,
    #5801,#5822,#5848,#5867));
#5753 = ORIENTED_EDGE('',*,*,#1259,.F.);
#5754 = ORIENTED_EDGE('',*,*,#1309,.T.);
#5755 = ORIENTED_EDGE('',*,*,#5756,.T.);
#5756 = EDGE_CURVE('',#1310,#2303,#5757,.T.);
#5757 = SURFACE_CURVE('',#5758,(#5762,#5769),.PCURVE_S1.);
#5758 = LINE('',#5759,#5760);
#5759 = CARTESIAN_POINT('',(-5.1,8.4,-1.));
#5760 = VECTOR('',#5761,1.);
#5761 = DIRECTION('',(0.,0.,1.));
#5762 = PCURVE('',#1165,#5763);
#5763 = DEFINITIONAL_REPRESENTATION('',(#5764),#5768);
#5764 = LINE('',#5765,#5766);
#5765 = CARTESIAN_POINT('',(1.,0.));
#5766 = VECTOR('',#5767,1.);
#5767 = DIRECTION('',(0.,-1.));
#5768 = ( GEOMETRIC_REPRESENTATION_CONTEXT(2) 
PARAMETRIC_REPRESENTATION_CONTEXT() REPRESENTATION_CONTEXT('2D SPACE',''
  ) );
#5769 = PCURVE('',#1347,#5770);
#5770 = DEFINITIONAL_REPRESENTATION('',(#5771),#5775);
#5771 = LINE('',#5772,#5773);
#5772 = CARTESIAN_POINT('',(-0.,0.));
#5773 = VECTOR('',#5774,1.);
#5774 = DIRECTION('',(-0.,1.));
#5775 = ( GEOMETRIC_REPRESENTATION_CONTEXT(2) 
PARAMETRIC_REPRESENTATION_CONTEXT() REPRESENTATION_CONTEXT('2D SPACE',''
  ) );
#5776 = ORIENTED_EDGE('',*,*,#2302,.F.);
#5777 = ORIENTED_EDGE('',*,*,#5778,.F.);
#5778 = EDGE_CURVE('',#4156,#2272,#5779,.T.);
#5779 = SURFACE_CURVE('',#5780,(#5784,#5791),.PCURVE_S1.);
#5780 = LINE('',#5781,#5782);
#5781 = CARTESIAN_POINT('',(5.1,8.4,-1.));
#5782 = VECTOR('',#5783,1.);
#5783 = DIRECTION('',(0.,0.,1.));
#5784 = PCURVE('',#1165,#5785);
#5785 = DEFINITIONAL_REPRESENTATION('',(#5786),#5790);
#5786 = LINE('',#5787,#5788);
#5787 = CARTESIAN_POINT('',(11.2,0.));
#5788 = VECTOR('',#5789,1.);
#5789 = DIRECTION('',(0.,-1.));
#5790 = ( GEOMETRIC_REPRESENTATION_CONTEXT(2) 
PARAMETRIC_REPRESENTATION_CONTEXT() REPRESENTATION_CONTEXT('2D SPACE',''
  ) );
#5791 = PCURVE('',#2290,#5792);
#5792 = DEFINITIONAL_REPRESENTATION('',(#5793),#5797);
#5793 = LINE('',#5794,#5795);
#5794 = CARTESIAN_POINT('',(0.,0.));
#5795 = VECTOR('',#5796,1.);
#5796 = DIRECTION('',(0.,1.));
#5797 = ( GEOMETRIC_REPRESENTATION_CONTEXT(2) 
PARAMETRIC_REPRESENTATION_CONTEXT() REPRESENTATION_CONTEXT('2D SPACE',''
  ) );
#5798 = ORIENTED_EDGE('',*,*,#4179,.T.);
#5799 = ORIENTED_EDGE('',*,*,#4281,.T.);
#5800 = ORIENTED_EDGE('',*,*,#1150,.T.);
#5801 = ORIENTED_EDGE('',*,*,#5802,.F.);
#5802 = EDGE_CURVE('',#5803,#1151,#5805,.T.);
#5803 = VERTEX_POINT('',#5804);
#5804 = CARTESIAN_POINT('',(2.655654344978,8.4,0.3));
#5805 = SURFACE_CURVE('',#5806,(#5810,#5816),.PCURVE_S1.);
#5806 = LINE('',#5807,#5808);
#5807 = CARTESIAN_POINT('',(2.655654344978,8.4,-1.));
#5808 = VECTOR('',#5809,1.);
#5809 = DIRECTION('',(-0.,-0.,-1.));
#5810 = PCURVE('',#1165,#5811);
#5811 = DEFINITIONAL_REPRESENTATION('',(#5812),#5815);
#5812 = B_SPLINE_CURVE_WITH_KNOTS('',1,(#5813,#5814),.UNSPECIFIED.,.F.,
  .F.,(2,2),(-1.3000006,-0.65),.PIECEWISE_BEZIER_KNOTS.);
#5813 = CARTESIAN_POINT('',(8.755654344978,-1.3000006));
#5814 = CARTESIAN_POINT('',(8.755654344978,-0.65));
#5815 = ( GEOMETRIC_REPRESENTATION_CONTEXT(2) 
PARAMETRIC_REPRESENTATION_CONTEXT() REPRESENTATION_CONTEXT('2D SPACE',''
  ) );
#5816 = PCURVE('',#1197,#5817);
#5817 = DEFINITIONAL_REPRESENTATION('',(#5818),#5821);
#5818 = B_SPLINE_CURVE_WITH_KNOTS('',1,(#5819,#5820),.UNSPECIFIED.,.F.,
  .F.,(2,2),(-1.3000006,-0.65),.PIECEWISE_BEZIER_KNOTS.);
#5819 = CARTESIAN_POINT('',(-5.192472132627,-1.3000006));
#5820 = CARTESIAN_POINT('',(-5.192472132627,-0.65));
#5821 = ( GEOMETRIC_REPRESENTATION_CONTEXT(2) 
PARAMETRIC_REPRESENTATION_CONTEXT() REPRESENTATION_CONTEXT('2D SPACE',''
  ) );
#5822 = ORIENTED_EDGE('',*,*,#5823,.F.);
#5823 = EDGE_CURVE('',#5824,#5803,#5826,.T.);
#5824 = VERTEX_POINT('',#5825);
#5825 = CARTESIAN_POINT('',(-2.655654344978,8.4,0.3));
#5826 = SURFACE_CURVE('',#5827,(#5831,#5837),.PCURVE_S1.);
#5827 = LINE('',#5828,#5829);
#5828 = CARTESIAN_POINT('',(-3.05,8.4,0.3));
#5829 = VECTOR('',#5830,1.);
#5830 = DIRECTION('',(1.,0.,0.));
#5831 = PCURVE('',#1165,#5832);
#5832 = DEFINITIONAL_REPRESENTATION('',(#5833),#5836);
#5833 = B_SPLINE_CURVE_WITH_KNOTS('',1,(#5834,#5835),.UNSPECIFIED.,.F.,
  .F.,(2,2),(-2.05,8.15),.PIECEWISE_BEZIER_KNOTS.);
#5834 = CARTESIAN_POINT('',(1.,-1.3));
#5835 = CARTESIAN_POINT('',(11.2,-1.3));
#5836 = ( GEOMETRIC_REPRESENTATION_CONTEXT(2) 
PARAMETRIC_REPRESENTATION_CONTEXT() REPRESENTATION_CONTEXT('2D SPACE',''
  ) );
#5837 = PCURVE('',#5838,#5843);
#5838 = PLANE('',#5839);
#5839 = AXIS2_PLACEMENT_3D('',#5840,#5841,#5842);
#5840 = CARTESIAN_POINT('',(-3.567235128364E-16,13.5,0.3));
#5841 = DIRECTION('',(0.,0.,1.));
#5842 = DIRECTION('',(1.,0.,-0.));
#5843 = DEFINITIONAL_REPRESENTATION('',(#5844),#5847);
#5844 = B_SPLINE_CURVE_WITH_KNOTS('',1,(#5845,#5846),.UNSPECIFIED.,.F.,
  .F.,(2,2),(-2.05,8.15),.PIECEWISE_BEZIER_KNOTS.);
#5845 = CARTESIAN_POINT('',(-5.1,-5.1));
#5846 = CARTESIAN_POINT('',(5.1,-5.1));
#5847 = ( GEOMETRIC_REPRESENTATION_CONTEXT(2) 
PARAMETRIC_REPRESENTATION_CONTEXT() REPRESENTATION_CONTEXT('2D SPACE',''
  ) );
#5848 = ORIENTED_EDGE('',*,*,#5849,.T.);
#5849 = EDGE_CURVE('',#5824,#1177,#5850,.T.);
#5850 = SURFACE_CURVE('',#5851,(#5855,#5861),.PCURVE_S1.);
#5851 = LINE('',#5852,#5853);
#5852 = CARTESIAN_POINT('',(-2.655654344978,8.4,-1.));
#5853 = VECTOR('',#5854,1.);
#5854 = DIRECTION('',(-0.,-0.,-1.));
#5855 = PCURVE('',#1165,#5856);
#5856 = DEFINITIONAL_REPRESENTATION('',(#5857),#5860);
#5857 = B_SPLINE_CURVE_WITH_KNOTS('',1,(#5858,#5859),.UNSPECIFIED.,.F.,
  .F.,(2,2),(-1.3000006,-0.65),.PIECEWISE_BEZIER_KNOTS.);
#5858 = CARTESIAN_POINT('',(3.444345655022,-1.3000006));
#5859 = CARTESIAN_POINT('',(3.444345655022,-0.65));
#5860 = ( GEOMETRIC_REPRESENTATION_CONTEXT(2) 
PARAMETRIC_REPRESENTATION_CONTEXT() REPRESENTATION_CONTEXT('2D SPACE',''
  ) );
#5861 = PCURVE('',#1197,#5862);
#5862 = DEFINITIONAL_REPRESENTATION('',(#5863),#5866);
#5863 = B_SPLINE_CURVE_WITH_KNOTS('',1,(#5864,#5865),.UNSPECIFIED.,.F.,
  .F.,(2,2),(-1.3000006,-0.65),.PIECEWISE_BEZIER_KNOTS.);
#5864 = CARTESIAN_POINT('',(-4.232305828143,-1.3000006));
#5865 = CARTESIAN_POINT('',(-4.232305828143,-0.65));
#5866 = ( GEOMETRIC_REPRESENTATION_CONTEXT(2) 
PARAMETRIC_REPRESENTATION_CONTEXT() REPRESENTATION_CONTEXT('2D SPACE',''
  ) );
#5867 = ORIENTED_EDGE('',*,*,#1209,.T.);
#5868 = ADVANCED_FACE('',(#5869),#1197,.F.);
#5869 = FACE_BOUND('',#5870,.T.);
#5870 = EDGE_LOOP('',(#5871,#5893,#5894,#5895));
#5871 = ORIENTED_EDGE('',*,*,#5872,.T.);
#5872 = EDGE_CURVE('',#5824,#5803,#5873,.T.);
#5873 = SURFACE_CURVE('',#5874,(#5879,#5886),.PCURVE_S1.);
#5874 = CIRCLE('',#5875,5.75);
#5875 = AXIS2_PLACEMENT_3D('',#5876,#5877,#5878);
#5876 = CARTESIAN_POINT('',(0.,13.5,0.3));
#5877 = DIRECTION('',(0.,0.,1.));
#5878 = DIRECTION('',(1.,0.,0.));
#5879 = PCURVE('',#1197,#5880);
#5880 = DEFINITIONAL_REPRESENTATION('',(#5881),#5885);
#5881 = LINE('',#5882,#5883);
#5882 = CARTESIAN_POINT('',(-0.,-1.3));
#5883 = VECTOR('',#5884,1.);
#5884 = DIRECTION('',(-1.,0.));
#5885 = ( GEOMETRIC_REPRESENTATION_CONTEXT(2) 
PARAMETRIC_REPRESENTATION_CONTEXT() REPRESENTATION_CONTEXT('2D SPACE',''
  ) );
#5886 = PCURVE('',#5838,#5887);
#5887 = DEFINITIONAL_REPRESENTATION('',(#5888),#5892);
#5888 = CIRCLE('',#5889,5.75);
#5889 = AXIS2_PLACEMENT_2D('',#5890,#5891);
#5890 = CARTESIAN_POINT('',(3.567235128364E-16,0.));
#5891 = DIRECTION('',(1.,0.));
#5892 = ( GEOMETRIC_REPRESENTATION_CONTEXT(2) 
PARAMETRIC_REPRESENTATION_CONTEXT() REPRESENTATION_CONTEXT('2D SPACE',''
  ) );
#5893 = ORIENTED_EDGE('',*,*,#5802,.T.);
#5894 = ORIENTED_EDGE('',*,*,#1176,.T.);
#5895 = ORIENTED_EDGE('',*,*,#5849,.F.);
#5896 = ADVANCED_FACE('',(#5897),#1541,.F.);
#5897 = FACE_BOUND('',#5898,.F.);
#5898 = EDGE_LOOP('',(#5899,#5900,#5921,#5922));
#5899 = ORIENTED_EDGE('',*,*,#1528,.F.);
#5900 = ORIENTED_EDGE('',*,*,#5901,.T.);
#5901 = EDGE_CURVE('',#1500,#2225,#5902,.T.);
#5902 = SURFACE_CURVE('',#5903,(#5907,#5914),.PCURVE_S1.);
#5903 = LINE('',#5904,#5905);
#5904 = CARTESIAN_POINT('',(-22.75,17.75,0.));
#5905 = VECTOR('',#5906,1.);
#5906 = DIRECTION('',(0.,0.,1.));
#5907 = PCURVE('',#1541,#5908);
#5908 = DEFINITIONAL_REPRESENTATION('',(#5909),#5913);
#5909 = LINE('',#5910,#5911);
#5910 = CARTESIAN_POINT('',(3.,0.));
#5911 = VECTOR('',#5912,1.);
#5912 = DIRECTION('',(0.,-1.));
#5913 = ( GEOMETRIC_REPRESENTATION_CONTEXT(2) 
PARAMETRIC_REPRESENTATION_CONTEXT() REPRESENTATION_CONTEXT('2D SPACE',''
  ) );
#5914 = PCURVE('',#1516,#5915);
#5915 = DEFINITIONAL_REPRESENTATION('',(#5916),#5920);
#5916 = LINE('',#5917,#5918);
#5917 = CARTESIAN_POINT('',(1.570796326795,0.));
#5918 = VECTOR('',#5919,1.);
#5919 = DIRECTION('',(0.,1.));
#5920 = ( GEOMETRIC_REPRESENTATION_CONTEXT(2) 
PARAMETRIC_REPRESENTATION_CONTEXT() REPRESENTATION_CONTEXT('2D SPACE',''
  ) );
#5921 = ORIENTED_EDGE('',*,*,#2248,.T.);
#5922 = ORIENTED_EDGE('',*,*,#1592,.F.);
#5923 = ADVANCED_FACE('',(#5924),#1516,.T.);
#5924 = FACE_BOUND('',#5925,.T.);
#5925 = EDGE_LOOP('',(#5926,#5947,#5948,#5949));
#5926 = ORIENTED_EDGE('',*,*,#5927,.F.);
#5927 = EDGE_CURVE('',#1474,#2202,#5928,.T.);
#5928 = SURFACE_CURVE('',#5929,(#5933,#5940),.PCURVE_S1.);
#5929 = LINE('',#5930,#5931);
#5930 = CARTESIAN_POINT('',(-19.75,20.75,0.));
#5931 = VECTOR('',#5932,1.);
#5932 = DIRECTION('',(0.,0.,1.));
#5933 = PCURVE('',#1516,#5934);
#5934 = DEFINITIONAL_REPRESENTATION('',(#5935),#5939);
#5935 = LINE('',#5936,#5937);
#5936 = CARTESIAN_POINT('',(0.,0.));
#5937 = VECTOR('',#5938,1.);
#5938 = DIRECTION('',(0.,1.));
#5939 = ( GEOMETRIC_REPRESENTATION_CONTEXT(2) 
PARAMETRIC_REPRESENTATION_CONTEXT() REPRESENTATION_CONTEXT('2D SPACE',''
  ) );
#5940 = PCURVE('',#1488,#5941);
#5941 = DEFINITIONAL_REPRESENTATION('',(#5942),#5946);
#5942 = LINE('',#5943,#5944);
#5943 = CARTESIAN_POINT('',(42.5,0.));
#5944 = VECTOR('',#5945,1.);
#5945 = DIRECTION('',(0.,-1.));
#5946 = ( GEOMETRIC_REPRESENTATION_CONTEXT(2) 
PARAMETRIC_REPRESENTATION_CONTEXT() REPRESENTATION_CONTEXT('2D SPACE',''
  ) );
#5947 = ORIENTED_EDGE('',*,*,#1499,.T.);
#5948 = ORIENTED_EDGE('',*,*,#5901,.T.);
#5949 = ORIENTED_EDGE('',*,*,#2224,.F.);
#5950 = ADVANCED_FACE('',(#5951),#1488,.F.);
#5951 = FACE_BOUND('',#5952,.F.);
#5952 = EDGE_LOOP('',(#5953,#5983,#6002,#6003,#6024,#6025,#6026,#6027));
#5953 = ORIENTED_EDGE('',*,*,#5954,.F.);
#5954 = EDGE_CURVE('',#5955,#5957,#5959,.T.);
#5955 = VERTEX_POINT('',#5956);
#5956 = CARTESIAN_POINT('',(6.477303946113,20.75,0.));
#5957 = VERTEX_POINT('',#5958);
#5958 = CARTESIAN_POINT('',(-6.477303946113,20.75,0.));
#5959 = SURFACE_CURVE('',#5960,(#5964,#5971),.PCURVE_S1.);
#5960 = LINE('',#5961,#5962);
#5961 = CARTESIAN_POINT('',(22.75,20.75,0.));
#5962 = VECTOR('',#5963,1.);
#5963 = DIRECTION('',(-1.,0.,0.));
#5964 = PCURVE('',#1488,#5965);
#5965 = DEFINITIONAL_REPRESENTATION('',(#5966),#5970);
#5966 = LINE('',#5967,#5968);
#5967 = CARTESIAN_POINT('',(0.,-0.));
#5968 = VECTOR('',#5969,1.);
#5969 = DIRECTION('',(1.,0.));
#5970 = ( GEOMETRIC_REPRESENTATION_CONTEXT(2) 
PARAMETRIC_REPRESENTATION_CONTEXT() REPRESENTATION_CONTEXT('2D SPACE',''
  ) );
#5971 = PCURVE('',#5972,#5977);
#5972 = PLANE('',#5973);
#5973 = AXIS2_PLACEMENT_3D('',#5974,#5975,#5976);
#5974 = CARTESIAN_POINT('',(-4.764745922951E-16,13.675,0.));
#5975 = DIRECTION('',(0.,0.,1.));
#5976 = DIRECTION('',(1.,0.,-0.));
#5977 = DEFINITIONAL_REPRESENTATION('',(#5978),#5982);
#5978 = LINE('',#5979,#5980);
#5979 = CARTESIAN_POINT('',(22.75,7.075));
#5980 = VECTOR('',#5981,1.);
#5981 = DIRECTION('',(-1.,0.));
#5982 = ( GEOMETRIC_REPRESENTATION_CONTEXT(2) 
PARAMETRIC_REPRESENTATION_CONTEXT() REPRESENTATION_CONTEXT('2D SPACE',''
  ) );
#5983 = ORIENTED_EDGE('',*,*,#5984,.F.);
#5984 = EDGE_CURVE('',#4040,#5955,#5985,.T.);
#5985 = SURFACE_CURVE('',#5986,(#5990,#5996),.PCURVE_S1.);
#5986 = LINE('',#5987,#5988);
#5987 = CARTESIAN_POINT('',(6.477303946113,20.75,-1.));
#5988 = VECTOR('',#5989,1.);
#5989 = DIRECTION('',(-0.,-0.,-1.));
#5990 = PCURVE('',#1488,#5991);
#5991 = DEFINITIONAL_REPRESENTATION('',(#5992),#5995);
#5992 = B_SPLINE_CURVE_WITH_KNOTS('',1,(#5993,#5994),.UNSPECIFIED.,.F.,
  .F.,(2,2),(-1.3000006,-0.65),.PIECEWISE_BEZIER_KNOTS.);
#5993 = CARTESIAN_POINT('',(16.272696053887,-0.3000006));
#5994 = CARTESIAN_POINT('',(16.272696053887,0.35));
#5995 = ( GEOMETRIC_REPRESENTATION_CONTEXT(2) 
PARAMETRIC_REPRESENTATION_CONTEXT() REPRESENTATION_CONTEXT('2D SPACE',''
  ) );
#5996 = PCURVE('',#4077,#5997);
#5997 = DEFINITIONAL_REPRESENTATION('',(#5998),#6001);
#5998 = B_SPLINE_CURVE_WITH_KNOTS('',1,(#5999,#6000),.UNSPECIFIED.,.F.,
  .F.,(2,2),(-1.3000006,-0.65),.PIECEWISE_BEZIER_KNOTS.);
#5999 = CARTESIAN_POINT('',(-2.42198332974,-1.3000006));
#6000 = CARTESIAN_POINT('',(-2.42198332974,-0.65));
#6001 = ( GEOMETRIC_REPRESENTATION_CONTEXT(2) 
PARAMETRIC_REPRESENTATION_CONTEXT() REPRESENTATION_CONTEXT('2D SPACE',''
  ) );
#6002 = ORIENTED_EDGE('',*,*,#4039,.F.);
#6003 = ORIENTED_EDGE('',*,*,#6004,.T.);
#6004 = EDGE_CURVE('',#4016,#2173,#6005,.T.);
#6005 = SURFACE_CURVE('',#6006,(#6010,#6017),.PCURVE_S1.);
#6006 = LINE('',#6007,#6008);
#6007 = CARTESIAN_POINT('',(19.75,20.75,0.));
#6008 = VECTOR('',#6009,1.);
#6009 = DIRECTION('',(0.,0.,1.));
#6010 = PCURVE('',#1488,#6011);
#6011 = DEFINITIONAL_REPRESENTATION('',(#6012),#6016);
#6012 = LINE('',#6013,#6014);
#6013 = CARTESIAN_POINT('',(3.,0.));
#6014 = VECTOR('',#6015,1.);
#6015 = DIRECTION('',(0.,-1.));
#6016 = ( GEOMETRIC_REPRESENTATION_CONTEXT(2) 
PARAMETRIC_REPRESENTATION_CONTEXT() REPRESENTATION_CONTEXT('2D SPACE',''
  ) );
#6017 = PCURVE('',#2189,#6018);
#6018 = DEFINITIONAL_REPRESENTATION('',(#6019),#6023);
#6019 = LINE('',#6020,#6021);
#6020 = CARTESIAN_POINT('',(1.570796326795,0.));
#6021 = VECTOR('',#6022,1.);
#6022 = DIRECTION('',(0.,1.));
#6023 = ( GEOMETRIC_REPRESENTATION_CONTEXT(2) 
PARAMETRIC_REPRESENTATION_CONTEXT() REPRESENTATION_CONTEXT('2D SPACE',''
  ) );
#6024 = ORIENTED_EDGE('',*,*,#2201,.T.);
#6025 = ORIENTED_EDGE('',*,*,#5927,.F.);
#6026 = ORIENTED_EDGE('',*,*,#1473,.F.);
#6027 = ORIENTED_EDGE('',*,*,#6028,.T.);
#6028 = EDGE_CURVE('',#1441,#5957,#6029,.T.);
#6029 = SURFACE_CURVE('',#6030,(#6034,#6040),.PCURVE_S1.);
#6030 = LINE('',#6031,#6032);
#6031 = CARTESIAN_POINT('',(-6.477303946113,20.75,-1.));
#6032 = VECTOR('',#6033,1.);
#6033 = DIRECTION('',(-0.,-0.,-1.));
#6034 = PCURVE('',#1488,#6035);
#6035 = DEFINITIONAL_REPRESENTATION('',(#6036),#6039);
#6036 = B_SPLINE_CURVE_WITH_KNOTS('',1,(#6037,#6038),.UNSPECIFIED.,.F.,
  .F.,(2,2),(-1.3000006,-0.65),.PIECEWISE_BEZIER_KNOTS.);
#6037 = CARTESIAN_POINT('',(29.227303946113,-0.3000006));
#6038 = CARTESIAN_POINT('',(29.227303946113,0.35));
#6039 = ( GEOMETRIC_REPRESENTATION_CONTEXT(2) 
PARAMETRIC_REPRESENTATION_CONTEXT() REPRESENTATION_CONTEXT('2D SPACE',''
  ) );
#6040 = PCURVE('',#1461,#6041);
#6041 = DEFINITIONAL_REPRESENTATION('',(#6042),#6045);
#6042 = B_SPLINE_CURVE_WITH_KNOTS('',1,(#6043,#6044),.UNSPECIFIED.,.F.,
  .F.,(2,2),(-1.3,-1.),.PIECEWISE_BEZIER_KNOTS.);
#6043 = CARTESIAN_POINT('',(-7.00279463103,-1.3));
#6044 = CARTESIAN_POINT('',(-7.00279463103,-1.));
#6045 = ( GEOMETRIC_REPRESENTATION_CONTEXT(2) 
PARAMETRIC_REPRESENTATION_CONTEXT() REPRESENTATION_CONTEXT('2D SPACE',''
  ) );
#6046 = ADVANCED_FACE('',(#6047),#1461,.F.);
#6047 = FACE_BOUND('',#6048,.T.);
#6048 = EDGE_LOOP('',(#6049,#6050,#6051,#6075));
#6049 = ORIENTED_EDGE('',*,*,#1440,.F.);
#6050 = ORIENTED_EDGE('',*,*,#6028,.T.);
#6051 = ORIENTED_EDGE('',*,*,#6052,.F.);
#6052 = EDGE_CURVE('',#6053,#5957,#6055,.T.);
#6053 = VERTEX_POINT('',#6054);
#6054 = CARTESIAN_POINT('',(-5.003718657868,18.6,0.));
#6055 = SURFACE_CURVE('',#6056,(#6061,#6068),.PCURVE_S1.);
#6056 = CIRCLE('',#6057,11.);
#6057 = AXIS2_PLACEMENT_3D('',#6058,#6059,#6060);
#6058 = CARTESIAN_POINT('',(-14.75,13.5,0.));
#6059 = DIRECTION('',(-0.,0.,1.));
#6060 = DIRECTION('',(0.778799669761,-0.627272727273,0.));
#6061 = PCURVE('',#1461,#6062);
#6062 = DEFINITIONAL_REPRESENTATION('',(#6063),#6067);
#6063 = LINE('',#6064,#6065);
#6064 = CARTESIAN_POINT('',(-5.605138947932,-1.));
#6065 = VECTOR('',#6066,1.);
#6066 = DIRECTION('',(-1.,-0.));
#6067 = ( GEOMETRIC_REPRESENTATION_CONTEXT(2) 
PARAMETRIC_REPRESENTATION_CONTEXT() REPRESENTATION_CONTEXT('2D SPACE',''
  ) );
#6068 = PCURVE('',#5972,#6069);
#6069 = DEFINITIONAL_REPRESENTATION('',(#6070),#6074);
#6070 = CIRCLE('',#6071,11.);
#6071 = AXIS2_PLACEMENT_2D('',#6072,#6073);
#6072 = CARTESIAN_POINT('',(-14.75,-0.175));
#6073 = DIRECTION('',(0.778799669761,-0.627272727273));
#6074 = ( GEOMETRIC_REPRESENTATION_CONTEXT(2) 
PARAMETRIC_REPRESENTATION_CONTEXT() REPRESENTATION_CONTEXT('2D SPACE',''
  ) );
#6075 = ORIENTED_EDGE('',*,*,#6076,.F.);
#6076 = EDGE_CURVE('',#1415,#6053,#6077,.T.);
#6077 = SURFACE_CURVE('',#6078,(#6082,#6088),.PCURVE_S1.);
#6078 = LINE('',#6079,#6080);
#6079 = CARTESIAN_POINT('',(-5.003718657868,18.6,-1.));
#6080 = VECTOR('',#6081,1.);
#6081 = DIRECTION('',(-0.,-0.,-1.));
#6082 = PCURVE('',#1461,#6083);
#6083 = DEFINITIONAL_REPRESENTATION('',(#6084),#6087);
#6084 = B_SPLINE_CURVE_WITH_KNOTS('',1,(#6085,#6086),.UNSPECIFIED.,.F.,
  .F.,(2,2),(-1.3000006,-0.9999994),.PIECEWISE_BEZIER_KNOTS.);
#6085 = CARTESIAN_POINT('',(-6.765280249022,-1.3000006));
#6086 = CARTESIAN_POINT('',(-6.765280249022,-0.9999994));
#6087 = ( GEOMETRIC_REPRESENTATION_CONTEXT(2) 
PARAMETRIC_REPRESENTATION_CONTEXT() REPRESENTATION_CONTEXT('2D SPACE',''
  ) );
#6088 = PCURVE('',#1429,#6089);
#6089 = DEFINITIONAL_REPRESENTATION('',(#6090),#6093);
#6090 = B_SPLINE_CURVE_WITH_KNOTS('',1,(#6091,#6092),.UNSPECIFIED.,.F.,
  .F.,(2,2),(-1.3000006,-0.9999994),.PIECEWISE_BEZIER_KNOTS.);
#6091 = CARTESIAN_POINT('',(11.103718657868,-1.3000006));
#6092 = CARTESIAN_POINT('',(11.103718657868,-0.9999994));
#6093 = ( GEOMETRIC_REPRESENTATION_CONTEXT(2) 
PARAMETRIC_REPRESENTATION_CONTEXT() REPRESENTATION_CONTEXT('2D SPACE',''
  ) );
#6094 = ADVANCED_FACE('',(#6095),#1429,.T.);
#6095 = FACE_BOUND('',#6096,.T.);
#6096 = EDGE_LOOP('',(#6097,#6118,#6119,#6140,#6141,#6162,#6163,#6164,
    #6185,#6211,#6237,#6258));
#6097 = ORIENTED_EDGE('',*,*,#6098,.F.);
#6098 = EDGE_CURVE('',#4061,#6099,#6101,.T.);
#6099 = VERTEX_POINT('',#6100);
#6100 = CARTESIAN_POINT('',(5.003718657868,18.6,0.));
#6101 = SURFACE_CURVE('',#6102,(#6106,#6112),.PCURVE_S1.);
#6102 = LINE('',#6103,#6104);
#6103 = CARTESIAN_POINT('',(5.003718657868,18.6,-1.));
#6104 = VECTOR('',#6105,1.);
#6105 = DIRECTION('',(-0.,-0.,-1.));
#6106 = PCURVE('',#1429,#6107);
#6107 = DEFINITIONAL_REPRESENTATION('',(#6108),#6111);
#6108 = B_SPLINE_CURVE_WITH_KNOTS('',1,(#6109,#6110),.UNSPECIFIED.,.F.,
  .F.,(2,2),(-1.3000006,-0.9999994),.PIECEWISE_BEZIER_KNOTS.);
#6109 = CARTESIAN_POINT('',(1.096281342132,-1.3000006));
#6110 = CARTESIAN_POINT('',(1.096281342132,-0.9999994));
#6111 = ( GEOMETRIC_REPRESENTATION_CONTEXT(2) 
PARAMETRIC_REPRESENTATION_CONTEXT() REPRESENTATION_CONTEXT('2D SPACE',''
  ) );
#6112 = PCURVE('',#4077,#6113);
#6113 = DEFINITIONAL_REPRESENTATION('',(#6114),#6117);
#6114 = B_SPLINE_CURVE_WITH_KNOTS('',1,(#6115,#6116),.UNSPECIFIED.,.F.,
  .F.,(2,2),(-1.3000006,-0.9999994),.PIECEWISE_BEZIER_KNOTS.);
#6115 = CARTESIAN_POINT('',(-2.659497711748,-1.3000006));
#6116 = CARTESIAN_POINT('',(-2.659497711748,-0.9999994));
#6117 = ( GEOMETRIC_REPRESENTATION_CONTEXT(2) 
PARAMETRIC_REPRESENTATION_CONTEXT() REPRESENTATION_CONTEXT('2D SPACE',''
  ) );
#6118 = ORIENTED_EDGE('',*,*,#4089,.T.);
#6119 = ORIENTED_EDGE('',*,*,#6120,.T.);
#6120 = EDGE_CURVE('',#4090,#2393,#6121,.T.);
#6121 = SURFACE_CURVE('',#6122,(#6126,#6133),.PCURVE_S1.);
#6122 = LINE('',#6123,#6124);
#6123 = CARTESIAN_POINT('',(5.1,18.6,-1.));
#6124 = VECTOR('',#6125,1.);
#6125 = DIRECTION('',(0.,0.,1.));
#6126 = PCURVE('',#1429,#6127);
#6127 = DEFINITIONAL_REPRESENTATION('',(#6128),#6132);
#6128 = LINE('',#6129,#6130);
#6129 = CARTESIAN_POINT('',(1.,0.));
#6130 = VECTOR('',#6131,1.);
#6131 = DIRECTION('',(0.,-1.));
#6132 = ( GEOMETRIC_REPRESENTATION_CONTEXT(2) 
PARAMETRIC_REPRESENTATION_CONTEXT() REPRESENTATION_CONTEXT('2D SPACE',''
  ) );
#6133 = PCURVE('',#2430,#6134);
#6134 = DEFINITIONAL_REPRESENTATION('',(#6135),#6139);
#6135 = LINE('',#6136,#6137);
#6136 = CARTESIAN_POINT('',(1.570796326795,0.));
#6137 = VECTOR('',#6138,1.);
#6138 = DIRECTION('',(0.,1.));
#6139 = ( GEOMETRIC_REPRESENTATION_CONTEXT(2) 
PARAMETRIC_REPRESENTATION_CONTEXT() REPRESENTATION_CONTEXT('2D SPACE',''
  ) );
#6140 = ORIENTED_EDGE('',*,*,#2392,.F.);
#6141 = ORIENTED_EDGE('',*,*,#6142,.F.);
#6142 = EDGE_CURVE('',#1386,#2369,#6143,.T.);
#6143 = SURFACE_CURVE('',#6144,(#6148,#6155),.PCURVE_S1.);
#6144 = LINE('',#6145,#6146);
#6145 = CARTESIAN_POINT('',(-5.1,18.6,-1.));
#6146 = VECTOR('',#6147,1.);
#6147 = DIRECTION('',(0.,0.,1.));
#6148 = PCURVE('',#1429,#6149);
#6149 = DEFINITIONAL_REPRESENTATION('',(#6150),#6154);
#6150 = LINE('',#6151,#6152);
#6151 = CARTESIAN_POINT('',(11.2,0.));
#6152 = VECTOR('',#6153,1.);
#6153 = DIRECTION('',(0.,-1.));
#6154 = ( GEOMETRIC_REPRESENTATION_CONTEXT(2) 
PARAMETRIC_REPRESENTATION_CONTEXT() REPRESENTATION_CONTEXT('2D SPACE',''
  ) );
#6155 = PCURVE('',#1402,#6156);
#6156 = DEFINITIONAL_REPRESENTATION('',(#6157),#6161);
#6157 = LINE('',#6158,#6159);
#6158 = CARTESIAN_POINT('',(0.,0.));
#6159 = VECTOR('',#6160,1.);
#6160 = DIRECTION('',(0.,1.));
#6161 = ( GEOMETRIC_REPRESENTATION_CONTEXT(2) 
PARAMETRIC_REPRESENTATION_CONTEXT() REPRESENTATION_CONTEXT('2D SPACE',''
  ) );
#6162 = ORIENTED_EDGE('',*,*,#1414,.T.);
#6163 = ORIENTED_EDGE('',*,*,#6076,.T.);
#6164 = ORIENTED_EDGE('',*,*,#6165,.T.);
#6165 = EDGE_CURVE('',#6053,#6166,#6168,.T.);
#6166 = VERTEX_POINT('',#6167);
#6167 = CARTESIAN_POINT('',(-2.655654344978,18.6,0.));
#6168 = SURFACE_CURVE('',#6169,(#6173,#6179),.PCURVE_S1.);
#6169 = LINE('',#6170,#6171);
#6170 = CARTESIAN_POINT('',(3.05,18.6,0.));
#6171 = VECTOR('',#6172,1.);
#6172 = DIRECTION('',(1.,0.,-0.));
#6173 = PCURVE('',#1429,#6174);
#6174 = DEFINITIONAL_REPRESENTATION('',(#6175),#6178);
#6175 = B_SPLINE_CURVE_WITH_KNOTS('',1,(#6176,#6177),.UNSPECIFIED.,.F.,
  .F.,(2,2),(-8.15,2.05),.PIECEWISE_BEZIER_KNOTS.);
#6176 = CARTESIAN_POINT('',(11.2,-1.));
#6177 = CARTESIAN_POINT('',(1.,-1.));
#6178 = ( GEOMETRIC_REPRESENTATION_CONTEXT(2) 
PARAMETRIC_REPRESENTATION_CONTEXT() REPRESENTATION_CONTEXT('2D SPACE',''
  ) );
#6179 = PCURVE('',#5972,#6180);
#6180 = DEFINITIONAL_REPRESENTATION('',(#6181),#6184);
#6181 = B_SPLINE_CURVE_WITH_KNOTS('',1,(#6182,#6183),.UNSPECIFIED.,.F.,
  .F.,(2,2),(-8.15,2.05),.PIECEWISE_BEZIER_KNOTS.);
#6182 = CARTESIAN_POINT('',(-5.1,4.925));
#6183 = CARTESIAN_POINT('',(5.1,4.925));
#6184 = ( GEOMETRIC_REPRESENTATION_CONTEXT(2) 
PARAMETRIC_REPRESENTATION_CONTEXT() REPRESENTATION_CONTEXT('2D SPACE',''
  ) );
#6185 = ORIENTED_EDGE('',*,*,#6186,.F.);
#6186 = EDGE_CURVE('',#6187,#6166,#6189,.T.);
#6187 = VERTEX_POINT('',#6188);
#6188 = CARTESIAN_POINT('',(-2.655654344978,18.6,0.3));
#6189 = SURFACE_CURVE('',#6190,(#6194,#6200),.PCURVE_S1.);
#6190 = LINE('',#6191,#6192);
#6191 = CARTESIAN_POINT('',(-2.655654344978,18.6,-1.));
#6192 = VECTOR('',#6193,1.);
#6193 = DIRECTION('',(-0.,-0.,-1.));
#6194 = PCURVE('',#1429,#6195);
#6195 = DEFINITIONAL_REPRESENTATION('',(#6196),#6199);
#6196 = B_SPLINE_CURVE_WITH_KNOTS('',1,(#6197,#6198),.UNSPECIFIED.,.F.,
  .F.,(2,2),(-1.3000006,-0.65),.PIECEWISE_BEZIER_KNOTS.);
#6197 = CARTESIAN_POINT('',(8.755654344978,-1.3000006));
#6198 = CARTESIAN_POINT('',(8.755654344978,-0.65));
#6199 = ( GEOMETRIC_REPRESENTATION_CONTEXT(2) 
PARAMETRIC_REPRESENTATION_CONTEXT() REPRESENTATION_CONTEXT('2D SPACE',''
  ) );
#6200 = PCURVE('',#6201,#6206);
#6201 = CYLINDRICAL_SURFACE('',#6202,5.75);
#6202 = AXIS2_PLACEMENT_3D('',#6203,#6204,#6205);
#6203 = CARTESIAN_POINT('',(0.,13.5,-1.));
#6204 = DIRECTION('',(-0.,-0.,-1.));
#6205 = DIRECTION('',(1.,0.,0.));
#6206 = DEFINITIONAL_REPRESENTATION('',(#6207),#6210);
#6207 = B_SPLINE_CURVE_WITH_KNOTS('',1,(#6208,#6209),.UNSPECIFIED.,.F.,
  .F.,(2,2),(-1.3000006,-0.65),.PIECEWISE_BEZIER_KNOTS.);
#6208 = CARTESIAN_POINT('',(-2.050879479037,-1.3000006));
#6209 = CARTESIAN_POINT('',(-2.050879479037,-0.65));
#6210 = ( GEOMETRIC_REPRESENTATION_CONTEXT(2) 
PARAMETRIC_REPRESENTATION_CONTEXT() REPRESENTATION_CONTEXT('2D SPACE',''
  ) );
#6211 = ORIENTED_EDGE('',*,*,#6212,.F.);
#6212 = EDGE_CURVE('',#6213,#6187,#6215,.T.);
#6213 = VERTEX_POINT('',#6214);
#6214 = CARTESIAN_POINT('',(2.655654344978,18.6,0.3));
#6215 = SURFACE_CURVE('',#6216,(#6220,#6226),.PCURVE_S1.);
#6216 = LINE('',#6217,#6218);
#6217 = CARTESIAN_POINT('',(3.05,18.6,0.3));
#6218 = VECTOR('',#6219,1.);
#6219 = DIRECTION('',(-1.,0.,0.));
#6220 = PCURVE('',#1429,#6221);
#6221 = DEFINITIONAL_REPRESENTATION('',(#6222),#6225);
#6222 = B_SPLINE_CURVE_WITH_KNOTS('',1,(#6223,#6224),.UNSPECIFIED.,.F.,
  .F.,(2,2),(-2.05,8.15),.PIECEWISE_BEZIER_KNOTS.);
#6223 = CARTESIAN_POINT('',(1.,-1.3));
#6224 = CARTESIAN_POINT('',(11.2,-1.3));
#6225 = ( GEOMETRIC_REPRESENTATION_CONTEXT(2) 
PARAMETRIC_REPRESENTATION_CONTEXT() REPRESENTATION_CONTEXT('2D SPACE',''
  ) );
#6226 = PCURVE('',#6227,#6232);
#6227 = PLANE('',#6228);
#6228 = AXIS2_PLACEMENT_3D('',#6229,#6230,#6231);
#6229 = CARTESIAN_POINT('',(-3.567235128364E-16,13.5,0.3));
#6230 = DIRECTION('',(0.,0.,1.));
#6231 = DIRECTION('',(1.,0.,-0.));
#6232 = DEFINITIONAL_REPRESENTATION('',(#6233),#6236);
#6233 = B_SPLINE_CURVE_WITH_KNOTS('',1,(#6234,#6235),.UNSPECIFIED.,.F.,
  .F.,(2,2),(-2.05,8.15),.PIECEWISE_BEZIER_KNOTS.);
#6234 = CARTESIAN_POINT('',(5.1,5.1));
#6235 = CARTESIAN_POINT('',(-5.1,5.1));
#6236 = ( GEOMETRIC_REPRESENTATION_CONTEXT(2) 
PARAMETRIC_REPRESENTATION_CONTEXT() REPRESENTATION_CONTEXT('2D SPACE',''
  ) );
#6237 = ORIENTED_EDGE('',*,*,#6238,.T.);
#6238 = EDGE_CURVE('',#6213,#6239,#6241,.T.);
#6239 = VERTEX_POINT('',#6240);
#6240 = CARTESIAN_POINT('',(2.655654344978,18.6,0.));
#6241 = SURFACE_CURVE('',#6242,(#6246,#6252),.PCURVE_S1.);
#6242 = LINE('',#6243,#6244);
#6243 = CARTESIAN_POINT('',(2.655654344978,18.6,-1.));
#6244 = VECTOR('',#6245,1.);
#6245 = DIRECTION('',(-0.,-0.,-1.));
#6246 = PCURVE('',#1429,#6247);
#6247 = DEFINITIONAL_REPRESENTATION('',(#6248),#6251);
#6248 = B_SPLINE_CURVE_WITH_KNOTS('',1,(#6249,#6250),.UNSPECIFIED.,.F.,
  .F.,(2,2),(-1.3000006,-0.65),.PIECEWISE_BEZIER_KNOTS.);
#6249 = CARTESIAN_POINT('',(3.444345655022,-1.3000006));
#6250 = CARTESIAN_POINT('',(3.444345655022,-0.65));
#6251 = ( GEOMETRIC_REPRESENTATION_CONTEXT(2) 
PARAMETRIC_REPRESENTATION_CONTEXT() REPRESENTATION_CONTEXT('2D SPACE',''
  ) );
#6252 = PCURVE('',#6201,#6253);
#6253 = DEFINITIONAL_REPRESENTATION('',(#6254),#6257);
#6254 = B_SPLINE_CURVE_WITH_KNOTS('',1,(#6255,#6256),.UNSPECIFIED.,.F.,
  .F.,(2,2),(-1.3000006,-0.65),.PIECEWISE_BEZIER_KNOTS.);
#6255 = CARTESIAN_POINT('',(-1.090713174553,-1.3000006));
#6256 = CARTESIAN_POINT('',(-1.090713174553,-0.65));
#6257 = ( GEOMETRIC_REPRESENTATION_CONTEXT(2) 
PARAMETRIC_REPRESENTATION_CONTEXT() REPRESENTATION_CONTEXT('2D SPACE',''
  ) );
#6258 = ORIENTED_EDGE('',*,*,#6259,.T.);
#6259 = EDGE_CURVE('',#6239,#6099,#6260,.T.);
#6260 = SURFACE_CURVE('',#6261,(#6265,#6271),.PCURVE_S1.);
#6261 = LINE('',#6262,#6263);
#6262 = CARTESIAN_POINT('',(3.05,18.6,0.));
#6263 = VECTOR('',#6264,1.);
#6264 = DIRECTION('',(1.,0.,-0.));
#6265 = PCURVE('',#1429,#6266);
#6266 = DEFINITIONAL_REPRESENTATION('',(#6267),#6270);
#6267 = B_SPLINE_CURVE_WITH_KNOTS('',1,(#6268,#6269),.UNSPECIFIED.,.F.,
  .F.,(2,2),(-8.15,2.05),.PIECEWISE_BEZIER_KNOTS.);
#6268 = CARTESIAN_POINT('',(11.2,-1.));
#6269 = CARTESIAN_POINT('',(1.,-1.));
#6270 = ( GEOMETRIC_REPRESENTATION_CONTEXT(2) 
PARAMETRIC_REPRESENTATION_CONTEXT() REPRESENTATION_CONTEXT('2D SPACE',''
  ) );
#6271 = PCURVE('',#5972,#6272);
#6272 = DEFINITIONAL_REPRESENTATION('',(#6273),#6276);
#6273 = B_SPLINE_CURVE_WITH_KNOTS('',1,(#6274,#6275),.UNSPECIFIED.,.F.,
  .F.,(2,2),(-8.15,2.05),.PIECEWISE_BEZIER_KNOTS.);
#6274 = CARTESIAN_POINT('',(-5.1,4.925));
#6275 = CARTESIAN_POINT('',(5.1,4.925));
#6276 = ( GEOMETRIC_REPRESENTATION_CONTEXT(2) 
PARAMETRIC_REPRESENTATION_CONTEXT() REPRESENTATION_CONTEXT('2D SPACE',''
  ) );
#6277 = ADVANCED_FACE('',(#6278),#1402,.F.);
#6278 = FACE_BOUND('',#6279,.F.);
#6279 = EDGE_LOOP('',(#6280,#6281,#6282,#6303));
#6280 = ORIENTED_EDGE('',*,*,#6142,.F.);
#6281 = ORIENTED_EDGE('',*,*,#1385,.T.);
#6282 = ORIENTED_EDGE('',*,*,#6283,.T.);
#6283 = EDGE_CURVE('',#1360,#2348,#6284,.T.);
#6284 = SURFACE_CURVE('',#6285,(#6289,#6296),.PCURVE_S1.);
#6285 = LINE('',#6286,#6287);
#6286 = CARTESIAN_POINT('',(-6.1,17.6,-1.));
#6287 = VECTOR('',#6288,1.);
#6288 = DIRECTION('',(0.,0.,1.));
#6289 = PCURVE('',#1402,#6290);
#6290 = DEFINITIONAL_REPRESENTATION('',(#6291),#6295);
#6291 = LINE('',#6292,#6293);
#6292 = CARTESIAN_POINT('',(1.570796326795,0.));
#6293 = VECTOR('',#6294,1.);
#6294 = DIRECTION('',(0.,1.));
#6295 = ( GEOMETRIC_REPRESENTATION_CONTEXT(2) 
PARAMETRIC_REPRESENTATION_CONTEXT() REPRESENTATION_CONTEXT('2D SPACE',''
  ) );
#6296 = PCURVE('',#1374,#6297);
#6297 = DEFINITIONAL_REPRESENTATION('',(#6298),#6302);
#6298 = LINE('',#6299,#6300);
#6299 = CARTESIAN_POINT('',(1.,0.));
#6300 = VECTOR('',#6301,1.);
#6301 = DIRECTION('',(0.,-1.));
#6302 = ( GEOMETRIC_REPRESENTATION_CONTEXT(2) 
PARAMETRIC_REPRESENTATION_CONTEXT() REPRESENTATION_CONTEXT('2D SPACE',''
  ) );
#6303 = ORIENTED_EDGE('',*,*,#2368,.F.);
#6304 = ADVANCED_FACE('',(#6305),#1374,.T.);
#6305 = FACE_BOUND('',#6306,.T.);
#6306 = EDGE_LOOP('',(#6307,#6308,#6309,#6310));
#6307 = ORIENTED_EDGE('',*,*,#1359,.T.);
#6308 = ORIENTED_EDGE('',*,*,#6283,.T.);
#6309 = ORIENTED_EDGE('',*,*,#2347,.F.);
#6310 = ORIENTED_EDGE('',*,*,#6311,.F.);
#6311 = EDGE_CURVE('',#1331,#2324,#6312,.T.);
#6312 = SURFACE_CURVE('',#6313,(#6317,#6324),.PCURVE_S1.);
#6313 = LINE('',#6314,#6315);
#6314 = CARTESIAN_POINT('',(-6.1,9.4,-1.));
#6315 = VECTOR('',#6316,1.);
#6316 = DIRECTION('',(0.,0.,1.));
#6317 = PCURVE('',#1374,#6318);
#6318 = DEFINITIONAL_REPRESENTATION('',(#6319),#6323);
#6319 = LINE('',#6320,#6321);
#6320 = CARTESIAN_POINT('',(9.2,0.));
#6321 = VECTOR('',#6322,1.);
#6322 = DIRECTION('',(0.,-1.));
#6323 = ( GEOMETRIC_REPRESENTATION_CONTEXT(2) 
PARAMETRIC_REPRESENTATION_CONTEXT() REPRESENTATION_CONTEXT('2D SPACE',''
  ) );
#6324 = PCURVE('',#1347,#6325);
#6325 = DEFINITIONAL_REPRESENTATION('',(#6326),#6330);
#6326 = LINE('',#6327,#6328);
#6327 = CARTESIAN_POINT('',(-1.570796326795,0.));
#6328 = VECTOR('',#6329,1.);
#6329 = DIRECTION('',(-0.,1.));
#6330 = ( GEOMETRIC_REPRESENTATION_CONTEXT(2) 
PARAMETRIC_REPRESENTATION_CONTEXT() REPRESENTATION_CONTEXT('2D SPACE',''
  ) );
#6331 = ADVANCED_FACE('',(#6332),#1347,.F.);
#6332 = FACE_BOUND('',#6333,.T.);
#6333 = EDGE_LOOP('',(#6334,#6335,#6336,#6337));
#6334 = ORIENTED_EDGE('',*,*,#5756,.F.);
#6335 = ORIENTED_EDGE('',*,*,#1330,.F.);
#6336 = ORIENTED_EDGE('',*,*,#6311,.T.);
#6337 = ORIENTED_EDGE('',*,*,#2323,.T.);
#6338 = ADVANCED_FACE('',(#6339),#1575,.F.);
#6339 = FACE_BOUND('',#6340,.T.);
#6340 = EDGE_LOOP('',(#6341,#6342,#6365,#6392));
#6341 = ORIENTED_EDGE('',*,*,#1554,.T.);
#6342 = ORIENTED_EDGE('',*,*,#6343,.T.);
#6343 = EDGE_CURVE('',#1555,#6344,#6346,.T.);
#6344 = VERTEX_POINT('',#6345);
#6345 = CARTESIAN_POINT('',(-10.5,13.5,0.55));
#6346 = SEAM_CURVE('',#6347,(#6351,#6358),.PCURVE_S1.);
#6347 = LINE('',#6348,#6349);
#6348 = CARTESIAN_POINT('',(-10.5,13.5,0.));
#6349 = VECTOR('',#6350,1.);
#6350 = DIRECTION('',(0.,0.,1.));
#6351 = PCURVE('',#1575,#6352);
#6352 = DEFINITIONAL_REPRESENTATION('',(#6353),#6357);
#6353 = LINE('',#6354,#6355);
#6354 = CARTESIAN_POINT('',(-6.28318530718,0.));
#6355 = VECTOR('',#6356,1.);
#6356 = DIRECTION('',(-0.,-1.));
#6357 = ( GEOMETRIC_REPRESENTATION_CONTEXT(2) 
PARAMETRIC_REPRESENTATION_CONTEXT() REPRESENTATION_CONTEXT('2D SPACE',''
  ) );
#6358 = PCURVE('',#1575,#6359);
#6359 = DEFINITIONAL_REPRESENTATION('',(#6360),#6364);
#6360 = LINE('',#6361,#6362);
#6361 = CARTESIAN_POINT('',(-0.,0.));
#6362 = VECTOR('',#6363,1.);
#6363 = DIRECTION('',(-0.,-1.));
#6364 = ( GEOMETRIC_REPRESENTATION_CONTEXT(2) 
PARAMETRIC_REPRESENTATION_CONTEXT() REPRESENTATION_CONTEXT('2D SPACE',''
  ) );
#6365 = ORIENTED_EDGE('',*,*,#6366,.T.);
#6366 = EDGE_CURVE('',#6344,#6344,#6367,.T.);
#6367 = SURFACE_CURVE('',#6368,(#6373,#6380),.PCURVE_S1.);
#6368 = CIRCLE('',#6369,4.25);
#6369 = AXIS2_PLACEMENT_3D('',#6370,#6371,#6372);
#6370 = CARTESIAN_POINT('',(-14.75,13.5,0.55));
#6371 = DIRECTION('',(0.,0.,1.));
#6372 = DIRECTION('',(1.,0.,0.));
#6373 = PCURVE('',#1575,#6374);
#6374 = DEFINITIONAL_REPRESENTATION('',(#6375),#6379);
#6375 = LINE('',#6376,#6377);
#6376 = CARTESIAN_POINT('',(-0.,-0.55));
#6377 = VECTOR('',#6378,1.);
#6378 = DIRECTION('',(-1.,0.));
#6379 = ( GEOMETRIC_REPRESENTATION_CONTEXT(2) 
PARAMETRIC_REPRESENTATION_CONTEXT() REPRESENTATION_CONTEXT('2D SPACE',''
  ) );
#6380 = PCURVE('',#6381,#6386);
#6381 = PLANE('',#6382);
#6382 = AXIS2_PLACEMENT_3D('',#6383,#6384,#6385);
#6383 = CARTESIAN_POINT('',(-14.75,13.5,0.55));
#6384 = DIRECTION('',(0.,0.,1.));
#6385 = DIRECTION('',(1.,0.,-0.));
#6386 = DEFINITIONAL_REPRESENTATION('',(#6387),#6391);
#6387 = CIRCLE('',#6388,4.25);
#6388 = AXIS2_PLACEMENT_2D('',#6389,#6390);
#6389 = CARTESIAN_POINT('',(0.,0.));
#6390 = DIRECTION('',(1.,0.));
#6391 = ( GEOMETRIC_REPRESENTATION_CONTEXT(2) 
PARAMETRIC_REPRESENTATION_CONTEXT() REPRESENTATION_CONTEXT('2D SPACE',''
  ) );
#6392 = ORIENTED_EDGE('',*,*,#6343,.F.);
#6393 = ADVANCED_FACE('',(#6394),#2189,.T.);
#6394 = FACE_BOUND('',#6395,.T.);
#6395 = EDGE_LOOP('',(#6396,#6417,#6418,#6419));
#6396 = ORIENTED_EDGE('',*,*,#6397,.F.);
#6397 = EDGE_CURVE('',#4014,#2145,#6398,.T.);
#6398 = SURFACE_CURVE('',#6399,(#6403,#6410),.PCURVE_S1.);
#6399 = LINE('',#6400,#6401);
#6400 = CARTESIAN_POINT('',(22.75,17.75,0.));
#6401 = VECTOR('',#6402,1.);
#6402 = DIRECTION('',(0.,0.,1.));
#6403 = PCURVE('',#2189,#6404);
#6404 = DEFINITIONAL_REPRESENTATION('',(#6405),#6409);
#6405 = LINE('',#6406,#6407);
#6406 = CARTESIAN_POINT('',(0.,0.));
#6407 = VECTOR('',#6408,1.);
#6408 = DIRECTION('',(0.,1.));
#6409 = ( GEOMETRIC_REPRESENTATION_CONTEXT(2) 
PARAMETRIC_REPRESENTATION_CONTEXT() REPRESENTATION_CONTEXT('2D SPACE',''
  ) );
#6410 = PCURVE('',#2160,#6411);
#6411 = DEFINITIONAL_REPRESENTATION('',(#6412),#6416);
#6412 = LINE('',#6413,#6414);
#6413 = CARTESIAN_POINT('',(11.15,0.));
#6414 = VECTOR('',#6415,1.);
#6415 = DIRECTION('',(0.,-1.));
#6416 = ( GEOMETRIC_REPRESENTATION_CONTEXT(2) 
PARAMETRIC_REPRESENTATION_CONTEXT() REPRESENTATION_CONTEXT('2D SPACE',''
  ) );
#6417 = ORIENTED_EDGE('',*,*,#4013,.T.);
#6418 = ORIENTED_EDGE('',*,*,#6004,.T.);
#6419 = ORIENTED_EDGE('',*,*,#2172,.F.);
#6420 = ADVANCED_FACE('',(#6421),#2160,.F.);
#6421 = FACE_BOUND('',#6422,.F.);
#6422 = EDGE_LOOP('',(#6423,#6424,#6425,#6426));
#6423 = ORIENTED_EDGE('',*,*,#4224,.F.);
#6424 = ORIENTED_EDGE('',*,*,#3988,.T.);
#6425 = ORIENTED_EDGE('',*,*,#2144,.T.);
#6426 = ORIENTED_EDGE('',*,*,#6397,.F.);
#6427 = ADVANCED_FACE('',(#6428),#2058,.T.);
#6428 = FACE_BOUND('',#6429,.F.);
#6429 = EDGE_LOOP('',(#6430,#6431,#6454,#6481,#6482,#6483,#6484,#6485,
    #6504,#6505));
#6430 = ORIENTED_EDGE('',*,*,#2037,.T.);
#6431 = ORIENTED_EDGE('',*,*,#6432,.T.);
#6432 = EDGE_CURVE('',#2038,#6433,#6435,.T.);
#6433 = VERTEX_POINT('',#6434);
#6434 = CARTESIAN_POINT('',(20.25,13.5,13.5));
#6435 = SEAM_CURVE('',#6436,(#6440,#6447),.PCURVE_S1.);
#6436 = LINE('',#6437,#6438);
#6437 = CARTESIAN_POINT('',(20.25,13.5,0.));
#6438 = VECTOR('',#6439,1.);
#6439 = DIRECTION('',(0.,0.,1.));
#6440 = PCURVE('',#2058,#6441);
#6441 = DEFINITIONAL_REPRESENTATION('',(#6442),#6446);
#6442 = LINE('',#6443,#6444);
#6443 = CARTESIAN_POINT('',(-6.28318530718,0.));
#6444 = VECTOR('',#6445,1.);
#6445 = DIRECTION('',(-0.,-1.));
#6446 = ( GEOMETRIC_REPRESENTATION_CONTEXT(2) 
PARAMETRIC_REPRESENTATION_CONTEXT() REPRESENTATION_CONTEXT('2D SPACE',''
  ) );
#6447 = PCURVE('',#2058,#6448);
#6448 = DEFINITIONAL_REPRESENTATION('',(#6449),#6453);
#6449 = LINE('',#6450,#6451);
#6450 = CARTESIAN_POINT('',(-0.,0.));
#6451 = VECTOR('',#6452,1.);
#6452 = DIRECTION('',(-0.,-1.));
#6453 = ( GEOMETRIC_REPRESENTATION_CONTEXT(2) 
PARAMETRIC_REPRESENTATION_CONTEXT() REPRESENTATION_CONTEXT('2D SPACE',''
  ) );
#6454 = ORIENTED_EDGE('',*,*,#6455,.T.);
#6455 = EDGE_CURVE('',#6433,#6433,#6456,.T.);
#6456 = SURFACE_CURVE('',#6457,(#6462,#6469),.PCURVE_S1.);
#6457 = CIRCLE('',#6458,5.5);
#6458 = AXIS2_PLACEMENT_3D('',#6459,#6460,#6461);
#6459 = CARTESIAN_POINT('',(14.75,13.5,13.5));
#6460 = DIRECTION('',(0.,0.,1.));
#6461 = DIRECTION('',(1.,0.,0.));
#6462 = PCURVE('',#2058,#6463);
#6463 = DEFINITIONAL_REPRESENTATION('',(#6464),#6468);
#6464 = LINE('',#6465,#6466);
#6465 = CARTESIAN_POINT('',(-0.,-13.5));
#6466 = VECTOR('',#6467,1.);
#6467 = DIRECTION('',(-1.,0.));
#6468 = ( GEOMETRIC_REPRESENTATION_CONTEXT(2) 
PARAMETRIC_REPRESENTATION_CONTEXT() REPRESENTATION_CONTEXT('2D SPACE',''
  ) );
#6469 = PCURVE('',#6470,#6475);
#6470 = PLANE('',#6471);
#6471 = AXIS2_PLACEMENT_3D('',#6472,#6473,#6474);
#6472 = CARTESIAN_POINT('',(14.75,13.5,13.5));
#6473 = DIRECTION('',(0.,0.,1.));
#6474 = DIRECTION('',(1.,0.,-0.));
#6475 = DEFINITIONAL_REPRESENTATION('',(#6476),#6480);
#6476 = CIRCLE('',#6477,5.5);
#6477 = AXIS2_PLACEMENT_2D('',#6478,#6479);
#6478 = CARTESIAN_POINT('',(0.,0.));
#6479 = DIRECTION('',(1.,0.));
#6480 = ( GEOMETRIC_REPRESENTATION_CONTEXT(2) 
PARAMETRIC_REPRESENTATION_CONTEXT() REPRESENTATION_CONTEXT('2D SPACE',''
  ) );
#6481 = ORIENTED_EDGE('',*,*,#6432,.F.);
#6482 = ORIENTED_EDGE('',*,*,#2070,.T.);
#6483 = ORIENTED_EDGE('',*,*,#3941,.F.);
#6484 = ORIENTED_EDGE('',*,*,#3886,.T.);
#6485 = ORIENTED_EDGE('',*,*,#6486,.T.);
#6486 = EDGE_CURVE('',#3887,#5576,#6487,.T.);
#6487 = SURFACE_CURVE('',#6488,(#6492,#6498),.PCURVE_S1.);
#6488 = LINE('',#6489,#6490);
#6489 = CARTESIAN_POINT('',(9.801262787337,11.1,0.));
#6490 = VECTOR('',#6491,1.);
#6491 = DIRECTION('',(-0.,-0.,-1.));
#6492 = PCURVE('',#2058,#6493);
#6493 = DEFINITIONAL_REPRESENTATION('',(#6494),#6497);
#6494 = B_SPLINE_CURVE_WITH_KNOTS('',1,(#6495,#6496),.UNSPECIFIED.,.F.,
  .F.,(2,2),(-7.625,-3.4999994),.PIECEWISE_BEZIER_KNOTS.);
#6495 = CARTESIAN_POINT('',(-3.593145912535,-7.625));
#6496 = CARTESIAN_POINT('',(-3.593145912535,-3.4999994));
#6497 = ( GEOMETRIC_REPRESENTATION_CONTEXT(2) 
PARAMETRIC_REPRESENTATION_CONTEXT() REPRESENTATION_CONTEXT('2D SPACE',''
  ) );
#6498 = PCURVE('',#1978,#6499);
#6499 = DEFINITIONAL_REPRESENTATION('',(#6500),#6503);
#6500 = B_SPLINE_CURVE_WITH_KNOTS('',1,(#6501,#6502),.UNSPECIFIED.,.F.,
  .F.,(2,2),(-7.625,-3.4999994),.PIECEWISE_BEZIER_KNOTS.);
#6501 = CARTESIAN_POINT('',(4.125,3.101262787337));
#6502 = CARTESIAN_POINT('',(-5.999999999062E-07,3.101262787337));
#6503 = ( GEOMETRIC_REPRESENTATION_CONTEXT(2) 
PARAMETRIC_REPRESENTATION_CONTEXT() REPRESENTATION_CONTEXT('2D SPACE',''
  ) );
#6504 = ORIENTED_EDGE('',*,*,#5603,.F.);
#6505 = ORIENTED_EDGE('',*,*,#6506,.T.);
#6506 = EDGE_CURVE('',#5604,#2012,#6507,.T.);
#6507 = SURFACE_CURVE('',#6508,(#6512,#6518),.PCURVE_S1.);
#6508 = LINE('',#6509,#6510);
#6509 = CARTESIAN_POINT('',(9.3241360135,12.6,-9.992007221626E-17));
#6510 = VECTOR('',#6511,1.);
#6511 = DIRECTION('',(-0.,-0.,-1.));
#6512 = PCURVE('',#2058,#6513);
#6513 = DEFINITIONAL_REPRESENTATION('',(#6514),#6517);
#6514 = B_SPLINE_CURVE_WITH_KNOTS('',1,(#6515,#6516),.UNSPECIFIED.,.F.,
  .F.,(2,2),(-6.17,-3.4999994),.PIECEWISE_BEZIER_KNOTS.);
#6515 = CARTESIAN_POINT('',(-3.30596823762,-6.17));
#6516 = CARTESIAN_POINT('',(-3.30596823762,-3.4999994));
#6517 = ( GEOMETRIC_REPRESENTATION_CONTEXT(2) 
PARAMETRIC_REPRESENTATION_CONTEXT() REPRESENTATION_CONTEXT('2D SPACE',''
  ) );
#6518 = PCURVE('',#2026,#6519);
#6519 = DEFINITIONAL_REPRESENTATION('',(#6520),#6523);
#6520 = B_SPLINE_CURVE_WITH_KNOTS('',1,(#6521,#6522),.UNSPECIFIED.,.F.,
  .F.,(2,2),(-6.17,-3.4999994),.PIECEWISE_BEZIER_KNOTS.);
#6521 = CARTESIAN_POINT('',(0.3241360135,-1.92));
#6522 = CARTESIAN_POINT('',(0.3241360135,0.7500006));
#6523 = ( GEOMETRIC_REPRESENTATION_CONTEXT(2) 
PARAMETRIC_REPRESENTATION_CONTEXT() REPRESENTATION_CONTEXT('2D SPACE',''
  ) );
#6524 = ADVANCED_FACE('',(#6525),#2026,.F.);
#6525 = FACE_BOUND('',#6526,.F.);
#6526 = EDGE_LOOP('',(#6527,#6528,#6529,#6530));
#6527 = ORIENTED_EDGE('',*,*,#5728,.T.);
#6528 = ORIENTED_EDGE('',*,*,#5552,.T.);
#6529 = ORIENTED_EDGE('',*,*,#2011,.F.);
#6530 = ORIENTED_EDGE('',*,*,#6506,.F.);
#6531 = ADVANCED_FACE('',(#6532),#1978,.T.);
#6532 = FACE_BOUND('',#6533,.T.);
#6533 = EDGE_LOOP('',(#6534,#6535,#6556,#6557,#6558));
#6534 = ORIENTED_EDGE('',*,*,#1962,.F.);
#6535 = ORIENTED_EDGE('',*,*,#6536,.T.);
#6536 = EDGE_CURVE('',#1935,#3820,#6537,.T.);
#6537 = SURFACE_CURVE('',#6538,(#6542,#6549),.PCURVE_S1.);
#6538 = LINE('',#6539,#6540);
#6539 = CARTESIAN_POINT('',(6.7,11.1,3.5));
#6540 = VECTOR('',#6541,1.);
#6541 = DIRECTION('',(0.,0.,1.));
#6542 = PCURVE('',#1978,#6543);
#6543 = DEFINITIONAL_REPRESENTATION('',(#6544),#6548);
#6544 = LINE('',#6545,#6546);
#6545 = CARTESIAN_POINT('',(0.,0.));
#6546 = VECTOR('',#6547,1.);
#6547 = DIRECTION('',(1.,0.));
#6548 = ( GEOMETRIC_REPRESENTATION_CONTEXT(2) 
PARAMETRIC_REPRESENTATION_CONTEXT() REPRESENTATION_CONTEXT('2D SPACE',''
  ) );
#6549 = PCURVE('',#1950,#6550);
#6550 = DEFINITIONAL_REPRESENTATION('',(#6551),#6555);
#6551 = LINE('',#6552,#6553);
#6552 = CARTESIAN_POINT('',(0.,-4.5));
#6553 = VECTOR('',#6554,1.);
#6554 = DIRECTION('',(1.,0.));
#6555 = ( GEOMETRIC_REPRESENTATION_CONTEXT(2) 
PARAMETRIC_REPRESENTATION_CONTEXT() REPRESENTATION_CONTEXT('2D SPACE',''
  ) );
#6556 = ORIENTED_EDGE('',*,*,#3914,.T.);
#6557 = ORIENTED_EDGE('',*,*,#6486,.T.);
#6558 = ORIENTED_EDGE('',*,*,#5575,.T.);
#6559 = ADVANCED_FACE('',(#6560),#1950,.F.);
#6560 = FACE_BOUND('',#6561,.F.);
#6561 = EDGE_LOOP('',(#6562,#6563,#6582,#6583));
#6562 = ORIENTED_EDGE('',*,*,#3817,.F.);
#6563 = ORIENTED_EDGE('',*,*,#6564,.T.);
#6564 = EDGE_CURVE('',#3818,#1907,#6565,.T.);
#6565 = SURFACE_CURVE('',#6566,(#6570,#6576),.PCURVE_S1.);
#6566 = LINE('',#6567,#6568);
#6567 = CARTESIAN_POINT('',(6.7,9.,3.5));
#6568 = VECTOR('',#6569,1.);
#6569 = DIRECTION('',(0.,0.,-1.));
#6570 = PCURVE('',#1950,#6571);
#6571 = DEFINITIONAL_REPRESENTATION('',(#6572),#6575);
#6572 = B_SPLINE_CURVE_WITH_KNOTS('',1,(#6573,#6574),.UNSPECIFIED.,.F.,
  .F.,(2,2),(-3.75,0.),.PIECEWISE_BEZIER_KNOTS.);
#6573 = CARTESIAN_POINT('',(3.75,-2.4));
#6574 = CARTESIAN_POINT('',(0.,-2.4));
#6575 = ( GEOMETRIC_REPRESENTATION_CONTEXT(2) 
PARAMETRIC_REPRESENTATION_CONTEXT() REPRESENTATION_CONTEXT('2D SPACE',''
  ) );
#6576 = PCURVE('',#1922,#6577);
#6577 = DEFINITIONAL_REPRESENTATION('',(#6578),#6581);
#6578 = B_SPLINE_CURVE_WITH_KNOTS('',1,(#6579,#6580),.UNSPECIFIED.,.F.,
  .F.,(2,2),(-3.75,0.),.PIECEWISE_BEZIER_KNOTS.);
#6579 = CARTESIAN_POINT('',(3.75,0.2));
#6580 = CARTESIAN_POINT('',(0.,0.2));
#6581 = ( GEOMETRIC_REPRESENTATION_CONTEXT(2) 
PARAMETRIC_REPRESENTATION_CONTEXT() REPRESENTATION_CONTEXT('2D SPACE',''
  ) );
#6582 = ORIENTED_EDGE('',*,*,#1934,.T.);
#6583 = ORIENTED_EDGE('',*,*,#6536,.T.);
#6584 = ADVANCED_FACE('',(#6585),#1922,.T.);
#6585 = FACE_BOUND('',#6586,.T.);
#6586 = EDGE_LOOP('',(#6587,#6588,#6589,#6590,#6609,#6610,#6611,#6612,
    #6631,#6632,#6633,#6634,#6635,#6636,#6655,#6656,#6657,#6658));
#6587 = ORIENTED_EDGE('',*,*,#1906,.F.);
#6588 = ORIENTED_EDGE('',*,*,#4879,.T.);
#6589 = ORIENTED_EDGE('',*,*,#4991,.T.);
#6590 = ORIENTED_EDGE('',*,*,#6591,.F.);
#6591 = EDGE_CURVE('',#4446,#4992,#6592,.T.);
#6592 = SURFACE_CURVE('',#6593,(#6597,#6603),.PCURVE_S1.);
#6593 = LINE('',#6594,#6595);
#6594 = CARTESIAN_POINT('',(9.4,9.,8.75));
#6595 = VECTOR('',#6596,1.);
#6596 = DIRECTION('',(0.,0.,-1.));
#6597 = PCURVE('',#1922,#6598);
#6598 = DEFINITIONAL_REPRESENTATION('',(#6599),#6602);
#6599 = B_SPLINE_CURVE_WITH_KNOTS('',1,(#6600,#6601),.UNSPECIFIED.,.F.,
  .F.,(2,2),(-9.25,-5.25),.PIECEWISE_BEZIER_KNOTS.);
#6600 = CARTESIAN_POINT('',(14.5,2.9));
#6601 = CARTESIAN_POINT('',(10.5,2.9));
#6602 = ( GEOMETRIC_REPRESENTATION_CONTEXT(2) 
PARAMETRIC_REPRESENTATION_CONTEXT() REPRESENTATION_CONTEXT('2D SPACE',''
  ) );
#6603 = PCURVE('',#4482,#6604);
#6604 = DEFINITIONAL_REPRESENTATION('',(#6605),#6608);
#6605 = B_SPLINE_CURVE_WITH_KNOTS('',1,(#6606,#6607),.UNSPECIFIED.,.F.,
  .F.,(2,2),(-9.25,-5.25),.PIECEWISE_BEZIER_KNOTS.);
#6606 = CARTESIAN_POINT('',(4.,-2.4));
#6607 = CARTESIAN_POINT('',(0.,-2.4));
#6608 = ( GEOMETRIC_REPRESENTATION_CONTEXT(2) 
PARAMETRIC_REPRESENTATION_CONTEXT() REPRESENTATION_CONTEXT('2D SPACE',''
  ) );
#6609 = ORIENTED_EDGE('',*,*,#4445,.F.);
#6610 = ORIENTED_EDGE('',*,*,#4631,.T.);
#6611 = ORIENTED_EDGE('',*,*,#4723,.T.);
#6612 = ORIENTED_EDGE('',*,*,#6613,.F.);
#6613 = EDGE_CURVE('',#3171,#4724,#6614,.T.);
#6614 = SURFACE_CURVE('',#6615,(#6619,#6625),.PCURVE_S1.);
#6615 = LINE('',#6616,#6617);
#6616 = CARTESIAN_POINT('',(9.4,9.,11.75));
#6617 = VECTOR('',#6618,1.);
#6618 = DIRECTION('',(0.,0.,-1.));
#6619 = PCURVE('',#1922,#6620);
#6620 = DEFINITIONAL_REPRESENTATION('',(#6621),#6624);
#6621 = B_SPLINE_CURVE_WITH_KNOTS('',1,(#6622,#6623),.UNSPECIFIED.,.F.,
  .F.,(2,2),(-12.25,-8.25),.PIECEWISE_BEZIER_KNOTS.);
#6622 = CARTESIAN_POINT('',(20.5,2.9));
#6623 = CARTESIAN_POINT('',(16.5,2.9));
#6624 = ( GEOMETRIC_REPRESENTATION_CONTEXT(2) 
PARAMETRIC_REPRESENTATION_CONTEXT() REPRESENTATION_CONTEXT('2D SPACE',''
  ) );
#6625 = PCURVE('',#3207,#6626);
#6626 = DEFINITIONAL_REPRESENTATION('',(#6627),#6630);
#6627 = B_SPLINE_CURVE_WITH_KNOTS('',1,(#6628,#6629),.UNSPECIFIED.,.F.,
  .F.,(2,2),(-12.25,-8.25),.PIECEWISE_BEZIER_KNOTS.);
#6628 = CARTESIAN_POINT('',(4.,-2.4));
#6629 = CARTESIAN_POINT('',(0.,-2.4));
#6630 = ( GEOMETRIC_REPRESENTATION_CONTEXT(2) 
PARAMETRIC_REPRESENTATION_CONTEXT() REPRESENTATION_CONTEXT('2D SPACE',''
  ) );
#6631 = ORIENTED_EDGE('',*,*,#3170,.F.);
#6632 = ORIENTED_EDGE('',*,*,#3356,.T.);
#6633 = ORIENTED_EDGE('',*,*,#3428,.T.);
#6634 = ORIENTED_EDGE('',*,*,#3474,.F.);
#6635 = ORIENTED_EDGE('',*,*,#3529,.F.);
#6636 = ORIENTED_EDGE('',*,*,#6637,.T.);
#6637 = EDGE_CURVE('',#3500,#3680,#6638,.T.);
#6638 = SURFACE_CURVE('',#6639,(#6643,#6649),.PCURVE_S1.);
#6639 = LINE('',#6640,#6641);
#6640 = CARTESIAN_POINT('',(9.5,9.,8.75));
#6641 = VECTOR('',#6642,1.);
#6642 = DIRECTION('',(0.,0.,-1.));
#6643 = PCURVE('',#1922,#6644);
#6644 = DEFINITIONAL_REPRESENTATION('',(#6645),#6648);
#6645 = B_SPLINE_CURVE_WITH_KNOTS('',1,(#6646,#6647),.UNSPECIFIED.,.F.,
  .F.,(2,2),(-9.25,-5.25),.PIECEWISE_BEZIER_KNOTS.);
#6646 = CARTESIAN_POINT('',(14.5,3.));
#6647 = CARTESIAN_POINT('',(10.5,3.));
#6648 = ( GEOMETRIC_REPRESENTATION_CONTEXT(2) 
PARAMETRIC_REPRESENTATION_CONTEXT() REPRESENTATION_CONTEXT('2D SPACE',''
  ) );
#6649 = PCURVE('',#3517,#6650);
#6650 = DEFINITIONAL_REPRESENTATION('',(#6651),#6654);
#6651 = B_SPLINE_CURVE_WITH_KNOTS('',1,(#6652,#6653),.UNSPECIFIED.,.F.,
  .F.,(2,2),(-9.25,-5.25),.PIECEWISE_BEZIER_KNOTS.);
#6652 = CARTESIAN_POINT('',(4.,-2.4));
#6653 = CARTESIAN_POINT('',(0.,-2.4));
#6654 = ( GEOMETRIC_REPRESENTATION_CONTEXT(2) 
PARAMETRIC_REPRESENTATION_CONTEXT() REPRESENTATION_CONTEXT('2D SPACE',''
  ) );
#6655 = ORIENTED_EDGE('',*,*,#3704,.T.);
#6656 = ORIENTED_EDGE('',*,*,#3792,.F.);
#6657 = ORIENTED_EDGE('',*,*,#3842,.F.);
#6658 = ORIENTED_EDGE('',*,*,#6564,.T.);
#6659 = ADVANCED_FACE('',(#6660),#1849,.T.);
#6660 = FACE_BOUND('',#6661,.T.);
#6661 = EDGE_LOOP('',(#6662,#6663,#6682,#6683,#6684,#6685,#6704,#6705,
    #6706,#6707,#6708,#6709,#6728,#6729,#6730,#6731,#6750,#6751));
#6662 = ORIENTED_EDGE('',*,*,#1833,.F.);
#6663 = ORIENTED_EDGE('',*,*,#6664,.F.);
#6664 = EDGE_CURVE('',#2540,#1806,#6665,.T.);
#6665 = SURFACE_CURVE('',#6666,(#6670,#6676),.PCURVE_S1.);
#6666 = LINE('',#6667,#6668);
#6667 = CARTESIAN_POINT('',(-6.7,9.,3.5));
#6668 = VECTOR('',#6669,1.);
#6669 = DIRECTION('',(0.,0.,-1.));
#6670 = PCURVE('',#1849,#6671);
#6671 = DEFINITIONAL_REPRESENTATION('',(#6672),#6675);
#6672 = B_SPLINE_CURVE_WITH_KNOTS('',1,(#6673,#6674),.UNSPECIFIED.,.F.,
  .F.,(2,2),(-3.75,0.),.PIECEWISE_BEZIER_KNOTS.);
#6673 = CARTESIAN_POINT('',(3.75,3.3));
#6674 = CARTESIAN_POINT('',(0.,3.3));
#6675 = ( GEOMETRIC_REPRESENTATION_CONTEXT(2) 
PARAMETRIC_REPRESENTATION_CONTEXT() REPRESENTATION_CONTEXT('2D SPACE',''
  ) );
#6676 = PCURVE('',#1821,#6677);
#6677 = DEFINITIONAL_REPRESENTATION('',(#6678),#6681);
#6678 = B_SPLINE_CURVE_WITH_KNOTS('',1,(#6679,#6680),.UNSPECIFIED.,.F.,
  .F.,(2,2),(-3.75,0.),.PIECEWISE_BEZIER_KNOTS.);
#6679 = CARTESIAN_POINT('',(3.75,-2.4));
#6680 = CARTESIAN_POINT('',(0.,-2.4));
#6681 = ( GEOMETRIC_REPRESENTATION_CONTEXT(2) 
PARAMETRIC_REPRESENTATION_CONTEXT() REPRESENTATION_CONTEXT('2D SPACE',''
  ) );
#6682 = ORIENTED_EDGE('',*,*,#2539,.F.);
#6683 = ORIENTED_EDGE('',*,*,#2637,.T.);
#6684 = ORIENTED_EDGE('',*,*,#2735,.T.);
#6685 = ORIENTED_EDGE('',*,*,#6686,.F.);
#6686 = EDGE_CURVE('',#2909,#2736,#6687,.T.);
#6687 = SURFACE_CURVE('',#6688,(#6692,#6698),.PCURVE_S1.);
#6688 = LINE('',#6689,#6690);
#6689 = CARTESIAN_POINT('',(-9.5,9.,8.75));
#6690 = VECTOR('',#6691,1.);
#6691 = DIRECTION('',(0.,0.,-1.));
#6692 = PCURVE('',#1849,#6693);
#6693 = DEFINITIONAL_REPRESENTATION('',(#6694),#6697);
#6694 = B_SPLINE_CURVE_WITH_KNOTS('',1,(#6695,#6696),.UNSPECIFIED.,.F.,
  .F.,(2,2),(-9.25,-5.25),.PIECEWISE_BEZIER_KNOTS.);
#6695 = CARTESIAN_POINT('',(14.5,0.5));
#6696 = CARTESIAN_POINT('',(10.5,0.5));
#6697 = ( GEOMETRIC_REPRESENTATION_CONTEXT(2) 
PARAMETRIC_REPRESENTATION_CONTEXT() REPRESENTATION_CONTEXT('2D SPACE',''
  ) );
#6698 = PCURVE('',#2770,#6699);
#6699 = DEFINITIONAL_REPRESENTATION('',(#6700),#6703);
#6700 = B_SPLINE_CURVE_WITH_KNOTS('',1,(#6701,#6702),.UNSPECIFIED.,.F.,
  .F.,(2,2),(-9.25,-5.25),.PIECEWISE_BEZIER_KNOTS.);
#6701 = CARTESIAN_POINT('',(4.,-2.4));
#6702 = CARTESIAN_POINT('',(0.,-2.4));
#6703 = ( GEOMETRIC_REPRESENTATION_CONTEXT(2) 
PARAMETRIC_REPRESENTATION_CONTEXT() REPRESENTATION_CONTEXT('2D SPACE',''
  ) );
#6704 = ORIENTED_EDGE('',*,*,#2908,.F.);
#6705 = ORIENTED_EDGE('',*,*,#2955,.T.);
#6706 = ORIENTED_EDGE('',*,*,#3027,.T.);
#6707 = ORIENTED_EDGE('',*,*,#3073,.F.);
#6708 = ORIENTED_EDGE('',*,*,#3128,.F.);
#6709 = ORIENTED_EDGE('',*,*,#6710,.T.);
#6710 = EDGE_CURVE('',#3099,#4677,#6711,.T.);
#6711 = SURFACE_CURVE('',#6712,(#6716,#6722),.PCURVE_S1.);
#6712 = LINE('',#6713,#6714);
#6713 = CARTESIAN_POINT('',(-9.4,9.,11.75));
#6714 = VECTOR('',#6715,1.);
#6715 = DIRECTION('',(0.,0.,-1.));
#6716 = PCURVE('',#1849,#6717);
#6717 = DEFINITIONAL_REPRESENTATION('',(#6718),#6721);
#6718 = B_SPLINE_CURVE_WITH_KNOTS('',1,(#6719,#6720),.UNSPECIFIED.,.F.,
  .F.,(2,2),(-12.25,-8.25),.PIECEWISE_BEZIER_KNOTS.);
#6719 = CARTESIAN_POINT('',(20.5,0.6));
#6720 = CARTESIAN_POINT('',(16.5,0.6));
#6721 = ( GEOMETRIC_REPRESENTATION_CONTEXT(2) 
PARAMETRIC_REPRESENTATION_CONTEXT() REPRESENTATION_CONTEXT('2D SPACE',''
  ) );
#6722 = PCURVE('',#3116,#6723);
#6723 = DEFINITIONAL_REPRESENTATION('',(#6724),#6727);
#6724 = B_SPLINE_CURVE_WITH_KNOTS('',1,(#6725,#6726),.UNSPECIFIED.,.F.,
  .F.,(2,2),(-12.25,-8.25),.PIECEWISE_BEZIER_KNOTS.);
#6725 = CARTESIAN_POINT('',(4.,-2.4));
#6726 = CARTESIAN_POINT('',(0.,-2.4));
#6727 = ( GEOMETRIC_REPRESENTATION_CONTEXT(2) 
PARAMETRIC_REPRESENTATION_CONTEXT() REPRESENTATION_CONTEXT('2D SPACE',''
  ) );
#6728 = ORIENTED_EDGE('',*,*,#4701,.T.);
#6729 = ORIENTED_EDGE('',*,*,#4328,.F.);
#6730 = ORIENTED_EDGE('',*,*,#4403,.F.);
#6731 = ORIENTED_EDGE('',*,*,#6732,.T.);
#6732 = EDGE_CURVE('',#4374,#4925,#6733,.T.);
#6733 = SURFACE_CURVE('',#6734,(#6738,#6744),.PCURVE_S1.);
#6734 = LINE('',#6735,#6736);
#6735 = CARTESIAN_POINT('',(-9.4,9.,8.75));
#6736 = VECTOR('',#6737,1.);
#6737 = DIRECTION('',(0.,0.,-1.));
#6738 = PCURVE('',#1849,#6739);
#6739 = DEFINITIONAL_REPRESENTATION('',(#6740),#6743);
#6740 = B_SPLINE_CURVE_WITH_KNOTS('',1,(#6741,#6742),.UNSPECIFIED.,.F.,
  .F.,(2,2),(-9.25,-5.25),.PIECEWISE_BEZIER_KNOTS.);
#6741 = CARTESIAN_POINT('',(14.5,0.6));
#6742 = CARTESIAN_POINT('',(10.5,0.6));
#6743 = ( GEOMETRIC_REPRESENTATION_CONTEXT(2) 
PARAMETRIC_REPRESENTATION_CONTEXT() REPRESENTATION_CONTEXT('2D SPACE',''
  ) );
#6744 = PCURVE('',#4391,#6745);
#6745 = DEFINITIONAL_REPRESENTATION('',(#6746),#6749);
#6746 = B_SPLINE_CURVE_WITH_KNOTS('',1,(#6747,#6748),.UNSPECIFIED.,.F.,
  .F.,(2,2),(-9.25,-5.25),.PIECEWISE_BEZIER_KNOTS.);
#6747 = CARTESIAN_POINT('',(4.,-2.4));
#6748 = CARTESIAN_POINT('',(0.,-2.4));
#6749 = ( GEOMETRIC_REPRESENTATION_CONTEXT(2) 
PARAMETRIC_REPRESENTATION_CONTEXT() REPRESENTATION_CONTEXT('2D SPACE',''
  ) );
#6750 = ORIENTED_EDGE('',*,*,#4949,.T.);
#6751 = ORIENTED_EDGE('',*,*,#5147,.F.);
#6752 = ADVANCED_FACE('',(#6753),#1821,.T.);
#6753 = FACE_BOUND('',#6754,.T.);
#6754 = EDGE_LOOP('',(#6755,#6756,#6757,#6758));
#6755 = ORIENTED_EDGE('',*,*,#2560,.F.);
#6756 = ORIENTED_EDGE('',*,*,#6664,.T.);
#6757 = ORIENTED_EDGE('',*,*,#1805,.T.);
#6758 = ORIENTED_EDGE('',*,*,#6759,.T.);
#6759 = EDGE_CURVE('',#1778,#2561,#6760,.T.);
#6760 = SURFACE_CURVE('',#6761,(#6765,#6772),.PCURVE_S1.);
#6761 = LINE('',#6762,#6763);
#6762 = CARTESIAN_POINT('',(-6.7,11.1,3.5));
#6763 = VECTOR('',#6764,1.);
#6764 = DIRECTION('',(0.,0.,1.));
#6765 = PCURVE('',#1821,#6766);
#6766 = DEFINITIONAL_REPRESENTATION('',(#6767),#6771);
#6767 = LINE('',#6768,#6769);
#6768 = CARTESIAN_POINT('',(0.,-4.5));
#6769 = VECTOR('',#6770,1.);
#6770 = DIRECTION('',(1.,0.));
#6771 = ( GEOMETRIC_REPRESENTATION_CONTEXT(2) 
PARAMETRIC_REPRESENTATION_CONTEXT() REPRESENTATION_CONTEXT('2D SPACE',''
  ) );
#6772 = PCURVE('',#1793,#6773);
#6773 = DEFINITIONAL_REPRESENTATION('',(#6774),#6778);
#6774 = LINE('',#6775,#6776);
#6775 = CARTESIAN_POINT('',(0.,6.3));
#6776 = VECTOR('',#6777,1.);
#6777 = DIRECTION('',(1.,0.));
#6778 = ( GEOMETRIC_REPRESENTATION_CONTEXT(2) 
PARAMETRIC_REPRESENTATION_CONTEXT() REPRESENTATION_CONTEXT('2D SPACE',''
  ) );
#6779 = ADVANCED_FACE('',(#6780),#1793,.T.);
#6780 = FACE_BOUND('',#6781,.T.);
#6781 = EDGE_LOOP('',(#6782,#6783,#6784,#6785,#6804,#6805));
#6782 = ORIENTED_EDGE('',*,*,#1777,.F.);
#6783 = ORIENTED_EDGE('',*,*,#5196,.T.);
#6784 = ORIENTED_EDGE('',*,*,#5498,.T.);
#6785 = ORIENTED_EDGE('',*,*,#6786,.F.);
#6786 = EDGE_CURVE('',#2584,#5248,#6787,.T.);
#6787 = SURFACE_CURVE('',#6788,(#6792,#6798),.PCURVE_S1.);
#6788 = LINE('',#6789,#6790);
#6789 = CARTESIAN_POINT('',(-9.801262787337,11.1,0.));
#6790 = VECTOR('',#6791,1.);
#6791 = DIRECTION('',(-0.,-0.,-1.));
#6792 = PCURVE('',#1793,#6793);
#6793 = DEFINITIONAL_REPRESENTATION('',(#6794),#6797);
#6794 = B_SPLINE_CURVE_WITH_KNOTS('',1,(#6795,#6796),.UNSPECIFIED.,.F.,
  .F.,(2,2),(-7.625,-3.4999994),.PIECEWISE_BEZIER_KNOTS.);
#6795 = CARTESIAN_POINT('',(4.125,3.198737212663));
#6796 = CARTESIAN_POINT('',(-5.999999999062E-07,3.198737212663));
#6797 = ( GEOMETRIC_REPRESENTATION_CONTEXT(2) 
PARAMETRIC_REPRESENTATION_CONTEXT() REPRESENTATION_CONTEXT('2D SPACE',''
  ) );
#6798 = PCURVE('',#1690,#6799);
#6799 = DEFINITIONAL_REPRESENTATION('',(#6800),#6803);
#6800 = B_SPLINE_CURVE_WITH_KNOTS('',1,(#6801,#6802),.UNSPECIFIED.,.F.,
  .F.,(2,2),(-7.625,-3.4999994),.PIECEWISE_BEZIER_KNOTS.);
#6801 = CARTESIAN_POINT('',(-5.831632048234,-7.625));
#6802 = CARTESIAN_POINT('',(-5.831632048234,-3.4999994));
#6803 = ( GEOMETRIC_REPRESENTATION_CONTEXT(2) 
PARAMETRIC_REPRESENTATION_CONTEXT() REPRESENTATION_CONTEXT('2D SPACE',''
  ) );
#6804 = ORIENTED_EDGE('',*,*,#2583,.T.);
#6805 = ORIENTED_EDGE('',*,*,#6759,.F.);
#6806 = ADVANCED_FACE('',(#6807),#1745,.F.);
#6807 = FACE_BOUND('',#6808,.F.);
#6808 = EDGE_LOOP('',(#6809,#6810,#6811));
#6809 = ORIENTED_EDGE('',*,*,#1730,.F.);
#6810 = ORIENTED_EDGE('',*,*,#5223,.T.);
#6811 = ORIENTED_EDGE('',*,*,#6812,.T.);
#6812 = EDGE_CURVE('',#5224,#1703,#6813,.T.);
#6813 = SURFACE_CURVE('',#6814,(#6818,#6824),.PCURVE_S1.);
#6814 = LINE('',#6815,#6816);
#6815 = CARTESIAN_POINT('',(-9.3241360135,12.6,-9.992007221626E-17));
#6816 = VECTOR('',#6817,1.);
#6817 = DIRECTION('',(-0.,-0.,-1.));
#6818 = PCURVE('',#1745,#6819);
#6819 = DEFINITIONAL_REPRESENTATION('',(#6820),#6823);
#6820 = B_SPLINE_CURVE_WITH_KNOTS('',1,(#6821,#6822),.UNSPECIFIED.,.F.,
  .F.,(2,2),(-6.17,-3.4999994),.PIECEWISE_BEZIER_KNOTS.);
#6821 = CARTESIAN_POINT('',(-0.3241360135,-1.92));
#6822 = CARTESIAN_POINT('',(-0.3241360135,0.7500006));
#6823 = ( GEOMETRIC_REPRESENTATION_CONTEXT(2) 
PARAMETRIC_REPRESENTATION_CONTEXT() REPRESENTATION_CONTEXT('2D SPACE',''
  ) );
#6824 = PCURVE('',#1690,#6825);
#6825 = DEFINITIONAL_REPRESENTATION('',(#6826),#6829);
#6826 = B_SPLINE_CURVE_WITH_KNOTS('',1,(#6827,#6828),.UNSPECIFIED.,.F.,
  .F.,(2,2),(-6.17,-3.4999994),.PIECEWISE_BEZIER_KNOTS.);
#6827 = CARTESIAN_POINT('',(-6.118809723149,-6.17));
#6828 = CARTESIAN_POINT('',(-6.118809723149,-3.4999994));
#6829 = ( GEOMETRIC_REPRESENTATION_CONTEXT(2) 
PARAMETRIC_REPRESENTATION_CONTEXT() REPRESENTATION_CONTEXT('2D SPACE',''
  ) );
#6830 = ADVANCED_FACE('',(#6831),#1690,.T.);
#6831 = FACE_BOUND('',#6832,.F.);
#6832 = EDGE_LOOP('',(#6833,#6834,#6857,#6884,#6885,#6886,#6887,#6888,
    #6889,#6890));
#6833 = ORIENTED_EDGE('',*,*,#1669,.T.);
#6834 = ORIENTED_EDGE('',*,*,#6835,.T.);
#6835 = EDGE_CURVE('',#1670,#6836,#6838,.T.);
#6836 = VERTEX_POINT('',#6837);
#6837 = CARTESIAN_POINT('',(-9.25,13.5,13.5));
#6838 = SEAM_CURVE('',#6839,(#6843,#6850),.PCURVE_S1.);
#6839 = LINE('',#6840,#6841);
#6840 = CARTESIAN_POINT('',(-9.25,13.5,0.));
#6841 = VECTOR('',#6842,1.);
#6842 = DIRECTION('',(0.,0.,1.));
#6843 = PCURVE('',#1690,#6844);
#6844 = DEFINITIONAL_REPRESENTATION('',(#6845),#6849);
#6845 = LINE('',#6846,#6847);
#6846 = CARTESIAN_POINT('',(-6.28318530718,0.));
#6847 = VECTOR('',#6848,1.);
#6848 = DIRECTION('',(-0.,-1.));
#6849 = ( GEOMETRIC_REPRESENTATION_CONTEXT(2) 
PARAMETRIC_REPRESENTATION_CONTEXT() REPRESENTATION_CONTEXT('2D SPACE',''
  ) );
#6850 = PCURVE('',#1690,#6851);
#6851 = DEFINITIONAL_REPRESENTATION('',(#6852),#6856);
#6852 = LINE('',#6853,#6854);
#6853 = CARTESIAN_POINT('',(-0.,0.));
#6854 = VECTOR('',#6855,1.);
#6855 = DIRECTION('',(-0.,-1.));
#6856 = ( GEOMETRIC_REPRESENTATION_CONTEXT(2) 
PARAMETRIC_REPRESENTATION_CONTEXT() REPRESENTATION_CONTEXT('2D SPACE',''
  ) );
#6857 = ORIENTED_EDGE('',*,*,#6858,.T.);
#6858 = EDGE_CURVE('',#6836,#6836,#6859,.T.);
#6859 = SURFACE_CURVE('',#6860,(#6865,#6872),.PCURVE_S1.);
#6860 = CIRCLE('',#6861,5.5);
#6861 = AXIS2_PLACEMENT_3D('',#6862,#6863,#6864);
#6862 = CARTESIAN_POINT('',(-14.75,13.5,13.5));
#6863 = DIRECTION('',(0.,0.,1.));
#6864 = DIRECTION('',(1.,0.,0.));
#6865 = PCURVE('',#1690,#6866);
#6866 = DEFINITIONAL_REPRESENTATION('',(#6867),#6871);
#6867 = LINE('',#6868,#6869);
#6868 = CARTESIAN_POINT('',(-0.,-13.5));
#6869 = VECTOR('',#6870,1.);
#6870 = DIRECTION('',(-1.,0.));
#6871 = ( GEOMETRIC_REPRESENTATION_CONTEXT(2) 
PARAMETRIC_REPRESENTATION_CONTEXT() REPRESENTATION_CONTEXT('2D SPACE',''
  ) );
#6872 = PCURVE('',#6873,#6878);
#6873 = PLANE('',#6874);
#6874 = AXIS2_PLACEMENT_3D('',#6875,#6876,#6877);
#6875 = CARTESIAN_POINT('',(-14.75,13.5,13.5));
#6876 = DIRECTION('',(0.,0.,1.));
#6877 = DIRECTION('',(1.,0.,-0.));
#6878 = DEFINITIONAL_REPRESENTATION('',(#6879),#6883);
#6879 = CIRCLE('',#6880,5.5);
#6880 = AXIS2_PLACEMENT_2D('',#6881,#6882);
#6881 = CARTESIAN_POINT('',(0.,0.));
#6882 = DIRECTION('',(1.,0.));
#6883 = ( GEOMETRIC_REPRESENTATION_CONTEXT(2) 
PARAMETRIC_REPRESENTATION_CONTEXT() REPRESENTATION_CONTEXT('2D SPACE',''
  ) );
#6884 = ORIENTED_EDGE('',*,*,#6835,.F.);
#6885 = ORIENTED_EDGE('',*,*,#1702,.T.);
#6886 = ORIENTED_EDGE('',*,*,#6812,.F.);
#6887 = ORIENTED_EDGE('',*,*,#5247,.F.);
#6888 = ORIENTED_EDGE('',*,*,#6786,.F.);
#6889 = ORIENTED_EDGE('',*,*,#2606,.T.);
#6890 = ORIENTED_EDGE('',*,*,#2494,.T.);
#6891 = ADVANCED_FACE('',(#6892),#2290,.F.);
#6892 = FACE_BOUND('',#6893,.F.);
#6893 = EDGE_LOOP('',(#6894,#6895,#6896,#6917));
#6894 = ORIENTED_EDGE('',*,*,#5778,.F.);
#6895 = ORIENTED_EDGE('',*,*,#4155,.T.);
#6896 = ORIENTED_EDGE('',*,*,#6897,.T.);
#6897 = EDGE_CURVE('',#4135,#2274,#6898,.T.);
#6898 = SURFACE_CURVE('',#6899,(#6903,#6910),.PCURVE_S1.);
#6899 = LINE('',#6900,#6901);
#6900 = CARTESIAN_POINT('',(6.1,9.4,-1.));
#6901 = VECTOR('',#6902,1.);
#6902 = DIRECTION('',(0.,0.,1.));
#6903 = PCURVE('',#2290,#6904);
#6904 = DEFINITIONAL_REPRESENTATION('',(#6905),#6909);
#6905 = LINE('',#6906,#6907);
#6906 = CARTESIAN_POINT('',(1.570796326795,0.));
#6907 = VECTOR('',#6908,1.);
#6908 = DIRECTION('',(0.,1.));
#6909 = ( GEOMETRIC_REPRESENTATION_CONTEXT(2) 
PARAMETRIC_REPRESENTATION_CONTEXT() REPRESENTATION_CONTEXT('2D SPACE',''
  ) );
#6910 = PCURVE('',#2455,#6911);
#6911 = DEFINITIONAL_REPRESENTATION('',(#6912),#6916);
#6912 = LINE('',#6913,#6914);
#6913 = CARTESIAN_POINT('',(1.,0.));
#6914 = VECTOR('',#6915,1.);
#6915 = DIRECTION('',(0.,-1.));
#6916 = ( GEOMETRIC_REPRESENTATION_CONTEXT(2) 
PARAMETRIC_REPRESENTATION_CONTEXT() REPRESENTATION_CONTEXT('2D SPACE',''
  ) );
#6917 = ORIENTED_EDGE('',*,*,#2271,.F.);
#6918 = ADVANCED_FACE('',(#6919),#2455,.T.);
#6919 = FACE_BOUND('',#6920,.T.);
#6920 = EDGE_LOOP('',(#6921,#6922,#6923,#6924));
#6921 = ORIENTED_EDGE('',*,*,#4134,.T.);
#6922 = ORIENTED_EDGE('',*,*,#6897,.T.);
#6923 = ORIENTED_EDGE('',*,*,#2442,.F.);
#6924 = ORIENTED_EDGE('',*,*,#6925,.F.);
#6925 = EDGE_CURVE('',#4111,#2414,#6926,.T.);
#6926 = SURFACE_CURVE('',#6927,(#6931,#6938),.PCURVE_S1.);
#6927 = LINE('',#6928,#6929);
#6928 = CARTESIAN_POINT('',(6.1,17.6,-1.));
#6929 = VECTOR('',#6930,1.);
#6930 = DIRECTION('',(0.,0.,1.));
#6931 = PCURVE('',#2455,#6932);
#6932 = DEFINITIONAL_REPRESENTATION('',(#6933),#6937);
#6933 = LINE('',#6934,#6935);
#6934 = CARTESIAN_POINT('',(9.2,0.));
#6935 = VECTOR('',#6936,1.);
#6936 = DIRECTION('',(0.,-1.));
#6937 = ( GEOMETRIC_REPRESENTATION_CONTEXT(2) 
PARAMETRIC_REPRESENTATION_CONTEXT() REPRESENTATION_CONTEXT('2D SPACE',''
  ) );
#6938 = PCURVE('',#2430,#6939);
#6939 = DEFINITIONAL_REPRESENTATION('',(#6940),#6944);
#6940 = LINE('',#6941,#6942);
#6941 = CARTESIAN_POINT('',(0.,0.));
#6942 = VECTOR('',#6943,1.);
#6943 = DIRECTION('',(0.,1.));
#6944 = ( GEOMETRIC_REPRESENTATION_CONTEXT(2) 
PARAMETRIC_REPRESENTATION_CONTEXT() REPRESENTATION_CONTEXT('2D SPACE',''
  ) );
#6945 = ADVANCED_FACE('',(#6946),#2430,.F.);
#6946 = FACE_BOUND('',#6947,.F.);
#6947 = EDGE_LOOP('',(#6948,#6949,#6950,#6951));
#6948 = ORIENTED_EDGE('',*,*,#6925,.F.);
#6949 = ORIENTED_EDGE('',*,*,#4110,.T.);
#6950 = ORIENTED_EDGE('',*,*,#6120,.T.);
#6951 = ORIENTED_EDGE('',*,*,#2413,.F.);
#6952 = ADVANCED_FACE('',(#6953),#2700,.T.);
#6953 = FACE_BOUND('',#6954,.T.);
#6954 = EDGE_LOOP('',(#6955,#6978,#6979,#6980));
#6955 = ORIENTED_EDGE('',*,*,#6956,.F.);
#6956 = EDGE_CURVE('',#2685,#6957,#6959,.T.);
#6957 = VERTEX_POINT('',#6958);
#6958 = CARTESIAN_POINT('',(-9.5,19.,16.));
#6959 = SURFACE_CURVE('',#6960,(#6964,#6971),.PCURVE_S1.);
#6960 = LINE('',#6961,#6962);
#6961 = CARTESIAN_POINT('',(-9.5,19.,14.));
#6962 = VECTOR('',#6963,1.);
#6963 = DIRECTION('',(0.,0.,1.));
#6964 = PCURVE('',#2700,#6965);
#6965 = DEFINITIONAL_REPRESENTATION('',(#6966),#6970);
#6966 = LINE('',#6967,#6968);
#6967 = CARTESIAN_POINT('',(0.,3.));
#6968 = VECTOR('',#6969,1.);
#6969 = DIRECTION('',(1.,0.));
#6970 = ( GEOMETRIC_REPRESENTATION_CONTEXT(2) 
PARAMETRIC_REPRESENTATION_CONTEXT() REPRESENTATION_CONTEXT('2D SPACE',''
  ) );
#6971 = PCURVE('',#2770,#6972);
#6972 = DEFINITIONAL_REPRESENTATION('',(#6973),#6977);
#6973 = LINE('',#6974,#6975);
#6974 = CARTESIAN_POINT('',(0.,-12.4));
#6975 = VECTOR('',#6976,1.);
#6976 = DIRECTION('',(1.,0.));
#6977 = ( GEOMETRIC_REPRESENTATION_CONTEXT(2) 
PARAMETRIC_REPRESENTATION_CONTEXT() REPRESENTATION_CONTEXT('2D SPACE',''
  ) );
#6978 = ORIENTED_EDGE('',*,*,#2682,.F.);
#6979 = ORIENTED_EDGE('',*,*,#2787,.T.);
#6980 = ORIENTED_EDGE('',*,*,#6981,.F.);
#6981 = EDGE_CURVE('',#6957,#2788,#6982,.T.);
#6982 = SURFACE_CURVE('',#6983,(#6988,#6995),.PCURVE_S1.);
#6983 = CIRCLE('',#6984,1.5);
#6984 = AXIS2_PLACEMENT_3D('',#6985,#6986,#6987);
#6985 = CARTESIAN_POINT('',(-11.,19.,16.));
#6986 = DIRECTION('',(-0.,1.,1.110223024625E-16));
#6987 = DIRECTION('',(1.,0.,0.));
#6988 = PCURVE('',#2700,#6989);
#6989 = DEFINITIONAL_REPRESENTATION('',(#6990),#6994);
#6990 = CIRCLE('',#6991,1.5);
#6991 = AXIS2_PLACEMENT_2D('',#6992,#6993);
#6992 = CARTESIAN_POINT('',(2.,1.5));
#6993 = DIRECTION('',(0.,1.));
#6994 = ( GEOMETRIC_REPRESENTATION_CONTEXT(2) 
PARAMETRIC_REPRESENTATION_CONTEXT() REPRESENTATION_CONTEXT('2D SPACE',''
  ) );
#6995 = PCURVE('',#6996,#7001);
#6996 = CYLINDRICAL_SURFACE('',#6997,1.5);
#6997 = AXIS2_PLACEMENT_3D('',#6998,#6999,#7000);
#6998 = CARTESIAN_POINT('',(-11.,13.,16.));
#6999 = DIRECTION('',(-0.,-1.,-1.110223024625E-16));
#7000 = DIRECTION('',(1.,0.,0.));
#7001 = DEFINITIONAL_REPRESENTATION('',(#7002),#7006);
#7002 = LINE('',#7003,#7004);
#7003 = CARTESIAN_POINT('',(-0.,-6.));
#7004 = VECTOR('',#7005,1.);
#7005 = DIRECTION('',(-1.,0.));
#7006 = ( GEOMETRIC_REPRESENTATION_CONTEXT(2) 
PARAMETRIC_REPRESENTATION_CONTEXT() REPRESENTATION_CONTEXT('2D SPACE',''
  ) );
#7007 = ADVANCED_FACE('',(#7008),#2770,.T.);
#7008 = FACE_BOUND('',#7009,.T.);
#7009 = EDGE_LOOP('',(#7010,#7011,#7012,#7013,#7014));
#7010 = ORIENTED_EDGE('',*,*,#2929,.F.);
#7011 = ORIENTED_EDGE('',*,*,#6686,.T.);
#7012 = ORIENTED_EDGE('',*,*,#2756,.T.);
#7013 = ORIENTED_EDGE('',*,*,#6956,.T.);
#7014 = ORIENTED_EDGE('',*,*,#7015,.T.);
#7015 = EDGE_CURVE('',#6957,#2863,#7016,.T.);
#7016 = SURFACE_CURVE('',#7017,(#7021,#7028),.PCURVE_S1.);
#7017 = LINE('',#7018,#7019);
#7018 = CARTESIAN_POINT('',(-9.5,19.,14.));
#7019 = VECTOR('',#7020,1.);
#7020 = DIRECTION('',(0.,0.,1.));
#7021 = PCURVE('',#2770,#7022);
#7022 = DEFINITIONAL_REPRESENTATION('',(#7023),#7027);
#7023 = LINE('',#7024,#7025);
#7024 = CARTESIAN_POINT('',(0.,-12.4));
#7025 = VECTOR('',#7026,1.);
#7026 = DIRECTION('',(1.,0.));
#7027 = ( GEOMETRIC_REPRESENTATION_CONTEXT(2) 
PARAMETRIC_REPRESENTATION_CONTEXT() REPRESENTATION_CONTEXT('2D SPACE',''
  ) );
#7028 = PCURVE('',#2826,#7029);
#7029 = DEFINITIONAL_REPRESENTATION('',(#7030),#7034);
#7030 = LINE('',#7031,#7032);
#7031 = CARTESIAN_POINT('',(0.,3.));
#7032 = VECTOR('',#7033,1.);
#7033 = DIRECTION('',(1.,0.));
#7034 = ( GEOMETRIC_REPRESENTATION_CONTEXT(2) 
PARAMETRIC_REPRESENTATION_CONTEXT() REPRESENTATION_CONTEXT('2D SPACE',''
  ) );
#7035 = ADVANCED_FACE('',(#7036),#2826,.T.);
#7036 = FACE_BOUND('',#7037,.T.);
#7037 = EDGE_LOOP('',(#7038,#7039,#7066,#7067));
#7038 = ORIENTED_EDGE('',*,*,#7015,.F.);
#7039 = ORIENTED_EDGE('',*,*,#7040,.F.);
#7040 = EDGE_CURVE('',#2788,#6957,#7041,.T.);
#7041 = SURFACE_CURVE('',#7042,(#7047,#7054),.PCURVE_S1.);
#7042 = CIRCLE('',#7043,1.5);
#7043 = AXIS2_PLACEMENT_3D('',#7044,#7045,#7046);
#7044 = CARTESIAN_POINT('',(-11.,19.,16.));
#7045 = DIRECTION('',(-0.,1.,1.110223024625E-16));
#7046 = DIRECTION('',(1.,0.,0.));
#7047 = PCURVE('',#2826,#7048);
#7048 = DEFINITIONAL_REPRESENTATION('',(#7049),#7053);
#7049 = CIRCLE('',#7050,1.5);
#7050 = AXIS2_PLACEMENT_2D('',#7051,#7052);
#7051 = CARTESIAN_POINT('',(2.,1.5));
#7052 = DIRECTION('',(0.,1.));
#7053 = ( GEOMETRIC_REPRESENTATION_CONTEXT(2) 
PARAMETRIC_REPRESENTATION_CONTEXT() REPRESENTATION_CONTEXT('2D SPACE',''
  ) );
#7054 = PCURVE('',#7055,#7060);
#7055 = CYLINDRICAL_SURFACE('',#7056,1.5);
#7056 = AXIS2_PLACEMENT_3D('',#7057,#7058,#7059);
#7057 = CARTESIAN_POINT('',(-11.,13.,16.));
#7058 = DIRECTION('',(-0.,-1.,-1.110223024625E-16));
#7059 = DIRECTION('',(1.,0.,0.));
#7060 = DEFINITIONAL_REPRESENTATION('',(#7061),#7065);
#7061 = LINE('',#7062,#7063);
#7062 = CARTESIAN_POINT('',(-0.,-6.));
#7063 = VECTOR('',#7064,1.);
#7064 = DIRECTION('',(-1.,0.));
#7065 = ( GEOMETRIC_REPRESENTATION_CONTEXT(2) 
PARAMETRIC_REPRESENTATION_CONTEXT() REPRESENTATION_CONTEXT('2D SPACE',''
  ) );
#7066 = ORIENTED_EDGE('',*,*,#2810,.T.);
#7067 = ORIENTED_EDGE('',*,*,#2862,.T.);
#7068 = ADVANCED_FACE('',(#7069),#3116,.F.);
#7069 = FACE_BOUND('',#7070,.F.);
#7070 = EDGE_LOOP('',(#7071,#7072,#7073,#7074));
#7071 = ORIENTED_EDGE('',*,*,#3098,.F.);
#7072 = ORIENTED_EDGE('',*,*,#6710,.T.);
#7073 = ORIENTED_EDGE('',*,*,#4676,.T.);
#7074 = ORIENTED_EDGE('',*,*,#7075,.T.);
#7075 = EDGE_CURVE('',#4679,#3101,#7076,.T.);
#7076 = SURFACE_CURVE('',#7077,(#7081,#7088),.PCURVE_S1.);
#7077 = LINE('',#7078,#7079);
#7078 = CARTESIAN_POINT('',(-9.4,12.5,20.));
#7079 = VECTOR('',#7080,1.);
#7080 = DIRECTION('',(0.,0.,1.));
#7081 = PCURVE('',#3116,#7082);
#7082 = DEFINITIONAL_REPRESENTATION('',(#7083),#7087);
#7083 = LINE('',#7084,#7085);
#7084 = CARTESIAN_POINT('',(0.,-5.9));
#7085 = VECTOR('',#7086,1.);
#7086 = DIRECTION('',(1.,0.));
#7087 = ( GEOMETRIC_REPRESENTATION_CONTEXT(2) 
PARAMETRIC_REPRESENTATION_CONTEXT() REPRESENTATION_CONTEXT('2D SPACE',''
  ) );
#7088 = PCURVE('',#3339,#7089);
#7089 = DEFINITIONAL_REPRESENTATION('',(#7090),#7094);
#7090 = LINE('',#7091,#7092);
#7091 = CARTESIAN_POINT('',(0.,0.));
#7092 = VECTOR('',#7093,1.);
#7093 = DIRECTION('',(1.,0.));
#7094 = ( GEOMETRIC_REPRESENTATION_CONTEXT(2) 
PARAMETRIC_REPRESENTATION_CONTEXT() REPRESENTATION_CONTEXT('2D SPACE',''
  ) );
#7095 = ADVANCED_FACE('',(#7096),#3339,.T.);
#7096 = FACE_BOUND('',#7097,.T.);
#7097 = EDGE_LOOP('',(#7098,#7099,#7100,#7101));
#7098 = ORIENTED_EDGE('',*,*,#4853,.F.);
#7099 = ORIENTED_EDGE('',*,*,#7075,.T.);
#7100 = ORIENTED_EDGE('',*,*,#3325,.T.);
#7101 = ORIENTED_EDGE('',*,*,#7102,.T.);
#7102 = EDGE_CURVE('',#3300,#4833,#7103,.T.);
#7103 = SURFACE_CURVE('',#7104,(#7108,#7114),.PCURVE_S1.);
#7104 = LINE('',#7105,#7106);
#7105 = CARTESIAN_POINT('',(-6.15,12.5,19.5));
#7106 = VECTOR('',#7107,1.);
#7107 = DIRECTION('',(0.,0.,-1.));
#7108 = PCURVE('',#3339,#7109);
#7109 = DEFINITIONAL_REPRESENTATION('',(#7110),#7113);
#7110 = B_SPLINE_CURVE_WITH_KNOTS('',1,(#7111,#7112),.UNSPECIFIED.,.F.,
  .F.,(2,2),(-4.5,-0.5),.PIECEWISE_BEZIER_KNOTS.);
#7111 = CARTESIAN_POINT('',(4.,3.25));
#7112 = CARTESIAN_POINT('',(0.,3.25));
#7113 = ( GEOMETRIC_REPRESENTATION_CONTEXT(2) 
PARAMETRIC_REPRESENTATION_CONTEXT() REPRESENTATION_CONTEXT('2D SPACE',''
  ) );
#7114 = PCURVE('',#3314,#7115);
#7115 = DEFINITIONAL_REPRESENTATION('',(#7116),#7119);
#7116 = B_SPLINE_CURVE_WITH_KNOTS('',1,(#7117,#7118),.UNSPECIFIED.,.F.,
  .F.,(2,2),(-4.5,-0.5),.PIECEWISE_BEZIER_KNOTS.);
#7117 = CARTESIAN_POINT('',(5.,-4.05));
#7118 = CARTESIAN_POINT('',(1.,-4.05));
#7119 = ( GEOMETRIC_REPRESENTATION_CONTEXT(2) 
PARAMETRIC_REPRESENTATION_CONTEXT() REPRESENTATION_CONTEXT('2D SPACE',''
  ) );
#7120 = ADVANCED_FACE('',(#7121),#3314,.T.);
#7121 = FACE_BOUND('',#7122,.T.);
#7122 = EDGE_LOOP('',(#7123,#7144,#7145,#7146));
#7123 = ORIENTED_EDGE('',*,*,#7124,.F.);
#7124 = EDGE_CURVE('',#4812,#3274,#7125,.T.);
#7125 = SURFACE_CURVE('',#7126,(#7130,#7137),.PCURVE_S1.);
#7126 = LINE('',#7127,#7128);
#7127 = CARTESIAN_POINT('',(-6.15,8.45,19.));
#7128 = VECTOR('',#7129,1.);
#7129 = DIRECTION('',(0.,0.,1.));
#7130 = PCURVE('',#3314,#7131);
#7131 = DEFINITIONAL_REPRESENTATION('',(#7132),#7136);
#7132 = LINE('',#7133,#7134);
#7133 = CARTESIAN_POINT('',(0.,0.));
#7134 = VECTOR('',#7135,1.);
#7135 = DIRECTION('',(1.,0.));
#7136 = ( GEOMETRIC_REPRESENTATION_CONTEXT(2) 
PARAMETRIC_REPRESENTATION_CONTEXT() REPRESENTATION_CONTEXT('2D SPACE',''
  ) );
#7137 = PCURVE('',#3288,#7138);
#7138 = DEFINITIONAL_REPRESENTATION('',(#7139),#7143);
#7139 = LINE('',#7140,#7141);
#7140 = CARTESIAN_POINT('',(0.,0.));
#7141 = VECTOR('',#7142,1.);
#7142 = DIRECTION('',(1.,0.));
#7143 = ( GEOMETRIC_REPRESENTATION_CONTEXT(2) 
PARAMETRIC_REPRESENTATION_CONTEXT() REPRESENTATION_CONTEXT('2D SPACE',''
  ) );
#7144 = ORIENTED_EDGE('',*,*,#4832,.T.);
#7145 = ORIENTED_EDGE('',*,*,#7102,.F.);
#7146 = ORIENTED_EDGE('',*,*,#3299,.F.);
#7147 = ADVANCED_FACE('',(#7148),#3288,.T.);
#7148 = FACE_BOUND('',#7149,.T.);
#7149 = EDGE_LOOP('',(#7150,#7171,#7172,#7173));
#7150 = ORIENTED_EDGE('',*,*,#7151,.F.);
#7151 = EDGE_CURVE('',#4791,#3248,#7152,.T.);
#7152 = SURFACE_CURVE('',#7153,(#7157,#7164),.PCURVE_S1.);
#7153 = LINE('',#7154,#7155);
#7154 = CARTESIAN_POINT('',(6.15,8.45,19.));
#7155 = VECTOR('',#7156,1.);
#7156 = DIRECTION('',(0.,0.,1.));
#7157 = PCURVE('',#3288,#7158);
#7158 = DEFINITIONAL_REPRESENTATION('',(#7159),#7163);
#7159 = LINE('',#7160,#7161);
#7160 = CARTESIAN_POINT('',(0.,12.3));
#7161 = VECTOR('',#7162,1.);
#7162 = DIRECTION('',(1.,0.));
#7163 = ( GEOMETRIC_REPRESENTATION_CONTEXT(2) 
PARAMETRIC_REPRESENTATION_CONTEXT() REPRESENTATION_CONTEXT('2D SPACE',''
  ) );
#7164 = PCURVE('',#3262,#7165);
#7165 = DEFINITIONAL_REPRESENTATION('',(#7166),#7170);
#7166 = LINE('',#7167,#7168);
#7167 = CARTESIAN_POINT('',(0.,0.));
#7168 = VECTOR('',#7169,1.);
#7169 = DIRECTION('',(1.,0.));
#7170 = ( GEOMETRIC_REPRESENTATION_CONTEXT(2) 
PARAMETRIC_REPRESENTATION_CONTEXT() REPRESENTATION_CONTEXT('2D SPACE',''
  ) );
#7171 = ORIENTED_EDGE('',*,*,#4811,.T.);
#7172 = ORIENTED_EDGE('',*,*,#7124,.T.);
#7173 = ORIENTED_EDGE('',*,*,#3273,.F.);
#7174 = ADVANCED_FACE('',(#7175),#3262,.F.);
#7175 = FACE_BOUND('',#7176,.F.);
#7176 = EDGE_LOOP('',(#7177,#7178,#7179,#7198));
#7177 = ORIENTED_EDGE('',*,*,#7151,.F.);
#7178 = ORIENTED_EDGE('',*,*,#4790,.T.);
#7179 = ORIENTED_EDGE('',*,*,#7180,.F.);
#7180 = EDGE_CURVE('',#3220,#4768,#7181,.T.);
#7181 = SURFACE_CURVE('',#7182,(#7186,#7192),.PCURVE_S1.);
#7182 = LINE('',#7183,#7184);
#7183 = CARTESIAN_POINT('',(6.15,12.5,19.5));
#7184 = VECTOR('',#7185,1.);
#7185 = DIRECTION('',(0.,0.,-1.));
#7186 = PCURVE('',#3262,#7187);
#7187 = DEFINITIONAL_REPRESENTATION('',(#7188),#7191);
#7188 = B_SPLINE_CURVE_WITH_KNOTS('',1,(#7189,#7190),.UNSPECIFIED.,.F.,
  .F.,(2,2),(-4.5,-0.5),.PIECEWISE_BEZIER_KNOTS.);
#7189 = CARTESIAN_POINT('',(5.,-4.05));
#7190 = CARTESIAN_POINT('',(1.,-4.05));
#7191 = ( GEOMETRIC_REPRESENTATION_CONTEXT(2) 
PARAMETRIC_REPRESENTATION_CONTEXT() REPRESENTATION_CONTEXT('2D SPACE',''
  ) );
#7192 = PCURVE('',#3235,#7193);
#7193 = DEFINITIONAL_REPRESENTATION('',(#7194),#7197);
#7194 = B_SPLINE_CURVE_WITH_KNOTS('',1,(#7195,#7196),.UNSPECIFIED.,.F.,
  .F.,(2,2),(-4.5,-0.5),.PIECEWISE_BEZIER_KNOTS.);
#7195 = CARTESIAN_POINT('',(4.,15.55));
#7196 = CARTESIAN_POINT('',(0.,15.55));
#7197 = ( GEOMETRIC_REPRESENTATION_CONTEXT(2) 
PARAMETRIC_REPRESENTATION_CONTEXT() REPRESENTATION_CONTEXT('2D SPACE',''
  ) );
#7198 = ORIENTED_EDGE('',*,*,#3247,.F.);
#7199 = ADVANCED_FACE('',(#7200),#3235,.T.);
#7200 = FACE_BOUND('',#7201,.T.);
#7201 = EDGE_LOOP('',(#7202,#7203,#7204,#7205));
#7202 = ORIENTED_EDGE('',*,*,#4767,.F.);
#7203 = ORIENTED_EDGE('',*,*,#7180,.F.);
#7204 = ORIENTED_EDGE('',*,*,#3219,.T.);
#7205 = ORIENTED_EDGE('',*,*,#7206,.F.);
#7206 = EDGE_CURVE('',#4745,#3192,#7207,.T.);
#7207 = SURFACE_CURVE('',#7208,(#7212,#7219),.PCURVE_S1.);
#7208 = LINE('',#7209,#7210);
#7209 = CARTESIAN_POINT('',(9.4,12.5,20.));
#7210 = VECTOR('',#7211,1.);
#7211 = DIRECTION('',(0.,0.,1.));
#7212 = PCURVE('',#3235,#7213);
#7213 = DEFINITIONAL_REPRESENTATION('',(#7214),#7218);
#7214 = LINE('',#7215,#7216);
#7215 = CARTESIAN_POINT('',(0.,18.8));
#7216 = VECTOR('',#7217,1.);
#7217 = DIRECTION('',(1.,0.));
#7218 = ( GEOMETRIC_REPRESENTATION_CONTEXT(2) 
PARAMETRIC_REPRESENTATION_CONTEXT() REPRESENTATION_CONTEXT('2D SPACE',''
  ) );
#7219 = PCURVE('',#3207,#7220);
#7220 = DEFINITIONAL_REPRESENTATION('',(#7221),#7225);
#7221 = LINE('',#7222,#7223);
#7222 = CARTESIAN_POINT('',(0.,-5.9));
#7223 = VECTOR('',#7224,1.);
#7224 = DIRECTION('',(1.,0.));
#7225 = ( GEOMETRIC_REPRESENTATION_CONTEXT(2) 
PARAMETRIC_REPRESENTATION_CONTEXT() REPRESENTATION_CONTEXT('2D SPACE',''
  ) );
#7226 = ADVANCED_FACE('',(#7227),#3207,.T.);
#7227 = FACE_BOUND('',#7228,.T.);
#7228 = EDGE_LOOP('',(#7229,#7230,#7231,#7232));
#7229 = ORIENTED_EDGE('',*,*,#3191,.F.);
#7230 = ORIENTED_EDGE('',*,*,#6613,.T.);
#7231 = ORIENTED_EDGE('',*,*,#4744,.T.);
#7232 = ORIENTED_EDGE('',*,*,#7206,.T.);
#7233 = ADVANCED_FACE('',(#7234),#3517,.F.);
#7234 = FACE_BOUND('',#7235,.F.);
#7235 = EDGE_LOOP('',(#7236,#7237,#7238,#7239,#7262));
#7236 = ORIENTED_EDGE('',*,*,#3499,.F.);
#7237 = ORIENTED_EDGE('',*,*,#6637,.T.);
#7238 = ORIENTED_EDGE('',*,*,#3679,.T.);
#7239 = ORIENTED_EDGE('',*,*,#7240,.T.);
#7240 = EDGE_CURVE('',#3682,#7241,#7243,.T.);
#7241 = VERTEX_POINT('',#7242);
#7242 = CARTESIAN_POINT('',(9.5,19.,16.));
#7243 = SURFACE_CURVE('',#7244,(#7248,#7255),.PCURVE_S1.);
#7244 = LINE('',#7245,#7246);
#7245 = CARTESIAN_POINT('',(9.5,19.,14.));
#7246 = VECTOR('',#7247,1.);
#7247 = DIRECTION('',(0.,0.,1.));
#7248 = PCURVE('',#3517,#7249);
#7249 = DEFINITIONAL_REPRESENTATION('',(#7250),#7254);
#7250 = LINE('',#7251,#7252);
#7251 = CARTESIAN_POINT('',(0.,-12.4));
#7252 = VECTOR('',#7253,1.);
#7253 = DIRECTION('',(1.,0.));
#7254 = ( GEOMETRIC_REPRESENTATION_CONTEXT(2) 
PARAMETRIC_REPRESENTATION_CONTEXT() REPRESENTATION_CONTEXT('2D SPACE',''
  ) );
#7255 = PCURVE('',#3642,#7256);
#7256 = DEFINITIONAL_REPRESENTATION('',(#7257),#7261);
#7257 = LINE('',#7258,#7259);
#7258 = CARTESIAN_POINT('',(0.,0.));
#7259 = VECTOR('',#7260,1.);
#7260 = DIRECTION('',(1.,0.));
#7261 = ( GEOMETRIC_REPRESENTATION_CONTEXT(2) 
PARAMETRIC_REPRESENTATION_CONTEXT() REPRESENTATION_CONTEXT('2D SPACE',''
  ) );
#7262 = ORIENTED_EDGE('',*,*,#7263,.T.);
#7263 = EDGE_CURVE('',#7241,#3502,#7264,.T.);
#7264 = SURFACE_CURVE('',#7265,(#7269,#7276),.PCURVE_S1.);
#7265 = LINE('',#7266,#7267);
#7266 = CARTESIAN_POINT('',(9.5,19.,14.));
#7267 = VECTOR('',#7268,1.);
#7268 = DIRECTION('',(0.,0.,1.));
#7269 = PCURVE('',#3517,#7270);
#7270 = DEFINITIONAL_REPRESENTATION('',(#7271),#7275);
#7271 = LINE('',#7272,#7273);
#7272 = CARTESIAN_POINT('',(0.,-12.4));
#7273 = VECTOR('',#7274,1.);
#7274 = DIRECTION('',(1.,0.));
#7275 = ( GEOMETRIC_REPRESENTATION_CONTEXT(2) 
PARAMETRIC_REPRESENTATION_CONTEXT() REPRESENTATION_CONTEXT('2D SPACE',''
  ) );
#7276 = PCURVE('',#3587,#7277);
#7277 = DEFINITIONAL_REPRESENTATION('',(#7278),#7282);
#7278 = LINE('',#7279,#7280);
#7279 = CARTESIAN_POINT('',(0.,0.));
#7280 = VECTOR('',#7281,1.);
#7281 = DIRECTION('',(1.,0.));
#7282 = ( GEOMETRIC_REPRESENTATION_CONTEXT(2) 
PARAMETRIC_REPRESENTATION_CONTEXT() REPRESENTATION_CONTEXT('2D SPACE',''
  ) );
#7283 = ADVANCED_FACE('',(#7284),#3587,.T.);
#7284 = FACE_BOUND('',#7285,.T.);
#7285 = EDGE_LOOP('',(#7286,#7287,#7314,#7315));
#7286 = ORIENTED_EDGE('',*,*,#3654,.F.);
#7287 = ORIENTED_EDGE('',*,*,#7288,.F.);
#7288 = EDGE_CURVE('',#7241,#3627,#7289,.T.);
#7289 = SURFACE_CURVE('',#7290,(#7295,#7302),.PCURVE_S1.);
#7290 = CIRCLE('',#7291,1.5);
#7291 = AXIS2_PLACEMENT_3D('',#7292,#7293,#7294);
#7292 = CARTESIAN_POINT('',(11.,19.,16.));
#7293 = DIRECTION('',(-0.,1.,1.110223024625E-16));
#7294 = DIRECTION('',(1.,0.,0.));
#7295 = PCURVE('',#3587,#7296);
#7296 = DEFINITIONAL_REPRESENTATION('',(#7297),#7301);
#7297 = CIRCLE('',#7298,1.5);
#7298 = AXIS2_PLACEMENT_2D('',#7299,#7300);
#7299 = CARTESIAN_POINT('',(2.,1.5));
#7300 = DIRECTION('',(0.,1.));
#7301 = ( GEOMETRIC_REPRESENTATION_CONTEXT(2) 
PARAMETRIC_REPRESENTATION_CONTEXT() REPRESENTATION_CONTEXT('2D SPACE',''
  ) );
#7302 = PCURVE('',#7303,#7308);
#7303 = CYLINDRICAL_SURFACE('',#7304,1.5);
#7304 = AXIS2_PLACEMENT_3D('',#7305,#7306,#7307);
#7305 = CARTESIAN_POINT('',(11.,13.,16.));
#7306 = DIRECTION('',(-0.,-1.,-1.110223024625E-16));
#7307 = DIRECTION('',(1.,0.,0.));
#7308 = DEFINITIONAL_REPRESENTATION('',(#7309),#7313);
#7309 = LINE('',#7310,#7311);
#7310 = CARTESIAN_POINT('',(-0.,-6.));
#7311 = VECTOR('',#7312,1.);
#7312 = DIRECTION('',(-1.,0.));
#7313 = ( GEOMETRIC_REPRESENTATION_CONTEXT(2) 
PARAMETRIC_REPRESENTATION_CONTEXT() REPRESENTATION_CONTEXT('2D SPACE',''
  ) );
#7314 = ORIENTED_EDGE('',*,*,#7263,.T.);
#7315 = ORIENTED_EDGE('',*,*,#3573,.T.);
#7316 = ADVANCED_FACE('',(#7317),#3642,.T.);
#7317 = FACE_BOUND('',#7318,.T.);
#7318 = EDGE_LOOP('',(#7319,#7320,#7321,#7322));
#7319 = ORIENTED_EDGE('',*,*,#3626,.F.);
#7320 = ORIENTED_EDGE('',*,*,#3746,.F.);
#7321 = ORIENTED_EDGE('',*,*,#7240,.T.);
#7322 = ORIENTED_EDGE('',*,*,#7323,.F.);
#7323 = EDGE_CURVE('',#3627,#7241,#7324,.T.);
#7324 = SURFACE_CURVE('',#7325,(#7330,#7337),.PCURVE_S1.);
#7325 = CIRCLE('',#7326,1.5);
#7326 = AXIS2_PLACEMENT_3D('',#7327,#7328,#7329);
#7327 = CARTESIAN_POINT('',(11.,19.,16.));
#7328 = DIRECTION('',(-0.,1.,1.110223024625E-16));
#7329 = DIRECTION('',(1.,0.,0.));
#7330 = PCURVE('',#3642,#7331);
#7331 = DEFINITIONAL_REPRESENTATION('',(#7332),#7336);
#7332 = CIRCLE('',#7333,1.5);
#7333 = AXIS2_PLACEMENT_2D('',#7334,#7335);
#7334 = CARTESIAN_POINT('',(2.,1.5));
#7335 = DIRECTION('',(0.,1.));
#7336 = ( GEOMETRIC_REPRESENTATION_CONTEXT(2) 
PARAMETRIC_REPRESENTATION_CONTEXT() REPRESENTATION_CONTEXT('2D SPACE',''
  ) );
#7337 = PCURVE('',#7338,#7343);
#7338 = CYLINDRICAL_SURFACE('',#7339,1.5);
#7339 = AXIS2_PLACEMENT_3D('',#7340,#7341,#7342);
#7340 = CARTESIAN_POINT('',(11.,13.,16.));
#7341 = DIRECTION('',(-0.,-1.,-1.110223024625E-16));
#7342 = DIRECTION('',(1.,0.,0.));
#7343 = DEFINITIONAL_REPRESENTATION('',(#7344),#7348);
#7344 = LINE('',#7345,#7346);
#7345 = CARTESIAN_POINT('',(-0.,-6.));
#7346 = VECTOR('',#7347,1.);
#7347 = DIRECTION('',(-1.,0.));
#7348 = ( GEOMETRIC_REPRESENTATION_CONTEXT(2) 
PARAMETRIC_REPRESENTATION_CONTEXT() REPRESENTATION_CONTEXT('2D SPACE',''
  ) );
#7349 = ADVANCED_FACE('',(#7350),#4077,.F.);
#7350 = FACE_BOUND('',#7351,.T.);
#7351 = EDGE_LOOP('',(#7352,#7353,#7354,#7355));
#7352 = ORIENTED_EDGE('',*,*,#5984,.F.);
#7353 = ORIENTED_EDGE('',*,*,#4060,.T.);
#7354 = ORIENTED_EDGE('',*,*,#6098,.T.);
#7355 = ORIENTED_EDGE('',*,*,#7356,.T.);
#7356 = EDGE_CURVE('',#6099,#5955,#7357,.T.);
#7357 = SURFACE_CURVE('',#7358,(#7363,#7370),.PCURVE_S1.);
#7358 = CIRCLE('',#7359,11.);
#7359 = AXIS2_PLACEMENT_3D('',#7360,#7361,#7362);
#7360 = CARTESIAN_POINT('',(14.75,13.5,0.));
#7361 = DIRECTION('',(0.,0.,-1.));
#7362 = DIRECTION('',(1.,0.,0.));
#7363 = PCURVE('',#4077,#7364);
#7364 = DEFINITIONAL_REPRESENTATION('',(#7365),#7369);
#7365 = LINE('',#7366,#7367);
#7366 = CARTESIAN_POINT('',(-6.28318530718,-1.));
#7367 = VECTOR('',#7368,1.);
#7368 = DIRECTION('',(1.,-0.));
#7369 = ( GEOMETRIC_REPRESENTATION_CONTEXT(2) 
PARAMETRIC_REPRESENTATION_CONTEXT() REPRESENTATION_CONTEXT('2D SPACE',''
  ) );
#7370 = PCURVE('',#5972,#7371);
#7371 = DEFINITIONAL_REPRESENTATION('',(#7372),#7380);
#7372 = ( BOUNDED_CURVE() B_SPLINE_CURVE(2,(#7373,#7374,#7375,#7376,
#7377,#7378,#7379),.UNSPECIFIED.,.T.,.F.) B_SPLINE_CURVE_WITH_KNOTS((1,2
    ,2,2,2,1),(-2.094395102393,0.,2.094395102393,4.188790204786,
6.28318530718,8.377580409573),.UNSPECIFIED.) CURVE() 
GEOMETRIC_REPRESENTATION_ITEM() RATIONAL_B_SPLINE_CURVE((1.,0.5,1.,0.5,
1.,0.5,1.)) REPRESENTATION_ITEM('') );
#7373 = CARTESIAN_POINT('',(25.75,-0.175));
#7374 = CARTESIAN_POINT('',(25.75,-19.22755888325));
#7375 = CARTESIAN_POINT('',(9.25,-9.701279441629));
#7376 = CARTESIAN_POINT('',(-7.25,-0.175));
#7377 = CARTESIAN_POINT('',(9.25,9.351279441629));
#7378 = CARTESIAN_POINT('',(25.75,18.877558883258));
#7379 = CARTESIAN_POINT('',(25.75,-0.175));
#7380 = ( GEOMETRIC_REPRESENTATION_CONTEXT(2) 
PARAMETRIC_REPRESENTATION_CONTEXT() REPRESENTATION_CONTEXT('2D SPACE',''
  ) );
#7381 = ADVANCED_FACE('',(#7382),#4266,.F.);
#7382 = FACE_BOUND('',#7383,.T.);
#7383 = EDGE_LOOP('',(#7384,#7385,#7408,#7435));
#7384 = ORIENTED_EDGE('',*,*,#4245,.T.);
#7385 = ORIENTED_EDGE('',*,*,#7386,.T.);
#7386 = EDGE_CURVE('',#4246,#7387,#7389,.T.);
#7387 = VERTEX_POINT('',#7388);
#7388 = CARTESIAN_POINT('',(19.,13.5,0.55));
#7389 = SEAM_CURVE('',#7390,(#7394,#7401),.PCURVE_S1.);
#7390 = LINE('',#7391,#7392);
#7391 = CARTESIAN_POINT('',(19.,13.5,0.));
#7392 = VECTOR('',#7393,1.);
#7393 = DIRECTION('',(0.,0.,1.));
#7394 = PCURVE('',#4266,#7395);
#7395 = DEFINITIONAL_REPRESENTATION('',(#7396),#7400);
#7396 = LINE('',#7397,#7398);
#7397 = CARTESIAN_POINT('',(-6.28318530718,0.));
#7398 = VECTOR('',#7399,1.);
#7399 = DIRECTION('',(-0.,-1.));
#7400 = ( GEOMETRIC_REPRESENTATION_CONTEXT(2) 
PARAMETRIC_REPRESENTATION_CONTEXT() REPRESENTATION_CONTEXT('2D SPACE',''
  ) );
#7401 = PCURVE('',#4266,#7402);
#7402 = DEFINITIONAL_REPRESENTATION('',(#7403),#7407);
#7403 = LINE('',#7404,#7405);
#7404 = CARTESIAN_POINT('',(-0.,0.));
#7405 = VECTOR('',#7406,1.);
#7406 = DIRECTION('',(-0.,-1.));
#7407 = ( GEOMETRIC_REPRESENTATION_CONTEXT(2) 
PARAMETRIC_REPRESENTATION_CONTEXT() REPRESENTATION_CONTEXT('2D SPACE',''
  ) );
#7408 = ORIENTED_EDGE('',*,*,#7409,.T.);
#7409 = EDGE_CURVE('',#7387,#7387,#7410,.T.);
#7410 = SURFACE_CURVE('',#7411,(#7416,#7423),.PCURVE_S1.);
#7411 = CIRCLE('',#7412,4.25);
#7412 = AXIS2_PLACEMENT_3D('',#7413,#7414,#7415);
#7413 = CARTESIAN_POINT('',(14.75,13.5,0.55));
#7414 = DIRECTION('',(0.,0.,1.));
#7415 = DIRECTION('',(1.,0.,0.));
#7416 = PCURVE('',#4266,#7417);
#7417 = DEFINITIONAL_REPRESENTATION('',(#7418),#7422);
#7418 = LINE('',#7419,#7420);
#7419 = CARTESIAN_POINT('',(-0.,-0.55));
#7420 = VECTOR('',#7421,1.);
#7421 = DIRECTION('',(-1.,0.));
#7422 = ( GEOMETRIC_REPRESENTATION_CONTEXT(2) 
PARAMETRIC_REPRESENTATION_CONTEXT() REPRESENTATION_CONTEXT('2D SPACE',''
  ) );
#7423 = PCURVE('',#7424,#7429);
#7424 = PLANE('',#7425);
#7425 = AXIS2_PLACEMENT_3D('',#7426,#7427,#7428);
#7426 = CARTESIAN_POINT('',(14.75,13.5,0.55));
#7427 = DIRECTION('',(0.,0.,1.));
#7428 = DIRECTION('',(1.,0.,-0.));
#7429 = DEFINITIONAL_REPRESENTATION('',(#7430),#7434);
#7430 = CIRCLE('',#7431,4.25);
#7431 = AXIS2_PLACEMENT_2D('',#7432,#7433);
#7432 = CARTESIAN_POINT('',(0.,0.));
#7433 = DIRECTION('',(1.,0.));
#7434 = ( GEOMETRIC_REPRESENTATION_CONTEXT(2) 
PARAMETRIC_REPRESENTATION_CONTEXT() REPRESENTATION_CONTEXT('2D SPACE',''
  ) );
#7435 = ORIENTED_EDGE('',*,*,#7386,.F.);
#7436 = ADVANCED_FACE('',(#7437),#4391,.F.);
#7437 = FACE_BOUND('',#7438,.F.);
#7438 = EDGE_LOOP('',(#7439,#7440,#7441,#7442));
#7439 = ORIENTED_EDGE('',*,*,#4373,.F.);
#7440 = ORIENTED_EDGE('',*,*,#6732,.T.);
#7441 = ORIENTED_EDGE('',*,*,#4924,.T.);
#7442 = ORIENTED_EDGE('',*,*,#7443,.T.);
#7443 = EDGE_CURVE('',#4927,#4376,#7444,.T.);
#7444 = SURFACE_CURVE('',#7445,(#7449,#7456),.PCURVE_S1.);
#7445 = LINE('',#7446,#7447);
#7446 = CARTESIAN_POINT('',(-9.4,12.5,14.));
#7447 = VECTOR('',#7448,1.);
#7448 = DIRECTION('',(0.,0.,1.));
#7449 = PCURVE('',#4391,#7450);
#7450 = DEFINITIONAL_REPRESENTATION('',(#7451),#7455);
#7451 = LINE('',#7452,#7453);
#7452 = CARTESIAN_POINT('',(0.,-5.9));
#7453 = VECTOR('',#7454,1.);
#7454 = DIRECTION('',(1.,0.));
#7455 = ( GEOMETRIC_REPRESENTATION_CONTEXT(2) 
PARAMETRIC_REPRESENTATION_CONTEXT() REPRESENTATION_CONTEXT('2D SPACE',''
  ) );
#7456 = PCURVE('',#4614,#7457);
#7457 = DEFINITIONAL_REPRESENTATION('',(#7458),#7462);
#7458 = LINE('',#7459,#7460);
#7459 = CARTESIAN_POINT('',(0.,0.));
#7460 = VECTOR('',#7461,1.);
#7461 = DIRECTION('',(1.,0.));
#7462 = ( GEOMETRIC_REPRESENTATION_CONTEXT(2) 
PARAMETRIC_REPRESENTATION_CONTEXT() REPRESENTATION_CONTEXT('2D SPACE',''
  ) );
#7463 = ADVANCED_FACE('',(#7464),#4614,.T.);
#7464 = FACE_BOUND('',#7465,.T.);
#7465 = EDGE_LOOP('',(#7466,#7467,#7468,#7469));
#7466 = ORIENTED_EDGE('',*,*,#5121,.F.);
#7467 = ORIENTED_EDGE('',*,*,#7443,.T.);
#7468 = ORIENTED_EDGE('',*,*,#4600,.T.);
#7469 = ORIENTED_EDGE('',*,*,#7470,.T.);
#7470 = EDGE_CURVE('',#4575,#5101,#7471,.T.);
#7471 = SURFACE_CURVE('',#7472,(#7476,#7482),.PCURVE_S1.);
#7472 = LINE('',#7473,#7474);
#7473 = CARTESIAN_POINT('',(-6.15,12.5,13.5));
#7474 = VECTOR('',#7475,1.);
#7475 = DIRECTION('',(0.,0.,-1.));
#7476 = PCURVE('',#4614,#7477);
#7477 = DEFINITIONAL_REPRESENTATION('',(#7478),#7481);
#7478 = B_SPLINE_CURVE_WITH_KNOTS('',1,(#7479,#7480),.UNSPECIFIED.,.F.,
  .F.,(2,2),(-4.5,-0.5),.PIECEWISE_BEZIER_KNOTS.);
#7479 = CARTESIAN_POINT('',(4.,3.25));
#7480 = CARTESIAN_POINT('',(0.,3.25));
#7481 = ( GEOMETRIC_REPRESENTATION_CONTEXT(2) 
PARAMETRIC_REPRESENTATION_CONTEXT() REPRESENTATION_CONTEXT('2D SPACE',''
  ) );
#7482 = PCURVE('',#4589,#7483);
#7483 = DEFINITIONAL_REPRESENTATION('',(#7484),#7487);
#7484 = B_SPLINE_CURVE_WITH_KNOTS('',1,(#7485,#7486),.UNSPECIFIED.,.F.,
  .F.,(2,2),(-4.5,-0.5),.PIECEWISE_BEZIER_KNOTS.);
#7485 = CARTESIAN_POINT('',(5.,-4.05));
#7486 = CARTESIAN_POINT('',(1.,-4.05));
#7487 = ( GEOMETRIC_REPRESENTATION_CONTEXT(2) 
PARAMETRIC_REPRESENTATION_CONTEXT() REPRESENTATION_CONTEXT('2D SPACE',''
  ) );
#7488 = ADVANCED_FACE('',(#7489),#4589,.T.);
#7489 = FACE_BOUND('',#7490,.T.);
#7490 = EDGE_LOOP('',(#7491,#7512,#7513,#7514));
#7491 = ORIENTED_EDGE('',*,*,#7492,.F.);
#7492 = EDGE_CURVE('',#5080,#4549,#7493,.T.);
#7493 = SURFACE_CURVE('',#7494,(#7498,#7505),.PCURVE_S1.);
#7494 = LINE('',#7495,#7496);
#7495 = CARTESIAN_POINT('',(-6.15,8.45,13.));
#7496 = VECTOR('',#7497,1.);
#7497 = DIRECTION('',(0.,0.,1.));
#7498 = PCURVE('',#4589,#7499);
#7499 = DEFINITIONAL_REPRESENTATION('',(#7500),#7504);
#7500 = LINE('',#7501,#7502);
#7501 = CARTESIAN_POINT('',(0.,0.));
#7502 = VECTOR('',#7503,1.);
#7503 = DIRECTION('',(1.,0.));
#7504 = ( GEOMETRIC_REPRESENTATION_CONTEXT(2) 
PARAMETRIC_REPRESENTATION_CONTEXT() REPRESENTATION_CONTEXT('2D SPACE',''
  ) );
#7505 = PCURVE('',#4563,#7506);
#7506 = DEFINITIONAL_REPRESENTATION('',(#7507),#7511);
#7507 = LINE('',#7508,#7509);
#7508 = CARTESIAN_POINT('',(0.,0.));
#7509 = VECTOR('',#7510,1.);
#7510 = DIRECTION('',(1.,0.));
#7511 = ( GEOMETRIC_REPRESENTATION_CONTEXT(2) 
PARAMETRIC_REPRESENTATION_CONTEXT() REPRESENTATION_CONTEXT('2D SPACE',''
  ) );
#7512 = ORIENTED_EDGE('',*,*,#5100,.T.);
#7513 = ORIENTED_EDGE('',*,*,#7470,.F.);
#7514 = ORIENTED_EDGE('',*,*,#4574,.F.);
#7515 = ADVANCED_FACE('',(#7516),#4563,.T.);
#7516 = FACE_BOUND('',#7517,.T.);
#7517 = EDGE_LOOP('',(#7518,#7539,#7540,#7541));
#7518 = ORIENTED_EDGE('',*,*,#7519,.F.);
#7519 = EDGE_CURVE('',#5059,#4523,#7520,.T.);
#7520 = SURFACE_CURVE('',#7521,(#7525,#7532),.PCURVE_S1.);
#7521 = LINE('',#7522,#7523);
#7522 = CARTESIAN_POINT('',(6.15,8.45,13.));
#7523 = VECTOR('',#7524,1.);
#7524 = DIRECTION('',(0.,0.,1.));
#7525 = PCURVE('',#4563,#7526);
#7526 = DEFINITIONAL_REPRESENTATION('',(#7527),#7531);
#7527 = LINE('',#7528,#7529);
#7528 = CARTESIAN_POINT('',(0.,12.3));
#7529 = VECTOR('',#7530,1.);
#7530 = DIRECTION('',(1.,0.));
#7531 = ( GEOMETRIC_REPRESENTATION_CONTEXT(2) 
PARAMETRIC_REPRESENTATION_CONTEXT() REPRESENTATION_CONTEXT('2D SPACE',''
  ) );
#7532 = PCURVE('',#4537,#7533);
#7533 = DEFINITIONAL_REPRESENTATION('',(#7534),#7538);
#7534 = LINE('',#7535,#7536);
#7535 = CARTESIAN_POINT('',(0.,0.));
#7536 = VECTOR('',#7537,1.);
#7537 = DIRECTION('',(1.,0.));
#7538 = ( GEOMETRIC_REPRESENTATION_CONTEXT(2) 
PARAMETRIC_REPRESENTATION_CONTEXT() REPRESENTATION_CONTEXT('2D SPACE',''
  ) );
#7539 = ORIENTED_EDGE('',*,*,#5079,.T.);
#7540 = ORIENTED_EDGE('',*,*,#7492,.T.);
#7541 = ORIENTED_EDGE('',*,*,#4548,.F.);
#7542 = ADVANCED_FACE('',(#7543),#4537,.F.);
#7543 = FACE_BOUND('',#7544,.F.);
#7544 = EDGE_LOOP('',(#7545,#7546,#7547,#7566));
#7545 = ORIENTED_EDGE('',*,*,#7519,.F.);
#7546 = ORIENTED_EDGE('',*,*,#5058,.T.);
#7547 = ORIENTED_EDGE('',*,*,#7548,.F.);
#7548 = EDGE_CURVE('',#4495,#5036,#7549,.T.);
#7549 = SURFACE_CURVE('',#7550,(#7554,#7560),.PCURVE_S1.);
#7550 = LINE('',#7551,#7552);
#7551 = CARTESIAN_POINT('',(6.15,12.5,13.5));
#7552 = VECTOR('',#7553,1.);
#7553 = DIRECTION('',(0.,0.,-1.));
#7554 = PCURVE('',#4537,#7555);
#7555 = DEFINITIONAL_REPRESENTATION('',(#7556),#7559);
#7556 = B_SPLINE_CURVE_WITH_KNOTS('',1,(#7557,#7558),.UNSPECIFIED.,.F.,
  .F.,(2,2),(-4.5,-0.5),.PIECEWISE_BEZIER_KNOTS.);
#7557 = CARTESIAN_POINT('',(5.,-4.05));
#7558 = CARTESIAN_POINT('',(1.,-4.05));
#7559 = ( GEOMETRIC_REPRESENTATION_CONTEXT(2) 
PARAMETRIC_REPRESENTATION_CONTEXT() REPRESENTATION_CONTEXT('2D SPACE',''
  ) );
#7560 = PCURVE('',#4510,#7561);
#7561 = DEFINITIONAL_REPRESENTATION('',(#7562),#7565);
#7562 = B_SPLINE_CURVE_WITH_KNOTS('',1,(#7563,#7564),.UNSPECIFIED.,.F.,
  .F.,(2,2),(-4.5,-0.5),.PIECEWISE_BEZIER_KNOTS.);
#7563 = CARTESIAN_POINT('',(4.,15.55));
#7564 = CARTESIAN_POINT('',(0.,15.55));
#7565 = ( GEOMETRIC_REPRESENTATION_CONTEXT(2) 
PARAMETRIC_REPRESENTATION_CONTEXT() REPRESENTATION_CONTEXT('2D SPACE',''
  ) );
#7566 = ORIENTED_EDGE('',*,*,#4522,.F.);
#7567 = ADVANCED_FACE('',(#7568),#4510,.T.);
#7568 = FACE_BOUND('',#7569,.T.);
#7569 = EDGE_LOOP('',(#7570,#7571,#7572,#7573));
#7570 = ORIENTED_EDGE('',*,*,#5035,.F.);
#7571 = ORIENTED_EDGE('',*,*,#7548,.F.);
#7572 = ORIENTED_EDGE('',*,*,#4494,.T.);
#7573 = ORIENTED_EDGE('',*,*,#7574,.F.);
#7574 = EDGE_CURVE('',#5013,#4467,#7575,.T.);
#7575 = SURFACE_CURVE('',#7576,(#7580,#7587),.PCURVE_S1.);
#7576 = LINE('',#7577,#7578);
#7577 = CARTESIAN_POINT('',(9.4,12.5,14.));
#7578 = VECTOR('',#7579,1.);
#7579 = DIRECTION('',(0.,0.,1.));
#7580 = PCURVE('',#4510,#7581);
#7581 = DEFINITIONAL_REPRESENTATION('',(#7582),#7586);
#7582 = LINE('',#7583,#7584);
#7583 = CARTESIAN_POINT('',(0.,18.8));
#7584 = VECTOR('',#7585,1.);
#7585 = DIRECTION('',(1.,0.));
#7586 = ( GEOMETRIC_REPRESENTATION_CONTEXT(2) 
PARAMETRIC_REPRESENTATION_CONTEXT() REPRESENTATION_CONTEXT('2D SPACE',''
  ) );
#7587 = PCURVE('',#4482,#7588);
#7588 = DEFINITIONAL_REPRESENTATION('',(#7589),#7593);
#7589 = LINE('',#7590,#7591);
#7590 = CARTESIAN_POINT('',(0.,-5.9));
#7591 = VECTOR('',#7592,1.);
#7592 = DIRECTION('',(1.,0.));
#7593 = ( GEOMETRIC_REPRESENTATION_CONTEXT(2) 
PARAMETRIC_REPRESENTATION_CONTEXT() REPRESENTATION_CONTEXT('2D SPACE',''
  ) );
#7594 = ADVANCED_FACE('',(#7595),#4482,.T.);
#7595 = FACE_BOUND('',#7596,.T.);
#7596 = EDGE_LOOP('',(#7597,#7598,#7599,#7600));
#7597 = ORIENTED_EDGE('',*,*,#4466,.F.);
#7598 = ORIENTED_EDGE('',*,*,#6591,.T.);
#7599 = ORIENTED_EDGE('',*,*,#5012,.T.);
#7600 = ORIENTED_EDGE('',*,*,#7574,.T.);
#7601 = ADVANCED_FACE('',(#7602),#5838,.F.);
#7602 = FACE_BOUND('',#7603,.F.);
#7603 = EDGE_LOOP('',(#7604,#7605));
#7604 = ORIENTED_EDGE('',*,*,#5872,.T.);
#7605 = ORIENTED_EDGE('',*,*,#5823,.F.);
#7606 = ADVANCED_FACE('',(#7607),#5972,.F.);
#7607 = FACE_BOUND('',#7608,.F.);
#7608 = EDGE_LOOP('',(#7609,#7610,#7611,#7637,#7638,#7639));
#7609 = ORIENTED_EDGE('',*,*,#6052,.F.);
#7610 = ORIENTED_EDGE('',*,*,#6165,.T.);
#7611 = ORIENTED_EDGE('',*,*,#7612,.T.);
#7612 = EDGE_CURVE('',#6166,#6239,#7613,.T.);
#7613 = SURFACE_CURVE('',#7614,(#7619,#7630),.PCURVE_S1.);
#7614 = CIRCLE('',#7615,5.75);
#7615 = AXIS2_PLACEMENT_3D('',#7616,#7617,#7618);
#7616 = CARTESIAN_POINT('',(0.,13.5,0.));
#7617 = DIRECTION('',(0.,0.,-1.));
#7618 = DIRECTION('',(1.,0.,0.));
#7619 = PCURVE('',#5972,#7620);
#7620 = DEFINITIONAL_REPRESENTATION('',(#7621),#7629);
#7621 = ( BOUNDED_CURVE() B_SPLINE_CURVE(2,(#7622,#7623,#7624,#7625,
#7626,#7627,#7628),.UNSPECIFIED.,.T.,.F.) B_SPLINE_CURVE_WITH_KNOTS((1,2
    ,2,2,2,1),(-2.094395102393,0.,2.094395102393,4.188790204786,
6.28318530718,8.377580409573),.UNSPECIFIED.) CURVE() 
GEOMETRIC_REPRESENTATION_ITEM() RATIONAL_B_SPLINE_CURVE((1.,0.5,1.,0.5,
1.,0.5,1.)) REPRESENTATION_ITEM('') );
#7622 = CARTESIAN_POINT('',(5.75,-0.175));
#7623 = CARTESIAN_POINT('',(5.75,-10.13429214352));
#7624 = CARTESIAN_POINT('',(-2.875,-5.154646071761));
#7625 = CARTESIAN_POINT('',(-11.5,-0.175));
#7626 = CARTESIAN_POINT('',(-2.875,4.804646071761));
#7627 = CARTESIAN_POINT('',(5.75,9.784292143521));
#7628 = CARTESIAN_POINT('',(5.75,-0.175));
#7629 = ( GEOMETRIC_REPRESENTATION_CONTEXT(2) 
PARAMETRIC_REPRESENTATION_CONTEXT() REPRESENTATION_CONTEXT('2D SPACE',''
  ) );
#7630 = PCURVE('',#6201,#7631);
#7631 = DEFINITIONAL_REPRESENTATION('',(#7632),#7636);
#7632 = LINE('',#7633,#7634);
#7633 = CARTESIAN_POINT('',(-6.28318530718,-1.));
#7634 = VECTOR('',#7635,1.);
#7635 = DIRECTION('',(1.,-0.));
#7636 = ( GEOMETRIC_REPRESENTATION_CONTEXT(2) 
PARAMETRIC_REPRESENTATION_CONTEXT() REPRESENTATION_CONTEXT('2D SPACE',''
  ) );
#7637 = ORIENTED_EDGE('',*,*,#6259,.T.);
#7638 = ORIENTED_EDGE('',*,*,#7356,.T.);
#7639 = ORIENTED_EDGE('',*,*,#5954,.T.);
#7640 = ADVANCED_FACE('',(#7641),#6201,.F.);
#7641 = FACE_BOUND('',#7642,.T.);
#7642 = EDGE_LOOP('',(#7643,#7644,#7666,#7667));
#7643 = ORIENTED_EDGE('',*,*,#6238,.F.);
#7644 = ORIENTED_EDGE('',*,*,#7645,.T.);
#7645 = EDGE_CURVE('',#6213,#6187,#7646,.T.);
#7646 = SURFACE_CURVE('',#7647,(#7652,#7659),.PCURVE_S1.);
#7647 = CIRCLE('',#7648,5.75);
#7648 = AXIS2_PLACEMENT_3D('',#7649,#7650,#7651);
#7649 = CARTESIAN_POINT('',(0.,13.5,0.3));
#7650 = DIRECTION('',(0.,0.,1.));
#7651 = DIRECTION('',(1.,0.,0.));
#7652 = PCURVE('',#6201,#7653);
#7653 = DEFINITIONAL_REPRESENTATION('',(#7654),#7658);
#7654 = LINE('',#7655,#7656);
#7655 = CARTESIAN_POINT('',(-0.,-1.3));
#7656 = VECTOR('',#7657,1.);
#7657 = DIRECTION('',(-1.,0.));
#7658 = ( GEOMETRIC_REPRESENTATION_CONTEXT(2) 
PARAMETRIC_REPRESENTATION_CONTEXT() REPRESENTATION_CONTEXT('2D SPACE',''
  ) );
#7659 = PCURVE('',#6227,#7660);
#7660 = DEFINITIONAL_REPRESENTATION('',(#7661),#7665);
#7661 = CIRCLE('',#7662,5.75);
#7662 = AXIS2_PLACEMENT_2D('',#7663,#7664);
#7663 = CARTESIAN_POINT('',(3.567235128364E-16,0.));
#7664 = DIRECTION('',(1.,0.));
#7665 = ( GEOMETRIC_REPRESENTATION_CONTEXT(2) 
PARAMETRIC_REPRESENTATION_CONTEXT() REPRESENTATION_CONTEXT('2D SPACE',''
  ) );
#7666 = ORIENTED_EDGE('',*,*,#6186,.T.);
#7667 = ORIENTED_EDGE('',*,*,#7612,.T.);
#7668 = ADVANCED_FACE('',(#7669),#6227,.F.);
#7669 = FACE_BOUND('',#7670,.F.);
#7670 = EDGE_LOOP('',(#7671,#7672));
#7671 = ORIENTED_EDGE('',*,*,#6212,.F.);
#7672 = ORIENTED_EDGE('',*,*,#7645,.T.);
#7673 = ADVANCED_FACE('',(#7674,#7677),#6381,.F.);
#7674 = FACE_BOUND('',#7675,.F.);
#7675 = EDGE_LOOP('',(#7676));
#7676 = ORIENTED_EDGE('',*,*,#6366,.T.);
#7677 = FACE_BOUND('',#7678,.F.);
#7678 = EDGE_LOOP('',(#7679));
#7679 = ORIENTED_EDGE('',*,*,#7680,.F.);
#7680 = EDGE_CURVE('',#7681,#7681,#7683,.T.);
#7681 = VERTEX_POINT('',#7682);
#7682 = CARTESIAN_POINT('',(-11.025,13.5,0.55));
#7683 = SURFACE_CURVE('',#7684,(#7689,#7696),.PCURVE_S1.);
#7684 = CIRCLE('',#7685,3.725);
#7685 = AXIS2_PLACEMENT_3D('',#7686,#7687,#7688);
#7686 = CARTESIAN_POINT('',(-14.75,13.5,0.55));
#7687 = DIRECTION('',(0.,0.,1.));
#7688 = DIRECTION('',(1.,0.,-0.));
#7689 = PCURVE('',#6381,#7690);
#7690 = DEFINITIONAL_REPRESENTATION('',(#7691),#7695);
#7691 = CIRCLE('',#7692,3.725);
#7692 = AXIS2_PLACEMENT_2D('',#7693,#7694);
#7693 = CARTESIAN_POINT('',(0.,0.));
#7694 = DIRECTION('',(1.,0.));
#7695 = ( GEOMETRIC_REPRESENTATION_CONTEXT(2) 
PARAMETRIC_REPRESENTATION_CONTEXT() REPRESENTATION_CONTEXT('2D SPACE',''
  ) );
#7696 = PCURVE('',#7697,#7702);
#7697 = CONICAL_SURFACE('',#7698,3.775,0.785398163397);
#7698 = AXIS2_PLACEMENT_3D('',#7699,#7700,#7701);
#7699 = CARTESIAN_POINT('',(-14.75,13.5,0.5));
#7700 = DIRECTION('',(-0.,-0.,-1.));
#7701 = DIRECTION('',(1.,0.,-0.));
#7702 = DEFINITIONAL_REPRESENTATION('',(#7703),#7707);
#7703 = LINE('',#7704,#7705);
#7704 = CARTESIAN_POINT('',(-0.,-5.E-02));
#7705 = VECTOR('',#7706,1.);
#7706 = DIRECTION('',(-1.,-0.));
#7707 = ( GEOMETRIC_REPRESENTATION_CONTEXT(2) 
PARAMETRIC_REPRESENTATION_CONTEXT() REPRESENTATION_CONTEXT('2D SPACE',''
  ) );
#7708 = ADVANCED_FACE('',(#7709,#7712),#6470,.T.);
#7709 = FACE_BOUND('',#7710,.T.);
#7710 = EDGE_LOOP('',(#7711));
#7711 = ORIENTED_EDGE('',*,*,#6455,.T.);
#7712 = FACE_BOUND('',#7713,.T.);
#7713 = EDGE_LOOP('',(#7714));
#7714 = ORIENTED_EDGE('',*,*,#7715,.T.);
#7715 = EDGE_CURVE('',#7716,#7716,#7718,.T.);
#7716 = VERTEX_POINT('',#7717);
#7717 = CARTESIAN_POINT('',(19.,13.5,13.5));
#7718 = SURFACE_CURVE('',#7719,(#7724,#7735),.PCURVE_S1.);
#7719 = CIRCLE('',#7720,4.25);
#7720 = AXIS2_PLACEMENT_3D('',#7721,#7722,#7723);
#7721 = CARTESIAN_POINT('',(14.75,13.5,13.5));
#7722 = DIRECTION('',(0.,0.,-1.));
#7723 = DIRECTION('',(1.,0.,0.));
#7724 = PCURVE('',#6470,#7725);
#7725 = DEFINITIONAL_REPRESENTATION('',(#7726),#7734);
#7726 = ( BOUNDED_CURVE() B_SPLINE_CURVE(2,(#7727,#7728,#7729,#7730,
#7731,#7732,#7733),.UNSPECIFIED.,.T.,.F.) B_SPLINE_CURVE_WITH_KNOTS((1,2
    ,2,2,2,1),(-2.094395102393,0.,2.094395102393,4.188790204786,
6.28318530718,8.377580409573),.UNSPECIFIED.) CURVE() 
GEOMETRIC_REPRESENTATION_ITEM() RATIONAL_B_SPLINE_CURVE((1.,0.5,1.,0.5,
1.,0.5,1.)) REPRESENTATION_ITEM('') );
#7727 = CARTESIAN_POINT('',(4.25,0.));
#7728 = CARTESIAN_POINT('',(4.25,-7.361215932168));
#7729 = CARTESIAN_POINT('',(-2.125,-3.680607966084));
#7730 = CARTESIAN_POINT('',(-8.5,-1.040949779275E-15));
#7731 = CARTESIAN_POINT('',(-2.125,3.680607966084));
#7732 = CARTESIAN_POINT('',(4.25,7.361215932168));
#7733 = CARTESIAN_POINT('',(4.25,0.));
#7734 = ( GEOMETRIC_REPRESENTATION_CONTEXT(2) 
PARAMETRIC_REPRESENTATION_CONTEXT() REPRESENTATION_CONTEXT('2D SPACE',''
  ) );
#7735 = PCURVE('',#7736,#7741);
#7736 = CYLINDRICAL_SURFACE('',#7737,4.25);
#7737 = AXIS2_PLACEMENT_3D('',#7738,#7739,#7740);
#7738 = CARTESIAN_POINT('',(14.75,13.5,13.));
#7739 = DIRECTION('',(-0.,-0.,-1.));
#7740 = DIRECTION('',(1.,0.,0.));
#7741 = DEFINITIONAL_REPRESENTATION('',(#7742),#7746);
#7742 = LINE('',#7743,#7744);
#7743 = CARTESIAN_POINT('',(-6.28318530718,-0.5));
#7744 = VECTOR('',#7745,1.);
#7745 = DIRECTION('',(1.,-0.));
#7746 = ( GEOMETRIC_REPRESENTATION_CONTEXT(2) 
PARAMETRIC_REPRESENTATION_CONTEXT() REPRESENTATION_CONTEXT('2D SPACE',''
  ) );
#7747 = ADVANCED_FACE('',(#7748,#7751),#6873,.T.);
#7748 = FACE_BOUND('',#7749,.T.);
#7749 = EDGE_LOOP('',(#7750));
#7750 = ORIENTED_EDGE('',*,*,#6858,.T.);
#7751 = FACE_BOUND('',#7752,.T.);
#7752 = EDGE_LOOP('',(#7753));
#7753 = ORIENTED_EDGE('',*,*,#7754,.T.);
#7754 = EDGE_CURVE('',#7755,#7755,#7757,.T.);
#7755 = VERTEX_POINT('',#7756);
#7756 = CARTESIAN_POINT('',(-10.5,13.5,13.5));
#7757 = SURFACE_CURVE('',#7758,(#7763,#7774),.PCURVE_S1.);
#7758 = CIRCLE('',#7759,4.25);
#7759 = AXIS2_PLACEMENT_3D('',#7760,#7761,#7762);
#7760 = CARTESIAN_POINT('',(-14.75,13.5,13.5));
#7761 = DIRECTION('',(0.,0.,-1.));
#7762 = DIRECTION('',(1.,0.,0.));
#7763 = PCURVE('',#6873,#7764);
#7764 = DEFINITIONAL_REPRESENTATION('',(#7765),#7773);
#7765 = ( BOUNDED_CURVE() B_SPLINE_CURVE(2,(#7766,#7767,#7768,#7769,
#7770,#7771,#7772),.UNSPECIFIED.,.T.,.F.) B_SPLINE_CURVE_WITH_KNOTS((1,2
    ,2,2,2,1),(-2.094395102393,0.,2.094395102393,4.188790204786,
6.28318530718,8.377580409573),.UNSPECIFIED.) CURVE() 
GEOMETRIC_REPRESENTATION_ITEM() RATIONAL_B_SPLINE_CURVE((1.,0.5,1.,0.5,
1.,0.5,1.)) REPRESENTATION_ITEM('') );
#7766 = CARTESIAN_POINT('',(4.25,0.));
#7767 = CARTESIAN_POINT('',(4.25,-7.361215932168));
#7768 = CARTESIAN_POINT('',(-2.125,-3.680607966084));
#7769 = CARTESIAN_POINT('',(-8.5,-1.040949779275E-15));
#7770 = CARTESIAN_POINT('',(-2.125,3.680607966084));
#7771 = CARTESIAN_POINT('',(4.25,7.361215932168));
#7772 = CARTESIAN_POINT('',(4.25,0.));
#7773 = ( GEOMETRIC_REPRESENTATION_CONTEXT(2) 
PARAMETRIC_REPRESENTATION_CONTEXT() REPRESENTATION_CONTEXT('2D SPACE',''
  ) );
#7774 = PCURVE('',#7775,#7780);
#7775 = CYLINDRICAL_SURFACE('',#7776,4.25);
#7776 = AXIS2_PLACEMENT_3D('',#7777,#7778,#7779);
#7777 = CARTESIAN_POINT('',(-14.75,13.5,13.));
#7778 = DIRECTION('',(-0.,-0.,-1.));
#7779 = DIRECTION('',(1.,0.,0.));
#7780 = DEFINITIONAL_REPRESENTATION('',(#7781),#7785);
#7781 = LINE('',#7782,#7783);
#7782 = CARTESIAN_POINT('',(-6.28318530718,-0.5));
#7783 = VECTOR('',#7784,1.);
#7784 = DIRECTION('',(1.,-0.));
#7785 = ( GEOMETRIC_REPRESENTATION_CONTEXT(2) 
PARAMETRIC_REPRESENTATION_CONTEXT() REPRESENTATION_CONTEXT('2D SPACE',''
  ) );
#7786 = ADVANCED_FACE('',(#7787),#6996,.F.);
#7787 = FACE_BOUND('',#7788,.T.);
#7788 = EDGE_LOOP('',(#7789,#7820,#7841,#7842));
#7789 = ORIENTED_EDGE('',*,*,#7790,.F.);
#7790 = EDGE_CURVE('',#7791,#7793,#7795,.T.);
#7791 = VERTEX_POINT('',#7792);
#7792 = CARTESIAN_POINT('',(-9.5,13.,16.));
#7793 = VERTEX_POINT('',#7794);
#7794 = CARTESIAN_POINT('',(-12.5,13.,16.));
#7795 = SURFACE_CURVE('',#7796,(#7801,#7808),.PCURVE_S1.);
#7796 = CIRCLE('',#7797,1.5);
#7797 = AXIS2_PLACEMENT_3D('',#7798,#7799,#7800);
#7798 = CARTESIAN_POINT('',(-11.,13.,16.));
#7799 = DIRECTION('',(-0.,1.,1.110223024625E-16));
#7800 = DIRECTION('',(1.,0.,0.));
#7801 = PCURVE('',#6996,#7802);
#7802 = DEFINITIONAL_REPRESENTATION('',(#7803),#7807);
#7803 = LINE('',#7804,#7805);
#7804 = CARTESIAN_POINT('',(-0.,0.));
#7805 = VECTOR('',#7806,1.);
#7806 = DIRECTION('',(-1.,0.));
#7807 = ( GEOMETRIC_REPRESENTATION_CONTEXT(2) 
PARAMETRIC_REPRESENTATION_CONTEXT() REPRESENTATION_CONTEXT('2D SPACE',''
  ) );
#7808 = PCURVE('',#7809,#7814);
#7809 = PLANE('',#7810);
#7810 = AXIS2_PLACEMENT_3D('',#7811,#7812,#7813);
#7811 = CARTESIAN_POINT('',(-11.,13.,16.));
#7812 = DIRECTION('',(0.,1.,1.110223024625E-16));
#7813 = DIRECTION('',(1.,0.,0.));
#7814 = DEFINITIONAL_REPRESENTATION('',(#7815),#7819);
#7815 = CIRCLE('',#7816,1.5);
#7816 = AXIS2_PLACEMENT_2D('',#7817,#7818);
#7817 = CARTESIAN_POINT('',(0.,0.));
#7818 = DIRECTION('',(1.,0.));
#7819 = ( GEOMETRIC_REPRESENTATION_CONTEXT(2) 
PARAMETRIC_REPRESENTATION_CONTEXT() REPRESENTATION_CONTEXT('2D SPACE',''
  ) );
#7820 = ORIENTED_EDGE('',*,*,#7821,.T.);
#7821 = EDGE_CURVE('',#7791,#6957,#7822,.T.);
#7822 = SURFACE_CURVE('',#7823,(#7827,#7834),.PCURVE_S1.);
#7823 = LINE('',#7824,#7825);
#7824 = CARTESIAN_POINT('',(-9.5,13.,16.));
#7825 = VECTOR('',#7826,1.);
#7826 = DIRECTION('',(0.,1.,1.110223024625E-16));
#7827 = PCURVE('',#6996,#7828);
#7828 = DEFINITIONAL_REPRESENTATION('',(#7829),#7833);
#7829 = LINE('',#7830,#7831);
#7830 = CARTESIAN_POINT('',(-0.,0.));
#7831 = VECTOR('',#7832,1.);
#7832 = DIRECTION('',(-0.,-1.));
#7833 = ( GEOMETRIC_REPRESENTATION_CONTEXT(2) 
PARAMETRIC_REPRESENTATION_CONTEXT() REPRESENTATION_CONTEXT('2D SPACE',''
  ) );
#7834 = PCURVE('',#7055,#7835);
#7835 = DEFINITIONAL_REPRESENTATION('',(#7836),#7840);
#7836 = LINE('',#7837,#7838);
#7837 = CARTESIAN_POINT('',(-6.28318530718,0.));
#7838 = VECTOR('',#7839,1.);
#7839 = DIRECTION('',(-0.,-1.));
#7840 = ( GEOMETRIC_REPRESENTATION_CONTEXT(2) 
PARAMETRIC_REPRESENTATION_CONTEXT() REPRESENTATION_CONTEXT('2D SPACE',''
  ) );
#7841 = ORIENTED_EDGE('',*,*,#6981,.T.);
#7842 = ORIENTED_EDGE('',*,*,#7843,.T.);
#7843 = EDGE_CURVE('',#2788,#7793,#7844,.T.);
#7844 = SURFACE_CURVE('',#7845,(#7849,#7855),.PCURVE_S1.);
#7845 = LINE('',#7846,#7847);
#7846 = CARTESIAN_POINT('',(-12.5,13.,16.));
#7847 = VECTOR('',#7848,1.);
#7848 = DIRECTION('',(-0.,-1.,-1.110223024625E-16));
#7849 = PCURVE('',#6996,#7850);
#7850 = DEFINITIONAL_REPRESENTATION('',(#7851),#7854);
#7851 = B_SPLINE_CURVE_WITH_KNOTS('',1,(#7852,#7853),.UNSPECIFIED.,.F.,
  .F.,(2,2),(-6.0000006,5.999999999062E-07),.PIECEWISE_BEZIER_KNOTS.);
#7852 = CARTESIAN_POINT('',(-3.14159265359,-6.0000006));
#7853 = CARTESIAN_POINT('',(-3.14159265359,5.999999999062E-07));
#7854 = ( GEOMETRIC_REPRESENTATION_CONTEXT(2) 
PARAMETRIC_REPRESENTATION_CONTEXT() REPRESENTATION_CONTEXT('2D SPACE',''
  ) );
#7855 = PCURVE('',#7055,#7856);
#7856 = DEFINITIONAL_REPRESENTATION('',(#7857),#7860);
#7857 = B_SPLINE_CURVE_WITH_KNOTS('',1,(#7858,#7859),.UNSPECIFIED.,.F.,
  .F.,(2,2),(-6.0000006,5.999999999062E-07),.PIECEWISE_BEZIER_KNOTS.);
#7858 = CARTESIAN_POINT('',(-3.14159265359,-6.0000006));
#7859 = CARTESIAN_POINT('',(-3.14159265359,5.999999999062E-07));
#7860 = ( GEOMETRIC_REPRESENTATION_CONTEXT(2) 
PARAMETRIC_REPRESENTATION_CONTEXT() REPRESENTATION_CONTEXT('2D SPACE',''
  ) );
#7861 = ADVANCED_FACE('',(#7862),#7055,.F.);
#7862 = FACE_BOUND('',#7863,.T.);
#7863 = EDGE_LOOP('',(#7864,#7865,#7887,#7888));
#7864 = ORIENTED_EDGE('',*,*,#7821,.F.);
#7865 = ORIENTED_EDGE('',*,*,#7866,.F.);
#7866 = EDGE_CURVE('',#7793,#7791,#7867,.T.);
#7867 = SURFACE_CURVE('',#7868,(#7873,#7880),.PCURVE_S1.);
#7868 = CIRCLE('',#7869,1.5);
#7869 = AXIS2_PLACEMENT_3D('',#7870,#7871,#7872);
#7870 = CARTESIAN_POINT('',(-11.,13.,16.));
#7871 = DIRECTION('',(-0.,1.,1.110223024625E-16));
#7872 = DIRECTION('',(1.,0.,0.));
#7873 = PCURVE('',#7055,#7874);
#7874 = DEFINITIONAL_REPRESENTATION('',(#7875),#7879);
#7875 = LINE('',#7876,#7877);
#7876 = CARTESIAN_POINT('',(-0.,0.));
#7877 = VECTOR('',#7878,1.);
#7878 = DIRECTION('',(-1.,0.));
#7879 = ( GEOMETRIC_REPRESENTATION_CONTEXT(2) 
PARAMETRIC_REPRESENTATION_CONTEXT() REPRESENTATION_CONTEXT('2D SPACE',''
  ) );
#7880 = PCURVE('',#7809,#7881);
#7881 = DEFINITIONAL_REPRESENTATION('',(#7882),#7886);
#7882 = CIRCLE('',#7883,1.5);
#7883 = AXIS2_PLACEMENT_2D('',#7884,#7885);
#7884 = CARTESIAN_POINT('',(0.,0.));
#7885 = DIRECTION('',(1.,0.));
#7886 = ( GEOMETRIC_REPRESENTATION_CONTEXT(2) 
PARAMETRIC_REPRESENTATION_CONTEXT() REPRESENTATION_CONTEXT('2D SPACE',''
  ) );
#7887 = ORIENTED_EDGE('',*,*,#7843,.F.);
#7888 = ORIENTED_EDGE('',*,*,#7040,.T.);
#7889 = ADVANCED_FACE('',(#7890),#7303,.F.);
#7890 = FACE_BOUND('',#7891,.T.);
#7891 = EDGE_LOOP('',(#7892,#7915,#7944,#7963));
#7892 = ORIENTED_EDGE('',*,*,#7893,.F.);
#7893 = EDGE_CURVE('',#7894,#3627,#7896,.T.);
#7894 = VERTEX_POINT('',#7895);
#7895 = CARTESIAN_POINT('',(12.5,13.,16.));
#7896 = SURFACE_CURVE('',#7897,(#7901,#7908),.PCURVE_S1.);
#7897 = LINE('',#7898,#7899);
#7898 = CARTESIAN_POINT('',(12.5,13.,16.));
#7899 = VECTOR('',#7900,1.);
#7900 = DIRECTION('',(0.,1.,1.110223024625E-16));
#7901 = PCURVE('',#7303,#7902);
#7902 = DEFINITIONAL_REPRESENTATION('',(#7903),#7907);
#7903 = LINE('',#7904,#7905);
#7904 = CARTESIAN_POINT('',(-6.28318530718,0.));
#7905 = VECTOR('',#7906,1.);
#7906 = DIRECTION('',(-0.,-1.));
#7907 = ( GEOMETRIC_REPRESENTATION_CONTEXT(2) 
PARAMETRIC_REPRESENTATION_CONTEXT() REPRESENTATION_CONTEXT('2D SPACE',''
  ) );
#7908 = PCURVE('',#7338,#7909);
#7909 = DEFINITIONAL_REPRESENTATION('',(#7910),#7914);
#7910 = LINE('',#7911,#7912);
#7911 = CARTESIAN_POINT('',(-0.,0.));
#7912 = VECTOR('',#7913,1.);
#7913 = DIRECTION('',(-0.,-1.));
#7914 = ( GEOMETRIC_REPRESENTATION_CONTEXT(2) 
PARAMETRIC_REPRESENTATION_CONTEXT() REPRESENTATION_CONTEXT('2D SPACE',''
  ) );
#7915 = ORIENTED_EDGE('',*,*,#7916,.F.);
#7916 = EDGE_CURVE('',#7917,#7894,#7919,.T.);
#7917 = VERTEX_POINT('',#7918);
#7918 = CARTESIAN_POINT('',(9.5,13.,16.));
#7919 = SURFACE_CURVE('',#7920,(#7925,#7932),.PCURVE_S1.);
#7920 = CIRCLE('',#7921,1.5);
#7921 = AXIS2_PLACEMENT_3D('',#7922,#7923,#7924);
#7922 = CARTESIAN_POINT('',(11.,13.,16.));
#7923 = DIRECTION('',(-0.,1.,1.110223024625E-16));
#7924 = DIRECTION('',(1.,0.,0.));
#7925 = PCURVE('',#7303,#7926);
#7926 = DEFINITIONAL_REPRESENTATION('',(#7927),#7931);
#7927 = LINE('',#7928,#7929);
#7928 = CARTESIAN_POINT('',(-0.,0.));
#7929 = VECTOR('',#7930,1.);
#7930 = DIRECTION('',(-1.,0.));
#7931 = ( GEOMETRIC_REPRESENTATION_CONTEXT(2) 
PARAMETRIC_REPRESENTATION_CONTEXT() REPRESENTATION_CONTEXT('2D SPACE',''
  ) );
#7932 = PCURVE('',#7933,#7938);
#7933 = PLANE('',#7934);
#7934 = AXIS2_PLACEMENT_3D('',#7935,#7936,#7937);
#7935 = CARTESIAN_POINT('',(11.,13.,16.));
#7936 = DIRECTION('',(0.,1.,1.110223024625E-16));
#7937 = DIRECTION('',(1.,0.,0.));
#7938 = DEFINITIONAL_REPRESENTATION('',(#7939),#7943);
#7939 = CIRCLE('',#7940,1.5);
#7940 = AXIS2_PLACEMENT_2D('',#7941,#7942);
#7941 = CARTESIAN_POINT('',(0.,0.));
#7942 = DIRECTION('',(1.,0.));
#7943 = ( GEOMETRIC_REPRESENTATION_CONTEXT(2) 
PARAMETRIC_REPRESENTATION_CONTEXT() REPRESENTATION_CONTEXT('2D SPACE',''
  ) );
#7944 = ORIENTED_EDGE('',*,*,#7945,.F.);
#7945 = EDGE_CURVE('',#7241,#7917,#7946,.T.);
#7946 = SURFACE_CURVE('',#7947,(#7951,#7957),.PCURVE_S1.);
#7947 = LINE('',#7948,#7949);
#7948 = CARTESIAN_POINT('',(9.5,13.,16.));
#7949 = VECTOR('',#7950,1.);
#7950 = DIRECTION('',(-0.,-1.,-1.110223024625E-16));
#7951 = PCURVE('',#7303,#7952);
#7952 = DEFINITIONAL_REPRESENTATION('',(#7953),#7956);
#7953 = B_SPLINE_CURVE_WITH_KNOTS('',1,(#7954,#7955),.UNSPECIFIED.,.F.,
  .F.,(2,2),(-6.0000006,5.999999999062E-07),.PIECEWISE_BEZIER_KNOTS.);
#7954 = CARTESIAN_POINT('',(-3.14159265359,-6.0000006));
#7955 = CARTESIAN_POINT('',(-3.14159265359,5.999999999062E-07));
#7956 = ( GEOMETRIC_REPRESENTATION_CONTEXT(2) 
PARAMETRIC_REPRESENTATION_CONTEXT() REPRESENTATION_CONTEXT('2D SPACE',''
  ) );
#7957 = PCURVE('',#7338,#7958);
#7958 = DEFINITIONAL_REPRESENTATION('',(#7959),#7962);
#7959 = B_SPLINE_CURVE_WITH_KNOTS('',1,(#7960,#7961),.UNSPECIFIED.,.F.,
  .F.,(2,2),(-6.0000006,5.999999999062E-07),.PIECEWISE_BEZIER_KNOTS.);
#7960 = CARTESIAN_POINT('',(-3.14159265359,-6.0000006));
#7961 = CARTESIAN_POINT('',(-3.14159265359,5.999999999062E-07));
#7962 = ( GEOMETRIC_REPRESENTATION_CONTEXT(2) 
PARAMETRIC_REPRESENTATION_CONTEXT() REPRESENTATION_CONTEXT('2D SPACE',''
  ) );
#7963 = ORIENTED_EDGE('',*,*,#7288,.T.);
#7964 = ADVANCED_FACE('',(#7965),#7338,.F.);
#7965 = FACE_BOUND('',#7966,.T.);
#7966 = EDGE_LOOP('',(#7967,#7989,#7990,#7991));
#7967 = ORIENTED_EDGE('',*,*,#7968,.F.);
#7968 = EDGE_CURVE('',#7894,#7917,#7969,.T.);
#7969 = SURFACE_CURVE('',#7970,(#7975,#7982),.PCURVE_S1.);
#7970 = CIRCLE('',#7971,1.5);
#7971 = AXIS2_PLACEMENT_3D('',#7972,#7973,#7974);
#7972 = CARTESIAN_POINT('',(11.,13.,16.));
#7973 = DIRECTION('',(-0.,1.,1.110223024625E-16));
#7974 = DIRECTION('',(1.,0.,0.));
#7975 = PCURVE('',#7338,#7976);
#7976 = DEFINITIONAL_REPRESENTATION('',(#7977),#7981);
#7977 = LINE('',#7978,#7979);
#7978 = CARTESIAN_POINT('',(-0.,0.));
#7979 = VECTOR('',#7980,1.);
#7980 = DIRECTION('',(-1.,0.));
#7981 = ( GEOMETRIC_REPRESENTATION_CONTEXT(2) 
PARAMETRIC_REPRESENTATION_CONTEXT() REPRESENTATION_CONTEXT('2D SPACE',''
  ) );
#7982 = PCURVE('',#7933,#7983);
#7983 = DEFINITIONAL_REPRESENTATION('',(#7984),#7988);
#7984 = CIRCLE('',#7985,1.5);
#7985 = AXIS2_PLACEMENT_2D('',#7986,#7987);
#7986 = CARTESIAN_POINT('',(0.,0.));
#7987 = DIRECTION('',(1.,0.));
#7988 = ( GEOMETRIC_REPRESENTATION_CONTEXT(2) 
PARAMETRIC_REPRESENTATION_CONTEXT() REPRESENTATION_CONTEXT('2D SPACE',''
  ) );
#7989 = ORIENTED_EDGE('',*,*,#7893,.T.);
#7990 = ORIENTED_EDGE('',*,*,#7323,.T.);
#7991 = ORIENTED_EDGE('',*,*,#7945,.T.);
#7992 = ADVANCED_FACE('',(#7993,#7996),#7424,.F.);
#7993 = FACE_BOUND('',#7994,.F.);
#7994 = EDGE_LOOP('',(#7995));
#7995 = ORIENTED_EDGE('',*,*,#7409,.T.);
#7996 = FACE_BOUND('',#7997,.F.);
#7997 = EDGE_LOOP('',(#7998));
#7998 = ORIENTED_EDGE('',*,*,#7999,.F.);
#7999 = EDGE_CURVE('',#8000,#8000,#8002,.T.);
#8000 = VERTEX_POINT('',#8001);
#8001 = CARTESIAN_POINT('',(18.475,13.5,0.55));
#8002 = SURFACE_CURVE('',#8003,(#8008,#8015),.PCURVE_S1.);
#8003 = CIRCLE('',#8004,3.725);
#8004 = AXIS2_PLACEMENT_3D('',#8005,#8006,#8007);
#8005 = CARTESIAN_POINT('',(14.75,13.5,0.55));
#8006 = DIRECTION('',(0.,0.,1.));
#8007 = DIRECTION('',(1.,0.,-0.));
#8008 = PCURVE('',#7424,#8009);
#8009 = DEFINITIONAL_REPRESENTATION('',(#8010),#8014);
#8010 = CIRCLE('',#8011,3.725);
#8011 = AXIS2_PLACEMENT_2D('',#8012,#8013);
#8012 = CARTESIAN_POINT('',(0.,0.));
#8013 = DIRECTION('',(1.,0.));
#8014 = ( GEOMETRIC_REPRESENTATION_CONTEXT(2) 
PARAMETRIC_REPRESENTATION_CONTEXT() REPRESENTATION_CONTEXT('2D SPACE',''
  ) );
#8015 = PCURVE('',#8016,#8021);
#8016 = CONICAL_SURFACE('',#8017,3.775,0.785398163397);
#8017 = AXIS2_PLACEMENT_3D('',#8018,#8019,#8020);
#8018 = CARTESIAN_POINT('',(14.75,13.5,0.5));
#8019 = DIRECTION('',(-0.,-0.,-1.));
#8020 = DIRECTION('',(1.,0.,-0.));
#8021 = DEFINITIONAL_REPRESENTATION('',(#8022),#8026);
#8022 = LINE('',#8023,#8024);
#8023 = CARTESIAN_POINT('',(-0.,-5.E-02));
#8024 = VECTOR('',#8025,1.);
#8025 = DIRECTION('',(-1.,-0.));
#8026 = ( GEOMETRIC_REPRESENTATION_CONTEXT(2) 
PARAMETRIC_REPRESENTATION_CONTEXT() REPRESENTATION_CONTEXT('2D SPACE',''
  ) );
#8027 = ADVANCED_FACE('',(#8028),#7697,.F.);
#8028 = FACE_BOUND('',#8029,.F.);
#8029 = EDGE_LOOP('',(#8030,#8053,#8080,#8081));
#8030 = ORIENTED_EDGE('',*,*,#8031,.T.);
#8031 = EDGE_CURVE('',#7681,#8032,#8034,.T.);
#8032 = VERTEX_POINT('',#8033);
#8033 = CARTESIAN_POINT('',(-11.275,13.5,0.8));
#8034 = SEAM_CURVE('',#8035,(#8039,#8046),.PCURVE_S1.);
#8035 = LINE('',#8036,#8037);
#8036 = CARTESIAN_POINT('',(-10.975,13.5,0.5));
#8037 = VECTOR('',#8038,1.);
#8038 = DIRECTION('',(-0.707106781187,1.731912112471E-16,0.707106781187)
  );
#8039 = PCURVE('',#7697,#8040);
#8040 = DEFINITIONAL_REPRESENTATION('',(#8041),#8045);
#8041 = LINE('',#8042,#8043);
#8042 = CARTESIAN_POINT('',(-6.28318530718,0.));
#8043 = VECTOR('',#8044,1.);
#8044 = DIRECTION('',(-0.,-1.));
#8045 = ( GEOMETRIC_REPRESENTATION_CONTEXT(2) 
PARAMETRIC_REPRESENTATION_CONTEXT() REPRESENTATION_CONTEXT('2D SPACE',''
  ) );
#8046 = PCURVE('',#7697,#8047);
#8047 = DEFINITIONAL_REPRESENTATION('',(#8048),#8052);
#8048 = LINE('',#8049,#8050);
#8049 = CARTESIAN_POINT('',(0.,-0.));
#8050 = VECTOR('',#8051,1.);
#8051 = DIRECTION('',(-0.,-1.));
#8052 = ( GEOMETRIC_REPRESENTATION_CONTEXT(2) 
PARAMETRIC_REPRESENTATION_CONTEXT() REPRESENTATION_CONTEXT('2D SPACE',''
  ) );
#8053 = ORIENTED_EDGE('',*,*,#8054,.F.);
#8054 = EDGE_CURVE('',#8032,#8032,#8055,.T.);
#8055 = SURFACE_CURVE('',#8056,(#8061,#8068),.PCURVE_S1.);
#8056 = CIRCLE('',#8057,3.475);
#8057 = AXIS2_PLACEMENT_3D('',#8058,#8059,#8060);
#8058 = CARTESIAN_POINT('',(-14.75,13.5,0.8));
#8059 = DIRECTION('',(0.,0.,1.));
#8060 = DIRECTION('',(1.,0.,-0.));
#8061 = PCURVE('',#7697,#8062);
#8062 = DEFINITIONAL_REPRESENTATION('',(#8063),#8067);
#8063 = LINE('',#8064,#8065);
#8064 = CARTESIAN_POINT('',(-0.,-0.3));
#8065 = VECTOR('',#8066,1.);
#8066 = DIRECTION('',(-1.,-0.));
#8067 = ( GEOMETRIC_REPRESENTATION_CONTEXT(2) 
PARAMETRIC_REPRESENTATION_CONTEXT() REPRESENTATION_CONTEXT('2D SPACE',''
  ) );
#8068 = PCURVE('',#8069,#8074);
#8069 = CYLINDRICAL_SURFACE('',#8070,3.475);
#8070 = AXIS2_PLACEMENT_3D('',#8071,#8072,#8073);
#8071 = CARTESIAN_POINT('',(-14.75,13.5,-1.));
#8072 = DIRECTION('',(-0.,-0.,-1.));
#8073 = DIRECTION('',(1.,0.,0.));
#8074 = DEFINITIONAL_REPRESENTATION('',(#8075),#8079);
#8075 = LINE('',#8076,#8077);
#8076 = CARTESIAN_POINT('',(-0.,-1.8));
#8077 = VECTOR('',#8078,1.);
#8078 = DIRECTION('',(-1.,0.));
#8079 = ( GEOMETRIC_REPRESENTATION_CONTEXT(2) 
PARAMETRIC_REPRESENTATION_CONTEXT() REPRESENTATION_CONTEXT('2D SPACE',''
  ) );
#8080 = ORIENTED_EDGE('',*,*,#8031,.F.);
#8081 = ORIENTED_EDGE('',*,*,#7680,.T.);
#8082 = ADVANCED_FACE('',(#8083),#7736,.F.);
#8083 = FACE_BOUND('',#8084,.T.);
#8084 = EDGE_LOOP('',(#8085,#8114,#8135,#8136));
#8085 = ORIENTED_EDGE('',*,*,#8086,.F.);
#8086 = EDGE_CURVE('',#8087,#8087,#8089,.T.);
#8087 = VERTEX_POINT('',#8088);
#8088 = CARTESIAN_POINT('',(19.,13.5,13.));
#8089 = SURFACE_CURVE('',#8090,(#8095,#8102),.PCURVE_S1.);
#8090 = CIRCLE('',#8091,4.25);
#8091 = AXIS2_PLACEMENT_3D('',#8092,#8093,#8094);
#8092 = CARTESIAN_POINT('',(14.75,13.5,13.));
#8093 = DIRECTION('',(0.,0.,1.));
#8094 = DIRECTION('',(1.,0.,0.));
#8095 = PCURVE('',#7736,#8096);
#8096 = DEFINITIONAL_REPRESENTATION('',(#8097),#8101);
#8097 = LINE('',#8098,#8099);
#8098 = CARTESIAN_POINT('',(-0.,0.));
#8099 = VECTOR('',#8100,1.);
#8100 = DIRECTION('',(-1.,0.));
#8101 = ( GEOMETRIC_REPRESENTATION_CONTEXT(2) 
PARAMETRIC_REPRESENTATION_CONTEXT() REPRESENTATION_CONTEXT('2D SPACE',''
  ) );
#8102 = PCURVE('',#8103,#8108);
#8103 = PLANE('',#8104);
#8104 = AXIS2_PLACEMENT_3D('',#8105,#8106,#8107);
#8105 = CARTESIAN_POINT('',(14.75,13.5,13.));
#8106 = DIRECTION('',(0.,0.,1.));
#8107 = DIRECTION('',(1.,0.,-0.));
#8108 = DEFINITIONAL_REPRESENTATION('',(#8109),#8113);
#8109 = CIRCLE('',#8110,4.25);
#8110 = AXIS2_PLACEMENT_2D('',#8111,#8112);
#8111 = CARTESIAN_POINT('',(0.,0.));
#8112 = DIRECTION('',(1.,0.));
#8113 = ( GEOMETRIC_REPRESENTATION_CONTEXT(2) 
PARAMETRIC_REPRESENTATION_CONTEXT() REPRESENTATION_CONTEXT('2D SPACE',''
  ) );
#8114 = ORIENTED_EDGE('',*,*,#8115,.T.);
#8115 = EDGE_CURVE('',#8087,#7716,#8116,.T.);
#8116 = SEAM_CURVE('',#8117,(#8121,#8128),.PCURVE_S1.);
#8117 = LINE('',#8118,#8119);
#8118 = CARTESIAN_POINT('',(19.,13.5,13.));
#8119 = VECTOR('',#8120,1.);
#8120 = DIRECTION('',(0.,0.,1.));
#8121 = PCURVE('',#7736,#8122);
#8122 = DEFINITIONAL_REPRESENTATION('',(#8123),#8127);
#8123 = LINE('',#8124,#8125);
#8124 = CARTESIAN_POINT('',(-6.28318530718,0.));
#8125 = VECTOR('',#8126,1.);
#8126 = DIRECTION('',(-0.,-1.));
#8127 = ( GEOMETRIC_REPRESENTATION_CONTEXT(2) 
PARAMETRIC_REPRESENTATION_CONTEXT() REPRESENTATION_CONTEXT('2D SPACE',''
  ) );
#8128 = PCURVE('',#7736,#8129);
#8129 = DEFINITIONAL_REPRESENTATION('',(#8130),#8134);
#8130 = LINE('',#8131,#8132);
#8131 = CARTESIAN_POINT('',(-0.,0.));
#8132 = VECTOR('',#8133,1.);
#8133 = DIRECTION('',(-0.,-1.));
#8134 = ( GEOMETRIC_REPRESENTATION_CONTEXT(2) 
PARAMETRIC_REPRESENTATION_CONTEXT() REPRESENTATION_CONTEXT('2D SPACE',''
  ) );
#8135 = ORIENTED_EDGE('',*,*,#7715,.F.);
#8136 = ORIENTED_EDGE('',*,*,#8115,.F.);
#8137 = ADVANCED_FACE('',(#8138),#7775,.F.);
#8138 = FACE_BOUND('',#8139,.T.);
#8139 = EDGE_LOOP('',(#8140,#8169,#8190,#8191));
#8140 = ORIENTED_EDGE('',*,*,#8141,.F.);
#8141 = EDGE_CURVE('',#8142,#8142,#8144,.T.);
#8142 = VERTEX_POINT('',#8143);
#8143 = CARTESIAN_POINT('',(-10.5,13.5,13.));
#8144 = SURFACE_CURVE('',#8145,(#8150,#8157),.PCURVE_S1.);
#8145 = CIRCLE('',#8146,4.25);
#8146 = AXIS2_PLACEMENT_3D('',#8147,#8148,#8149);
#8147 = CARTESIAN_POINT('',(-14.75,13.5,13.));
#8148 = DIRECTION('',(0.,0.,1.));
#8149 = DIRECTION('',(1.,0.,0.));
#8150 = PCURVE('',#7775,#8151);
#8151 = DEFINITIONAL_REPRESENTATION('',(#8152),#8156);
#8152 = LINE('',#8153,#8154);
#8153 = CARTESIAN_POINT('',(-0.,0.));
#8154 = VECTOR('',#8155,1.);
#8155 = DIRECTION('',(-1.,0.));
#8156 = ( GEOMETRIC_REPRESENTATION_CONTEXT(2) 
PARAMETRIC_REPRESENTATION_CONTEXT() REPRESENTATION_CONTEXT('2D SPACE',''
  ) );
#8157 = PCURVE('',#8158,#8163);
#8158 = PLANE('',#8159);
#8159 = AXIS2_PLACEMENT_3D('',#8160,#8161,#8162);
#8160 = CARTESIAN_POINT('',(-14.75,13.5,13.));
#8161 = DIRECTION('',(0.,0.,1.));
#8162 = DIRECTION('',(1.,0.,-0.));
#8163 = DEFINITIONAL_REPRESENTATION('',(#8164),#8168);
#8164 = CIRCLE('',#8165,4.25);
#8165 = AXIS2_PLACEMENT_2D('',#8166,#8167);
#8166 = CARTESIAN_POINT('',(0.,0.));
#8167 = DIRECTION('',(1.,0.));
#8168 = ( GEOMETRIC_REPRESENTATION_CONTEXT(2) 
PARAMETRIC_REPRESENTATION_CONTEXT() REPRESENTATION_CONTEXT('2D SPACE',''
  ) );
#8169 = ORIENTED_EDGE('',*,*,#8170,.T.);
#8170 = EDGE_CURVE('',#8142,#7755,#8171,.T.);
#8171 = SEAM_CURVE('',#8172,(#8176,#8183),.PCURVE_S1.);
#8172 = LINE('',#8173,#8174);
#8173 = CARTESIAN_POINT('',(-10.5,13.5,13.));
#8174 = VECTOR('',#8175,1.);
#8175 = DIRECTION('',(0.,0.,1.));
#8176 = PCURVE('',#7775,#8177);
#8177 = DEFINITIONAL_REPRESENTATION('',(#8178),#8182);
#8178 = LINE('',#8179,#8180);
#8179 = CARTESIAN_POINT('',(-6.28318530718,0.));
#8180 = VECTOR('',#8181,1.);
#8181 = DIRECTION('',(-0.,-1.));
#8182 = ( GEOMETRIC_REPRESENTATION_CONTEXT(2) 
PARAMETRIC_REPRESENTATION_CONTEXT() REPRESENTATION_CONTEXT('2D SPACE',''
  ) );
#8183 = PCURVE('',#7775,#8184);
#8184 = DEFINITIONAL_REPRESENTATION('',(#8185),#8189);
#8185 = LINE('',#8186,#8187);
#8186 = CARTESIAN_POINT('',(-0.,0.));
#8187 = VECTOR('',#8188,1.);
#8188 = DIRECTION('',(-0.,-1.));
#8189 = ( GEOMETRIC_REPRESENTATION_CONTEXT(2) 
PARAMETRIC_REPRESENTATION_CONTEXT() REPRESENTATION_CONTEXT('2D SPACE',''
  ) );
#8190 = ORIENTED_EDGE('',*,*,#7754,.F.);
#8191 = ORIENTED_EDGE('',*,*,#8170,.F.);
#8192 = ADVANCED_FACE('',(#8193),#7809,.T.);
#8193 = FACE_BOUND('',#8194,.T.);
#8194 = EDGE_LOOP('',(#8195,#8196));
#8195 = ORIENTED_EDGE('',*,*,#7790,.T.);
#8196 = ORIENTED_EDGE('',*,*,#7866,.T.);
#8197 = ADVANCED_FACE('',(#8198),#7933,.T.);
#8198 = FACE_BOUND('',#8199,.T.);
#8199 = EDGE_LOOP('',(#8200,#8201));
#8200 = ORIENTED_EDGE('',*,*,#7968,.T.);
#8201 = ORIENTED_EDGE('',*,*,#7916,.T.);
#8202 = ADVANCED_FACE('',(#8203),#8016,.F.);
#8203 = FACE_BOUND('',#8204,.F.);
#8204 = EDGE_LOOP('',(#8205,#8228,#8255,#8256));
#8205 = ORIENTED_EDGE('',*,*,#8206,.T.);
#8206 = EDGE_CURVE('',#8000,#8207,#8209,.T.);
#8207 = VERTEX_POINT('',#8208);
#8208 = CARTESIAN_POINT('',(18.225,13.5,0.8));
#8209 = SEAM_CURVE('',#8210,(#8214,#8221),.PCURVE_S1.);
#8210 = LINE('',#8211,#8212);
#8211 = CARTESIAN_POINT('',(18.525,13.5,0.5));
#8212 = VECTOR('',#8213,1.);
#8213 = DIRECTION('',(-0.707106781187,1.731912112471E-16,0.707106781187)
  );
#8214 = PCURVE('',#8016,#8215);
#8215 = DEFINITIONAL_REPRESENTATION('',(#8216),#8220);
#8216 = LINE('',#8217,#8218);
#8217 = CARTESIAN_POINT('',(-6.28318530718,0.));
#8218 = VECTOR('',#8219,1.);
#8219 = DIRECTION('',(-0.,-1.));
#8220 = ( GEOMETRIC_REPRESENTATION_CONTEXT(2) 
PARAMETRIC_REPRESENTATION_CONTEXT() REPRESENTATION_CONTEXT('2D SPACE',''
  ) );
#8221 = PCURVE('',#8016,#8222);
#8222 = DEFINITIONAL_REPRESENTATION('',(#8223),#8227);
#8223 = LINE('',#8224,#8225);
#8224 = CARTESIAN_POINT('',(0.,-0.));
#8225 = VECTOR('',#8226,1.);
#8226 = DIRECTION('',(-0.,-1.));
#8227 = ( GEOMETRIC_REPRESENTATION_CONTEXT(2) 
PARAMETRIC_REPRESENTATION_CONTEXT() REPRESENTATION_CONTEXT('2D SPACE',''
  ) );
#8228 = ORIENTED_EDGE('',*,*,#8229,.F.);
#8229 = EDGE_CURVE('',#8207,#8207,#8230,.T.);
#8230 = SURFACE_CURVE('',#8231,(#8236,#8243),.PCURVE_S1.);
#8231 = CIRCLE('',#8232,3.475);
#8232 = AXIS2_PLACEMENT_3D('',#8233,#8234,#8235);
#8233 = CARTESIAN_POINT('',(14.75,13.5,0.8));
#8234 = DIRECTION('',(0.,0.,1.));
#8235 = DIRECTION('',(1.,0.,-0.));
#8236 = PCURVE('',#8016,#8237);
#8237 = DEFINITIONAL_REPRESENTATION('',(#8238),#8242);
#8238 = LINE('',#8239,#8240);
#8239 = CARTESIAN_POINT('',(-0.,-0.3));
#8240 = VECTOR('',#8241,1.);
#8241 = DIRECTION('',(-1.,-0.));
#8242 = ( GEOMETRIC_REPRESENTATION_CONTEXT(2) 
PARAMETRIC_REPRESENTATION_CONTEXT() REPRESENTATION_CONTEXT('2D SPACE',''
  ) );
#8243 = PCURVE('',#8244,#8249);
#8244 = CYLINDRICAL_SURFACE('',#8245,3.475);
#8245 = AXIS2_PLACEMENT_3D('',#8246,#8247,#8248);
#8246 = CARTESIAN_POINT('',(14.75,13.5,-1.));
#8247 = DIRECTION('',(-0.,-0.,-1.));
#8248 = DIRECTION('',(1.,0.,0.));
#8249 = DEFINITIONAL_REPRESENTATION('',(#8250),#8254);
#8250 = LINE('',#8251,#8252);
#8251 = CARTESIAN_POINT('',(-0.,-1.8));
#8252 = VECTOR('',#8253,1.);
#8253 = DIRECTION('',(-1.,0.));
#8254 = ( GEOMETRIC_REPRESENTATION_CONTEXT(2) 
PARAMETRIC_REPRESENTATION_CONTEXT() REPRESENTATION_CONTEXT('2D SPACE',''
  ) );
#8255 = ORIENTED_EDGE('',*,*,#8206,.F.);
#8256 = ORIENTED_EDGE('',*,*,#7999,.T.);
#8257 = ADVANCED_FACE('',(#8258,#8312),#8069,.F.);
#8258 = FACE_BOUND('',#8259,.T.);
#8259 = EDGE_LOOP('',(#8260,#8283,#8284,#8285));
#8260 = ORIENTED_EDGE('',*,*,#8261,.F.);
#8261 = EDGE_CURVE('',#8032,#8262,#8264,.T.);
#8262 = VERTEX_POINT('',#8263);
#8263 = CARTESIAN_POINT('',(-11.275,13.5,12.7));
#8264 = SEAM_CURVE('',#8265,(#8269,#8276),.PCURVE_S1.);
#8265 = LINE('',#8266,#8267);
#8266 = CARTESIAN_POINT('',(-11.275,13.5,-1.));
#8267 = VECTOR('',#8268,1.);
#8268 = DIRECTION('',(0.,0.,1.));
#8269 = PCURVE('',#8069,#8270);
#8270 = DEFINITIONAL_REPRESENTATION('',(#8271),#8275);
#8271 = LINE('',#8272,#8273);
#8272 = CARTESIAN_POINT('',(-6.28318530718,0.));
#8273 = VECTOR('',#8274,1.);
#8274 = DIRECTION('',(-0.,-1.));
#8275 = ( GEOMETRIC_REPRESENTATION_CONTEXT(2) 
PARAMETRIC_REPRESENTATION_CONTEXT() REPRESENTATION_CONTEXT('2D SPACE',''
  ) );
#8276 = PCURVE('',#8069,#8277);
#8277 = DEFINITIONAL_REPRESENTATION('',(#8278),#8282);
#8278 = LINE('',#8279,#8280);
#8279 = CARTESIAN_POINT('',(-0.,0.));
#8280 = VECTOR('',#8281,1.);
#8281 = DIRECTION('',(-0.,-1.));
#8282 = ( GEOMETRIC_REPRESENTATION_CONTEXT(2) 
PARAMETRIC_REPRESENTATION_CONTEXT() REPRESENTATION_CONTEXT('2D SPACE',''
  ) );
#8283 = ORIENTED_EDGE('',*,*,#8054,.F.);
#8284 = ORIENTED_EDGE('',*,*,#8261,.T.);
#8285 = ORIENTED_EDGE('',*,*,#8286,.F.);
#8286 = EDGE_CURVE('',#8262,#8262,#8287,.T.);
#8287 = SURFACE_CURVE('',#8288,(#8293,#8300),.PCURVE_S1.);
#8288 = CIRCLE('',#8289,3.475);
#8289 = AXIS2_PLACEMENT_3D('',#8290,#8291,#8292);
#8290 = CARTESIAN_POINT('',(-14.75,13.5,12.7));
#8291 = DIRECTION('',(0.,-1.224646799147E-16,-1.));
#8292 = DIRECTION('',(1.,0.,0.));
#8293 = PCURVE('',#8069,#8294);
#8294 = DEFINITIONAL_REPRESENTATION('',(#8295),#8299);
#8295 = LINE('',#8296,#8297);
#8296 = CARTESIAN_POINT('',(-6.28318530718,-13.7));
#8297 = VECTOR('',#8298,1.);
#8298 = DIRECTION('',(1.,-0.));
#8299 = ( GEOMETRIC_REPRESENTATION_CONTEXT(2) 
PARAMETRIC_REPRESENTATION_CONTEXT() REPRESENTATION_CONTEXT('2D SPACE',''
  ) );
#8300 = PCURVE('',#8301,#8306);
#8301 = CONICAL_SURFACE('',#8302,3.775,0.785398163397);
#8302 = AXIS2_PLACEMENT_3D('',#8303,#8304,#8305);
#8303 = CARTESIAN_POINT('',(-14.75,13.5,13.));
#8304 = DIRECTION('',(-0.,1.224646799147E-16,1.));
#8305 = DIRECTION('',(1.,0.,0.));
#8306 = DEFINITIONAL_REPRESENTATION('',(#8307),#8311);
#8307 = LINE('',#8308,#8309);
#8308 = CARTESIAN_POINT('',(-0.,-0.3));
#8309 = VECTOR('',#8310,1.);
#8310 = DIRECTION('',(-1.,-0.));
#8311 = ( GEOMETRIC_REPRESENTATION_CONTEXT(2) 
PARAMETRIC_REPRESENTATION_CONTEXT() REPRESENTATION_CONTEXT('2D SPACE',''
  ) );
#8312 = FACE_BOUND('',#8313,.T.);
#8313 = EDGE_LOOP('',(#8314,#8349,#8375,#8408));
#8314 = ORIENTED_EDGE('',*,*,#8315,.T.);
#8315 = EDGE_CURVE('',#8316,#8318,#8320,.T.);
#8316 = VERTEX_POINT('',#8317);
#8317 = CARTESIAN_POINT('',(-12.23690927342,11.1,7.25));
#8318 = VERTEX_POINT('',#8319);
#8319 = CARTESIAN_POINT('',(-13.,10.497813296945,7.25));
#8320 = SURFACE_CURVE('',#8321,(#8326,#8333),.PCURVE_S1.);
#8321 = CIRCLE('',#8322,3.475);
#8322 = AXIS2_PLACEMENT_3D('',#8323,#8324,#8325);
#8323 = CARTESIAN_POINT('',(-14.75,13.5,7.25));
#8324 = DIRECTION('',(0.,0.,-1.));
#8325 = DIRECTION('',(1.,0.,0.));
#8326 = PCURVE('',#8069,#8327);
#8327 = DEFINITIONAL_REPRESENTATION('',(#8328),#8332);
#8328 = LINE('',#8329,#8330);
#8329 = CARTESIAN_POINT('',(-6.28318530718,-8.25));
#8330 = VECTOR('',#8331,1.);
#8331 = DIRECTION('',(1.,-0.));
#8332 = ( GEOMETRIC_REPRESENTATION_CONTEXT(2) 
PARAMETRIC_REPRESENTATION_CONTEXT() REPRESENTATION_CONTEXT('2D SPACE',''
  ) );
#8333 = PCURVE('',#8334,#8339);
#8334 = PLANE('',#8335);
#8335 = AXIS2_PLACEMENT_3D('',#8336,#8337,#8338);
#8336 = CARTESIAN_POINT('',(-13.,6.6,7.25));
#8337 = DIRECTION('',(0.,0.,1.));
#8338 = DIRECTION('',(1.,0.,0.));
#8339 = DEFINITIONAL_REPRESENTATION('',(#8340),#8348);
#8340 = ( BOUNDED_CURVE() B_SPLINE_CURVE(2,(#8341,#8342,#8343,#8344,
#8345,#8346,#8347),.UNSPECIFIED.,.T.,.F.) B_SPLINE_CURVE_WITH_KNOTS((1,2
    ,2,2,2,1),(-2.094395102393,0.,2.094395102393,4.188790204786,
6.28318530718,8.377580409573),.UNSPECIFIED.) CURVE() 
GEOMETRIC_REPRESENTATION_ITEM() RATIONAL_B_SPLINE_CURVE((1.,0.5,1.,0.5,
1.,0.5,1.)) REPRESENTATION_ITEM('') );
#8341 = CARTESIAN_POINT('',(1.725,6.9));
#8342 = CARTESIAN_POINT('',(1.725,0.881123443698));
#8343 = CARTESIAN_POINT('',(-3.4875,3.890561721849));
#8344 = CARTESIAN_POINT('',(-8.7,6.9));
#8345 = CARTESIAN_POINT('',(-3.4875,9.909438278151));
#8346 = CARTESIAN_POINT('',(1.725,12.918876556302));
#8347 = CARTESIAN_POINT('',(1.725,6.9));
#8348 = ( GEOMETRIC_REPRESENTATION_CONTEXT(2) 
PARAMETRIC_REPRESENTATION_CONTEXT() REPRESENTATION_CONTEXT('2D SPACE',''
  ) );
#8349 = ORIENTED_EDGE('',*,*,#8350,.T.);
#8350 = EDGE_CURVE('',#8318,#8351,#8353,.T.);
#8351 = VERTEX_POINT('',#8352);
#8352 = CARTESIAN_POINT('',(-13.,10.497813296945,3.5));
#8353 = SURFACE_CURVE('',#8354,(#8358,#8364),.PCURVE_S1.);
#8354 = LINE('',#8355,#8356);
#8355 = CARTESIAN_POINT('',(-13.,10.497813296945,-1.));
#8356 = VECTOR('',#8357,1.);
#8357 = DIRECTION('',(-0.,-0.,-1.));
#8358 = PCURVE('',#8069,#8359);
#8359 = DEFINITIONAL_REPRESENTATION('',(#8360),#8363);
#8360 = B_SPLINE_CURVE_WITH_KNOTS('',1,(#8361,#8362),.UNSPECIFIED.,.F.,
  .F.,(2,2),(-8.625,-4.125),.PIECEWISE_BEZIER_KNOTS.);
#8361 = CARTESIAN_POINT('',(-5.240146359364,-8.625));
#8362 = CARTESIAN_POINT('',(-5.240146359364,-4.125));
#8363 = ( GEOMETRIC_REPRESENTATION_CONTEXT(2) 
PARAMETRIC_REPRESENTATION_CONTEXT() REPRESENTATION_CONTEXT('2D SPACE',''
  ) );
#8364 = PCURVE('',#8365,#8370);
#8365 = PLANE('',#8366);
#8366 = AXIS2_PLACEMENT_3D('',#8367,#8368,#8369);
#8367 = CARTESIAN_POINT('',(-13.,6.6,3.5));
#8368 = DIRECTION('',(1.,0.,0.));
#8369 = DIRECTION('',(0.,0.,1.));
#8370 = DEFINITIONAL_REPRESENTATION('',(#8371),#8374);
#8371 = B_SPLINE_CURVE_WITH_KNOTS('',1,(#8372,#8373),.UNSPECIFIED.,.F.,
  .F.,(2,2),(-8.625,-4.125),.PIECEWISE_BEZIER_KNOTS.);
#8372 = CARTESIAN_POINT('',(4.125,-3.897813296945));
#8373 = CARTESIAN_POINT('',(-0.375,-3.897813296945));
#8374 = ( GEOMETRIC_REPRESENTATION_CONTEXT(2) 
PARAMETRIC_REPRESENTATION_CONTEXT() REPRESENTATION_CONTEXT('2D SPACE',''
  ) );
#8375 = ORIENTED_EDGE('',*,*,#8376,.F.);
#8376 = EDGE_CURVE('',#8377,#8351,#8379,.T.);
#8377 = VERTEX_POINT('',#8378);
#8378 = CARTESIAN_POINT('',(-12.23690927342,11.1,3.5));
#8379 = SURFACE_CURVE('',#8380,(#8385,#8392),.PCURVE_S1.);
#8380 = CIRCLE('',#8381,3.475);
#8381 = AXIS2_PLACEMENT_3D('',#8382,#8383,#8384);
#8382 = CARTESIAN_POINT('',(-14.75,13.5,3.5));
#8383 = DIRECTION('',(0.,0.,-1.));
#8384 = DIRECTION('',(1.,0.,0.));
#8385 = PCURVE('',#8069,#8386);
#8386 = DEFINITIONAL_REPRESENTATION('',(#8387),#8391);
#8387 = LINE('',#8388,#8389);
#8388 = CARTESIAN_POINT('',(-6.28318530718,-4.5));
#8389 = VECTOR('',#8390,1.);
#8390 = DIRECTION('',(1.,-0.));
#8391 = ( GEOMETRIC_REPRESENTATION_CONTEXT(2) 
PARAMETRIC_REPRESENTATION_CONTEXT() REPRESENTATION_CONTEXT('2D SPACE',''
  ) );
#8392 = PCURVE('',#8393,#8398);
#8393 = PLANE('',#8394);
#8394 = AXIS2_PLACEMENT_3D('',#8395,#8396,#8397);
#8395 = CARTESIAN_POINT('',(-13.,6.6,3.5));
#8396 = DIRECTION('',(0.,0.,1.));
#8397 = DIRECTION('',(1.,0.,0.));
#8398 = DEFINITIONAL_REPRESENTATION('',(#8399),#8407);
#8399 = ( BOUNDED_CURVE() B_SPLINE_CURVE(2,(#8400,#8401,#8402,#8403,
#8404,#8405,#8406),.UNSPECIFIED.,.T.,.F.) B_SPLINE_CURVE_WITH_KNOTS((1,2
    ,2,2,2,1),(-2.094395102393,0.,2.094395102393,4.188790204786,
6.28318530718,8.377580409573),.UNSPECIFIED.) CURVE() 
GEOMETRIC_REPRESENTATION_ITEM() RATIONAL_B_SPLINE_CURVE((1.,0.5,1.,0.5,
1.,0.5,1.)) REPRESENTATION_ITEM('') );
#8400 = CARTESIAN_POINT('',(1.725,6.9));
#8401 = CARTESIAN_POINT('',(1.725,0.881123443698));
#8402 = CARTESIAN_POINT('',(-3.4875,3.890561721849));
#8403 = CARTESIAN_POINT('',(-8.7,6.9));
#8404 = CARTESIAN_POINT('',(-3.4875,9.909438278151));
#8405 = CARTESIAN_POINT('',(1.725,12.918876556302));
#8406 = CARTESIAN_POINT('',(1.725,6.9));
#8407 = ( GEOMETRIC_REPRESENTATION_CONTEXT(2) 
PARAMETRIC_REPRESENTATION_CONTEXT() REPRESENTATION_CONTEXT('2D SPACE',''
  ) );
#8408 = ORIENTED_EDGE('',*,*,#8409,.F.);
#8409 = EDGE_CURVE('',#8316,#8377,#8410,.T.);
#8410 = SURFACE_CURVE('',#8411,(#8415,#8421),.PCURVE_S1.);
#8411 = LINE('',#8412,#8413);
#8412 = CARTESIAN_POINT('',(-12.23690927342,11.1,-1.));
#8413 = VECTOR('',#8414,1.);
#8414 = DIRECTION('',(-0.,-0.,-1.));
#8415 = PCURVE('',#8069,#8416);
#8416 = DEFINITIONAL_REPRESENTATION('',(#8417),#8420);
#8417 = B_SPLINE_CURVE_WITH_KNOTS('',1,(#8418,#8419),.UNSPECIFIED.,.F.,
  .F.,(2,2),(-8.625,-4.125),.PIECEWISE_BEZIER_KNOTS.);
#8418 = CARTESIAN_POINT('',(-5.520801324855,-8.625));
#8419 = CARTESIAN_POINT('',(-5.520801324855,-4.125));
#8420 = ( GEOMETRIC_REPRESENTATION_CONTEXT(2) 
PARAMETRIC_REPRESENTATION_CONTEXT() REPRESENTATION_CONTEXT('2D SPACE',''
  ) );
#8421 = PCURVE('',#8422,#8427);
#8422 = PLANE('',#8423);
#8423 = AXIS2_PLACEMENT_3D('',#8424,#8425,#8426);
#8424 = CARTESIAN_POINT('',(-13.,11.1,3.5));
#8425 = DIRECTION('',(0.,1.,0.));
#8426 = DIRECTION('',(0.,0.,1.));
#8427 = DEFINITIONAL_REPRESENTATION('',(#8428),#8431);
#8428 = B_SPLINE_CURVE_WITH_KNOTS('',1,(#8429,#8430),.UNSPECIFIED.,.F.,
  .F.,(2,2),(-8.625,-4.125),.PIECEWISE_BEZIER_KNOTS.);
#8429 = CARTESIAN_POINT('',(4.125,0.763090726576));
#8430 = CARTESIAN_POINT('',(-0.375,0.763090726576));
#8431 = ( GEOMETRIC_REPRESENTATION_CONTEXT(2) 
PARAMETRIC_REPRESENTATION_CONTEXT() REPRESENTATION_CONTEXT('2D SPACE',''
  ) );
#8432 = ADVANCED_FACE('',(#8433,#8436),#8103,.T.);
#8433 = FACE_BOUND('',#8434,.T.);
#8434 = EDGE_LOOP('',(#8435));
#8435 = ORIENTED_EDGE('',*,*,#8086,.T.);
#8436 = FACE_BOUND('',#8437,.T.);
#8437 = EDGE_LOOP('',(#8438));
#8438 = ORIENTED_EDGE('',*,*,#8439,.T.);
#8439 = EDGE_CURVE('',#8440,#8440,#8442,.T.);
#8440 = VERTEX_POINT('',#8441);
#8441 = CARTESIAN_POINT('',(18.525,13.5,13.));
#8442 = SURFACE_CURVE('',#8443,(#8448,#8459),.PCURVE_S1.);
#8443 = CIRCLE('',#8444,3.775);
#8444 = AXIS2_PLACEMENT_3D('',#8445,#8446,#8447);
#8445 = CARTESIAN_POINT('',(14.75,13.5,13.));
#8446 = DIRECTION('',(0.,-1.224646799147E-16,-1.));
#8447 = DIRECTION('',(1.,0.,0.));
#8448 = PCURVE('',#8103,#8449);
#8449 = DEFINITIONAL_REPRESENTATION('',(#8450),#8458);
#8450 = ( BOUNDED_CURVE() B_SPLINE_CURVE(2,(#8451,#8452,#8453,#8454,
#8455,#8456,#8457),.UNSPECIFIED.,.T.,.F.) B_SPLINE_CURVE_WITH_KNOTS((1,2
    ,2,2,2,1),(-2.094395102393,0.,2.094395102393,4.188790204786,
6.28318530718,8.377580409573),.UNSPECIFIED.) CURVE() 
GEOMETRIC_REPRESENTATION_ITEM() RATIONAL_B_SPLINE_CURVE((1.,0.5,1.,0.5,
1.,0.5,1.)) REPRESENTATION_ITEM('') );
#8451 = CARTESIAN_POINT('',(3.775,0.));
#8452 = CARTESIAN_POINT('',(3.775,-6.538491798573));
#8453 = CARTESIAN_POINT('',(-1.8875,-3.269245899286));
#8454 = CARTESIAN_POINT('',(-7.55,-9.246083333563E-16));
#8455 = CARTESIAN_POINT('',(-1.8875,3.269245899286));
#8456 = CARTESIAN_POINT('',(3.775,6.538491798573));
#8457 = CARTESIAN_POINT('',(3.775,0.));
#8458 = ( GEOMETRIC_REPRESENTATION_CONTEXT(2) 
PARAMETRIC_REPRESENTATION_CONTEXT() REPRESENTATION_CONTEXT('2D SPACE',''
  ) );
#8459 = PCURVE('',#8460,#8465);
#8460 = CONICAL_SURFACE('',#8461,3.775,0.785398163397);
#8461 = AXIS2_PLACEMENT_3D('',#8462,#8463,#8464);
#8462 = CARTESIAN_POINT('',(14.75,13.5,13.));
#8463 = DIRECTION('',(-0.,1.224646799147E-16,1.));
#8464 = DIRECTION('',(1.,0.,0.));
#8465 = DEFINITIONAL_REPRESENTATION('',(#8466),#8470);
#8466 = LINE('',#8467,#8468);
#8467 = CARTESIAN_POINT('',(-0.,-0.));
#8468 = VECTOR('',#8469,1.);
#8469 = DIRECTION('',(-1.,-0.));
#8470 = ( GEOMETRIC_REPRESENTATION_CONTEXT(2) 
PARAMETRIC_REPRESENTATION_CONTEXT() REPRESENTATION_CONTEXT('2D SPACE',''
  ) );
#8471 = ADVANCED_FACE('',(#8472,#8475),#8158,.T.);
#8472 = FACE_BOUND('',#8473,.T.);
#8473 = EDGE_LOOP('',(#8474));
#8474 = ORIENTED_EDGE('',*,*,#8141,.T.);
#8475 = FACE_BOUND('',#8476,.T.);
#8476 = EDGE_LOOP('',(#8477));
#8477 = ORIENTED_EDGE('',*,*,#8478,.T.);
#8478 = EDGE_CURVE('',#8479,#8479,#8481,.T.);
#8479 = VERTEX_POINT('',#8480);
#8480 = CARTESIAN_POINT('',(-10.975,13.5,13.));
#8481 = SURFACE_CURVE('',#8482,(#8487,#8498),.PCURVE_S1.);
#8482 = CIRCLE('',#8483,3.775);
#8483 = AXIS2_PLACEMENT_3D('',#8484,#8485,#8486);
#8484 = CARTESIAN_POINT('',(-14.75,13.5,13.));
#8485 = DIRECTION('',(0.,-1.224646799147E-16,-1.));
#8486 = DIRECTION('',(1.,0.,0.));
#8487 = PCURVE('',#8158,#8488);
#8488 = DEFINITIONAL_REPRESENTATION('',(#8489),#8497);
#8489 = ( BOUNDED_CURVE() B_SPLINE_CURVE(2,(#8490,#8491,#8492,#8493,
#8494,#8495,#8496),.UNSPECIFIED.,.T.,.F.) B_SPLINE_CURVE_WITH_KNOTS((1,2
    ,2,2,2,1),(-2.094395102393,0.,2.094395102393,4.188790204786,
6.28318530718,8.377580409573),.UNSPECIFIED.) CURVE() 
GEOMETRIC_REPRESENTATION_ITEM() RATIONAL_B_SPLINE_CURVE((1.,0.5,1.,0.5,
1.,0.5,1.)) REPRESENTATION_ITEM('') );
#8490 = CARTESIAN_POINT('',(3.775,0.));
#8491 = CARTESIAN_POINT('',(3.775,-6.538491798573));
#8492 = CARTESIAN_POINT('',(-1.8875,-3.269245899286));
#8493 = CARTESIAN_POINT('',(-7.55,-9.246083333563E-16));
#8494 = CARTESIAN_POINT('',(-1.8875,3.269245899286));
#8495 = CARTESIAN_POINT('',(3.775,6.538491798573));
#8496 = CARTESIAN_POINT('',(3.775,0.));
#8497 = ( GEOMETRIC_REPRESENTATION_CONTEXT(2) 
PARAMETRIC_REPRESENTATION_CONTEXT() REPRESENTATION_CONTEXT('2D SPACE',''
  ) );
#8498 = PCURVE('',#8301,#8499);
#8499 = DEFINITIONAL_REPRESENTATION('',(#8500),#8504);
#8500 = LINE('',#8501,#8502);
#8501 = CARTESIAN_POINT('',(-0.,-0.));
#8502 = VECTOR('',#8503,1.);
#8503 = DIRECTION('',(-1.,-0.));
#8504 = ( GEOMETRIC_REPRESENTATION_CONTEXT(2) 
PARAMETRIC_REPRESENTATION_CONTEXT() REPRESENTATION_CONTEXT('2D SPACE',''
  ) );
#8505 = ADVANCED_FACE('',(#8506,#8555),#8244,.F.);
#8506 = FACE_BOUND('',#8507,.T.);
#8507 = EDGE_LOOP('',(#8508,#8531,#8532,#8533));
#8508 = ORIENTED_EDGE('',*,*,#8509,.F.);
#8509 = EDGE_CURVE('',#8207,#8510,#8512,.T.);
#8510 = VERTEX_POINT('',#8511);
#8511 = CARTESIAN_POINT('',(18.225,13.5,12.7));
#8512 = SEAM_CURVE('',#8513,(#8517,#8524),.PCURVE_S1.);
#8513 = LINE('',#8514,#8515);
#8514 = CARTESIAN_POINT('',(18.225,13.5,-1.));
#8515 = VECTOR('',#8516,1.);
#8516 = DIRECTION('',(0.,0.,1.));
#8517 = PCURVE('',#8244,#8518);
#8518 = DEFINITIONAL_REPRESENTATION('',(#8519),#8523);
#8519 = LINE('',#8520,#8521);
#8520 = CARTESIAN_POINT('',(-6.28318530718,0.));
#8521 = VECTOR('',#8522,1.);
#8522 = DIRECTION('',(-0.,-1.));
#8523 = ( GEOMETRIC_REPRESENTATION_CONTEXT(2) 
PARAMETRIC_REPRESENTATION_CONTEXT() REPRESENTATION_CONTEXT('2D SPACE',''
  ) );
#8524 = PCURVE('',#8244,#8525);
#8525 = DEFINITIONAL_REPRESENTATION('',(#8526),#8530);
#8526 = LINE('',#8527,#8528);
#8527 = CARTESIAN_POINT('',(-0.,0.));
#8528 = VECTOR('',#8529,1.);
#8529 = DIRECTION('',(-0.,-1.));
#8530 = ( GEOMETRIC_REPRESENTATION_CONTEXT(2) 
PARAMETRIC_REPRESENTATION_CONTEXT() REPRESENTATION_CONTEXT('2D SPACE',''
  ) );
#8531 = ORIENTED_EDGE('',*,*,#8229,.F.);
#8532 = ORIENTED_EDGE('',*,*,#8509,.T.);
#8533 = ORIENTED_EDGE('',*,*,#8534,.F.);
#8534 = EDGE_CURVE('',#8510,#8510,#8535,.T.);
#8535 = SURFACE_CURVE('',#8536,(#8541,#8548),.PCURVE_S1.);
#8536 = CIRCLE('',#8537,3.475);
#8537 = AXIS2_PLACEMENT_3D('',#8538,#8539,#8540);
#8538 = CARTESIAN_POINT('',(14.75,13.5,12.7));
#8539 = DIRECTION('',(0.,-1.224646799147E-16,-1.));
#8540 = DIRECTION('',(1.,0.,0.));
#8541 = PCURVE('',#8244,#8542);
#8542 = DEFINITIONAL_REPRESENTATION('',(#8543),#8547);
#8543 = LINE('',#8544,#8545);
#8544 = CARTESIAN_POINT('',(-6.28318530718,-13.7));
#8545 = VECTOR('',#8546,1.);
#8546 = DIRECTION('',(1.,-0.));
#8547 = ( GEOMETRIC_REPRESENTATION_CONTEXT(2) 
PARAMETRIC_REPRESENTATION_CONTEXT() REPRESENTATION_CONTEXT('2D SPACE',''
  ) );
#8548 = PCURVE('',#8460,#8549);
#8549 = DEFINITIONAL_REPRESENTATION('',(#8550),#8554);
#8550 = LINE('',#8551,#8552);
#8551 = CARTESIAN_POINT('',(-0.,-0.3));
#8552 = VECTOR('',#8553,1.);
#8553 = DIRECTION('',(-1.,-0.));
#8554 = ( GEOMETRIC_REPRESENTATION_CONTEXT(2) 
PARAMETRIC_REPRESENTATION_CONTEXT() REPRESENTATION_CONTEXT('2D SPACE',''
  ) );
#8555 = FACE_BOUND('',#8556,.T.);
#8556 = EDGE_LOOP('',(#8557,#8585,#8618,#8644));
#8557 = ORIENTED_EDGE('',*,*,#8558,.F.);
#8558 = EDGE_CURVE('',#8559,#8561,#8563,.T.);
#8559 = VERTEX_POINT('',#8560);
#8560 = CARTESIAN_POINT('',(13.,10.497813296945,7.25));
#8561 = VERTEX_POINT('',#8562);
#8562 = CARTESIAN_POINT('',(13.,10.497813296945,3.5));
#8563 = SURFACE_CURVE('',#8564,(#8568,#8574),.PCURVE_S1.);
#8564 = LINE('',#8565,#8566);
#8565 = CARTESIAN_POINT('',(13.,10.497813296945,-1.));
#8566 = VECTOR('',#8567,1.);
#8567 = DIRECTION('',(-0.,-0.,-1.));
#8568 = PCURVE('',#8244,#8569);
#8569 = DEFINITIONAL_REPRESENTATION('',(#8570),#8573);
#8570 = B_SPLINE_CURVE_WITH_KNOTS('',1,(#8571,#8572),.UNSPECIFIED.,.F.,
  .F.,(2,2),(-8.625,-4.125),.PIECEWISE_BEZIER_KNOTS.);
#8571 = CARTESIAN_POINT('',(-4.184631601406,-8.625));
#8572 = CARTESIAN_POINT('',(-4.184631601406,-4.125));
#8573 = ( GEOMETRIC_REPRESENTATION_CONTEXT(2) 
PARAMETRIC_REPRESENTATION_CONTEXT() REPRESENTATION_CONTEXT('2D SPACE',''
  ) );
#8574 = PCURVE('',#8575,#8580);
#8575 = PLANE('',#8576);
#8576 = AXIS2_PLACEMENT_3D('',#8577,#8578,#8579);
#8577 = CARTESIAN_POINT('',(13.,6.6,3.5));
#8578 = DIRECTION('',(1.,0.,0.));
#8579 = DIRECTION('',(0.,0.,1.));
#8580 = DEFINITIONAL_REPRESENTATION('',(#8581),#8584);
#8581 = B_SPLINE_CURVE_WITH_KNOTS('',1,(#8582,#8583),.UNSPECIFIED.,.F.,
  .F.,(2,2),(-8.625,-4.125),.PIECEWISE_BEZIER_KNOTS.);
#8582 = CARTESIAN_POINT('',(4.125,-3.897813296945));
#8583 = CARTESIAN_POINT('',(-0.375,-3.897813296945));
#8584 = ( GEOMETRIC_REPRESENTATION_CONTEXT(2) 
PARAMETRIC_REPRESENTATION_CONTEXT() REPRESENTATION_CONTEXT('2D SPACE',''
  ) );
#8585 = ORIENTED_EDGE('',*,*,#8586,.T.);
#8586 = EDGE_CURVE('',#8559,#8587,#8589,.T.);
#8587 = VERTEX_POINT('',#8588);
#8588 = CARTESIAN_POINT('',(12.236909273424,11.1,7.25));
#8589 = SURFACE_CURVE('',#8590,(#8595,#8602),.PCURVE_S1.);
#8590 = CIRCLE('',#8591,3.475);
#8591 = AXIS2_PLACEMENT_3D('',#8592,#8593,#8594);
#8592 = CARTESIAN_POINT('',(14.75,13.5,7.25));
#8593 = DIRECTION('',(0.,0.,-1.));
#8594 = DIRECTION('',(1.,0.,0.));
#8595 = PCURVE('',#8244,#8596);
#8596 = DEFINITIONAL_REPRESENTATION('',(#8597),#8601);
#8597 = LINE('',#8598,#8599);
#8598 = CARTESIAN_POINT('',(-6.28318530718,-8.25));
#8599 = VECTOR('',#8600,1.);
#8600 = DIRECTION('',(1.,-0.));
#8601 = ( GEOMETRIC_REPRESENTATION_CONTEXT(2) 
PARAMETRIC_REPRESENTATION_CONTEXT() REPRESENTATION_CONTEXT('2D SPACE',''
  ) );
#8602 = PCURVE('',#8603,#8608);
#8603 = PLANE('',#8604);
#8604 = AXIS2_PLACEMENT_3D('',#8605,#8606,#8607);
#8605 = CARTESIAN_POINT('',(6.7,6.6,7.25));
#8606 = DIRECTION('',(0.,0.,1.));
#8607 = DIRECTION('',(1.,0.,0.));
#8608 = DEFINITIONAL_REPRESENTATION('',(#8609),#8617);
#8609 = ( BOUNDED_CURVE() B_SPLINE_CURVE(2,(#8610,#8611,#8612,#8613,
#8614,#8615,#8616),.UNSPECIFIED.,.T.,.F.) B_SPLINE_CURVE_WITH_KNOTS((1,2
    ,2,2,2,1),(-2.094395102393,0.,2.094395102393,4.188790204786,
6.28318530718,8.377580409573),.UNSPECIFIED.) CURVE() 
GEOMETRIC_REPRESENTATION_ITEM() RATIONAL_B_SPLINE_CURVE((1.,0.5,1.,0.5,
1.,0.5,1.)) REPRESENTATION_ITEM('') );
#8610 = CARTESIAN_POINT('',(11.525,6.9));
#8611 = CARTESIAN_POINT('',(11.525,0.881123443698));
#8612 = CARTESIAN_POINT('',(6.3125,3.890561721849));
#8613 = CARTESIAN_POINT('',(1.1,6.9));
#8614 = CARTESIAN_POINT('',(6.3125,9.909438278151));
#8615 = CARTESIAN_POINT('',(11.525,12.918876556302));
#8616 = CARTESIAN_POINT('',(11.525,6.9));
#8617 = ( GEOMETRIC_REPRESENTATION_CONTEXT(2) 
PARAMETRIC_REPRESENTATION_CONTEXT() REPRESENTATION_CONTEXT('2D SPACE',''
  ) );
#8618 = ORIENTED_EDGE('',*,*,#8619,.T.);
#8619 = EDGE_CURVE('',#8587,#8620,#8622,.T.);
#8620 = VERTEX_POINT('',#8621);
#8621 = CARTESIAN_POINT('',(12.236909273424,11.1,3.5));
#8622 = SURFACE_CURVE('',#8623,(#8627,#8633),.PCURVE_S1.);
#8623 = LINE('',#8624,#8625);
#8624 = CARTESIAN_POINT('',(12.236909273424,11.1,-1.));
#8625 = VECTOR('',#8626,1.);
#8626 = DIRECTION('',(-0.,-0.,-1.));
#8627 = PCURVE('',#8244,#8628);
#8628 = DEFINITIONAL_REPRESENTATION('',(#8629),#8632);
#8629 = B_SPLINE_CURVE_WITH_KNOTS('',1,(#8630,#8631),.UNSPECIFIED.,.F.,
  .F.,(2,2),(-8.625,-4.125),.PIECEWISE_BEZIER_KNOTS.);
#8630 = CARTESIAN_POINT('',(-3.903976635915,-8.625));
#8631 = CARTESIAN_POINT('',(-3.903976635915,-4.125));
#8632 = ( GEOMETRIC_REPRESENTATION_CONTEXT(2) 
PARAMETRIC_REPRESENTATION_CONTEXT() REPRESENTATION_CONTEXT('2D SPACE',''
  ) );
#8633 = PCURVE('',#8634,#8639);
#8634 = PLANE('',#8635);
#8635 = AXIS2_PLACEMENT_3D('',#8636,#8637,#8638);
#8636 = CARTESIAN_POINT('',(6.7,11.1,3.5));
#8637 = DIRECTION('',(0.,1.,0.));
#8638 = DIRECTION('',(0.,0.,1.));
#8639 = DEFINITIONAL_REPRESENTATION('',(#8640),#8643);
#8640 = B_SPLINE_CURVE_WITH_KNOTS('',1,(#8641,#8642),.UNSPECIFIED.,.F.,
  .F.,(2,2),(-8.625,-4.125),.PIECEWISE_BEZIER_KNOTS.);
#8641 = CARTESIAN_POINT('',(4.125,5.536909273424));
#8642 = CARTESIAN_POINT('',(-0.375,5.536909273424));
#8643 = ( GEOMETRIC_REPRESENTATION_CONTEXT(2) 
PARAMETRIC_REPRESENTATION_CONTEXT() REPRESENTATION_CONTEXT('2D SPACE',''
  ) );
#8644 = ORIENTED_EDGE('',*,*,#8645,.F.);
#8645 = EDGE_CURVE('',#8561,#8620,#8646,.T.);
#8646 = SURFACE_CURVE('',#8647,(#8652,#8659),.PCURVE_S1.);
#8647 = CIRCLE('',#8648,3.475);
#8648 = AXIS2_PLACEMENT_3D('',#8649,#8650,#8651);
#8649 = CARTESIAN_POINT('',(14.75,13.5,3.5));
#8650 = DIRECTION('',(0.,0.,-1.));
#8651 = DIRECTION('',(1.,0.,0.));
#8652 = PCURVE('',#8244,#8653);
#8653 = DEFINITIONAL_REPRESENTATION('',(#8654),#8658);
#8654 = LINE('',#8655,#8656);
#8655 = CARTESIAN_POINT('',(-6.28318530718,-4.5));
#8656 = VECTOR('',#8657,1.);
#8657 = DIRECTION('',(1.,-0.));
#8658 = ( GEOMETRIC_REPRESENTATION_CONTEXT(2) 
PARAMETRIC_REPRESENTATION_CONTEXT() REPRESENTATION_CONTEXT('2D SPACE',''
  ) );
#8659 = PCURVE('',#8660,#8665);
#8660 = PLANE('',#8661);
#8661 = AXIS2_PLACEMENT_3D('',#8662,#8663,#8664);
#8662 = CARTESIAN_POINT('',(6.7,6.6,3.5));
#8663 = DIRECTION('',(0.,0.,1.));
#8664 = DIRECTION('',(1.,0.,0.));
#8665 = DEFINITIONAL_REPRESENTATION('',(#8666),#8674);
#8666 = ( BOUNDED_CURVE() B_SPLINE_CURVE(2,(#8667,#8668,#8669,#8670,
#8671,#8672,#8673),.UNSPECIFIED.,.T.,.F.) B_SPLINE_CURVE_WITH_KNOTS((1,2
    ,2,2,2,1),(-2.094395102393,0.,2.094395102393,4.188790204786,
6.28318530718,8.377580409573),.UNSPECIFIED.) CURVE() 
GEOMETRIC_REPRESENTATION_ITEM() RATIONAL_B_SPLINE_CURVE((1.,0.5,1.,0.5,
1.,0.5,1.)) REPRESENTATION_ITEM('') );
#8667 = CARTESIAN_POINT('',(11.525,6.9));
#8668 = CARTESIAN_POINT('',(11.525,0.881123443698));
#8669 = CARTESIAN_POINT('',(6.3125,3.890561721849));
#8670 = CARTESIAN_POINT('',(1.1,6.9));
#8671 = CARTESIAN_POINT('',(6.3125,9.909438278151));
#8672 = CARTESIAN_POINT('',(11.525,12.918876556302));
#8673 = CARTESIAN_POINT('',(11.525,6.9));
#8674 = ( GEOMETRIC_REPRESENTATION_CONTEXT(2) 
PARAMETRIC_REPRESENTATION_CONTEXT() REPRESENTATION_CONTEXT('2D SPACE',''
  ) );
#8675 = ADVANCED_FACE('',(#8676),#8301,.F.);
#8676 = FACE_BOUND('',#8677,.F.);
#8677 = EDGE_LOOP('',(#8678,#8679,#8700,#8701));
#8678 = ORIENTED_EDGE('',*,*,#8286,.F.);
#8679 = ORIENTED_EDGE('',*,*,#8680,.F.);
#8680 = EDGE_CURVE('',#8479,#8262,#8681,.T.);
#8681 = SEAM_CURVE('',#8682,(#8686,#8693),.PCURVE_S1.);
#8682 = LINE('',#8683,#8684);
#8683 = CARTESIAN_POINT('',(-10.975,13.5,13.));
#8684 = VECTOR('',#8685,1.);
#8685 = DIRECTION('',(-0.707106781187,-2.597868168706E-16,
    -0.707106781187));
#8686 = PCURVE('',#8301,#8687);
#8687 = DEFINITIONAL_REPRESENTATION('',(#8688),#8692);
#8688 = LINE('',#8689,#8690);
#8689 = CARTESIAN_POINT('',(-6.28318530718,0.));
#8690 = VECTOR('',#8691,1.);
#8691 = DIRECTION('',(-0.,-1.));
#8692 = ( GEOMETRIC_REPRESENTATION_CONTEXT(2) 
PARAMETRIC_REPRESENTATION_CONTEXT() REPRESENTATION_CONTEXT('2D SPACE',''
  ) );
#8693 = PCURVE('',#8301,#8694);
#8694 = DEFINITIONAL_REPRESENTATION('',(#8695),#8699);
#8695 = LINE('',#8696,#8697);
#8696 = CARTESIAN_POINT('',(0.,-0.));
#8697 = VECTOR('',#8698,1.);
#8698 = DIRECTION('',(-0.,-1.));
#8699 = ( GEOMETRIC_REPRESENTATION_CONTEXT(2) 
PARAMETRIC_REPRESENTATION_CONTEXT() REPRESENTATION_CONTEXT('2D SPACE',''
  ) );
#8700 = ORIENTED_EDGE('',*,*,#8478,.T.);
#8701 = ORIENTED_EDGE('',*,*,#8680,.T.);
#8702 = ADVANCED_FACE('',(#8703),#8334,.T.);
#8703 = FACE_BOUND('',#8704,.T.);
#8704 = EDGE_LOOP('',(#8705,#8728,#8729));
#8705 = ORIENTED_EDGE('',*,*,#8706,.F.);
#8706 = EDGE_CURVE('',#8318,#8707,#8709,.T.);
#8707 = VERTEX_POINT('',#8708);
#8708 = CARTESIAN_POINT('',(-13.,11.1,7.25));
#8709 = SURFACE_CURVE('',#8710,(#8714,#8721),.PCURVE_S1.);
#8710 = LINE('',#8711,#8712);
#8711 = CARTESIAN_POINT('',(-13.,6.6,7.25));
#8712 = VECTOR('',#8713,1.);
#8713 = DIRECTION('',(0.,1.,0.));
#8714 = PCURVE('',#8334,#8715);
#8715 = DEFINITIONAL_REPRESENTATION('',(#8716),#8720);
#8716 = LINE('',#8717,#8718);
#8717 = CARTESIAN_POINT('',(0.,0.));
#8718 = VECTOR('',#8719,1.);
#8719 = DIRECTION('',(0.,1.));
#8720 = ( GEOMETRIC_REPRESENTATION_CONTEXT(2) 
PARAMETRIC_REPRESENTATION_CONTEXT() REPRESENTATION_CONTEXT('2D SPACE',''
  ) );
#8721 = PCURVE('',#8365,#8722);
#8722 = DEFINITIONAL_REPRESENTATION('',(#8723),#8727);
#8723 = LINE('',#8724,#8725);
#8724 = CARTESIAN_POINT('',(3.75,0.));
#8725 = VECTOR('',#8726,1.);
#8726 = DIRECTION('',(0.,-1.));
#8727 = ( GEOMETRIC_REPRESENTATION_CONTEXT(2) 
PARAMETRIC_REPRESENTATION_CONTEXT() REPRESENTATION_CONTEXT('2D SPACE',''
  ) );
#8728 = ORIENTED_EDGE('',*,*,#8315,.F.);
#8729 = ORIENTED_EDGE('',*,*,#8730,.F.);
#8730 = EDGE_CURVE('',#8707,#8316,#8731,.T.);
#8731 = SURFACE_CURVE('',#8732,(#8736,#8743),.PCURVE_S1.);
#8732 = LINE('',#8733,#8734);
#8733 = CARTESIAN_POINT('',(-13.,11.1,7.25));
#8734 = VECTOR('',#8735,1.);
#8735 = DIRECTION('',(1.,0.,0.));
#8736 = PCURVE('',#8334,#8737);
#8737 = DEFINITIONAL_REPRESENTATION('',(#8738),#8742);
#8738 = LINE('',#8739,#8740);
#8739 = CARTESIAN_POINT('',(0.,4.5));
#8740 = VECTOR('',#8741,1.);
#8741 = DIRECTION('',(1.,0.));
#8742 = ( GEOMETRIC_REPRESENTATION_CONTEXT(2) 
PARAMETRIC_REPRESENTATION_CONTEXT() REPRESENTATION_CONTEXT('2D SPACE',''
  ) );
#8743 = PCURVE('',#8422,#8744);
#8744 = DEFINITIONAL_REPRESENTATION('',(#8745),#8749);
#8745 = LINE('',#8746,#8747);
#8746 = CARTESIAN_POINT('',(3.75,0.));
#8747 = VECTOR('',#8748,1.);
#8748 = DIRECTION('',(0.,1.));
#8749 = ( GEOMETRIC_REPRESENTATION_CONTEXT(2) 
PARAMETRIC_REPRESENTATION_CONTEXT() REPRESENTATION_CONTEXT('2D SPACE',''
  ) );
#8750 = ADVANCED_FACE('',(#8751),#8422,.T.);
#8751 = FACE_BOUND('',#8752,.T.);
#8752 = EDGE_LOOP('',(#8753,#8754,#8777,#8798));
#8753 = ORIENTED_EDGE('',*,*,#8409,.T.);
#8754 = ORIENTED_EDGE('',*,*,#8755,.F.);
#8755 = EDGE_CURVE('',#8756,#8377,#8758,.T.);
#8756 = VERTEX_POINT('',#8757);
#8757 = CARTESIAN_POINT('',(-13.,11.1,3.5));
#8758 = SURFACE_CURVE('',#8759,(#8763,#8770),.PCURVE_S1.);
#8759 = LINE('',#8760,#8761);
#8760 = CARTESIAN_POINT('',(-13.,11.1,3.5));
#8761 = VECTOR('',#8762,1.);
#8762 = DIRECTION('',(1.,0.,0.));
#8763 = PCURVE('',#8422,#8764);
#8764 = DEFINITIONAL_REPRESENTATION('',(#8765),#8769);
#8765 = LINE('',#8766,#8767);
#8766 = CARTESIAN_POINT('',(0.,0.));
#8767 = VECTOR('',#8768,1.);
#8768 = DIRECTION('',(0.,1.));
#8769 = ( GEOMETRIC_REPRESENTATION_CONTEXT(2) 
PARAMETRIC_REPRESENTATION_CONTEXT() REPRESENTATION_CONTEXT('2D SPACE',''
  ) );
#8770 = PCURVE('',#8393,#8771);
#8771 = DEFINITIONAL_REPRESENTATION('',(#8772),#8776);
#8772 = LINE('',#8773,#8774);
#8773 = CARTESIAN_POINT('',(0.,4.5));
#8774 = VECTOR('',#8775,1.);
#8775 = DIRECTION('',(1.,0.));
#8776 = ( GEOMETRIC_REPRESENTATION_CONTEXT(2) 
PARAMETRIC_REPRESENTATION_CONTEXT() REPRESENTATION_CONTEXT('2D SPACE',''
  ) );
#8777 = ORIENTED_EDGE('',*,*,#8778,.T.);
#8778 = EDGE_CURVE('',#8756,#8707,#8779,.T.);
#8779 = SURFACE_CURVE('',#8780,(#8784,#8791),.PCURVE_S1.);
#8780 = LINE('',#8781,#8782);
#8781 = CARTESIAN_POINT('',(-13.,11.1,3.5));
#8782 = VECTOR('',#8783,1.);
#8783 = DIRECTION('',(0.,0.,1.));
#8784 = PCURVE('',#8422,#8785);
#8785 = DEFINITIONAL_REPRESENTATION('',(#8786),#8790);
#8786 = LINE('',#8787,#8788);
#8787 = CARTESIAN_POINT('',(0.,0.));
#8788 = VECTOR('',#8789,1.);
#8789 = DIRECTION('',(1.,0.));
#8790 = ( GEOMETRIC_REPRESENTATION_CONTEXT(2) 
PARAMETRIC_REPRESENTATION_CONTEXT() REPRESENTATION_CONTEXT('2D SPACE',''
  ) );
#8791 = PCURVE('',#8365,#8792);
#8792 = DEFINITIONAL_REPRESENTATION('',(#8793),#8797);
#8793 = LINE('',#8794,#8795);
#8794 = CARTESIAN_POINT('',(0.,-4.5));
#8795 = VECTOR('',#8796,1.);
#8796 = DIRECTION('',(1.,0.));
#8797 = ( GEOMETRIC_REPRESENTATION_CONTEXT(2) 
PARAMETRIC_REPRESENTATION_CONTEXT() REPRESENTATION_CONTEXT('2D SPACE',''
  ) );
#8798 = ORIENTED_EDGE('',*,*,#8730,.T.);
#8799 = ADVANCED_FACE('',(#8800),#8393,.F.);
#8800 = FACE_BOUND('',#8801,.F.);
#8801 = EDGE_LOOP('',(#8802,#8823,#8824));
#8802 = ORIENTED_EDGE('',*,*,#8803,.F.);
#8803 = EDGE_CURVE('',#8351,#8756,#8804,.T.);
#8804 = SURFACE_CURVE('',#8805,(#8809,#8816),.PCURVE_S1.);
#8805 = LINE('',#8806,#8807);
#8806 = CARTESIAN_POINT('',(-13.,6.6,3.5));
#8807 = VECTOR('',#8808,1.);
#8808 = DIRECTION('',(0.,1.,0.));
#8809 = PCURVE('',#8393,#8810);
#8810 = DEFINITIONAL_REPRESENTATION('',(#8811),#8815);
#8811 = LINE('',#8812,#8813);
#8812 = CARTESIAN_POINT('',(0.,0.));
#8813 = VECTOR('',#8814,1.);
#8814 = DIRECTION('',(0.,1.));
#8815 = ( GEOMETRIC_REPRESENTATION_CONTEXT(2) 
PARAMETRIC_REPRESENTATION_CONTEXT() REPRESENTATION_CONTEXT('2D SPACE',''
  ) );
#8816 = PCURVE('',#8365,#8817);
#8817 = DEFINITIONAL_REPRESENTATION('',(#8818),#8822);
#8818 = LINE('',#8819,#8820);
#8819 = CARTESIAN_POINT('',(0.,0.));
#8820 = VECTOR('',#8821,1.);
#8821 = DIRECTION('',(0.,-1.));
#8822 = ( GEOMETRIC_REPRESENTATION_CONTEXT(2) 
PARAMETRIC_REPRESENTATION_CONTEXT() REPRESENTATION_CONTEXT('2D SPACE',''
  ) );
#8823 = ORIENTED_EDGE('',*,*,#8376,.F.);
#8824 = ORIENTED_EDGE('',*,*,#8755,.F.);
#8825 = ADVANCED_FACE('',(#8826),#8365,.F.);
#8826 = FACE_BOUND('',#8827,.F.);
#8827 = EDGE_LOOP('',(#8828,#8829,#8830,#8831));
#8828 = ORIENTED_EDGE('',*,*,#8706,.F.);
#8829 = ORIENTED_EDGE('',*,*,#8350,.T.);
#8830 = ORIENTED_EDGE('',*,*,#8803,.T.);
#8831 = ORIENTED_EDGE('',*,*,#8778,.T.);
#8832 = ADVANCED_FACE('',(#8833),#8460,.F.);
#8833 = FACE_BOUND('',#8834,.F.);
#8834 = EDGE_LOOP('',(#8835,#8836,#8857,#8858));
#8835 = ORIENTED_EDGE('',*,*,#8534,.F.);
#8836 = ORIENTED_EDGE('',*,*,#8837,.F.);
#8837 = EDGE_CURVE('',#8440,#8510,#8838,.T.);
#8838 = SEAM_CURVE('',#8839,(#8843,#8850),.PCURVE_S1.);
#8839 = LINE('',#8840,#8841);
#8840 = CARTESIAN_POINT('',(18.525,13.5,13.));
#8841 = VECTOR('',#8842,1.);
#8842 = DIRECTION('',(-0.707106781187,-2.597868168706E-16,
    -0.707106781187));
#8843 = PCURVE('',#8460,#8844);
#8844 = DEFINITIONAL_REPRESENTATION('',(#8845),#8849);
#8845 = LINE('',#8846,#8847);
#8846 = CARTESIAN_POINT('',(-6.28318530718,0.));
#8847 = VECTOR('',#8848,1.);
#8848 = DIRECTION('',(-0.,-1.));
#8849 = ( GEOMETRIC_REPRESENTATION_CONTEXT(2) 
PARAMETRIC_REPRESENTATION_CONTEXT() REPRESENTATION_CONTEXT('2D SPACE',''
  ) );
#8850 = PCURVE('',#8460,#8851);
#8851 = DEFINITIONAL_REPRESENTATION('',(#8852),#8856);
#8852 = LINE('',#8853,#8854);
#8853 = CARTESIAN_POINT('',(0.,-0.));
#8854 = VECTOR('',#8855,1.);
#8855 = DIRECTION('',(-0.,-1.));
#8856 = ( GEOMETRIC_REPRESENTATION_CONTEXT(2) 
PARAMETRIC_REPRESENTATION_CONTEXT() REPRESENTATION_CONTEXT('2D SPACE',''
  ) );
#8857 = ORIENTED_EDGE('',*,*,#8439,.T.);
#8858 = ORIENTED_EDGE('',*,*,#8837,.T.);
#8859 = ADVANCED_FACE('',(#8860),#8575,.T.);
#8860 = FACE_BOUND('',#8861,.T.);
#8861 = EDGE_LOOP('',(#8862,#8885,#8886,#8909));
#8862 = ORIENTED_EDGE('',*,*,#8863,.F.);
#8863 = EDGE_CURVE('',#8559,#8864,#8866,.T.);
#8864 = VERTEX_POINT('',#8865);
#8865 = CARTESIAN_POINT('',(13.,11.1,7.25));
#8866 = SURFACE_CURVE('',#8867,(#8871,#8878),.PCURVE_S1.);
#8867 = LINE('',#8868,#8869);
#8868 = CARTESIAN_POINT('',(13.,6.6,7.25));
#8869 = VECTOR('',#8870,1.);
#8870 = DIRECTION('',(0.,1.,0.));
#8871 = PCURVE('',#8575,#8872);
#8872 = DEFINITIONAL_REPRESENTATION('',(#8873),#8877);
#8873 = LINE('',#8874,#8875);
#8874 = CARTESIAN_POINT('',(3.75,0.));
#8875 = VECTOR('',#8876,1.);
#8876 = DIRECTION('',(0.,-1.));
#8877 = ( GEOMETRIC_REPRESENTATION_CONTEXT(2) 
PARAMETRIC_REPRESENTATION_CONTEXT() REPRESENTATION_CONTEXT('2D SPACE',''
  ) );
#8878 = PCURVE('',#8603,#8879);
#8879 = DEFINITIONAL_REPRESENTATION('',(#8880),#8884);
#8880 = LINE('',#8881,#8882);
#8881 = CARTESIAN_POINT('',(6.3,0.));
#8882 = VECTOR('',#8883,1.);
#8883 = DIRECTION('',(0.,1.));
#8884 = ( GEOMETRIC_REPRESENTATION_CONTEXT(2) 
PARAMETRIC_REPRESENTATION_CONTEXT() REPRESENTATION_CONTEXT('2D SPACE',''
  ) );
#8885 = ORIENTED_EDGE('',*,*,#8558,.T.);
#8886 = ORIENTED_EDGE('',*,*,#8887,.T.);
#8887 = EDGE_CURVE('',#8561,#8888,#8890,.T.);
#8888 = VERTEX_POINT('',#8889);
#8889 = CARTESIAN_POINT('',(13.,11.1,3.5));
#8890 = SURFACE_CURVE('',#8891,(#8895,#8902),.PCURVE_S1.);
#8891 = LINE('',#8892,#8893);
#8892 = CARTESIAN_POINT('',(13.,6.6,3.5));
#8893 = VECTOR('',#8894,1.);
#8894 = DIRECTION('',(0.,1.,0.));
#8895 = PCURVE('',#8575,#8896);
#8896 = DEFINITIONAL_REPRESENTATION('',(#8897),#8901);
#8897 = LINE('',#8898,#8899);
#8898 = CARTESIAN_POINT('',(0.,0.));
#8899 = VECTOR('',#8900,1.);
#8900 = DIRECTION('',(0.,-1.));
#8901 = ( GEOMETRIC_REPRESENTATION_CONTEXT(2) 
PARAMETRIC_REPRESENTATION_CONTEXT() REPRESENTATION_CONTEXT('2D SPACE',''
  ) );
#8902 = PCURVE('',#8660,#8903);
#8903 = DEFINITIONAL_REPRESENTATION('',(#8904),#8908);
#8904 = LINE('',#8905,#8906);
#8905 = CARTESIAN_POINT('',(6.3,0.));
#8906 = VECTOR('',#8907,1.);
#8907 = DIRECTION('',(0.,1.));
#8908 = ( GEOMETRIC_REPRESENTATION_CONTEXT(2) 
PARAMETRIC_REPRESENTATION_CONTEXT() REPRESENTATION_CONTEXT('2D SPACE',''
  ) );
#8909 = ORIENTED_EDGE('',*,*,#8910,.T.);
#8910 = EDGE_CURVE('',#8888,#8864,#8911,.T.);
#8911 = SURFACE_CURVE('',#8912,(#8916,#8923),.PCURVE_S1.);
#8912 = LINE('',#8913,#8914);
#8913 = CARTESIAN_POINT('',(13.,11.1,3.5));
#8914 = VECTOR('',#8915,1.);
#8915 = DIRECTION('',(0.,0.,1.));
#8916 = PCURVE('',#8575,#8917);
#8917 = DEFINITIONAL_REPRESENTATION('',(#8918),#8922);
#8918 = LINE('',#8919,#8920);
#8919 = CARTESIAN_POINT('',(0.,-4.5));
#8920 = VECTOR('',#8921,1.);
#8921 = DIRECTION('',(1.,0.));
#8922 = ( GEOMETRIC_REPRESENTATION_CONTEXT(2) 
PARAMETRIC_REPRESENTATION_CONTEXT() REPRESENTATION_CONTEXT('2D SPACE',''
  ) );
#8923 = PCURVE('',#8634,#8924);
#8924 = DEFINITIONAL_REPRESENTATION('',(#8925),#8929);
#8925 = LINE('',#8926,#8927);
#8926 = CARTESIAN_POINT('',(0.,6.3));
#8927 = VECTOR('',#8928,1.);
#8928 = DIRECTION('',(1.,0.));
#8929 = ( GEOMETRIC_REPRESENTATION_CONTEXT(2) 
PARAMETRIC_REPRESENTATION_CONTEXT() REPRESENTATION_CONTEXT('2D SPACE',''
  ) );
#8930 = ADVANCED_FACE('',(#8931),#8660,.F.);
#8931 = FACE_BOUND('',#8932,.F.);
#8932 = EDGE_LOOP('',(#8933,#8954,#8955));
#8933 = ORIENTED_EDGE('',*,*,#8934,.F.);
#8934 = EDGE_CURVE('',#8620,#8888,#8935,.T.);
#8935 = SURFACE_CURVE('',#8936,(#8940,#8947),.PCURVE_S1.);
#8936 = LINE('',#8937,#8938);
#8937 = CARTESIAN_POINT('',(6.7,11.1,3.5));
#8938 = VECTOR('',#8939,1.);
#8939 = DIRECTION('',(1.,0.,0.));
#8940 = PCURVE('',#8660,#8941);
#8941 = DEFINITIONAL_REPRESENTATION('',(#8942),#8946);
#8942 = LINE('',#8943,#8944);
#8943 = CARTESIAN_POINT('',(0.,4.5));
#8944 = VECTOR('',#8945,1.);
#8945 = DIRECTION('',(1.,0.));
#8946 = ( GEOMETRIC_REPRESENTATION_CONTEXT(2) 
PARAMETRIC_REPRESENTATION_CONTEXT() REPRESENTATION_CONTEXT('2D SPACE',''
  ) );
#8947 = PCURVE('',#8634,#8948);
#8948 = DEFINITIONAL_REPRESENTATION('',(#8949),#8953);
#8949 = LINE('',#8950,#8951);
#8950 = CARTESIAN_POINT('',(0.,0.));
#8951 = VECTOR('',#8952,1.);
#8952 = DIRECTION('',(0.,1.));
#8953 = ( GEOMETRIC_REPRESENTATION_CONTEXT(2) 
PARAMETRIC_REPRESENTATION_CONTEXT() REPRESENTATION_CONTEXT('2D SPACE',''
  ) );
#8954 = ORIENTED_EDGE('',*,*,#8645,.F.);
#8955 = ORIENTED_EDGE('',*,*,#8887,.T.);
#8956 = ADVANCED_FACE('',(#8957),#8634,.T.);
#8957 = FACE_BOUND('',#8958,.T.);
#8958 = EDGE_LOOP('',(#8959,#8960,#8961,#8982));
#8959 = ORIENTED_EDGE('',*,*,#8934,.F.);
#8960 = ORIENTED_EDGE('',*,*,#8619,.F.);
#8961 = ORIENTED_EDGE('',*,*,#8962,.T.);
#8962 = EDGE_CURVE('',#8587,#8864,#8963,.T.);
#8963 = SURFACE_CURVE('',#8964,(#8968,#8975),.PCURVE_S1.);
#8964 = LINE('',#8965,#8966);
#8965 = CARTESIAN_POINT('',(6.7,11.1,7.25));
#8966 = VECTOR('',#8967,1.);
#8967 = DIRECTION('',(1.,0.,0.));
#8968 = PCURVE('',#8634,#8969);
#8969 = DEFINITIONAL_REPRESENTATION('',(#8970),#8974);
#8970 = LINE('',#8971,#8972);
#8971 = CARTESIAN_POINT('',(3.75,0.));
#8972 = VECTOR('',#8973,1.);
#8973 = DIRECTION('',(0.,1.));
#8974 = ( GEOMETRIC_REPRESENTATION_CONTEXT(2) 
PARAMETRIC_REPRESENTATION_CONTEXT() REPRESENTATION_CONTEXT('2D SPACE',''
  ) );
#8975 = PCURVE('',#8603,#8976);
#8976 = DEFINITIONAL_REPRESENTATION('',(#8977),#8981);
#8977 = LINE('',#8978,#8979);
#8978 = CARTESIAN_POINT('',(0.,4.5));
#8979 = VECTOR('',#8980,1.);
#8980 = DIRECTION('',(1.,0.));
#8981 = ( GEOMETRIC_REPRESENTATION_CONTEXT(2) 
PARAMETRIC_REPRESENTATION_CONTEXT() REPRESENTATION_CONTEXT('2D SPACE',''
  ) );
#8982 = ORIENTED_EDGE('',*,*,#8910,.F.);
#8983 = ADVANCED_FACE('',(#8984),#8603,.T.);
#8984 = FACE_BOUND('',#8985,.T.);
#8985 = EDGE_LOOP('',(#8986,#8987,#8988));
#8986 = ORIENTED_EDGE('',*,*,#8962,.F.);
#8987 = ORIENTED_EDGE('',*,*,#8586,.F.);
#8988 = ORIENTED_EDGE('',*,*,#8863,.T.);
#8989 = ( GEOMETRIC_REPRESENTATION_CONTEXT(3) 
GLOBAL_UNCERTAINTY_ASSIGNED_CONTEXT((#8993)) 
GLOBAL_UNIT_ASSIGNED_CONTEXT((#8990,#8991,#8992)) REPRESENTATION_CONTEXT
('Context #1','3D Context with UNIT and UNCERTAINTY') );
#8990 = ( LENGTH_UNIT() NAMED_UNIT(*) SI_UNIT(.MILLI.,.METRE.) );
#8991 = ( NAMED_UNIT(*) PLANE_ANGLE_UNIT() SI_UNIT($,.RADIAN.) );
#8992 = ( NAMED_UNIT(*) SI_UNIT($,.STERADIAN.) SOLID_ANGLE_UNIT() );
#8993 = UNCERTAINTY_MEASURE_WITH_UNIT(LENGTH_MEASURE(1.E-07),#8990,
  'distance_accuracy_value','confusion accuracy');
#8994 = PRODUCT_RELATED_PRODUCT_CATEGORY('part',$,(#7));
ENDSEC;
END-ISO-10303-21;
