ISO-10303-21;
HEADER;
FILE_DESCRIPTION(('Open CASCADE Model'),'2;1');
FILE_NAME('Open CASCADE Shape Model','2026-08-10T20:42:27',('Author'),(
    'Open CASCADE'),'Open CASCADE STEP processor 7.9','Open CASCADE 7.9'
  ,'Unknown');
FILE_SCHEMA(('AUTOMOTIVE_DESIGN { 1 0 10303 214 1 1 1 1 }'));
ENDSEC;
DATA;
#1 = APPLICATION_PROTOCOL_DEFINITION('international standard',
  'automotive_design',2000,#2);
#2 = APPLICATION_CONTEXT(
  'core data for automotive mechanical design processes');
#3 = SHAPE_DEFINITION_REPRESENTATION(#4,#10);
#4 = PRODUCT_DEFINITION_SHAPE('','',#5);
#5 = PRODUCT_DEFINITION('design','',#6,#9);
#6 = PRODUCT_DEFINITION_FORMATION('','',#7);
#7 = PRODUCT('Open CASCADE STEP translator 7.9 4',
  'Open CASCADE STEP translator 7.9 4','',(#8));
#8 = PRODUCT_CONTEXT('',#2,'mechanical');
#9 = PRODUCT_DEFINITION_CONTEXT('part definition',#2,'design');
#10 = ADVANCED_BREP_SHAPE_REPRESENTATION('',(#11,#15),#5629);
#11 = AXIS2_PLACEMENT_3D('',#12,#13,#14);
#12 = CARTESIAN_POINT('',(0.,0.,0.));
#13 = DIRECTION('',(0.,0.,1.));
#14 = DIRECTION('',(1.,0.,-0.));
#15 = MANIFOLD_SOLID_BREP('',#16);
#16 = CLOSED_SHELL('',(#17,#241,#325,#626,#650,#938,#965,#1248,#1300,
    #1801,#2122,#2295,#2592,#2730,#2757,#2838,#2919,#3000,#3265,#3320,
    #3932,#4199,#4226,#4233,#4288,#4869,#5151,#5180,#5209,#5238,#5242,
    #5318,#5345,#5400,#5424,#5495,#5522,#5555,#5559,#5566,#5621,#5625));
#17 = ADVANCED_FACE('',(#18),#32,.F.);
#18 = FACE_BOUND('',#19,.F.);
#19 = EDGE_LOOP('',(#20,#55,#83,#111,#137,#163,#191,#217));
#20 = ORIENTED_EDGE('',*,*,#21,.F.);
#21 = EDGE_CURVE('',#22,#24,#26,.T.);
#22 = VERTEX_POINT('',#23);
#23 = CARTESIAN_POINT('',(-11.5,-33.5,8.1));
#24 = VERTEX_POINT('',#25);
#25 = CARTESIAN_POINT('',(-11.5,-33.5,8.817319143909));
#26 = SURFACE_CURVE('',#27,(#31,#43),.PCURVE_S1.);
#27 = LINE('',#28,#29);
#28 = CARTESIAN_POINT('',(-11.5,-33.5,6.6));
#29 = VECTOR('',#30,1.);
#30 = DIRECTION('',(0.,0.,1.));
#31 = PCURVE('',#32,#37);
#32 = PLANE('',#33);
#33 = AXIS2_PLACEMENT_3D('',#34,#35,#36);
#34 = CARTESIAN_POINT('',(-11.5,-33.5,6.6));
#35 = DIRECTION('',(1.,0.,0.));
#36 = DIRECTION('',(0.,0.,1.));
#37 = DEFINITIONAL_REPRESENTATION('',(#38),#42);
#38 = LINE('',#39,#40);
#39 = CARTESIAN_POINT('',(0.,0.));
#40 = VECTOR('',#41,1.);
#41 = DIRECTION('',(1.,0.));
#42 = ( GEOMETRIC_REPRESENTATION_CONTEXT(2) 
PARAMETRIC_REPRESENTATION_CONTEXT() REPRESENTATION_CONTEXT('2D SPACE',''
  ) );
#43 = PCURVE('',#44,#49);
#44 = PLANE('',#45);
#45 = AXIS2_PLACEMENT_3D('',#46,#47,#48);
#46 = CARTESIAN_POINT('',(-11.5,-33.5,6.6));
#47 = DIRECTION('',(0.,1.,0.));
#48 = DIRECTION('',(0.,0.,1.));
#49 = DEFINITIONAL_REPRESENTATION('',(#50),#54);
#50 = LINE('',#51,#52);
#51 = CARTESIAN_POINT('',(0.,0.));
#52 = VECTOR('',#53,1.);
#53 = DIRECTION('',(1.,0.));
#54 = ( GEOMETRIC_REPRESENTATION_CONTEXT(2) 
PARAMETRIC_REPRESENTATION_CONTEXT() REPRESENTATION_CONTEXT('2D SPACE',''
  ) );
#55 = ORIENTED_EDGE('',*,*,#56,.T.);
#56 = EDGE_CURVE('',#22,#57,#59,.T.);
#57 = VERTEX_POINT('',#58);
#58 = CARTESIAN_POINT('',(-11.5,33.5,8.1));
#59 = SURFACE_CURVE('',#60,(#64,#71),.PCURVE_S1.);
#60 = LINE('',#61,#62);
#61 = CARTESIAN_POINT('',(-11.5,-33.5,8.1));
#62 = VECTOR('',#63,1.);
#63 = DIRECTION('',(0.,1.,0.));
#64 = PCURVE('',#32,#65);
#65 = DEFINITIONAL_REPRESENTATION('',(#66),#70);
#66 = LINE('',#67,#68);
#67 = CARTESIAN_POINT('',(1.5,0.));
#68 = VECTOR('',#69,1.);
#69 = DIRECTION('',(0.,-1.));
#70 = ( GEOMETRIC_REPRESENTATION_CONTEXT(2) 
PARAMETRIC_REPRESENTATION_CONTEXT() REPRESENTATION_CONTEXT('2D SPACE',''
  ) );
#71 = PCURVE('',#72,#77);
#72 = CYLINDRICAL_SURFACE('',#73,1.5);
#73 = AXIS2_PLACEMENT_3D('',#74,#75,#76);
#74 = CARTESIAN_POINT('',(-10.,-33.5,8.1));
#75 = DIRECTION('',(0.,1.,0.));
#76 = DIRECTION('',(-1.,0.,0.));
#77 = DEFINITIONAL_REPRESENTATION('',(#78),#82);
#78 = LINE('',#79,#80);
#79 = CARTESIAN_POINT('',(-0.,0.));
#80 = VECTOR('',#81,1.);
#81 = DIRECTION('',(-0.,1.));
#82 = ( GEOMETRIC_REPRESENTATION_CONTEXT(2) 
PARAMETRIC_REPRESENTATION_CONTEXT() REPRESENTATION_CONTEXT('2D SPACE',''
  ) );
#83 = ORIENTED_EDGE('',*,*,#84,.T.);
#84 = EDGE_CURVE('',#57,#85,#87,.T.);
#85 = VERTEX_POINT('',#86);
#86 = CARTESIAN_POINT('',(-11.5,33.5,8.817319143909));
#87 = SURFACE_CURVE('',#88,(#92,#99),.PCURVE_S1.);
#88 = LINE('',#89,#90);
#89 = CARTESIAN_POINT('',(-11.5,33.5,6.6));
#90 = VECTOR('',#91,1.);
#91 = DIRECTION('',(0.,0.,1.));
#92 = PCURVE('',#32,#93);
#93 = DEFINITIONAL_REPRESENTATION('',(#94),#98);
#94 = LINE('',#95,#96);
#95 = CARTESIAN_POINT('',(0.,-67.));
#96 = VECTOR('',#97,1.);
#97 = DIRECTION('',(1.,0.));
#98 = ( GEOMETRIC_REPRESENTATION_CONTEXT(2) 
PARAMETRIC_REPRESENTATION_CONTEXT() REPRESENTATION_CONTEXT('2D SPACE',''
  ) );
#99 = PCURVE('',#100,#105);
#100 = PLANE('',#101);
#101 = AXIS2_PLACEMENT_3D('',#102,#103,#104);
#102 = CARTESIAN_POINT('',(-11.5,33.5,6.6));
#103 = DIRECTION('',(0.,1.,0.));
#104 = DIRECTION('',(0.,0.,1.));
#105 = DEFINITIONAL_REPRESENTATION('',(#106),#110);
#106 = LINE('',#107,#108);
#107 = CARTESIAN_POINT('',(0.,0.));
#108 = VECTOR('',#109,1.);
#109 = DIRECTION('',(1.,0.));
#110 = ( GEOMETRIC_REPRESENTATION_CONTEXT(2) 
PARAMETRIC_REPRESENTATION_CONTEXT() REPRESENTATION_CONTEXT('2D SPACE',''
  ) );
#111 = ORIENTED_EDGE('',*,*,#112,.T.);
#112 = EDGE_CURVE('',#85,#113,#115,.T.);
#113 = VERTEX_POINT('',#114);
#114 = CARTESIAN_POINT('',(-11.5,22.5,8.817319143909));
#115 = SURFACE_CURVE('',#116,(#120,#126),.PCURVE_S1.);
#116 = LINE('',#117,#118);
#117 = CARTESIAN_POINT('',(-11.5,22.5,8.817319143909));
#118 = VECTOR('',#119,1.);
#119 = DIRECTION('',(-0.,-1.,-1.110223024625E-16));
#120 = PCURVE('',#32,#121);
#121 = DEFINITIONAL_REPRESENTATION('',(#122),#125);
#122 = B_SPLINE_CURVE_WITH_KNOTS('',1,(#123,#124),.UNSPECIFIED.,.F.,.F.,
  (2,2),(-12.0000006,5.999999999062E-07),.PIECEWISE_BEZIER_KNOTS.);
#123 = CARTESIAN_POINT('',(2.217319143909,-68.0000006));
#124 = CARTESIAN_POINT('',(2.217319143909,-55.9999994));
#125 = ( GEOMETRIC_REPRESENTATION_CONTEXT(2) 
PARAMETRIC_REPRESENTATION_CONTEXT() REPRESENTATION_CONTEXT('2D SPACE',''
  ) );
#126 = PCURVE('',#127,#132);
#127 = CYLINDRICAL_SURFACE('',#128,5.7);
#128 = AXIS2_PLACEMENT_3D('',#129,#130,#131);
#129 = CARTESIAN_POINT('',(-14.75,22.5,13.5));
#130 = DIRECTION('',(-0.,-1.,-1.110223024625E-16));
#131 = DIRECTION('',(1.,0.,0.));
#132 = DEFINITIONAL_REPRESENTATION('',(#133),#136);
#133 = B_SPLINE_CURVE_WITH_KNOTS('',1,(#134,#135),.UNSPECIFIED.,.F.,.F.,
  (2,2),(-12.0000006,5.999999999062E-07),.PIECEWISE_BEZIER_KNOTS.);
#134 = CARTESIAN_POINT('',(-0.96407693452,-12.0000006));
#135 = CARTESIAN_POINT('',(-0.96407693452,6.000000004261E-07));
#136 = ( GEOMETRIC_REPRESENTATION_CONTEXT(2) 
PARAMETRIC_REPRESENTATION_CONTEXT() REPRESENTATION_CONTEXT('2D SPACE',''
  ) );
#137 = ORIENTED_EDGE('',*,*,#138,.T.);
#138 = EDGE_CURVE('',#113,#139,#141,.T.);
#139 = VERTEX_POINT('',#140);
#140 = CARTESIAN_POINT('',(-11.5,22.5,13.5));
#141 = SURFACE_CURVE('',#142,(#146,#152),.PCURVE_S1.);
#142 = LINE('',#143,#144);
#143 = CARTESIAN_POINT('',(-11.5,22.5,10.05));
#144 = VECTOR('',#145,1.);
#145 = DIRECTION('',(0.,-1.110223024625E-16,1.));
#146 = PCURVE('',#32,#147);
#147 = DEFINITIONAL_REPRESENTATION('',(#148),#151);
#148 = B_SPLINE_CURVE_WITH_KNOTS('',1,(#149,#150),.UNSPECIFIED.,.F.,.F.,
  (2,2),(-1.95,3.45),.PIECEWISE_BEZIER_KNOTS.);
#149 = CARTESIAN_POINT('',(1.5,-56.));
#150 = CARTESIAN_POINT('',(6.9,-56.));
#151 = ( GEOMETRIC_REPRESENTATION_CONTEXT(2) 
PARAMETRIC_REPRESENTATION_CONTEXT() REPRESENTATION_CONTEXT('2D SPACE',''
  ) );
#152 = PCURVE('',#153,#158);
#153 = PLANE('',#154);
#154 = AXIS2_PLACEMENT_3D('',#155,#156,#157);
#155 = CARTESIAN_POINT('',(-14.75,22.5,13.5));
#156 = DIRECTION('',(0.,1.,1.110223024625E-16));
#157 = DIRECTION('',(1.,0.,0.));
#158 = DEFINITIONAL_REPRESENTATION('',(#159),#162);
#159 = B_SPLINE_CURVE_WITH_KNOTS('',1,(#160,#161),.UNSPECIFIED.,.F.,.F.,
  (2,2),(-1.95,3.45),.PIECEWISE_BEZIER_KNOTS.);
#160 = CARTESIAN_POINT('',(3.25,5.4));
#161 = CARTESIAN_POINT('',(3.25,0.));
#162 = ( GEOMETRIC_REPRESENTATION_CONTEXT(2) 
PARAMETRIC_REPRESENTATION_CONTEXT() REPRESENTATION_CONTEXT('2D SPACE',''
  ) );
#163 = ORIENTED_EDGE('',*,*,#164,.F.);
#164 = EDGE_CURVE('',#165,#139,#167,.T.);
#165 = VERTEX_POINT('',#166);
#166 = CARTESIAN_POINT('',(-11.5,-22.5,13.5));
#167 = SURFACE_CURVE('',#168,(#172,#179),.PCURVE_S1.);
#168 = LINE('',#169,#170);
#169 = CARTESIAN_POINT('',(-11.5,-33.5,13.5));
#170 = VECTOR('',#171,1.);
#171 = DIRECTION('',(0.,1.,0.));
#172 = PCURVE('',#32,#173);
#173 = DEFINITIONAL_REPRESENTATION('',(#174),#178);
#174 = LINE('',#175,#176);
#175 = CARTESIAN_POINT('',(6.9,0.));
#176 = VECTOR('',#177,1.);
#177 = DIRECTION('',(0.,-1.));
#178 = ( GEOMETRIC_REPRESENTATION_CONTEXT(2) 
PARAMETRIC_REPRESENTATION_CONTEXT() REPRESENTATION_CONTEXT('2D SPACE',''
  ) );
#179 = PCURVE('',#180,#185);
#180 = PLANE('',#181);
#181 = AXIS2_PLACEMENT_3D('',#182,#183,#184);
#182 = CARTESIAN_POINT('',(-11.5,-33.5,13.5));
#183 = DIRECTION('',(0.,0.,1.));
#184 = DIRECTION('',(1.,0.,0.));
#185 = DEFINITIONAL_REPRESENTATION('',(#186),#190);
#186 = LINE('',#187,#188);
#187 = CARTESIAN_POINT('',(0.,0.));
#188 = VECTOR('',#189,1.);
#189 = DIRECTION('',(0.,1.));
#190 = ( GEOMETRIC_REPRESENTATION_CONTEXT(2) 
PARAMETRIC_REPRESENTATION_CONTEXT() REPRESENTATION_CONTEXT('2D SPACE',''
  ) );
#191 = ORIENTED_EDGE('',*,*,#192,.F.);
#192 = EDGE_CURVE('',#193,#165,#195,.T.);
#193 = VERTEX_POINT('',#194);
#194 = CARTESIAN_POINT('',(-11.5,-22.5,8.817319143909));
#195 = SURFACE_CURVE('',#196,(#200,#206),.PCURVE_S1.);
#196 = LINE('',#197,#198);
#197 = CARTESIAN_POINT('',(-11.5,-22.5,10.05));
#198 = VECTOR('',#199,1.);
#199 = DIRECTION('',(0.,-1.110223024625E-16,1.));
#200 = PCURVE('',#32,#201);
#201 = DEFINITIONAL_REPRESENTATION('',(#202),#205);
#202 = B_SPLINE_CURVE_WITH_KNOTS('',1,(#203,#204),.UNSPECIFIED.,.F.,.F.,
  (2,2),(-1.95,3.45),.PIECEWISE_BEZIER_KNOTS.);
#203 = CARTESIAN_POINT('',(1.5,-11.));
#204 = CARTESIAN_POINT('',(6.9,-11.));
#205 = ( GEOMETRIC_REPRESENTATION_CONTEXT(2) 
PARAMETRIC_REPRESENTATION_CONTEXT() REPRESENTATION_CONTEXT('2D SPACE',''
  ) );
#206 = PCURVE('',#207,#212);
#207 = PLANE('',#208);
#208 = AXIS2_PLACEMENT_3D('',#209,#210,#211);
#209 = CARTESIAN_POINT('',(-14.75,-22.5,13.5));
#210 = DIRECTION('',(0.,1.,1.110223024625E-16));
#211 = DIRECTION('',(1.,0.,0.));
#212 = DEFINITIONAL_REPRESENTATION('',(#213),#216);
#213 = B_SPLINE_CURVE_WITH_KNOTS('',1,(#214,#215),.UNSPECIFIED.,.F.,.F.,
  (2,2),(-1.95,3.45),.PIECEWISE_BEZIER_KNOTS.);
#214 = CARTESIAN_POINT('',(3.25,5.4));
#215 = CARTESIAN_POINT('',(3.25,0.));
#216 = ( GEOMETRIC_REPRESENTATION_CONTEXT(2) 
PARAMETRIC_REPRESENTATION_CONTEXT() REPRESENTATION_CONTEXT('2D SPACE',''
  ) );
#217 = ORIENTED_EDGE('',*,*,#218,.T.);
#218 = EDGE_CURVE('',#193,#24,#219,.T.);
#219 = SURFACE_CURVE('',#220,(#224,#230),.PCURVE_S1.);
#220 = LINE('',#221,#222);
#221 = CARTESIAN_POINT('',(-11.5,-34.5,8.817319143909));
#222 = VECTOR('',#223,1.);
#223 = DIRECTION('',(-0.,-1.,-1.110223024625E-16));
#224 = PCURVE('',#32,#225);
#225 = DEFINITIONAL_REPRESENTATION('',(#226),#229);
#226 = B_SPLINE_CURVE_WITH_KNOTS('',1,(#227,#228),.UNSPECIFIED.,.F.,.F.,
  (2,2),(-12.0000006,5.999999999062E-07),.PIECEWISE_BEZIER_KNOTS.);
#227 = CARTESIAN_POINT('',(2.217319143909,-11.0000006));
#228 = CARTESIAN_POINT('',(2.217319143909,1.0000006));
#229 = ( GEOMETRIC_REPRESENTATION_CONTEXT(2) 
PARAMETRIC_REPRESENTATION_CONTEXT() REPRESENTATION_CONTEXT('2D SPACE',''
  ) );
#230 = PCURVE('',#231,#236);
#231 = CYLINDRICAL_SURFACE('',#232,5.7);
#232 = AXIS2_PLACEMENT_3D('',#233,#234,#235);
#233 = CARTESIAN_POINT('',(-14.75,-34.5,13.5));
#234 = DIRECTION('',(-0.,-1.,-1.110223024625E-16));
#235 = DIRECTION('',(1.,0.,0.));
#236 = DEFINITIONAL_REPRESENTATION('',(#237),#240);
#237 = B_SPLINE_CURVE_WITH_KNOTS('',1,(#238,#239),.UNSPECIFIED.,.F.,.F.,
  (2,2),(-12.0000006,5.999999999062E-07),.PIECEWISE_BEZIER_KNOTS.);
#238 = CARTESIAN_POINT('',(-0.96407693452,-12.0000006));
#239 = CARTESIAN_POINT('',(-0.96407693452,6.000000004261E-07));
#240 = ( GEOMETRIC_REPRESENTATION_CONTEXT(2) 
PARAMETRIC_REPRESENTATION_CONTEXT() REPRESENTATION_CONTEXT('2D SPACE',''
  ) );
#241 = ADVANCED_FACE('',(#242),#44,.F.);
#242 = FACE_BOUND('',#243,.F.);
#243 = EDGE_LOOP('',(#244,#272,#298,#299));
#244 = ORIENTED_EDGE('',*,*,#245,.T.);
#245 = EDGE_CURVE('',#246,#248,#250,.T.);
#246 = VERTEX_POINT('',#247);
#247 = CARTESIAN_POINT('',(-10.,-33.5,10.349206449162));
#248 = VERTEX_POINT('',#249);
#249 = CARTESIAN_POINT('',(-10.,-33.5,6.6));
#250 = SURFACE_CURVE('',#251,(#255,#261),.PCURVE_S1.);
#251 = LINE('',#252,#253);
#252 = CARTESIAN_POINT('',(-10.,-33.5,5.6));
#253 = VECTOR('',#254,1.);
#254 = DIRECTION('',(-0.,-0.,-1.));
#255 = PCURVE('',#44,#256);
#256 = DEFINITIONAL_REPRESENTATION('',(#257),#260);
#257 = B_SPLINE_CURVE_WITH_KNOTS('',1,(#258,#259),.UNSPECIFIED.,.F.,.F.,
  (2,2),(-8.59,-0.31),.PIECEWISE_BEZIER_KNOTS.);
#258 = CARTESIAN_POINT('',(7.59,1.5));
#259 = CARTESIAN_POINT('',(-0.69,1.5));
#260 = ( GEOMETRIC_REPRESENTATION_CONTEXT(2) 
PARAMETRIC_REPRESENTATION_CONTEXT() REPRESENTATION_CONTEXT('2D SPACE',''
  ) );
#261 = PCURVE('',#262,#267);
#262 = CYLINDRICAL_SURFACE('',#263,1.25);
#263 = AXIS2_PLACEMENT_3D('',#264,#265,#266);
#264 = CARTESIAN_POINT('',(-9.,-32.75,5.6));
#265 = DIRECTION('',(-0.,-0.,-1.));
#266 = DIRECTION('',(1.,0.,0.));
#267 = DEFINITIONAL_REPRESENTATION('',(#268),#271);
#268 = B_SPLINE_CURVE_WITH_KNOTS('',1,(#269,#270),.UNSPECIFIED.,.F.,.F.,
  (2,2),(-4.749206449162,-1.),.PIECEWISE_BEZIER_KNOTS.);
#269 = CARTESIAN_POINT('',(-3.785093762383,-4.749206449162));
#270 = CARTESIAN_POINT('',(-3.785093762383,-1.));
#271 = ( GEOMETRIC_REPRESENTATION_CONTEXT(2) 
PARAMETRIC_REPRESENTATION_CONTEXT() REPRESENTATION_CONTEXT('2D SPACE',''
  ) );
#272 = ORIENTED_EDGE('',*,*,#273,.F.);
#273 = EDGE_CURVE('',#22,#248,#274,.T.);
#274 = SURFACE_CURVE('',#275,(#280,#291),.PCURVE_S1.);
#275 = CIRCLE('',#276,1.5);
#276 = AXIS2_PLACEMENT_3D('',#277,#278,#279);
#277 = CARTESIAN_POINT('',(-10.,-33.5,8.1));
#278 = DIRECTION('',(-0.,-1.,0.));
#279 = DIRECTION('',(0.,-0.,1.));
#280 = PCURVE('',#44,#281);
#281 = DEFINITIONAL_REPRESENTATION('',(#282),#290);
#282 = ( BOUNDED_CURVE() B_SPLINE_CURVE(2,(#283,#284,#285,#286,#287,#288
,#289),.UNSPECIFIED.,.T.,.F.) B_SPLINE_CURVE_WITH_KNOTS((1,2,2,2,2,1),(
    -2.094395102393,0.,2.094395102393,4.188790204786,6.28318530718,
8.377580409573),.UNSPECIFIED.) CURVE() GEOMETRIC_REPRESENTATION_ITEM() 
RATIONAL_B_SPLINE_CURVE((1.,0.5,1.,0.5,1.,0.5,1.)) REPRESENTATION_ITEM(
  '') );
#283 = CARTESIAN_POINT('',(3.,1.5));
#284 = CARTESIAN_POINT('',(3.,-1.098076211353));
#285 = CARTESIAN_POINT('',(0.75,0.200961894323));
#286 = CARTESIAN_POINT('',(-1.5,1.5));
#287 = CARTESIAN_POINT('',(0.75,2.799038105677));
#288 = CARTESIAN_POINT('',(3.,4.098076211353));
#289 = CARTESIAN_POINT('',(3.,1.5));
#290 = ( GEOMETRIC_REPRESENTATION_CONTEXT(2) 
PARAMETRIC_REPRESENTATION_CONTEXT() REPRESENTATION_CONTEXT('2D SPACE',''
  ) );
#291 = PCURVE('',#72,#292);
#292 = DEFINITIONAL_REPRESENTATION('',(#293),#297);
#293 = LINE('',#294,#295);
#294 = CARTESIAN_POINT('',(1.570796326795,-0.));
#295 = VECTOR('',#296,1.);
#296 = DIRECTION('',(-1.,0.));
#297 = ( GEOMETRIC_REPRESENTATION_CONTEXT(2) 
PARAMETRIC_REPRESENTATION_CONTEXT() REPRESENTATION_CONTEXT('2D SPACE',''
  ) );
#298 = ORIENTED_EDGE('',*,*,#21,.T.);
#299 = ORIENTED_EDGE('',*,*,#300,.T.);
#300 = EDGE_CURVE('',#24,#246,#301,.T.);
#301 = SURFACE_CURVE('',#302,(#307,#318),.PCURVE_S1.);
#302 = CIRCLE('',#303,5.7);
#303 = AXIS2_PLACEMENT_3D('',#304,#305,#306);
#304 = CARTESIAN_POINT('',(-14.75,-33.5,13.5));
#305 = DIRECTION('',(0.,-1.,-1.110223024625E-16));
#306 = DIRECTION('',(1.,-0.,0.));
#307 = PCURVE('',#44,#308);
#308 = DEFINITIONAL_REPRESENTATION('',(#309),#317);
#309 = ( BOUNDED_CURVE() B_SPLINE_CURVE(2,(#310,#311,#312,#313,#314,#315
,#316),.UNSPECIFIED.,.T.,.F.) B_SPLINE_CURVE_WITH_KNOTS((1,2,2,2,2,1),(
    -2.094395102393,0.,2.094395102393,4.188790204786,6.28318530718,
8.377580409573),.UNSPECIFIED.) CURVE() GEOMETRIC_REPRESENTATION_ITEM() 
RATIONAL_B_SPLINE_CURVE((1.,0.5,1.,0.5,1.,0.5,1.)) REPRESENTATION_ITEM(
  '') );
#310 = CARTESIAN_POINT('',(6.9,2.45));
#311 = CARTESIAN_POINT('',(16.772689603143,2.45));
#312 = CARTESIAN_POINT('',(11.836344801571,-6.1));
#313 = CARTESIAN_POINT('',(6.9,-14.65));
#314 = CARTESIAN_POINT('',(1.963655198429,-6.1));
#315 = CARTESIAN_POINT('',(-2.972689603143,2.45));
#316 = CARTESIAN_POINT('',(6.9,2.45));
#317 = ( GEOMETRIC_REPRESENTATION_CONTEXT(2) 
PARAMETRIC_REPRESENTATION_CONTEXT() REPRESENTATION_CONTEXT('2D SPACE',''
  ) );
#318 = PCURVE('',#231,#319);
#319 = DEFINITIONAL_REPRESENTATION('',(#320),#324);
#320 = LINE('',#321,#322);
#321 = CARTESIAN_POINT('',(-6.28318530718,-1.));
#322 = VECTOR('',#323,1.);
#323 = DIRECTION('',(1.,-0.));
#324 = ( GEOMETRIC_REPRESENTATION_CONTEXT(2) 
PARAMETRIC_REPRESENTATION_CONTEXT() REPRESENTATION_CONTEXT('2D SPACE',''
  ) );
#325 = ADVANCED_FACE('',(#326),#231,.F.);
#326 = FACE_BOUND('',#327,.T.);
#327 = EDGE_LOOP('',(#328,#329,#330,#581,#604));
#328 = ORIENTED_EDGE('',*,*,#218,.T.);
#329 = ORIENTED_EDGE('',*,*,#300,.T.);
#330 = ORIENTED_EDGE('',*,*,#331,.F.);
#331 = EDGE_CURVE('',#332,#246,#334,.T.);
#332 = VERTEX_POINT('',#333);
#333 = CARTESIAN_POINT('',(-9.05,-31.50100040032,13.5));
#334 = SURFACE_CURVE('',#335,(#415,#498),.PCURVE_S1.);
#335 = B_SPLINE_CURVE_WITH_KNOTS('',8,(#336,#337,#338,#339,#340,#341,
    #342,#343,#344,#345,#346,#347,#348,#349,#350,#351,#352,#353,#354,
    #355,#356,#357,#358,#359,#360,#361,#362,#363,#364,#365,#366,#367,
    #368,#369,#370,#371,#372,#373,#374,#375,#376,#377,#378,#379,#380,
    #381,#382,#383,#384,#385,#386,#387,#388,#389,#390,#391,#392,#393,
    #394,#395,#396,#397,#398,#399,#400,#401,#402,#403,#404,#405,#406,
    #407,#408,#409,#410,#411,#412,#413,#414),.UNSPECIFIED.,.F.,.F.,(9,7,
    7,7,7,7,7,7,7,7,7,9),(0.,0.447214701251,0.546145551067,
    0.645688731874,0.698975187022,0.734280656732,0.758150167712,
    0.81771307278,0.88019846065,0.9059095852,0.9428636335,1.),
  .UNSPECIFIED.);
#336 = CARTESIAN_POINT('',(-9.05,-31.50100040032,13.5));
#337 = CARTESIAN_POINT('',(-9.05,-31.50100040032,13.198063422688));
#338 = CARTESIAN_POINT('',(-9.068278818192,-31.50173238341,
    12.897712579982));
#339 = CARTESIAN_POINT('',(-9.10450061727,-31.50318114528,
    12.598791219994));
#340 = CARTESIAN_POINT('',(-9.158712451513,-31.50685501533,
    12.301240780242));
#341 = CARTESIAN_POINT('',(-9.23126411435,-31.51561696814,
    12.005893841092));
#342 = CARTESIAN_POINT('',(-9.322138162785,-31.53404844467,
    11.714654960878));
#343 = CARTESIAN_POINT('',(-9.430556778345,-31.56865928816,
    11.430795235467));
#344 = CARTESIAN_POINT('',(-9.579339622044,-31.64195296415,
    11.100295478679));
#345 = CARTESIAN_POINT('',(-9.606970807782,-31.65648457939,
    11.041022142316));
#346 = CARTESIAN_POINT('',(-9.635233833871,-31.67237238128,
    10.982421214456));
#347 = CARTESIAN_POINT('',(-9.664069779124,-31.68972247495,
    10.924579677736));
#348 = CARTESIAN_POINT('',(-9.693407607914,-31.70864572294,
    10.867593609883));
#349 = CARTESIAN_POINT('',(-9.723162712867,-31.72925765991,
    10.811568077746));
#350 = CARTESIAN_POINT('',(-9.753235457552,-31.75167840726,
    10.756617031314));
#351 = CARTESIAN_POINT('',(-9.81397136288,-31.80053750823,10.64877665566
    ));
#352 = CARTESIAN_POINT('',(-9.844661517693,-31.8270197903,
    10.595858607917));
#353 = CARTESIAN_POINT('',(-9.875419141354,-31.85557715082,
    10.54431498359));
#354 = CARTESIAN_POINT('',(-9.906067825028,-31.88630178599,
    10.49434449755));
#355 = CARTESIAN_POINT('',(-9.936415271503,-31.91927762407,
    10.446141855888));
#356 = CARTESIAN_POINT('',(-9.966252773372,-31.95457757809,
    10.399900961329));
#357 = CARTESIAN_POINT('',(-9.995354691228,-31.99226079854,
    10.355818118646));
#358 = CARTESIAN_POINT('',(-10.03853258239,-32.05384074112,
    10.291760568022));
#359 = CARTESIAN_POINT('',(-10.05330052962,-32.07599774771,
    10.270111479559));
#360 = CARTESIAN_POINT('',(-10.06773774434,-32.09883624298,
    10.249188677197));
#361 = CARTESIAN_POINT('',(-10.08179999765,-32.12234869003,
    10.229030924661));
#362 = CARTESIAN_POINT('',(-10.09544316029,-32.14652468904,
    10.209675144914));
#363 = CARTESIAN_POINT('',(-10.10862350196,-32.17135094846,
    10.191156518191));
#364 = CARTESIAN_POINT('',(-10.12129799067,-32.19681125614,
    10.173508580033));
#365 = CARTESIAN_POINT('',(-10.14145919221,-32.24016282934,
    10.14566858063));
#366 = CARTESIAN_POINT('',(-10.1492523206,-32.25770688163,10.1349715099)
  );
#367 = CARTESIAN_POINT('',(-10.15679107127,-32.27551161801,
    10.124682166585));
#368 = CARTESIAN_POINT('',(-10.16406291951,-32.29356914437,
    10.114810196777));
#369 = CARTESIAN_POINT('',(-10.17105572186,-32.31187066187,
    10.105364833197));
#370 = CARTESIAN_POINT('',(-10.17775771617,-32.33040646694,
    10.096354895191));
#371 = CARTESIAN_POINT('',(-10.18415752152,-32.34916595125,
    10.087788788737));
#372 = CARTESIAN_POINT('',(-10.19435921079,-32.38096405681,
    10.074188559018));
#373 = CARTESIAN_POINT('',(-10.19833118932,-32.39388752364,
    10.068909100356));
#374 = CARTESIAN_POINT('',(-10.20215670961,-32.40690444177,
    10.063838580067));
#375 = CARTESIAN_POINT('',(-10.20583255539,-32.42001109499,
    10.058979325134));
#376 = CARTESIAN_POINT('',(-10.20935565845,-32.43320361133,
    10.054333539912));
#377 = CARTESIAN_POINT('',(-10.21272309861,-32.44647796309,
    10.049903306126));
#378 = CARTESIAN_POINT('',(-10.21593210375,-32.45982996682,
    10.045690582868));
#379 = CARTESIAN_POINT('',(-10.22658575736,-32.50675621482,
    10.031732314917));
#380 = CARTESIAN_POINT('',(-10.23318922505,-32.54071631901,
    10.023132550579));
#381 = CARTESIAN_POINT('',(-10.23874914553,-32.5750654652,
    10.015927245249));
#382 = CARTESIAN_POINT('',(-10.2432318069,-32.60973055422,
    10.010139715919));
#383 = CARTESIAN_POINT('',(-10.24661142368,-32.64463579597,
    10.005787366308));
#384 = CARTESIAN_POINT('',(-10.24887046789,-32.67970298689,
    10.00288178825));
#385 = CARTESIAN_POINT('',(-10.25,-32.71485178751,10.001428863093));
#386 = CARTESIAN_POINT('',(-10.25,-32.78687277656,10.001428863093));
#387 = CARTESIAN_POINT('',(-10.24875690178,-32.82374624474,
    10.003027885931));
#388 = CARTESIAN_POINT('',(-10.24627073433,-32.86052538059,
    10.006225568695));
#389 = CARTESIAN_POINT('',(-10.24255234108,-32.89711749196,
    10.011014789619));
#390 = CARTESIAN_POINT('',(-10.23762294019,-32.93343257773,
    10.017381534728));
#391 = CARTESIAN_POINT('',(-10.23151368492,-32.96938368711,
    10.02530476449));
#392 = CARTESIAN_POINT('',(-10.22426522387,-33.00488727879,
    10.034756280467));
#393 = CARTESIAN_POINT('',(-10.2124964049,-33.05425542571,
    10.050203893704));
#394 = CARTESIAN_POINT('',(-10.20888093757,-33.06855856843,
    10.054960102073));
#395 = CARTESIAN_POINT('',(-10.20508427391,-33.0827676889,
    10.059966817967));
#396 = CARTESIAN_POINT('',(-10.20111001678,-33.09687768522,
    10.065221482422));
#397 = CARTESIAN_POINT('',(-10.19696195732,-33.11088367305,
    10.070721376611));
#398 = CARTESIAN_POINT('',(-10.19264407494,-33.12478098565,
    10.076463621841));
#399 = CARTESIAN_POINT('',(-10.18816053732,-33.13856517389,
    10.082445179559));
#400 = CARTESIAN_POINT('',(-10.1768397759,-33.17187505146,
    10.097599377761));
#401 = CARTESIAN_POINT('',(-10.16983046991,-33.19127574196,
    10.107023765964));
#402 = CARTESIAN_POINT('',(-10.16250084773,-33.21042154766,
    10.116926439135));
#403 = CARTESIAN_POINT('',(-10.1548643538,-33.22930104088,
    10.127297371779));
#404 = CARTESIAN_POINT('',(-10.14693481172,-33.24790389638,
    10.138126089729));
#405 = CARTESIAN_POINT('',(-10.13872642424,-33.26622089132,
    10.149401670145));
#406 = CARTESIAN_POINT('',(-10.13025377325,-33.28424390528,
    10.161112741514));
#407 = CARTESIAN_POINT('',(-10.10804640344,-33.32936674885,
    10.192009570783));
#408 = CARTESIAN_POINT('',(-10.09396815519,-33.35604106334,
    10.211779849029));
#409 = CARTESIAN_POINT('',(-10.07934905277,-33.38196953108,
    10.232518397695));
#410 = CARTESIAN_POINT('',(-10.06424194579,-33.40713647608,
    10.254183529114));
#411 = CARTESIAN_POINT('',(-10.04870017309,-33.43152982735,
    10.276731660836));
#412 = CARTESIAN_POINT('',(-10.03277718,-33.45514106729,10.300117187816)
  );
#413 = CARTESIAN_POINT('',(-10.0165261356,-33.47796518007,10.32429235461
    ));
#414 = CARTESIAN_POINT('',(-9.99999955,-33.5000006,10.349207127563));
#415 = PCURVE('',#231,#416);
#416 = DEFINITIONAL_REPRESENTATION('',(#417),#497);
#417 = B_SPLINE_CURVE_WITH_KNOTS('',8,(#418,#419,#420,#421,#422,#423,
    #424,#425,#426,#427,#428,#429,#430,#431,#432,#433,#434,#435,#436,
    #437,#438,#439,#440,#441,#442,#443,#444,#445,#446,#447,#448,#449,
    #450,#451,#452,#453,#454,#455,#456,#457,#458,#459,#460,#461,#462,
    #463,#464,#465,#466,#467,#468,#469,#470,#471,#472,#473,#474,#475,
    #476,#477,#478,#479,#480,#481,#482,#483,#484,#485,#486,#487,#488,
    #489,#490,#491,#492,#493,#494,#495,#496),.UNSPECIFIED.,.F.,.F.,(9,7,
    7,7,7,7,7,7,7,7,7,9),(0.,0.447214701251,0.546145551067,
    0.645688731874,0.698975187022,0.734280656732,0.758150167712,
    0.81771307278,0.88019846065,0.9059095852,0.9428636335,1.),
  .UNSPECIFIED.);
#418 = CARTESIAN_POINT('',(0.,-2.99899959968));
#419 = CARTESIAN_POINT('',(-5.297132935291E-02,-2.99899959968));
#420 = CARTESIAN_POINT('',(-0.105664401215,-2.998267616582));
#421 = CARTESIAN_POINT('',(-0.158333590036,-2.996818854714));
#422 = CARTESIAN_POINT('',(-0.211203800538,-2.99314498467));
#423 = CARTESIAN_POINT('',(-0.264361626884,-2.984383031859));
#424 = CARTESIAN_POINT('',(-0.317712622708,-2.965951555322));
#425 = CARTESIAN_POINT('',(-0.370931245258,-2.931340711838));
#426 = CARTESIAN_POINT('',(-0.434518098446,-2.858047035841));
#427 = CARTESIAN_POINT('',(-0.445990316345,-2.843515420609));
#428 = CARTESIAN_POINT('',(-0.457402788278,-2.827627618711));
#429 = CARTESIAN_POINT('',(-0.468739616645,-2.810277525042));
#430 = CARTESIAN_POINT('',(-0.479982435557,-2.791354277052));
#431 = CARTESIAN_POINT('',(-0.491110236942,-2.770742340086));
#432 = CARTESIAN_POINT('',(-0.502099196647,-2.748321592732));
#433 = CARTESIAN_POINT('',(-0.523812795095,-2.699462491767));
#434 = CARTESIAN_POINT('',(-0.534544133691,-2.672980209699));
#435 = CARTESIAN_POINT('',(-0.545073173427,-2.644422849172));
#436 = CARTESIAN_POINT('',(-0.555356055629,-2.613698214003));
#437 = CARTESIAN_POINT('',(-0.565347778572,-2.580722375927));
#438 = CARTESIAN_POINT('',(-0.575001570212,-2.54542242191));
#439 = CARTESIAN_POINT('',(-0.584268260916,-2.507739201457));
#440 = CARTESIAN_POINT('',(-0.597821048717,-2.44615925887));
#441 = CARTESIAN_POINT('',(-0.602418590946,-2.424002252285));
#442 = CARTESIAN_POINT('',(-0.606878207039,-2.401163757014));
#443 = CARTESIAN_POINT('',(-0.611190043452,-2.377651309966));
#444 = CARTESIAN_POINT('',(-0.615344485388,-2.353475310954));
#445 = CARTESIAN_POINT('',(-0.619332173254,-2.328649051535));
#446 = CARTESIAN_POINT('',(-0.623144019102,-2.303188743853));
#447 = CARTESIAN_POINT('',(-0.629174463088,-2.259837170654));
#448 = CARTESIAN_POINT('',(-0.631496350637,-2.242293118367));
#449 = CARTESIAN_POINT('',(-0.633734148293,-2.224488381988));
#450 = CARTESIAN_POINT('',(-0.635885211658,-2.206430855625));
#451 = CARTESIAN_POINT('',(-0.637946989381,-2.188129338123));
#452 = CARTESIAN_POINT('',(-0.639917023156,-2.169593533059));
#453 = CARTESIAN_POINT('',(-0.641792947723,-2.150834048746));
#454 = CARTESIAN_POINT('',(-0.64477561393,-2.119035943185));
#455 = CARTESIAN_POINT('',(-0.645934693815,-2.106112476359));
#456 = CARTESIAN_POINT('',(-0.647049035011,-2.093095558227));
#457 = CARTESIAN_POINT('',(-0.648117974189,-2.079988905008));
#458 = CARTESIAN_POINT('',(-0.649140880208,-2.066796388664));
#459 = CARTESIAN_POINT('',(-0.650117154116,-2.053522036901));
#460 = CARTESIAN_POINT('',(-0.651046229147,-2.040170033171));
#461 = CARTESIAN_POINT('',(-0.654126830888,-1.993243785175));
#462 = CARTESIAN_POINT('',(-0.656029032111,-1.959283680988));
#463 = CARTESIAN_POINT('',(-0.657625701027,-1.9249345348));
#464 = CARTESIAN_POINT('',(-0.658909996674,-1.890269445773));
#465 = CARTESIAN_POINT('',(-0.659876737894,-1.855364204025));
#466 = CARTESIAN_POINT('',(-0.660522430729,-1.820297013108));
#467 = CARTESIAN_POINT('',(-0.660845295823,-1.785148212482));
#468 = CARTESIAN_POINT('',(-0.660845295823,-1.71312722344));
#469 = CARTESIAN_POINT('',(-0.660489966852,-1.676253755254));
#470 = CARTESIAN_POINT('',(-0.659779359034,-1.639474619403));
#471 = CARTESIAN_POINT('',(-0.658715629215,-1.602882508038));
#472 = CARTESIAN_POINT('',(-0.657303004455,-1.566567422262));
#473 = CARTESIAN_POINT('',(-0.655547745524,-1.53061631289));
#474 = CARTESIAN_POINT('',(-0.653458110395,-1.495112721204));
#475 = CARTESIAN_POINT('',(-0.650051104348,-1.445744574281));
#476 = CARTESIAN_POINT('',(-0.649002969354,-1.431441431567));
#477 = CARTESIAN_POINT('',(-0.647900609381,-1.417232311091));
#478 = CARTESIAN_POINT('',(-0.646744762402,-1.403122314775));
#479 = CARTESIAN_POINT('',(-0.645536207737,-1.38911632695));
#480 = CARTESIAN_POINT('',(-0.644275766053,-1.375219014348));
#481 = CARTESIAN_POINT('',(-0.64296429936,-1.361434826106));
#482 = CARTESIAN_POINT('',(-0.639645729273,-1.328124948538));
#483 = CARTESIAN_POINT('',(-0.637585173817,-1.308724258035));
#484 = CARTESIAN_POINT('',(-0.635423752358,-1.289578452339));
#485 = CARTESIAN_POINT('',(-0.633164268997,-1.270698959115));
#486 = CARTESIAN_POINT('',(-0.630809624233,-1.252096103615));
#487 = CARTESIAN_POINT('',(-0.628362814959,-1.233779108674));
#488 = CARTESIAN_POINT('',(-0.625826934465,-1.215756094712));
#489 = CARTESIAN_POINT('',(-0.619151544667,-1.170633251148));
#490 = CARTESIAN_POINT('',(-0.614893589009,-1.143958936657));
#491 = CARTESIAN_POINT('',(-0.610442215889,-1.118030468912));
#492 = CARTESIAN_POINT('',(-0.605808628925,-1.092863523914));
#493 = CARTESIAN_POINT('',(-0.601004305711,-1.068470172648));
#494 = CARTESIAN_POINT('',(-0.596040978601,-1.044858932706));
#495 = CARTESIAN_POINT('',(-0.590930615497,-1.022034819923));
#496 = CARTESIAN_POINT('',(-0.585685400636,-0.9999994));
#497 = ( GEOMETRIC_REPRESENTATION_CONTEXT(2) 
PARAMETRIC_REPRESENTATION_CONTEXT() REPRESENTATION_CONTEXT('2D SPACE',''
  ) );
#498 = PCURVE('',#262,#499);
#499 = DEFINITIONAL_REPRESENTATION('',(#500),#580);
#500 = B_SPLINE_CURVE_WITH_KNOTS('',8,(#501,#502,#503,#504,#505,#506,
    #507,#508,#509,#510,#511,#512,#513,#514,#515,#516,#517,#518,#519,
    #520,#521,#522,#523,#524,#525,#526,#527,#528,#529,#530,#531,#532,
    #533,#534,#535,#536,#537,#538,#539,#540,#541,#542,#543,#544,#545,
    #546,#547,#548,#549,#550,#551,#552,#553,#554,#555,#556,#557,#558,
    #559,#560,#561,#562,#563,#564,#565,#566,#567,#568,#569,#570,#571,
    #572,#573,#574,#575,#576,#577,#578,#579),.UNSPECIFIED.,.F.,.F.,(9,7,
    7,7,7,7,7,7,7,7,7,9),(0.,0.447214701251,0.546145551067,
    0.645688731874,0.698975187022,0.734280656732,0.758150167712,
    0.81771307278,0.88019846065,0.9059095852,0.9428636335,0.99999980553)
  ,.UNSPECIFIED.);
#501 = CARTESIAN_POINT('',(-1.610807001149,-7.9));
#502 = CARTESIAN_POINT('',(-1.610807001149,-7.598063422688));
#503 = CARTESIAN_POINT('',(-1.625442846677,-7.297712579982));
#504 = CARTESIAN_POINT('',(-1.65443753661,-6.998791219994));
#505 = CARTESIAN_POINT('',(-1.697905774641,-6.701240780242));
#506 = CARTESIAN_POINT('',(-1.756152991774,-6.405893841093));
#507 = CARTESIAN_POINT('',(-1.829830561137,-6.114654960878));
#508 = CARTESIAN_POINT('',(-1.919874047422,-5.830795235467));
#509 = CARTESIAN_POINT('',(-2.052559051898,-5.500295478679));
#510 = CARTESIAN_POINT('',(-2.077525718359,-5.441022142316));
#511 = CARTESIAN_POINT('',(-2.103446678797,-5.382421214456));
#512 = CARTESIAN_POINT('',(-2.130344959195,-5.324579677736));
#513 = CARTESIAN_POINT('',(-2.158245034795,-5.267593609883));
#514 = CARTESIAN_POINT('',(-2.187173939356,-5.211568077746));
#515 = CARTESIAN_POINT('',(-2.217162374411,-5.156617031314));
#516 = CARTESIAN_POINT('',(-2.27952165314,-5.04877665566));
#517 = CARTESIAN_POINT('',(-2.311931442647,-4.995858607917));
#518 = CARTESIAN_POINT('',(-2.345470499494,-4.94431498359));
#519 = CARTESIAN_POINT('',(-2.380135856196,-4.89434449755));
#520 = CARTESIAN_POINT('',(-2.415926658682,-4.846141855888));
#521 = CARTESIAN_POINT('',(-2.452844559636,-4.799900961329));
#522 = CARTESIAN_POINT('',(-2.490894111845,-4.755818118646));
#523 = CARTESIAN_POINT('',(-2.551061449772,-4.691760568022));
#524 = CARTESIAN_POINT('',(-2.572357541535,-4.670111479559));
#525 = CARTESIAN_POINT('',(-2.593962176073,-4.649188677197));
#526 = CARTESIAN_POINT('',(-2.615865982209,-4.629030924661));
#527 = CARTESIAN_POINT('',(-2.638059509762,-4.609675144914));
#528 = CARTESIAN_POINT('',(-2.660533260968,-4.591156518191));
#529 = CARTESIAN_POINT('',(-2.683277721897,-4.573508580033));
#530 = CARTESIAN_POINT('',(-2.721526030167,-4.54566858063));
#531 = CARTESIAN_POINT('',(-2.736881339471,-4.5349715099));
#532 = CARTESIAN_POINT('',(-2.752345359744,-4.524682166585));
#533 = CARTESIAN_POINT('',(-2.767913876052,-4.514810196777));
#534 = CARTESIAN_POINT('',(-2.783582420578,-4.505364833197));
#535 = CARTESIAN_POINT('',(-2.799346272613,-4.496354895191));
#536 = CARTESIAN_POINT('',(-2.815200458562,-4.487788788737));
#537 = CARTESIAN_POINT('',(-2.841916074742,-4.474188559018));
#538 = CARTESIAN_POINT('',(-2.852731319149,-4.468909100356));
#539 = CARTESIAN_POINT('',(-2.863583870933,-4.463838580067));
#540 = CARTESIAN_POINT('',(-2.874472078444,-4.458979325134));
#541 = CARTESIAN_POINT('',(-2.885394252605,-4.454333539912));
#542 = CARTESIAN_POINT('',(-2.896348666916,-4.449903306126));
#543 = CARTESIAN_POINT('',(-2.907333557447,-4.445690582868));
#544 = CARTESIAN_POINT('',(-2.945829879027,-4.431732314917));
#545 = CARTESIAN_POINT('',(-2.973493359195,-4.423132550579));
#546 = CARTESIAN_POINT('',(-3.001307119303,-4.415927245249));
#547 = CARTESIAN_POINT('',(-3.029241569795,-4.41013971592));
#548 = CARTESIAN_POINT('',(-3.057267408855,-4.405787366308));
#549 = CARTESIAN_POINT('',(-3.085355055655,-4.40288178825));
#550 = CARTESIAN_POINT('',(-3.113474083604,-4.401428863093));
#551 = CARTESIAN_POINT('',(-3.171090874838,-4.401428863093));
#552 = CARTESIAN_POINT('',(-3.200589631883,-4.403027885931));
#553 = CARTESIAN_POINT('',(-3.230052076426,-4.406225568695));
#554 = CARTESIAN_POINT('',(-3.259443122032,-4.411014789619));
#555 = CARTESIAN_POINT('',(-3.288728738522,-4.417381534728));
#556 = CARTESIAN_POINT('',(-3.317875246363,-4.42530476449));
#557 = CARTESIAN_POINT('',(-3.346848611064,-4.434756280467));
#558 = CARTESIAN_POINT('',(-3.387449844783,-4.450203893704));
#559 = CARTESIAN_POINT('',(-3.399251162964,-4.454960102073));
#560 = CARTESIAN_POINT('',(-3.411015463764,-4.459966817967));
#561 = CARTESIAN_POINT('',(-3.422740572193,-4.465221482422));
#562 = CARTESIAN_POINT('',(-3.434424366616,-4.470721376611));
#563 = CARTESIAN_POINT('',(-3.446064778751,-4.476463621841));
#564 = CARTESIAN_POINT('',(-3.457659793672,-4.482445179559));
#565 = CARTESIAN_POINT('',(-3.485804648494,-4.497599377761));
#566 = CARTESIAN_POINT('',(-3.502304064645,-4.507023765964));
#567 = CARTESIAN_POINT('',(-3.518699879893,-4.516926439135));
#568 = CARTESIAN_POINT('',(-3.534986592458,-4.527297371779));
#569 = CARTESIAN_POINT('',(-3.551159017151,-4.538126089729));
#570 = CARTESIAN_POINT('',(-3.567212285373,-4.549401670145));
#571 = CARTESIAN_POINT('',(-3.583141845118,-4.561112741514));
#572 = CARTESIAN_POINT('',(-3.623374988311,-4.592009506924));
#573 = CARTESIAN_POINT('',(-3.647494451787,-4.611779714448));
#574 = CARTESIAN_POINT('',(-3.671291871229,-4.632518185937));
#575 = CARTESIAN_POINT('',(-3.694757135982,-4.654183234156));
#576 = CARTESIAN_POINT('',(-3.71788007445,-4.676731277111));
#577 = CARTESIAN_POINT('',(-3.740650523632,-4.700116710245));
#578 = CARTESIAN_POINT('',(-3.763058398669,-4.724291778631));
#579 = CARTESIAN_POINT('',(-3.785093762383,-4.749206449162));
#580 = ( GEOMETRIC_REPRESENTATION_CONTEXT(2) 
PARAMETRIC_REPRESENTATION_CONTEXT() REPRESENTATION_CONTEXT('2D SPACE',''
  ) );
#581 = ORIENTED_EDGE('',*,*,#582,.T.);
#582 = EDGE_CURVE('',#332,#583,#585,.T.);
#583 = VERTEX_POINT('',#584);
#584 = CARTESIAN_POINT('',(-9.05,-22.5,13.5));
#585 = SURFACE_CURVE('',#586,(#590,#597),.PCURVE_S1.);
#586 = LINE('',#587,#588);
#587 = CARTESIAN_POINT('',(-9.05,-34.5,13.5));
#588 = VECTOR('',#589,1.);
#589 = DIRECTION('',(0.,1.,1.110223024625E-16));
#590 = PCURVE('',#231,#591);
#591 = DEFINITIONAL_REPRESENTATION('',(#592),#596);
#592 = LINE('',#593,#594);
#593 = CARTESIAN_POINT('',(-0.,0.));
#594 = VECTOR('',#595,1.);
#595 = DIRECTION('',(-0.,-1.));
#596 = ( GEOMETRIC_REPRESENTATION_CONTEXT(2) 
PARAMETRIC_REPRESENTATION_CONTEXT() REPRESENTATION_CONTEXT('2D SPACE',''
  ) );
#597 = PCURVE('',#180,#598);
#598 = DEFINITIONAL_REPRESENTATION('',(#599),#603);
#599 = LINE('',#600,#601);
#600 = CARTESIAN_POINT('',(2.45,-1.));
#601 = VECTOR('',#602,1.);
#602 = DIRECTION('',(0.,1.));
#603 = ( GEOMETRIC_REPRESENTATION_CONTEXT(2) 
PARAMETRIC_REPRESENTATION_CONTEXT() REPRESENTATION_CONTEXT('2D SPACE',''
  ) );
#604 = ORIENTED_EDGE('',*,*,#605,.T.);
#605 = EDGE_CURVE('',#583,#193,#606,.T.);
#606 = SURFACE_CURVE('',#607,(#612,#619),.PCURVE_S1.);
#607 = CIRCLE('',#608,5.7);
#608 = AXIS2_PLACEMENT_3D('',#609,#610,#611);
#609 = CARTESIAN_POINT('',(-14.75,-22.5,13.5));
#610 = DIRECTION('',(-0.,1.,1.110223024625E-16));
#611 = DIRECTION('',(1.,0.,0.));
#612 = PCURVE('',#231,#613);
#613 = DEFINITIONAL_REPRESENTATION('',(#614),#618);
#614 = LINE('',#615,#616);
#615 = CARTESIAN_POINT('',(-0.,-12.));
#616 = VECTOR('',#617,1.);
#617 = DIRECTION('',(-1.,0.));
#618 = ( GEOMETRIC_REPRESENTATION_CONTEXT(2) 
PARAMETRIC_REPRESENTATION_CONTEXT() REPRESENTATION_CONTEXT('2D SPACE',''
  ) );
#619 = PCURVE('',#207,#620);
#620 = DEFINITIONAL_REPRESENTATION('',(#621),#625);
#621 = CIRCLE('',#622,5.7);
#622 = AXIS2_PLACEMENT_2D('',#623,#624);
#623 = CARTESIAN_POINT('',(0.,-1.7763568394E-15));
#624 = DIRECTION('',(1.,0.));
#625 = ( GEOMETRIC_REPRESENTATION_CONTEXT(2) 
PARAMETRIC_REPRESENTATION_CONTEXT() REPRESENTATION_CONTEXT('2D SPACE',''
  ) );
#626 = ADVANCED_FACE('',(#627),#207,.F.);
#627 = FACE_BOUND('',#628,.F.);
#628 = EDGE_LOOP('',(#629,#648,#649));
#629 = ORIENTED_EDGE('',*,*,#630,.F.);
#630 = EDGE_CURVE('',#583,#165,#631,.T.);
#631 = SURFACE_CURVE('',#632,(#636,#642),.PCURVE_S1.);
#632 = LINE('',#633,#634);
#633 = CARTESIAN_POINT('',(-13.125,-22.5,13.5));
#634 = VECTOR('',#635,1.);
#635 = DIRECTION('',(-1.,0.,0.));
#636 = PCURVE('',#207,#637);
#637 = DEFINITIONAL_REPRESENTATION('',(#638),#641);
#638 = B_SPLINE_CURVE_WITH_KNOTS('',1,(#639,#640),.UNSPECIFIED.,.F.,.F.,
  (2,2),(-4.075,-1.625),.PIECEWISE_BEZIER_KNOTS.);
#639 = CARTESIAN_POINT('',(5.7,0.));
#640 = CARTESIAN_POINT('',(3.25,0.));
#641 = ( GEOMETRIC_REPRESENTATION_CONTEXT(2) 
PARAMETRIC_REPRESENTATION_CONTEXT() REPRESENTATION_CONTEXT('2D SPACE',''
  ) );
#642 = PCURVE('',#180,#643);
#643 = DEFINITIONAL_REPRESENTATION('',(#644),#647);
#644 = B_SPLINE_CURVE_WITH_KNOTS('',1,(#645,#646),.UNSPECIFIED.,.F.,.F.,
  (2,2),(-4.075,-1.625),.PIECEWISE_BEZIER_KNOTS.);
#645 = CARTESIAN_POINT('',(2.45,11.));
#646 = CARTESIAN_POINT('',(0.,11.));
#647 = ( GEOMETRIC_REPRESENTATION_CONTEXT(2) 
PARAMETRIC_REPRESENTATION_CONTEXT() REPRESENTATION_CONTEXT('2D SPACE',''
  ) );
#648 = ORIENTED_EDGE('',*,*,#605,.T.);
#649 = ORIENTED_EDGE('',*,*,#192,.T.);
#650 = ADVANCED_FACE('',(#651,#833,#868,#903),#180,.T.);
#651 = FACE_BOUND('',#652,.T.);
#652 = EDGE_LOOP('',(#653,#683,#712,#735,#754,#755,#756,#757,#781,#809)
  );
#653 = ORIENTED_EDGE('',*,*,#654,.F.);
#654 = EDGE_CURVE('',#655,#657,#659,.T.);
#655 = VERTEX_POINT('',#656);
#656 = CARTESIAN_POINT('',(-8.,33.5,13.5));
#657 = VERTEX_POINT('',#658);
#658 = CARTESIAN_POINT('',(-7.2,33.5,13.5));
#659 = SURFACE_CURVE('',#660,(#664,#671),.PCURVE_S1.);
#660 = LINE('',#661,#662);
#661 = CARTESIAN_POINT('',(-11.5,33.5,13.5));
#662 = VECTOR('',#663,1.);
#663 = DIRECTION('',(1.,0.,0.));
#664 = PCURVE('',#180,#665);
#665 = DEFINITIONAL_REPRESENTATION('',(#666),#670);
#666 = LINE('',#667,#668);
#667 = CARTESIAN_POINT('',(0.,67.));
#668 = VECTOR('',#669,1.);
#669 = DIRECTION('',(1.,0.));
#670 = ( GEOMETRIC_REPRESENTATION_CONTEXT(2) 
PARAMETRIC_REPRESENTATION_CONTEXT() REPRESENTATION_CONTEXT('2D SPACE',''
  ) );
#671 = PCURVE('',#672,#677);
#672 = PLANE('',#673);
#673 = AXIS2_PLACEMENT_3D('',#674,#675,#676);
#674 = CARTESIAN_POINT('',(-11.5,33.5,6.6));
#675 = DIRECTION('',(0.,1.,0.));
#676 = DIRECTION('',(0.,0.,1.));
#677 = DEFINITIONAL_REPRESENTATION('',(#678),#682);
#678 = LINE('',#679,#680);
#679 = CARTESIAN_POINT('',(6.9,0.));
#680 = VECTOR('',#681,1.);
#681 = DIRECTION('',(0.,1.));
#682 = ( GEOMETRIC_REPRESENTATION_CONTEXT(2) 
PARAMETRIC_REPRESENTATION_CONTEXT() REPRESENTATION_CONTEXT('2D SPACE',''
  ) );
#683 = ORIENTED_EDGE('',*,*,#684,.F.);
#684 = EDGE_CURVE('',#685,#655,#687,.T.);
#685 = VERTEX_POINT('',#686);
#686 = CARTESIAN_POINT('',(-9.05,31.50100040032,13.5));
#687 = SURFACE_CURVE('',#688,(#693,#700),.PCURVE_S1.);
#688 = CIRCLE('',#689,1.25);
#689 = AXIS2_PLACEMENT_3D('',#690,#691,#692);
#690 = CARTESIAN_POINT('',(-9.,32.75,13.5));
#691 = DIRECTION('',(-2.42451468839E-29,1.422223705961E-15,1.));
#692 = DIRECTION('',(-4.E-02,-0.999199679744,1.42108547152E-15));
#693 = PCURVE('',#180,#694);
#694 = DEFINITIONAL_REPRESENTATION('',(#695),#699);
#695 = CIRCLE('',#696,1.25);
#696 = AXIS2_PLACEMENT_2D('',#697,#698);
#697 = CARTESIAN_POINT('',(2.5,66.25));
#698 = DIRECTION('',(-4.E-02,-0.999199679744));
#699 = ( GEOMETRIC_REPRESENTATION_CONTEXT(2) 
PARAMETRIC_REPRESENTATION_CONTEXT() REPRESENTATION_CONTEXT('2D SPACE',''
  ) );
#700 = PCURVE('',#701,#706);
#701 = CYLINDRICAL_SURFACE('',#702,1.25);
#702 = AXIS2_PLACEMENT_3D('',#703,#704,#705);
#703 = CARTESIAN_POINT('',(-9.,32.75,5.6));
#704 = DIRECTION('',(-0.,-0.,-1.));
#705 = DIRECTION('',(1.,0.,0.));
#706 = DEFINITIONAL_REPRESENTATION('',(#707),#711);
#707 = LINE('',#708,#709);
#708 = CARTESIAN_POINT('',(-4.672378306031,-7.9));
#709 = VECTOR('',#710,1.);
#710 = DIRECTION('',(-1.,-0.));
#711 = ( GEOMETRIC_REPRESENTATION_CONTEXT(2) 
PARAMETRIC_REPRESENTATION_CONTEXT() REPRESENTATION_CONTEXT('2D SPACE',''
  ) );
#712 = ORIENTED_EDGE('',*,*,#713,.F.);
#713 = EDGE_CURVE('',#714,#685,#716,.T.);
#714 = VERTEX_POINT('',#715);
#715 = CARTESIAN_POINT('',(-9.05,22.5,13.5));
#716 = SURFACE_CURVE('',#717,(#721,#728),.PCURVE_S1.);
#717 = LINE('',#718,#719);
#718 = CARTESIAN_POINT('',(-9.05,22.5,13.5));
#719 = VECTOR('',#720,1.);
#720 = DIRECTION('',(0.,1.,1.110223024625E-16));
#721 = PCURVE('',#180,#722);
#722 = DEFINITIONAL_REPRESENTATION('',(#723),#727);
#723 = LINE('',#724,#725);
#724 = CARTESIAN_POINT('',(2.45,56.));
#725 = VECTOR('',#726,1.);
#726 = DIRECTION('',(0.,1.));
#727 = ( GEOMETRIC_REPRESENTATION_CONTEXT(2) 
PARAMETRIC_REPRESENTATION_CONTEXT() REPRESENTATION_CONTEXT('2D SPACE',''
  ) );
#728 = PCURVE('',#127,#729);
#729 = DEFINITIONAL_REPRESENTATION('',(#730),#734);
#730 = LINE('',#731,#732);
#731 = CARTESIAN_POINT('',(-0.,0.));
#732 = VECTOR('',#733,1.);
#733 = DIRECTION('',(-0.,-1.));
#734 = ( GEOMETRIC_REPRESENTATION_CONTEXT(2) 
PARAMETRIC_REPRESENTATION_CONTEXT() REPRESENTATION_CONTEXT('2D SPACE',''
  ) );
#735 = ORIENTED_EDGE('',*,*,#736,.T.);
#736 = EDGE_CURVE('',#714,#139,#737,.T.);
#737 = SURFACE_CURVE('',#738,(#742,#748),.PCURVE_S1.);
#738 = LINE('',#739,#740);
#739 = CARTESIAN_POINT('',(-13.125,22.5,13.5));
#740 = VECTOR('',#741,1.);
#741 = DIRECTION('',(-1.,0.,0.));
#742 = PCURVE('',#180,#743);
#743 = DEFINITIONAL_REPRESENTATION('',(#744),#747);
#744 = B_SPLINE_CURVE_WITH_KNOTS('',1,(#745,#746),.UNSPECIFIED.,.F.,.F.,
  (2,2),(-4.075,-1.625),.PIECEWISE_BEZIER_KNOTS.);
#745 = CARTESIAN_POINT('',(2.45,56.));
#746 = CARTESIAN_POINT('',(0.,56.));
#747 = ( GEOMETRIC_REPRESENTATION_CONTEXT(2) 
PARAMETRIC_REPRESENTATION_CONTEXT() REPRESENTATION_CONTEXT('2D SPACE',''
  ) );
#748 = PCURVE('',#153,#749);
#749 = DEFINITIONAL_REPRESENTATION('',(#750),#753);
#750 = B_SPLINE_CURVE_WITH_KNOTS('',1,(#751,#752),.UNSPECIFIED.,.F.,.F.,
  (2,2),(-4.075,-1.625),.PIECEWISE_BEZIER_KNOTS.);
#751 = CARTESIAN_POINT('',(5.7,0.));
#752 = CARTESIAN_POINT('',(3.25,0.));
#753 = ( GEOMETRIC_REPRESENTATION_CONTEXT(2) 
PARAMETRIC_REPRESENTATION_CONTEXT() REPRESENTATION_CONTEXT('2D SPACE',''
  ) );
#754 = ORIENTED_EDGE('',*,*,#164,.F.);
#755 = ORIENTED_EDGE('',*,*,#630,.F.);
#756 = ORIENTED_EDGE('',*,*,#582,.F.);
#757 = ORIENTED_EDGE('',*,*,#758,.F.);
#758 = EDGE_CURVE('',#759,#332,#761,.T.);
#759 = VERTEX_POINT('',#760);
#760 = CARTESIAN_POINT('',(-8.,-33.5,13.5));
#761 = SURFACE_CURVE('',#762,(#767,#774),.PCURVE_S1.);
#762 = CIRCLE('',#763,1.25);
#763 = AXIS2_PLACEMENT_3D('',#764,#765,#766);
#764 = CARTESIAN_POINT('',(-9.,-32.75,13.5));
#765 = DIRECTION('',(0.,0.,1.));
#766 = DIRECTION('',(0.8,-0.6,0.));
#767 = PCURVE('',#180,#768);
#768 = DEFINITIONAL_REPRESENTATION('',(#769),#773);
#769 = CIRCLE('',#770,1.25);
#770 = AXIS2_PLACEMENT_2D('',#771,#772);
#771 = CARTESIAN_POINT('',(2.5,0.75));
#772 = DIRECTION('',(0.8,-0.6));
#773 = ( GEOMETRIC_REPRESENTATION_CONTEXT(2) 
PARAMETRIC_REPRESENTATION_CONTEXT() REPRESENTATION_CONTEXT('2D SPACE',''
  ) );
#774 = PCURVE('',#262,#775);
#775 = DEFINITIONAL_REPRESENTATION('',(#776),#780);
#776 = LINE('',#777,#778);
#777 = CARTESIAN_POINT('',(0.643501108793,-7.9));
#778 = VECTOR('',#779,1.);
#779 = DIRECTION('',(-1.,-0.));
#780 = ( GEOMETRIC_REPRESENTATION_CONTEXT(2) 
PARAMETRIC_REPRESENTATION_CONTEXT() REPRESENTATION_CONTEXT('2D SPACE',''
  ) );
#781 = ORIENTED_EDGE('',*,*,#782,.T.);
#782 = EDGE_CURVE('',#759,#783,#785,.T.);
#783 = VERTEX_POINT('',#784);
#784 = CARTESIAN_POINT('',(-7.2,-33.5,13.5));
#785 = SURFACE_CURVE('',#786,(#790,#797),.PCURVE_S1.);
#786 = LINE('',#787,#788);
#787 = CARTESIAN_POINT('',(-11.5,-33.5,13.5));
#788 = VECTOR('',#789,1.);
#789 = DIRECTION('',(1.,0.,0.));
#790 = PCURVE('',#180,#791);
#791 = DEFINITIONAL_REPRESENTATION('',(#792),#796);
#792 = LINE('',#793,#794);
#793 = CARTESIAN_POINT('',(0.,0.));
#794 = VECTOR('',#795,1.);
#795 = DIRECTION('',(1.,0.));
#796 = ( GEOMETRIC_REPRESENTATION_CONTEXT(2) 
PARAMETRIC_REPRESENTATION_CONTEXT() REPRESENTATION_CONTEXT('2D SPACE',''
  ) );
#797 = PCURVE('',#798,#803);
#798 = PLANE('',#799);
#799 = AXIS2_PLACEMENT_3D('',#800,#801,#802);
#800 = CARTESIAN_POINT('',(-11.5,-33.5,6.6));
#801 = DIRECTION('',(0.,1.,0.));
#802 = DIRECTION('',(0.,0.,1.));
#803 = DEFINITIONAL_REPRESENTATION('',(#804),#808);
#804 = LINE('',#805,#806);
#805 = CARTESIAN_POINT('',(6.9,0.));
#806 = VECTOR('',#807,1.);
#807 = DIRECTION('',(0.,1.));
#808 = ( GEOMETRIC_REPRESENTATION_CONTEXT(2) 
PARAMETRIC_REPRESENTATION_CONTEXT() REPRESENTATION_CONTEXT('2D SPACE',''
  ) );
#809 = ORIENTED_EDGE('',*,*,#810,.T.);
#810 = EDGE_CURVE('',#783,#657,#811,.T.);
#811 = SURFACE_CURVE('',#812,(#816,#822),.PCURVE_S1.);
#812 = LINE('',#813,#814);
#813 = CARTESIAN_POINT('',(-7.2,-34.,13.5));
#814 = VECTOR('',#815,1.);
#815 = DIRECTION('',(0.,1.,0.));
#816 = PCURVE('',#180,#817);
#817 = DEFINITIONAL_REPRESENTATION('',(#818),#821);
#818 = B_SPLINE_CURVE_WITH_KNOTS('',1,(#819,#820),.UNSPECIFIED.,.F.,.F.,
  (2,2),(0.5,67.5),.PIECEWISE_BEZIER_KNOTS.);
#819 = CARTESIAN_POINT('',(4.3,0.));
#820 = CARTESIAN_POINT('',(4.3,67.));
#821 = ( GEOMETRIC_REPRESENTATION_CONTEXT(2) 
PARAMETRIC_REPRESENTATION_CONTEXT() REPRESENTATION_CONTEXT('2D SPACE',''
  ) );
#822 = PCURVE('',#823,#828);
#823 = PLANE('',#824);
#824 = AXIS2_PLACEMENT_3D('',#825,#826,#827);
#825 = CARTESIAN_POINT('',(-7.2,-34.5,7.3));
#826 = DIRECTION('',(1.,0.,0.));
#827 = DIRECTION('',(0.,0.,1.));
#828 = DEFINITIONAL_REPRESENTATION('',(#829),#832);
#829 = B_SPLINE_CURVE_WITH_KNOTS('',1,(#830,#831),.UNSPECIFIED.,.F.,.F.,
  (2,2),(0.5,67.5),.PIECEWISE_BEZIER_KNOTS.);
#830 = CARTESIAN_POINT('',(6.2,-1.));
#831 = CARTESIAN_POINT('',(6.2,-68.));
#832 = ( GEOMETRIC_REPRESENTATION_CONTEXT(2) 
PARAMETRIC_REPRESENTATION_CONTEXT() REPRESENTATION_CONTEXT('2D SPACE',''
  ) );
#833 = FACE_BOUND('',#834,.T.);
#834 = EDGE_LOOP('',(#835));
#835 = ORIENTED_EDGE('',*,*,#836,.T.);
#836 = EDGE_CURVE('',#837,#837,#839,.T.);
#837 = VERTEX_POINT('',#838);
#838 = CARTESIAN_POINT('',(-8.45,-20.,13.5));
#839 = SURFACE_CURVE('',#840,(#845,#856),.PCURVE_S1.);
#840 = CIRCLE('',#841,0.85);
#841 = AXIS2_PLACEMENT_3D('',#842,#843,#844);
#842 = CARTESIAN_POINT('',(-9.3,-20.,13.5));
#843 = DIRECTION('',(0.,0.,-1.));
#844 = DIRECTION('',(1.,0.,0.));
#845 = PCURVE('',#180,#846);
#846 = DEFINITIONAL_REPRESENTATION('',(#847),#855);
#847 = ( BOUNDED_CURVE() B_SPLINE_CURVE(2,(#848,#849,#850,#851,#852,#853
,#854),.UNSPECIFIED.,.T.,.F.) B_SPLINE_CURVE_WITH_KNOTS((1,2,2,2,2,1),(
    -2.094395102393,0.,2.094395102393,4.188790204786,6.28318530718,
8.377580409573),.UNSPECIFIED.) CURVE() GEOMETRIC_REPRESENTATION_ITEM() 
RATIONAL_B_SPLINE_CURVE((1.,0.5,1.,0.5,1.,0.5,1.)) REPRESENTATION_ITEM(
  '') );
#848 = CARTESIAN_POINT('',(3.05,13.5));
#849 = CARTESIAN_POINT('',(3.05,12.027756813566));
#850 = CARTESIAN_POINT('',(1.775,12.763878406783));
#851 = CARTESIAN_POINT('',(0.5,13.5));
#852 = CARTESIAN_POINT('',(1.775,14.236121593217));
#853 = CARTESIAN_POINT('',(3.05,14.972243186434));
#854 = CARTESIAN_POINT('',(3.05,13.5));
#855 = ( GEOMETRIC_REPRESENTATION_CONTEXT(2) 
PARAMETRIC_REPRESENTATION_CONTEXT() REPRESENTATION_CONTEXT('2D SPACE',''
  ) );
#856 = PCURVE('',#857,#862);
#857 = CYLINDRICAL_SURFACE('',#858,0.85);
#858 = AXIS2_PLACEMENT_3D('',#859,#860,#861);
#859 = CARTESIAN_POINT('',(-9.3,-20.,5.6));
#860 = DIRECTION('',(-0.,-0.,-1.));
#861 = DIRECTION('',(1.,0.,0.));
#862 = DEFINITIONAL_REPRESENTATION('',(#863),#867);
#863 = LINE('',#864,#865);
#864 = CARTESIAN_POINT('',(-6.28318530718,-7.9));
#865 = VECTOR('',#866,1.);
#866 = DIRECTION('',(1.,-0.));
#867 = ( GEOMETRIC_REPRESENTATION_CONTEXT(2) 
PARAMETRIC_REPRESENTATION_CONTEXT() REPRESENTATION_CONTEXT('2D SPACE',''
  ) );
#868 = FACE_BOUND('',#869,.T.);
#869 = EDGE_LOOP('',(#870));
#870 = ORIENTED_EDGE('',*,*,#871,.T.);
#871 = EDGE_CURVE('',#872,#872,#874,.T.);
#872 = VERTEX_POINT('',#873);
#873 = CARTESIAN_POINT('',(-8.45,0.,13.5));
#874 = SURFACE_CURVE('',#875,(#880,#891),.PCURVE_S1.);
#875 = CIRCLE('',#876,0.85);
#876 = AXIS2_PLACEMENT_3D('',#877,#878,#879);
#877 = CARTESIAN_POINT('',(-9.3,0.,13.5));
#878 = DIRECTION('',(0.,0.,-1.));
#879 = DIRECTION('',(1.,0.,0.));
#880 = PCURVE('',#180,#881);
#881 = DEFINITIONAL_REPRESENTATION('',(#882),#890);
#882 = ( BOUNDED_CURVE() B_SPLINE_CURVE(2,(#883,#884,#885,#886,#887,#888
,#889),.UNSPECIFIED.,.T.,.F.) B_SPLINE_CURVE_WITH_KNOTS((1,2,2,2,2,1),(
    -2.094395102393,0.,2.094395102393,4.188790204786,6.28318530718,
8.377580409573),.UNSPECIFIED.) CURVE() GEOMETRIC_REPRESENTATION_ITEM() 
RATIONAL_B_SPLINE_CURVE((1.,0.5,1.,0.5,1.,0.5,1.)) REPRESENTATION_ITEM(
  '') );
#883 = CARTESIAN_POINT('',(3.05,33.5));
#884 = CARTESIAN_POINT('',(3.05,32.027756813566));
#885 = CARTESIAN_POINT('',(1.775,32.763878406783));
#886 = CARTESIAN_POINT('',(0.5,33.5));
#887 = CARTESIAN_POINT('',(1.775,34.236121593217));
#888 = CARTESIAN_POINT('',(3.05,34.972243186434));
#889 = CARTESIAN_POINT('',(3.05,33.5));
#890 = ( GEOMETRIC_REPRESENTATION_CONTEXT(2) 
PARAMETRIC_REPRESENTATION_CONTEXT() REPRESENTATION_CONTEXT('2D SPACE',''
  ) );
#891 = PCURVE('',#892,#897);
#892 = CYLINDRICAL_SURFACE('',#893,0.85);
#893 = AXIS2_PLACEMENT_3D('',#894,#895,#896);
#894 = CARTESIAN_POINT('',(-9.3,0.,5.6));
#895 = DIRECTION('',(-0.,-0.,-1.));
#896 = DIRECTION('',(1.,0.,0.));
#897 = DEFINITIONAL_REPRESENTATION('',(#898),#902);
#898 = LINE('',#899,#900);
#899 = CARTESIAN_POINT('',(-6.28318530718,-7.9));
#900 = VECTOR('',#901,1.);
#901 = DIRECTION('',(1.,-0.));
#902 = ( GEOMETRIC_REPRESENTATION_CONTEXT(2) 
PARAMETRIC_REPRESENTATION_CONTEXT() REPRESENTATION_CONTEXT('2D SPACE',''
  ) );
#903 = FACE_BOUND('',#904,.T.);
#904 = EDGE_LOOP('',(#905));
#905 = ORIENTED_EDGE('',*,*,#906,.T.);
#906 = EDGE_CURVE('',#907,#907,#909,.T.);
#907 = VERTEX_POINT('',#908);
#908 = CARTESIAN_POINT('',(-8.45,20.,13.5));
#909 = SURFACE_CURVE('',#910,(#915,#926),.PCURVE_S1.);
#910 = CIRCLE('',#911,0.85);
#911 = AXIS2_PLACEMENT_3D('',#912,#913,#914);
#912 = CARTESIAN_POINT('',(-9.3,20.,13.5));
#913 = DIRECTION('',(0.,0.,-1.));
#914 = DIRECTION('',(1.,0.,0.));
#915 = PCURVE('',#180,#916);
#916 = DEFINITIONAL_REPRESENTATION('',(#917),#925);
#917 = ( BOUNDED_CURVE() B_SPLINE_CURVE(2,(#918,#919,#920,#921,#922,#923
,#924),.UNSPECIFIED.,.T.,.F.) B_SPLINE_CURVE_WITH_KNOTS((1,2,2,2,2,1),(
    -2.094395102393,0.,2.094395102393,4.188790204786,6.28318530718,
8.377580409573),.UNSPECIFIED.) CURVE() GEOMETRIC_REPRESENTATION_ITEM() 
RATIONAL_B_SPLINE_CURVE((1.,0.5,1.,0.5,1.,0.5,1.)) REPRESENTATION_ITEM(
  '') );
#918 = CARTESIAN_POINT('',(3.05,53.5));
#919 = CARTESIAN_POINT('',(3.05,52.027756813566));
#920 = CARTESIAN_POINT('',(1.775,52.763878406783));
#921 = CARTESIAN_POINT('',(0.5,53.5));
#922 = CARTESIAN_POINT('',(1.775,54.236121593217));
#923 = CARTESIAN_POINT('',(3.05,54.972243186434));
#924 = CARTESIAN_POINT('',(3.05,53.5));
#925 = ( GEOMETRIC_REPRESENTATION_CONTEXT(2) 
PARAMETRIC_REPRESENTATION_CONTEXT() REPRESENTATION_CONTEXT('2D SPACE',''
  ) );
#926 = PCURVE('',#927,#932);
#927 = CYLINDRICAL_SURFACE('',#928,0.85);
#928 = AXIS2_PLACEMENT_3D('',#929,#930,#931);
#929 = CARTESIAN_POINT('',(-9.3,20.,5.6));
#930 = DIRECTION('',(-0.,-0.,-1.));
#931 = DIRECTION('',(1.,0.,0.));
#932 = DEFINITIONAL_REPRESENTATION('',(#933),#937);
#933 = LINE('',#934,#935);
#934 = CARTESIAN_POINT('',(-6.28318530718,-7.9));
#935 = VECTOR('',#936,1.);
#936 = DIRECTION('',(1.,-0.));
#937 = ( GEOMETRIC_REPRESENTATION_CONTEXT(2) 
PARAMETRIC_REPRESENTATION_CONTEXT() REPRESENTATION_CONTEXT('2D SPACE',''
  ) );
#938 = ADVANCED_FACE('',(#939),#153,.T.);
#939 = FACE_BOUND('',#940,.T.);
#940 = EDGE_LOOP('',(#941,#942,#964));
#941 = ORIENTED_EDGE('',*,*,#736,.F.);
#942 = ORIENTED_EDGE('',*,*,#943,.T.);
#943 = EDGE_CURVE('',#714,#113,#944,.T.);
#944 = SURFACE_CURVE('',#945,(#950,#957),.PCURVE_S1.);
#945 = CIRCLE('',#946,5.7);
#946 = AXIS2_PLACEMENT_3D('',#947,#948,#949);
#947 = CARTESIAN_POINT('',(-14.75,22.5,13.5));
#948 = DIRECTION('',(-0.,1.,1.110223024625E-16));
#949 = DIRECTION('',(1.,0.,0.));
#950 = PCURVE('',#153,#951);
#951 = DEFINITIONAL_REPRESENTATION('',(#952),#956);
#952 = CIRCLE('',#953,5.7);
#953 = AXIS2_PLACEMENT_2D('',#954,#955);
#954 = CARTESIAN_POINT('',(0.,0.));
#955 = DIRECTION('',(1.,0.));
#956 = ( GEOMETRIC_REPRESENTATION_CONTEXT(2) 
PARAMETRIC_REPRESENTATION_CONTEXT() REPRESENTATION_CONTEXT('2D SPACE',''
  ) );
#957 = PCURVE('',#127,#958);
#958 = DEFINITIONAL_REPRESENTATION('',(#959),#963);
#959 = LINE('',#960,#961);
#960 = CARTESIAN_POINT('',(-0.,0.));
#961 = VECTOR('',#962,1.);
#962 = DIRECTION('',(-1.,0.));
#963 = ( GEOMETRIC_REPRESENTATION_CONTEXT(2) 
PARAMETRIC_REPRESENTATION_CONTEXT() REPRESENTATION_CONTEXT('2D SPACE',''
  ) );
#964 = ORIENTED_EDGE('',*,*,#138,.T.);
#965 = ADVANCED_FACE('',(#966),#127,.F.);
#966 = FACE_BOUND('',#967,.T.);
#967 = EDGE_LOOP('',(#968,#969,#970,#1221,#1247));
#968 = ORIENTED_EDGE('',*,*,#943,.F.);
#969 = ORIENTED_EDGE('',*,*,#713,.T.);
#970 = ORIENTED_EDGE('',*,*,#971,.F.);
#971 = EDGE_CURVE('',#972,#685,#974,.T.);
#972 = VERTEX_POINT('',#973);
#973 = CARTESIAN_POINT('',(-10.,33.5,10.349206449162));
#974 = SURFACE_CURVE('',#975,(#1055,#1138),.PCURVE_S1.);
#975 = B_SPLINE_CURVE_WITH_KNOTS('',8,(#976,#977,#978,#979,#980,#981,
    #982,#983,#984,#985,#986,#987,#988,#989,#990,#991,#992,#993,#994,
    #995,#996,#997,#998,#999,#1000,#1001,#1002,#1003,#1004,#1005,#1006,
    #1007,#1008,#1009,#1010,#1011,#1012,#1013,#1014,#1015,#1016,#1017,
    #1018,#1019,#1020,#1021,#1022,#1023,#1024,#1025,#1026,#1027,#1028,
    #1029,#1030,#1031,#1032,#1033,#1034,#1035,#1036,#1037,#1038,#1039,
    #1040,#1041,#1042,#1043,#1044,#1045,#1046,#1047,#1048,#1049,#1050,
    #1051,#1052,#1053,#1054),.UNSPECIFIED.,.F.,.F.,(9,7,7,7,7,7,7,7,7,7,
    7,9),(0.,5.75393700377E-02,9.401255637738E-02,0.119802271593,
    0.182375146326,0.238230499568,0.260738398322,0.292958295675,
    0.341347699125,0.425521180464,0.530560497713,1.),.UNSPECIFIED.);
#976 = CARTESIAN_POINT('',(-9.99999955,33.5000006,10.349207127563));
#977 = CARTESIAN_POINT('',(-10.01663454865,33.477820629514,
    10.324128915725));
#978 = CARTESIAN_POINT('',(-10.03299047047,33.45484146338,
    10.299799907412));
#979 = CARTESIAN_POINT('',(-10.04901372227,33.431064732204,
    10.27627119925));
#980 = CARTESIAN_POINT('',(-10.06465003827,33.406495615433,
    10.253591536935));
#981 = CARTESIAN_POINT('',(-10.0798448767,33.381142894676,
    10.231807447802));
#982 = CARTESIAN_POINT('',(-10.09454381635,33.355019007022,
    10.210963373371));
#983 = CARTESIAN_POINT('',(-10.10869295311,33.328140098359,
    10.191101801914));
#984 = CARTESIAN_POINT('',(-10.13082608355,33.283022038031,
    10.160322072732));
#985 = CARTESIAN_POINT('',(-10.13916937206,33.265225482841,
    10.148793756289));
#986 = CARTESIAN_POINT('',(-10.14725481135,33.247143202728,
    10.137689781334));
#987 = CARTESIAN_POINT('',(-10.15506841131,33.228783033478,
    10.127021051677));
#988 = CARTESIAN_POINT('',(-10.16259654244,33.210153855055,
    10.116798045287));
#989 = CARTESIAN_POINT('',(-10.16982593594,33.191265591604,
    10.107030814293));
#990 = CARTESIAN_POINT('',(-10.17674368362,33.172129211447,
    10.097728984981));
#991 = CARTESIAN_POINT('',(-10.18799945441,33.139058695609,
    10.082660140377));
#992 = CARTESIAN_POINT('',(-10.1924996659,33.125242582005,
    10.076655761113));
#993 = CARTESIAN_POINT('',(-10.19683347893,33.11131264481,
    10.070891846681));
#994 = CARTESIAN_POINT('',(-10.20099668998,33.097273362579,
    10.06537146237));
#995 = CARTESIAN_POINT('',(-10.20498528547,33.08312943389,
    10.060097512086));
#996 = CARTESIAN_POINT('',(-10.20879544175,33.068885777343,
    10.055072738343));
#997 = CARTESIAN_POINT('',(-10.21242352516,33.05454753156,
    10.050299722273));
#998 = CARTESIAN_POINT('',(-10.22421869684,33.005115067177,
    10.034816950028));
#999 = CARTESIAN_POINT('',(-10.23148007256,32.969581394294,
    10.025348357338));
#1000 = CARTESIAN_POINT('',(-10.23760033885,32.933599004951,
    10.017410725914));
#1001 = CARTESIAN_POINT('',(-10.24253870149,32.897251653361,
    10.011032356917));
#1002 = CARTESIAN_POINT('',(-10.2462638944,32.860626518614,
    10.006234366353));
#1003 = CARTESIAN_POINT('',(-10.24875462174,32.823813843746,
    10.003030819129));
#1004 = CARTESIAN_POINT('',(-10.25,32.786906574821,10.001428863093));
#1005 = CARTESIAN_POINT('',(-10.25,32.717055536727,10.001428863093));
#1006 = CARTESIAN_POINT('',(-10.24900767304,32.68411063372,
    10.002705285604));
#1007 = CARTESIAN_POINT('',(-10.24702303207,32.651232841602,
    10.005257944931));
#1008 = CARTESIAN_POINT('',(-10.24405296503,32.618488359886,
    10.009082299457));
#1009 = CARTESIAN_POINT('',(-10.24011100928,32.585941834777,
    10.01416938196));
#1010 = CARTESIAN_POINT('',(-10.23521712608,32.553656156972,
    10.02050572993));
#1011 = CARTESIAN_POINT('',(-10.22939747496,32.52169225946,
    10.028073315881));
#1012 = CARTESIAN_POINT('',(-10.21997895102,32.477381850307,
    10.040385986693));
#1013 = CARTESIAN_POINT('',(-10.217128532,32.464716267459,
    10.044118824287));
#1014 = CARTESIAN_POINT('',(-10.21413501061,32.452115885105,
    10.048046542465));
#1015 = CARTESIAN_POINT('',(-10.21100059025,32.439584304453,
    10.052167593211));
#1016 = CARTESIAN_POINT('',(-10.20772759832,32.427125009597,
    10.056480328479));
#1017 = CARTESIAN_POINT('',(-10.20431848615,32.414741367517,
    10.060983000189));
#1018 = CARTESIAN_POINT('',(-10.20077582904,32.402436628075,
    10.065673760232));
#1019 = CARTESIAN_POINT('',(-10.19184373308,32.372717209894,
    10.077531908546));
#1020 = CARTESIAN_POINT('',(-10.18631692805,32.355388542739,
    10.08489463922));
#1021 = CARTESIAN_POINT('',(-10.18052989783,32.338237114809,
    10.092633099334));
#1022 = CARTESIAN_POINT('',(-10.17449094653,32.3212715079,
    10.100741218696));
#1023 = CARTESIAN_POINT('',(-10.16820869571,32.304499693348,
    10.109212610075));
#1024 = CARTESIAN_POINT('',(-10.16169208434,32.287929032031,
    10.118040569205));
#1025 = CARTESIAN_POINT('',(-10.1549503688,32.271566274368,
    10.127218074777));
#1026 = CARTESIAN_POINT('',(-10.13754439394,32.231164638881,
    10.151034955829));
#1027 = CARTESIAN_POINT('',(-10.1266108291,32.207397815826,
    10.166102087729));
#1028 = CARTESIAN_POINT('',(-10.11522346738,32.184134772228,
    10.18191583773));
#1029 = CARTESIAN_POINT('',(-10.10341433353,32.161391050979,
    10.198451625011));
#1030 = CARTESIAN_POINT('',(-10.09121623266,32.139180067199,
    10.215683568178));
#1031 = CARTESIAN_POINT('',(-10.07866254466,32.117513118651,
    10.233584419105));
#1032 = CARTESIAN_POINT('',(-10.06578701879,32.096399396152,
    10.252125496779));
#1033 = CARTESIAN_POINT('',(-10.02972571466,32.040093302464,
    10.304590047079));
#1034 = CARTESIAN_POINT('',(-10.00596953448,32.006056058256,
    10.339730495928));
#1035 = CARTESIAN_POINT('',(-9.981509350133,31.973728445901,
    10.376573674907));
#1036 = CARTESIAN_POINT('',(-9.956494502409,31.943094920075,
    10.414993535501));
#1037 = CARTESIAN_POINT('',(-9.931068350672,31.91413071604,
    10.454861811919));
#1038 = CARTESIAN_POINT('',(-9.905367273222,31.886802360097,
    10.496047559579));
#1039 = CARTESIAN_POINT('',(-9.879519667647,31.861068180047,
    10.538416693576));
#1040 = CARTESIAN_POINT('',(-9.821356129228,31.806693129107,
    10.636008500781));
#1041 = CARTESIAN_POINT('',(-9.789016350642,31.778904869408,
    10.691828653288));
#1042 = CARTESIAN_POINT('',(-9.756802144462,31.753370065226,
    10.749120523513));
#1043 = CARTESIAN_POINT('',(-9.724866933106,31.729947299858,
    10.807722838921));
#1044 = CARTESIAN_POINT('',(-9.693342754374,31.708498121582,
    10.867484535733));
#1045 = CARTESIAN_POINT('',(-9.662341983458,31.688887454045,
    10.92826477904));
#1046 = CARTESIAN_POINT('',(-9.63195905496,31.670984006633,
    10.989932982923));
#1047 = CARTESIAN_POINT('',(-9.469596251029,31.581708839279,
    11.331405804635));
#1048 = CARTESIAN_POINT('',(-9.350102863445,31.539924230974,
    11.627294187306));
#1049 = CARTESIAN_POINT('',(-9.249807471201,31.5179302124,
    11.932196879379));
#1050 = CARTESIAN_POINT('',(-9.169770537775,31.507624916254,
    12.241991666117));
#1051 = CARTESIAN_POINT('',(-9.1100875127,31.503406283747,
    12.554048696793));
#1052 = CARTESIAN_POINT('',(-9.070188667567,31.50180848476,
    12.867533965631));
#1053 = CARTESIAN_POINT('',(-9.05,31.50100040032,13.182672857838));
#1054 = CARTESIAN_POINT('',(-9.05,31.50100040032,13.5));
#1055 = PCURVE('',#127,#1056);
#1056 = DEFINITIONAL_REPRESENTATION('',(#1057),#1137);
#1057 = B_SPLINE_CURVE_WITH_KNOTS('',8,(#1058,#1059,#1060,#1061,#1062,
    #1063,#1064,#1065,#1066,#1067,#1068,#1069,#1070,#1071,#1072,#1073,
    #1074,#1075,#1076,#1077,#1078,#1079,#1080,#1081,#1082,#1083,#1084,
    #1085,#1086,#1087,#1088,#1089,#1090,#1091,#1092,#1093,#1094,#1095,
    #1096,#1097,#1098,#1099,#1100,#1101,#1102,#1103,#1104,#1105,#1106,
    #1107,#1108,#1109,#1110,#1111,#1112,#1113,#1114,#1115,#1116,#1117,
    #1118,#1119,#1120,#1121,#1122,#1123,#1124,#1125,#1126,#1127,#1128,
    #1129,#1130,#1131,#1132,#1133,#1134,#1135,#1136),.UNSPECIFIED.,.F.,
  .F.,(9,7,7,7,7,7,7,7,7,7,7,9),(0.,5.75393700377E-02,9.401255637738E-02
    ,0.119802271593,0.182375146326,0.238230499568,0.260738398322,
    0.292958295675,0.341347699125,0.425521180464,0.530560497713,1.),
  .UNSPECIFIED.);
#1058 = CARTESIAN_POINT('',(-0.585685400636,-11.0000006));
#1059 = CARTESIAN_POINT('',(-0.590965023681,-10.97782062951));
#1060 = CARTESIAN_POINT('',(-0.596108048924,-10.95484146338));
#1061 = CARTESIAN_POINT('',(-0.601102036179,-10.9310647322));
#1062 = CARTESIAN_POINT('',(-0.605934769428,-10.90649561543));
#1063 = CARTESIAN_POINT('',(-0.610594276748,-10.88114289467));
#1064 = CARTESIAN_POINT('',(-0.615068850243,-10.85501900702));
#1065 = CARTESIAN_POINT('',(-0.61934706597,-10.82814009835));
#1066 = CARTESIAN_POINT('',(-0.625998172445,-10.78302203803));
#1067 = CARTESIAN_POINT('',(-0.628494773798,-10.76522548284));
#1068 = CARTESIAN_POINT('',(-0.630904549232,-10.74714320272));
#1069 = CARTESIAN_POINT('',(-0.633224531642,-10.72878303347));
#1070 = CARTESIAN_POINT('',(-0.635451845515,-10.71015385505));
#1071 = CARTESIAN_POINT('',(-0.637583706931,-10.6912655916));
#1072 = CARTESIAN_POINT('',(-0.639617423561,-10.67212921144));
#1073 = CARTESIAN_POINT('',(-0.642917173376,-10.6390586956));
#1074 = CARTESIAN_POINT('',(-0.644233598237,-10.625242582));
#1075 = CARTESIAN_POINT('',(-0.645498758038,-10.61131264481));
#1076 = CARTESIAN_POINT('',(-0.646711783289,-10.59727336257));
#1077 = CARTESIAN_POINT('',(-0.647871846223,-10.58312943389));
#1078 = CARTESIAN_POINT('',(-0.6489781608,-10.56888577734));
#1079 = CARTESIAN_POINT('',(-0.650029982706,-10.55454753156));
#1080 = CARTESIAN_POINT('',(-0.653444697083,-10.50511506717));
#1081 = CARTESIAN_POINT('',(-0.655538088277,-10.46958139429));
#1082 = CARTESIAN_POINT('',(-0.65729652761,-10.43359900495));
#1083 = CARTESIAN_POINT('',(-0.658711727335,-10.39725165336));
#1084 = CARTESIAN_POINT('',(-0.659777403985,-10.36062651861));
#1085 = CARTESIAN_POINT('',(-0.660489315078,-10.32381384374));
#1086 = CARTESIAN_POINT('',(-0.660845295823,-10.28690657482));
#1087 = CARTESIAN_POINT('',(-0.660845295823,-10.21705553672));
#1088 = CARTESIAN_POINT('',(-0.660561651306,-10.18411063372));
#1089 = CARTESIAN_POINT('',(-0.659994387629,-10.1512328416));
#1090 = CARTESIAN_POINT('',(-0.659144877007,-10.11848835988));
#1091 = CARTESIAN_POINT('',(-0.658015819886,-10.08594183477));
#1092 = CARTESIAN_POINT('',(-0.656611226301,-10.05365615697));
#1093 = CARTESIAN_POINT('',(-0.654936397253,-10.02169225946));
#1094 = CARTESIAN_POINT('',(-0.652216756891,-9.977381850307));
#1095 = CARTESIAN_POINT('',(-0.651392775138,-9.964716267459));
#1096 = CARTESIAN_POINT('',(-0.650526383652,-9.952115885105));
#1097 = CARTESIAN_POINT('',(-0.649618031944,-9.939584304453));
#1098 = CARTESIAN_POINT('',(-0.6486681962,-9.927125009597));
#1099 = CARTESIAN_POINT('',(-0.647677379274,-9.914741367517));
#1100 = CARTESIAN_POINT('',(-0.646646110696,-9.902436628075));
#1101 = CARTESIAN_POINT('',(-0.64404158295,-9.872717209894));
#1102 = CARTESIAN_POINT('',(-0.642426450001,-9.855388542739));
#1103 = CARTESIAN_POINT('',(-0.640731192325,-9.838237114809));
#1104 = CARTESIAN_POINT('',(-0.638957529095,-9.8212715079));
#1105 = CARTESIAN_POINT('',(-0.637107254146,-9.804499693348));
#1106 = CARTESIAN_POINT('',(-0.635182235973,-9.787929032031));
#1107 = CARTESIAN_POINT('',(-0.633184417733,-9.771566274368));
#1108 = CARTESIAN_POINT('',(-0.628009092774,-9.731164638881));
#1109 = CARTESIAN_POINT('',(-0.624743118611,-9.707397815826));
#1110 = CARTESIAN_POINT('',(-0.621324370017,-9.684134772228));
#1111 = CARTESIAN_POINT('',(-0.617759577687,-9.661391050979));
#1112 = CARTESIAN_POINT('',(-0.614055715424,-9.639180067199));
#1113 = CARTESIAN_POINT('',(-0.61021998781,-9.617513118651));
#1114 = CARTESIAN_POINT('',(-0.606259817876,-9.596399396152));
#1115 = CARTESIAN_POINT('',(-0.595090913049,-9.540093302464));
#1116 = CARTESIAN_POINT('',(-0.587649539722,-9.506056058256));
#1117 = CARTESIAN_POINT('',(-0.579891494453,-9.473728445901));
#1118 = CARTESIAN_POINT('',(-0.571849059257,-9.443094920075));
#1119 = CARTESIAN_POINT('',(-0.563554028839,-9.41413071604));
#1120 = CARTESIAN_POINT('',(-0.555037720939,-9.386802360097));
#1121 = CARTESIAN_POINT('',(-0.546330986667,-9.361068180047));
#1122 = CARTESIAN_POINT('',(-0.526399464906,-9.306693129107));
#1123 = CARTESIAN_POINT('',(-0.515082502445,-9.278904869408));
#1124 = CARTESIAN_POINT('',(-0.503552955423,-9.253370065226));
#1125 = CARTESIAN_POINT('',(-0.491846453383,-9.229947299858));
#1126 = CARTESIAN_POINT('',(-0.479994892256,-9.208498121582));
#1127 = CARTESIAN_POINT('',(-0.468026693169,-9.188887454045));
#1128 = CARTESIAN_POINT('',(-0.455967061253,-9.170984006633));
#1129 = CARTESIAN_POINT('',(-0.38963239206,-9.081708839279));
#1130 = CARTESIAN_POINT('',(-0.333749745682,-9.039924230974));
#1131 = CARTESIAN_POINT('',(-0.277642134988,-9.017930212401));
#1132 = CARTESIAN_POINT('',(-0.221738222046,-9.007624916251));
#1133 = CARTESIAN_POINT('',(-0.166219873832,-9.003406283749));
#1134 = CARTESIAN_POINT('',(-0.110958830895,-9.001808484759));
#1135 = CARTESIAN_POINT('',(-5.56714284494E-02,-9.00100040032));
#1136 = CARTESIAN_POINT('',(0.,-9.00100040032));
#1137 = ( GEOMETRIC_REPRESENTATION_CONTEXT(2) 
PARAMETRIC_REPRESENTATION_CONTEXT() REPRESENTATION_CONTEXT('2D SPACE',''
  ) );
#1138 = PCURVE('',#701,#1139);
#1139 = DEFINITIONAL_REPRESENTATION('',(#1140),#1220);
#1140 = B_SPLINE_CURVE_WITH_KNOTS('',8,(#1141,#1142,#1143,#1144,#1145,
    #1146,#1147,#1148,#1149,#1150,#1151,#1152,#1153,#1154,#1155,#1156,
    #1157,#1158,#1159,#1160,#1161,#1162,#1163,#1164,#1165,#1166,#1167,
    #1168,#1169,#1170,#1171,#1172,#1173,#1174,#1175,#1176,#1177,#1178,
    #1179,#1180,#1181,#1182,#1183,#1184,#1185,#1186,#1187,#1188,#1189,
    #1190,#1191,#1192,#1193,#1194,#1195,#1196,#1197,#1198,#1199,#1200,
    #1201,#1202,#1203,#1204,#1205,#1206,#1207,#1208,#1209,#1210,#1211,
    #1212,#1213,#1214,#1215,#1216,#1217,#1218,#1219),.UNSPECIFIED.,.F.,
  .F.,(9,7,7,7,7,7,7,7,7,7,7,9),(1.945652231933E-07,5.75393700377E-02,
    9.401255637738E-02,0.119802271593,0.182375146326,0.238230499568,
    0.260738398322,0.292958295675,0.341347699125,0.425521180464,
    0.530560497713,1.),.UNSPECIFIED.);
#1141 = CARTESIAN_POINT('',(-2.498091544797,-4.749206449162));
#1142 = CARTESIAN_POINT('',(-2.5202714592,-4.724128339858));
#1143 = CARTESIAN_POINT('',(-2.542828910098,-4.699799430049));
#1144 = CARTESIAN_POINT('',(-2.565753720249,-4.676270815801));
#1145 = CARTESIAN_POINT('',(-2.589035559976,-4.65359124229));
#1146 = CARTESIAN_POINT('',(-2.612664018134,-4.631807236354));
#1147 = CARTESIAN_POINT('',(-2.636628673073,-4.61096323905));
#1148 = CARTESIAN_POINT('',(-2.660919163608,-4.591101738213));
#1149 = CARTESIAN_POINT('',(-2.701122680887,-4.560322072732));
#1150 = CARTESIAN_POINT('',(-2.716844366818,-4.548793756289));
#1151 = CARTESIAN_POINT('',(-2.732686235731,-4.537689781334));
#1152 = CARTESIAN_POINT('',(-2.748643905764,-4.527021051677));
#1153 = CARTESIAN_POINT('',(-2.764712695235,-4.516798045287));
#1154 = CARTESIAN_POINT('',(-2.780887622645,-4.507030814293));
#1155 = CARTESIAN_POINT('',(-2.797163406679,-4.497728984981));
#1156 = CARTESIAN_POINT('',(-2.825110229256,-4.482660140377));
#1157 = CARTESIAN_POINT('',(-2.836733651504,-4.476655761113));
#1158 = CARTESIAN_POINT('',(-2.848402757678,-4.470891846681));
#1159 = CARTESIAN_POINT('',(-2.860115518536,-4.46537146237));
#1160 = CARTESIAN_POINT('',(-2.871869850859,-4.460097512086));
#1161 = CARTESIAN_POINT('',(-2.883663617457,-4.455072738343));
#1162 = CARTESIAN_POINT('',(-2.895494627161,-4.450299722273));
#1163 = CARTESIAN_POINT('',(-2.936150801973,-4.434816950028));
#1164 = CARTESIAN_POINT('',(-2.965149772459,-4.425348357338));
#1165 = CARTESIAN_POINT('',(-2.994322355462,-4.417410725914));
#1166 = CARTESIAN_POINT('',(-3.02363442527,-4.411032356917));
#1167 = CARTESIAN_POINT('',(-3.05305221265,-4.406234366353));
#1168 = CARTESIAN_POINT('',(-3.082541596205,-4.403030819129));
#1169 = CARTESIAN_POINT('',(-3.112067393733,-4.401428863093));
#1170 = CARTESIAN_POINT('',(-3.167948224208,-4.401428863093));
#1171 = CARTESIAN_POINT('',(-3.194304138591,-4.402705285604));
#1172 = CARTESIAN_POINT('',(-3.220634279313,-4.405257944931));
#1173 = CARTESIAN_POINT('',(-3.246913562481,-4.409082299457));
#1174 = CARTESIAN_POINT('',(-3.273117522581,-4.41416938196));
#1175 = CARTESIAN_POINT('',(-3.29922189734,-4.42050572993));
#1176 = CARTESIAN_POINT('',(-3.325202212574,-4.428073315881));
#1177 = CARTESIAN_POINT('',(-3.361442485884,-4.440385986693));
#1178 = CARTESIAN_POINT('',(-3.371827637018,-4.444118824287));
#1179 = CARTESIAN_POINT('',(-3.382187293537,-4.448046542465));
#1180 = CARTESIAN_POINT('',(-3.39251995601,-4.452167593211));
#1181 = CARTESIAN_POINT('',(-3.402824152491,-4.456480328479));
#1182 = CARTESIAN_POINT('',(-3.41309843852,-4.460983000189));
#1183 = CARTESIAN_POINT('',(-3.423341397117,-4.465673760232));
#1184 = CARTESIAN_POINT('',(-3.44816752729,-4.477531908546));
#1185 = CARTESIAN_POINT('',(-3.462716405792,-4.48489463922));
#1186 = CARTESIAN_POINT('',(-3.477194193652,-4.492633099334));
#1187 = CARTESIAN_POINT('',(-3.491596975464,-4.500741218696));
#1188 = CARTESIAN_POINT('',(-3.505921001062,-4.509212610075));
#1189 = CARTESIAN_POINT('',(-3.520162685518,-4.518040569205));
#1190 = CARTESIAN_POINT('',(-3.534318609146,-4.527218074777));
#1191 = CARTESIAN_POINT('',(-3.569511882241,-4.551034955829));
#1192 = CARTESIAN_POINT('',(-3.590434563711,-4.566102087729));
#1193 = CARTESIAN_POINT('',(-3.611145132876,-4.58191583773));
#1194 = CARTESIAN_POINT('',(-3.631635223842,-4.598451625011));
#1195 = CARTESIAN_POINT('',(-3.651896536675,-4.615683568178));
#1196 = CARTESIAN_POINT('',(-3.671920840215,-4.633584419105));
#1197 = CARTESIAN_POINT('',(-3.691699974894,-4.652125496779));
#1198 = CARTESIAN_POINT('',(-3.74519117098,-4.704590047079));
#1199 = CARTESIAN_POINT('',(-3.778371140263,-4.739730495928));
#1200 = CARTESIAN_POINT('',(-3.810762856034,-4.776573674907));
#1201 = CARTESIAN_POINT('',(-3.842360451658,-4.814993535501));
#1202 = CARTESIAN_POINT('',(-3.873156052671,-4.854861811919));
#1203 = CARTESIAN_POINT('',(-3.903140728208,-4.896047559579));
#1204 = CARTESIAN_POINT('',(-3.932305442436,-4.938416693576));
#1205 = CARTESIAN_POINT('',(-3.996002944383,-5.036008500781));
#1206 = CARTESIAN_POINT('',(-4.030084039938,-5.091828653288));
#1207 = CARTESIAN_POINT('',(-4.062927579287,-5.149120523513));
#1208 = CARTESIAN_POINT('',(-4.09456860095,-5.207722838921));
#1209 = CARTESIAN_POINT('',(-4.125036796036,-5.267484535733));
#1210 = CARTESIAN_POINT('',(-4.154358408934,-5.32826477904));
#1211 = CARTESIAN_POINT('',(-4.182558138013,-5.389932982923));
#1212 = CARTESIAN_POINT('',(-4.330788738053,-5.731405804635));
#1213 = CARTESIAN_POINT('',(-4.430663851125,-6.027294187306));
#1214 = CARTESIAN_POINT('',(-4.512144041383,-6.332196879381));
#1215 = CARTESIAN_POINT('',(-4.576409419498,-6.641991666114));
#1216 = CARTESIAN_POINT('',(-4.624277402397,-6.954048696795));
#1217 = CARTESIAN_POINT('',(-4.656212735897,-7.267533965631));
#1218 = CARTESIAN_POINT('',(-4.672378306031,-7.582672857838));
#1219 = CARTESIAN_POINT('',(-4.672378306031,-7.9));
#1220 = ( GEOMETRIC_REPRESENTATION_CONTEXT(2) 
PARAMETRIC_REPRESENTATION_CONTEXT() REPRESENTATION_CONTEXT('2D SPACE',''
  ) );
#1221 = ORIENTED_EDGE('',*,*,#1222,.F.);
#1222 = EDGE_CURVE('',#85,#972,#1223,.T.);
#1223 = SURFACE_CURVE('',#1224,(#1229,#1236),.PCURVE_S1.);
#1224 = CIRCLE('',#1225,5.7);
#1225 = AXIS2_PLACEMENT_3D('',#1226,#1227,#1228);
#1226 = CARTESIAN_POINT('',(-14.75,33.5,13.5));
#1227 = DIRECTION('',(0.,-1.,-1.110223024625E-16));
#1228 = DIRECTION('',(1.,-0.,0.));
#1229 = PCURVE('',#127,#1230);
#1230 = DEFINITIONAL_REPRESENTATION('',(#1231),#1235);
#1231 = LINE('',#1232,#1233);
#1232 = CARTESIAN_POINT('',(-6.28318530718,-11.));
#1233 = VECTOR('',#1234,1.);
#1234 = DIRECTION('',(1.,-0.));
#1235 = ( GEOMETRIC_REPRESENTATION_CONTEXT(2) 
PARAMETRIC_REPRESENTATION_CONTEXT() REPRESENTATION_CONTEXT('2D SPACE',''
  ) );
#1236 = PCURVE('',#100,#1237);
#1237 = DEFINITIONAL_REPRESENTATION('',(#1238),#1246);
#1238 = ( BOUNDED_CURVE() B_SPLINE_CURVE(2,(#1239,#1240,#1241,#1242,
#1243,#1244,#1245),.UNSPECIFIED.,.T.,.F.) B_SPLINE_CURVE_WITH_KNOTS((1,2
    ,2,2,2,1),(-2.094395102393,0.,2.094395102393,4.188790204786,
6.28318530718,8.377580409573),.UNSPECIFIED.) CURVE() 
GEOMETRIC_REPRESENTATION_ITEM() RATIONAL_B_SPLINE_CURVE((1.,0.5,1.,0.5,
1.,0.5,1.)) REPRESENTATION_ITEM('') );
#1239 = CARTESIAN_POINT('',(6.9,2.45));
#1240 = CARTESIAN_POINT('',(16.772689603143,2.45));
#1241 = CARTESIAN_POINT('',(11.836344801571,-6.1));
#1242 = CARTESIAN_POINT('',(6.9,-14.65));
#1243 = CARTESIAN_POINT('',(1.963655198429,-6.1));
#1244 = CARTESIAN_POINT('',(-2.972689603143,2.45));
#1245 = CARTESIAN_POINT('',(6.9,2.45));
#1246 = ( GEOMETRIC_REPRESENTATION_CONTEXT(2) 
PARAMETRIC_REPRESENTATION_CONTEXT() REPRESENTATION_CONTEXT('2D SPACE',''
  ) );
#1247 = ORIENTED_EDGE('',*,*,#112,.T.);
#1248 = ADVANCED_FACE('',(#1249),#100,.T.);
#1249 = FACE_BOUND('',#1250,.T.);
#1250 = EDGE_LOOP('',(#1251,#1272,#1298,#1299));
#1251 = ORIENTED_EDGE('',*,*,#1252,.T.);
#1252 = EDGE_CURVE('',#972,#1253,#1255,.T.);
#1253 = VERTEX_POINT('',#1254);
#1254 = CARTESIAN_POINT('',(-10.,33.5,6.6));
#1255 = SURFACE_CURVE('',#1256,(#1260,#1266),.PCURVE_S1.);
#1256 = LINE('',#1257,#1258);
#1257 = CARTESIAN_POINT('',(-10.,33.5,5.6));
#1258 = VECTOR('',#1259,1.);
#1259 = DIRECTION('',(-0.,-0.,-1.));
#1260 = PCURVE('',#100,#1261);
#1261 = DEFINITIONAL_REPRESENTATION('',(#1262),#1265);
#1262 = B_SPLINE_CURVE_WITH_KNOTS('',1,(#1263,#1264),.UNSPECIFIED.,.F.,
  .F.,(2,2),(-8.59,-0.31),.PIECEWISE_BEZIER_KNOTS.);
#1263 = CARTESIAN_POINT('',(7.59,1.5));
#1264 = CARTESIAN_POINT('',(-0.69,1.5));
#1265 = ( GEOMETRIC_REPRESENTATION_CONTEXT(2) 
PARAMETRIC_REPRESENTATION_CONTEXT() REPRESENTATION_CONTEXT('2D SPACE',''
  ) );
#1266 = PCURVE('',#701,#1267);
#1267 = DEFINITIONAL_REPRESENTATION('',(#1268),#1271);
#1268 = B_SPLINE_CURVE_WITH_KNOTS('',1,(#1269,#1270),.UNSPECIFIED.,.F.,
  .F.,(2,2),(-4.749206449162,-1.),.PIECEWISE_BEZIER_KNOTS.);
#1269 = CARTESIAN_POINT('',(-2.498091544797,-4.749206449162));
#1270 = CARTESIAN_POINT('',(-2.498091544797,-1.));
#1271 = ( GEOMETRIC_REPRESENTATION_CONTEXT(2) 
PARAMETRIC_REPRESENTATION_CONTEXT() REPRESENTATION_CONTEXT('2D SPACE',''
  ) );
#1272 = ORIENTED_EDGE('',*,*,#1273,.F.);
#1273 = EDGE_CURVE('',#57,#1253,#1274,.T.);
#1274 = SURFACE_CURVE('',#1275,(#1280,#1291),.PCURVE_S1.);
#1275 = CIRCLE('',#1276,1.5);
#1276 = AXIS2_PLACEMENT_3D('',#1277,#1278,#1279);
#1277 = CARTESIAN_POINT('',(-10.,33.5,8.1));
#1278 = DIRECTION('',(-0.,-1.,0.));
#1279 = DIRECTION('',(0.,-0.,1.));
#1280 = PCURVE('',#100,#1281);
#1281 = DEFINITIONAL_REPRESENTATION('',(#1282),#1290);
#1282 = ( BOUNDED_CURVE() B_SPLINE_CURVE(2,(#1283,#1284,#1285,#1286,
#1287,#1288,#1289),.UNSPECIFIED.,.T.,.F.) B_SPLINE_CURVE_WITH_KNOTS((1,2
    ,2,2,2,1),(-2.094395102393,0.,2.094395102393,4.188790204786,
6.28318530718,8.377580409573),.UNSPECIFIED.) CURVE() 
GEOMETRIC_REPRESENTATION_ITEM() RATIONAL_B_SPLINE_CURVE((1.,0.5,1.,0.5,
1.,0.5,1.)) REPRESENTATION_ITEM('') );
#1283 = CARTESIAN_POINT('',(3.,1.5));
#1284 = CARTESIAN_POINT('',(3.,-1.098076211353));
#1285 = CARTESIAN_POINT('',(0.75,0.200961894323));
#1286 = CARTESIAN_POINT('',(-1.5,1.5));
#1287 = CARTESIAN_POINT('',(0.75,2.799038105677));
#1288 = CARTESIAN_POINT('',(3.,4.098076211353));
#1289 = CARTESIAN_POINT('',(3.,1.5));
#1290 = ( GEOMETRIC_REPRESENTATION_CONTEXT(2) 
PARAMETRIC_REPRESENTATION_CONTEXT() REPRESENTATION_CONTEXT('2D SPACE',''
  ) );
#1291 = PCURVE('',#72,#1292);
#1292 = DEFINITIONAL_REPRESENTATION('',(#1293),#1297);
#1293 = LINE('',#1294,#1295);
#1294 = CARTESIAN_POINT('',(1.570796326795,67.));
#1295 = VECTOR('',#1296,1.);
#1296 = DIRECTION('',(-1.,0.));
#1297 = ( GEOMETRIC_REPRESENTATION_CONTEXT(2) 
PARAMETRIC_REPRESENTATION_CONTEXT() REPRESENTATION_CONTEXT('2D SPACE',''
  ) );
#1298 = ORIENTED_EDGE('',*,*,#84,.T.);
#1299 = ORIENTED_EDGE('',*,*,#1222,.T.);
#1300 = ADVANCED_FACE('',(#1301),#72,.T.);
#1301 = FACE_BOUND('',#1302,.F.);
#1302 = EDGE_LOOP('',(#1303,#1304,#1305,#1385,#1413,#1493,#1516,#1596,
    #1619,#1699,#1722,#1800));
#1303 = ORIENTED_EDGE('',*,*,#56,.F.);
#1304 = ORIENTED_EDGE('',*,*,#273,.T.);
#1305 = ORIENTED_EDGE('',*,*,#1306,.F.);
#1306 = EDGE_CURVE('',#1307,#248,#1309,.T.);
#1307 = VERTEX_POINT('',#1308);
#1308 = CARTESIAN_POINT('',(-10.,-32.,6.6));
#1309 = SURFACE_CURVE('',#1310,(#1333,#1359),.PCURVE_S1.);
#1310 = B_SPLINE_CURVE_WITH_KNOTS('',6,(#1311,#1312,#1313,#1314,#1315,
    #1316,#1317,#1318,#1319,#1320,#1321,#1322,#1323,#1324,#1325,#1326,
    #1327,#1328,#1329,#1330,#1331,#1332),.UNSPECIFIED.,.F.,.F.,(7,5,5,5,
    7),(0.,0.410777669565,0.500000354226,0.589893032044,1.),
  .UNSPECIFIED.);
#1311 = CARTESIAN_POINT('',(-10.,-32.,6.6));
#1312 = CARTESIAN_POINT('',(-10.06785660108,-32.09047546811,6.6));
#1313 = CARTESIAN_POINT('',(-10.12501557316,-32.18715223685,
    6.603683006836));
#1314 = CARTESIAN_POINT('',(-10.17112475289,-32.28856977683,
    6.608875516279));
#1315 = CARTESIAN_POINT('',(-10.20603193564,-32.39340753987,
    6.613897472825));
#1316 = CARTESIAN_POINT('',(-10.22966392034,-32.50046029086,
    6.617633612499));
#1317 = CARTESIAN_POINT('',(-10.24464954442,-32.63207520519,
    6.620083129918));
#1318 = CARTESIAN_POINT('',(-10.24678942663,-32.65561069412,
    6.620438865594));
#1319 = CARTESIAN_POINT('',(-10.24839463618,-32.67918327746,
    6.620708697347));
#1320 = CARTESIAN_POINT('',(-10.24946487731,-32.70278060256,
    6.620889599232));
#1321 = CARTESIAN_POINT('',(-10.25,-32.72639030327,6.620980054225));
#1322 = CARTESIAN_POINT('',(-10.25,-32.77378698723,6.620980054225));
#1323 = CARTESIAN_POINT('',(-10.24945681038,-32.79757397814,
    6.620888235548));
#1324 = CARTESIAN_POINT('',(-10.2483704356,-32.82134831247,
    6.620704606664));
#1325 = CARTESIAN_POINT('',(-10.2467410302,-32.84509734366,
    6.620430730646));
#1326 = CARTESIAN_POINT('',(-10.24456889885,-32.8688084389,
    6.620069725171));
#1327 = CARTESIAN_POINT('',(-10.2294708915,-33.00041272518,
    6.617603104162));
#1328 = CARTESIAN_POINT('',(-10.20580400826,-33.10727641522,
    6.613864716375));
#1329 = CARTESIAN_POINT('',(-10.17089903167,-33.21192647617,
    6.608850106545));
#1330 = CARTESIAN_POINT('',(-10.12482906145,-33.31316316723,
    6.603671004416));
#1331 = CARTESIAN_POINT('',(-10.06774589707,-33.40967213724,6.6));
#1332 = CARTESIAN_POINT('',(-10.,-33.5,6.6));
#1333 = PCURVE('',#72,#1334);
#1334 = DEFINITIONAL_REPRESENTATION('',(#1335),#1358);
#1335 = B_SPLINE_CURVE_WITH_KNOTS('',6,(#1336,#1337,#1338,#1339,#1340,
    #1341,#1342,#1343,#1344,#1345,#1346,#1347,#1348,#1349,#1350,#1351,
    #1352,#1353,#1354,#1355,#1356,#1357),.UNSPECIFIED.,.F.,.F.,(7,5,5,5,
    7),(0.,0.410777669565,0.500000354226,0.589893032044,1.),
  .UNSPECIFIED.);
#1336 = CARTESIAN_POINT('',(-1.570796326795,1.5));
#1337 = CARTESIAN_POINT('',(-1.525558592738,1.409524531886));
#1338 = CARTESIAN_POINT('',(-1.487452704701,1.312847763143));
#1339 = CARTESIAN_POINT('',(-1.45654624867,1.211430223163));
#1340 = CARTESIAN_POINT('',(-1.433038018146,1.106592460126));
#1341 = CARTESIAN_POINT('',(-1.417087986613,0.999539709132));
#1342 = CARTESIAN_POINT('',(-1.406964986077,0.867924794809));
#1343 = CARTESIAN_POINT('',(-1.405518821945,0.844389305875));
#1344 = CARTESIAN_POINT('',(-1.404433672437,0.820816722535));
#1345 = CARTESIAN_POINT('',(-1.403710059102,0.79721939744));
#1346 = CARTESIAN_POINT('',(-1.403348247575,0.773609696723));
#1347 = CARTESIAN_POINT('',(-1.403348247575,0.726213012767));
#1348 = CARTESIAN_POINT('',(-1.403715513454,0.702426021851));
#1349 = CARTESIAN_POINT('',(-1.404450035051,0.678651687523));
#1350 = CARTESIAN_POINT('',(-1.405551538702,0.654902656331));
#1351 = CARTESIAN_POINT('',(-1.407019487236,0.631191561097));
#1352 = CARTESIAN_POINT('',(-1.417218268101,0.499587274811));
#1353 = CARTESIAN_POINT('',(-1.433191510509,0.392723584777));
#1354 = CARTESIAN_POINT('',(-1.456697548461,0.288073523826));
#1355 = CARTESIAN_POINT('',(-1.487577044323,0.186836832767));
#1356 = CARTESIAN_POINT('',(-1.525632395415,9.032786276011E-02));
#1357 = CARTESIAN_POINT('',(-1.570796326795,3.330669073875E-16));
#1358 = ( GEOMETRIC_REPRESENTATION_CONTEXT(2) 
PARAMETRIC_REPRESENTATION_CONTEXT() REPRESENTATION_CONTEXT('2D SPACE',''
  ) );
#1359 = PCURVE('',#262,#1360);
#1360 = DEFINITIONAL_REPRESENTATION('',(#1361),#1384);
#1361 = B_SPLINE_CURVE_WITH_KNOTS('',6,(#1362,#1363,#1364,#1365,#1366,
    #1367,#1368,#1369,#1370,#1371,#1372,#1373,#1374,#1375,#1376,#1377,
    #1378,#1379,#1380,#1381,#1382,#1383),.UNSPECIFIED.,.F.,.F.,(7,5,5,5,
    7),(0.,0.410777669565,0.500000354226,0.589893032044,1.),
  .UNSPECIFIED.);
#1362 = CARTESIAN_POINT('',(-2.498091544797,-1.));
#1363 = CARTESIAN_POINT('',(-2.58856701291,-1.));
#1364 = CARTESIAN_POINT('',(-2.677876460238,-1.003683006836));
#1365 = CARTESIAN_POINT('',(-2.766249193371,-1.008875516279));
#1366 = CARTESIAN_POINT('',(-2.853928128322,-1.013897472825));
#1367 = CARTESIAN_POINT('',(-2.941159272581,-1.017633612499));
#1368 = CARTESIAN_POINT('',(-3.047131509252,-1.020083129918));
#1369 = CARTESIAN_POINT('',(-3.066032698718,-1.020438865594));
#1370 = CARTESIAN_POINT('',(-3.084927146802,-1.020708697347));
#1371 = CARTESIAN_POINT('',(-3.103817131115,-1.020889599232));
#1372 = CARTESIAN_POINT('',(-3.122704896211,-1.020980054225));
#1373 = CARTESIAN_POINT('',(-3.160622243376,-1.020980054225));
#1374 = CARTESIAN_POINT('',(-3.179651840807,-1.020888235548));
#1375 = CARTESIAN_POINT('',(-3.198683707624,-1.020704606664));
#1376 = CARTESIAN_POINT('',(-3.217720139671,-1.020430730646));
#1377 = CARTESIAN_POINT('',(-3.236763466901,-1.020069725171));
#1378 = CARTESIAN_POINT('',(-3.342737465205,-1.017603104162));
#1379 = CARTESIAN_POINT('',(-3.429829246602,-1.013864716375));
#1380 = CARTESIAN_POINT('',(-3.517368576122,-1.008850106545));
#1381 = CARTESIAN_POINT('',(-3.605600231252,-1.003671004416));
#1382 = CARTESIAN_POINT('',(-3.694765899623,-1.));
#1383 = CARTESIAN_POINT('',(-3.785093762383,-1.));
#1384 = ( GEOMETRIC_REPRESENTATION_CONTEXT(2) 
PARAMETRIC_REPRESENTATION_CONTEXT() REPRESENTATION_CONTEXT('2D SPACE',''
  ) );
#1385 = ORIENTED_EDGE('',*,*,#1386,.T.);
#1386 = EDGE_CURVE('',#1307,#1387,#1389,.T.);
#1387 = VERTEX_POINT('',#1388);
#1388 = CARTESIAN_POINT('',(-10.,-20.48218253805,6.6));
#1389 = SURFACE_CURVE('',#1390,(#1394,#1401),.PCURVE_S1.);
#1390 = LINE('',#1391,#1392);
#1391 = CARTESIAN_POINT('',(-10.,-33.5,6.6));
#1392 = VECTOR('',#1393,1.);
#1393 = DIRECTION('',(0.,1.,0.));
#1394 = PCURVE('',#72,#1395);
#1395 = DEFINITIONAL_REPRESENTATION('',(#1396),#1400);
#1396 = LINE('',#1397,#1398);
#1397 = CARTESIAN_POINT('',(-1.570796326795,0.));
#1398 = VECTOR('',#1399,1.);
#1399 = DIRECTION('',(-0.,1.));
#1400 = ( GEOMETRIC_REPRESENTATION_CONTEXT(2) 
PARAMETRIC_REPRESENTATION_CONTEXT() REPRESENTATION_CONTEXT('2D SPACE',''
  ) );
#1401 = PCURVE('',#1402,#1407);
#1402 = PLANE('',#1403);
#1403 = AXIS2_PLACEMENT_3D('',#1404,#1405,#1406);
#1404 = CARTESIAN_POINT('',(-11.5,-33.5,6.6));
#1405 = DIRECTION('',(0.,0.,1.));
#1406 = DIRECTION('',(1.,0.,0.));
#1407 = DEFINITIONAL_REPRESENTATION('',(#1408),#1412);
#1408 = LINE('',#1409,#1410);
#1409 = CARTESIAN_POINT('',(1.5,0.));
#1410 = VECTOR('',#1411,1.);
#1411 = DIRECTION('',(0.,1.));
#1412 = ( GEOMETRIC_REPRESENTATION_CONTEXT(2) 
PARAMETRIC_REPRESENTATION_CONTEXT() REPRESENTATION_CONTEXT('2D SPACE',''
  ) );
#1413 = ORIENTED_EDGE('',*,*,#1414,.F.);
#1414 = EDGE_CURVE('',#1415,#1387,#1417,.T.);
#1415 = VERTEX_POINT('',#1416);
#1416 = CARTESIAN_POINT('',(-10.,-19.51781746195,6.6));
#1417 = SURFACE_CURVE('',#1418,(#1441,#1467),.PCURVE_S1.);
#1418 = B_SPLINE_CURVE_WITH_KNOTS('',6,(#1419,#1420,#1421,#1422,#1423,
    #1424,#1425,#1426,#1427,#1428,#1429,#1430,#1431,#1432,#1433,#1434,
    #1435,#1436,#1437,#1438,#1439,#1440),.UNSPECIFIED.,.F.,.F.,(7,5,5,5,
    7),(0.,0.114567987673,0.50000009624,0.887810662562,1.),
  .UNSPECIFIED.);
#1419 = CARTESIAN_POINT('',(-10.,-19.51781746195,6.6));
#1420 = CARTESIAN_POINT('',(-10.01130771395,-19.53423323635,6.6));
#1421 = CARTESIAN_POINT('',(-10.02212763845,-19.55092979223,
    6.600102319332));
#1422 = CARTESIAN_POINT('',(-10.03245339004,-19.56788921491,
    6.600290326808));
#1423 = CARTESIAN_POINT('',(-10.04227944465,-19.58509400043,
    6.600548389337));
#1424 = CARTESIAN_POINT('',(-10.05160113762,-19.60252705555,
    6.600861871924));
#1425 = CARTESIAN_POINT('',(-10.09006531933,-19.67953218557,
    6.602412330407));
#1426 = CARTESIAN_POINT('',(-10.11396093046,-19.74128108943,
    6.604080548696));
#1427 = CARTESIAN_POINT('',(-10.13196111726,-19.8047951611,
    6.605705755957));
#1428 = CARTESIAN_POINT('',(-10.14398678062,-19.86947474819,
    6.606914523916));
#1429 = CARTESIAN_POINT('',(-10.15,-19.93473613081,6.60751884434));
#1430 = CARTESIAN_POINT('',(-10.15,-20.0656666051,6.60751884434));
#1431 = CARTESIAN_POINT('',(-10.14391233836,-20.13133068908,
    6.606907043643));
#1432 = CARTESIAN_POINT('',(-10.13173780337,-20.19640222127,
    6.605683306812));
#1433 = CARTESIAN_POINT('',(-10.11351522123,-20.26028653893,
    6.604040336125));
#1434 = CARTESIAN_POINT('',(-10.08932571466,-20.32237252177,
    6.602360838435));
#1435 = CARTESIAN_POINT('',(-10.05063134024,-20.39928156359,
    6.600829574088));
#1436 = CARTESIAN_POINT('',(-10.04146217282,-20.41633409138,
    6.600527141313));
#1437 = CARTESIAN_POINT('',(-10.03180964718,-20.43316670839,
    6.600278726734));
#1438 = CARTESIAN_POINT('',(-10.02167817363,-20.44976334872,
    6.600098113486));
#1439 = CARTESIAN_POINT('',(-10.01107295766,-20.46610756694,6.6));
#1440 = CARTESIAN_POINT('',(-10.,-20.48218253805,6.6));
#1441 = PCURVE('',#72,#1442);
#1442 = DEFINITIONAL_REPRESENTATION('',(#1443),#1466);
#1443 = B_SPLINE_CURVE_WITH_KNOTS('',6,(#1444,#1445,#1446,#1447,#1448,
    #1449,#1450,#1451,#1452,#1453,#1454,#1455,#1456,#1457,#1458,#1459,
    #1460,#1461,#1462,#1463,#1464,#1465),.UNSPECIFIED.,.F.,.F.,(7,5,5,5,
    7),(0.,0.114567987673,0.50000009624,0.887810662562,1.),
  .UNSPECIFIED.);
#1444 = CARTESIAN_POINT('',(-1.570796326795,13.98218253805));
#1445 = CARTESIAN_POINT('',(-1.563257850825,13.965766763641));
#1446 = CARTESIAN_POINT('',(-1.556044552407,13.949070207765));
#1447 = CARTESIAN_POINT('',(-1.549159962312,13.932110785087));
#1448 = CARTESIAN_POINT('',(-1.5426072938,13.914905999563));
#1449 = CARTESIAN_POINT('',(-1.536389442619,13.897472944442));
#1450 = CARTESIAN_POINT('',(-1.510725830715,13.820467814428));
#1451 = CARTESIAN_POINT('',(-1.494763581386,13.758718910561));
#1452 = CARTESIAN_POINT('',(-1.482715494171,13.6952048389));
#1453 = CARTESIAN_POINT('',(-1.474657891942,13.63052525181));
#1454 = CARTESIAN_POINT('',(-1.470628905633,13.565263869185));
#1455 = CARTESIAN_POINT('',(-1.470628905633,13.434333394893));
#1456 = CARTESIAN_POINT('',(-1.474707769046,13.368669310913));
#1457 = CARTESIAN_POINT('',(-1.482865124138,13.303597778722));
#1458 = CARTESIAN_POINT('',(-1.495061904486,13.239713461063));
#1459 = CARTESIAN_POINT('',(-1.511219877677,13.177627478223));
#1460 = CARTESIAN_POINT('',(-1.537036318448,13.100718436402));
#1461 = CARTESIAN_POINT('',(-1.543152301545,13.083665908619));
#1462 = CARTESIAN_POINT('',(-1.549589171253,13.06683329161));
#1463 = CARTESIAN_POINT('',(-1.556344197154,13.050236651273));
#1464 = CARTESIAN_POINT('',(-1.563414355018,13.033892433055));
#1465 = CARTESIAN_POINT('',(-1.570796326795,13.01781746195));
#1466 = ( GEOMETRIC_REPRESENTATION_CONTEXT(2) 
PARAMETRIC_REPRESENTATION_CONTEXT() REPRESENTATION_CONTEXT('2D SPACE',''
  ) );
#1467 = PCURVE('',#857,#1468);
#1468 = DEFINITIONAL_REPRESENTATION('',(#1469),#1492);
#1469 = B_SPLINE_CURVE_WITH_KNOTS('',6,(#1470,#1471,#1472,#1473,#1474,
    #1475,#1476,#1477,#1478,#1479,#1480,#1481,#1482,#1483,#1484,#1485,
    #1486,#1487,#1488,#1489,#1490,#1491),.UNSPECIFIED.,.F.,.F.,(7,5,5,5,
    7),(0.,0.114567987673,0.50000009624,0.887810662562,1.),
  .UNSPECIFIED.);
#1470 = CARTESIAN_POINT('',(-2.53840124798,-1.));
#1471 = CARTESIAN_POINT('',(-2.561852354278,-1.));
#1472 = CARTESIAN_POINT('',(-2.585249959674,-1.000102319332));
#1473 = CARTESIAN_POINT('',(-2.60859565503,-1.000290326808));
#1474 = CARTESIAN_POINT('',(-2.631891477578,-1.000548389337));
#1475 = CARTESIAN_POINT('',(-2.655139910922,-1.000861871924));
#1476 = CARTESIAN_POINT('',(-2.756407197954,-1.002412330407));
#1477 = CARTESIAN_POINT('',(-2.833958752584,-1.004080548696));
#1478 = CARTESIAN_POINT('',(-2.911125104324,-1.005705755957));
#1479 = CARTESIAN_POINT('',(-2.988033542345,-1.006914523916));
#1480 = CARTESIAN_POINT('',(-3.064811631019,-1.00751884434));
#1481 = CARTESIAN_POINT('',(-3.218847483128,-1.00751884434));
#1482 = CARTESIAN_POINT('',(-3.296099337831,-1.006907043643));
#1483 = CARTESIAN_POINT('',(-3.373484065608,-1.005683306812));
#1484 = CARTESIAN_POINT('',(-3.451131521515,-1.004040336125));
#1485 = CARTESIAN_POINT('',(-3.529171266254,-1.002360838435));
#1486 = CARTESIAN_POINT('',(-3.630458861349,-1.000829574088));
#1487 = CARTESIAN_POINT('',(-3.653228500281,-1.000527141313));
#1488 = CARTESIAN_POINT('',(-3.676043729838,-1.000278726734));
#1489 = CARTESIAN_POINT('',(-3.698906867295,-1.000098113486));
#1490 = CARTESIAN_POINT('',(-3.721819814765,-1.));
#1491 = CARTESIAN_POINT('',(-3.744784059199,-1.));
#1492 = ( GEOMETRIC_REPRESENTATION_CONTEXT(2) 
PARAMETRIC_REPRESENTATION_CONTEXT() REPRESENTATION_CONTEXT('2D SPACE',''
  ) );
#1493 = ORIENTED_EDGE('',*,*,#1494,.T.);
#1494 = EDGE_CURVE('',#1415,#1495,#1497,.T.);
#1495 = VERTEX_POINT('',#1496);
#1496 = CARTESIAN_POINT('',(-10.,-0.48218253805,6.6));
#1497 = SURFACE_CURVE('',#1498,(#1502,#1509),.PCURVE_S1.);
#1498 = LINE('',#1499,#1500);
#1499 = CARTESIAN_POINT('',(-10.,-33.5,6.6));
#1500 = VECTOR('',#1501,1.);
#1501 = DIRECTION('',(0.,1.,0.));
#1502 = PCURVE('',#72,#1503);
#1503 = DEFINITIONAL_REPRESENTATION('',(#1504),#1508);
#1504 = LINE('',#1505,#1506);
#1505 = CARTESIAN_POINT('',(-1.570796326795,0.));
#1506 = VECTOR('',#1507,1.);
#1507 = DIRECTION('',(-0.,1.));
#1508 = ( GEOMETRIC_REPRESENTATION_CONTEXT(2) 
PARAMETRIC_REPRESENTATION_CONTEXT() REPRESENTATION_CONTEXT('2D SPACE',''
  ) );
#1509 = PCURVE('',#1402,#1510);
#1510 = DEFINITIONAL_REPRESENTATION('',(#1511),#1515);
#1511 = LINE('',#1512,#1513);
#1512 = CARTESIAN_POINT('',(1.5,0.));
#1513 = VECTOR('',#1514,1.);
#1514 = DIRECTION('',(0.,1.));
#1515 = ( GEOMETRIC_REPRESENTATION_CONTEXT(2) 
PARAMETRIC_REPRESENTATION_CONTEXT() REPRESENTATION_CONTEXT('2D SPACE',''
  ) );
#1516 = ORIENTED_EDGE('',*,*,#1517,.F.);
#1517 = EDGE_CURVE('',#1518,#1495,#1520,.T.);
#1518 = VERTEX_POINT('',#1519);
#1519 = CARTESIAN_POINT('',(-10.,0.48218253805,6.6));
#1520 = SURFACE_CURVE('',#1521,(#1544,#1570),.PCURVE_S1.);
#1521 = B_SPLINE_CURVE_WITH_KNOTS('',6,(#1522,#1523,#1524,#1525,#1526,
    #1527,#1528,#1529,#1530,#1531,#1532,#1533,#1534,#1535,#1536,#1537,
    #1538,#1539,#1540,#1541,#1542,#1543),.UNSPECIFIED.,.F.,.F.,(7,5,5,5,
    7),(0.,0.114567987673,0.50000009624,0.887810662562,1.),
  .UNSPECIFIED.);
#1522 = CARTESIAN_POINT('',(-10.,0.48218253805,6.6));
#1523 = CARTESIAN_POINT('',(-10.01130771395,0.465766763641,6.6));
#1524 = CARTESIAN_POINT('',(-10.02212763845,0.449070207765,
    6.600102319332));
#1525 = CARTESIAN_POINT('',(-10.03245339004,0.432110785087,
    6.600290326808));
#1526 = CARTESIAN_POINT('',(-10.04227944465,0.414905999563,
    6.600548389337));
#1527 = CARTESIAN_POINT('',(-10.05160113762,0.397472944442,
    6.600861871924));
#1528 = CARTESIAN_POINT('',(-10.09006531933,0.320467814428,
    6.602412330407));
#1529 = CARTESIAN_POINT('',(-10.11396093046,0.258718910561,
    6.604080548696));
#1530 = CARTESIAN_POINT('',(-10.13196111726,0.1952048389,6.605705755957)
  );
#1531 = CARTESIAN_POINT('',(-10.14398678062,0.13052525181,6.606914523916
    ));
#1532 = CARTESIAN_POINT('',(-10.15,6.526386918498E-02,6.60751884434));
#1533 = CARTESIAN_POINT('',(-10.15,-6.566660510742E-02,6.60751884434));
#1534 = CARTESIAN_POINT('',(-10.14391233836,-0.131330689088,
    6.606907043643));
#1535 = CARTESIAN_POINT('',(-10.13173780337,-0.196402221278,
    6.605683306812));
#1536 = CARTESIAN_POINT('',(-10.11351522123,-0.260286538937,
    6.604040336125));
#1537 = CARTESIAN_POINT('',(-10.08932571466,-0.322372521777,
    6.602360838435));
#1538 = CARTESIAN_POINT('',(-10.05063134024,-0.399281563598,
    6.600829574088));
#1539 = CARTESIAN_POINT('',(-10.04146217282,-0.416334091381,
    6.600527141313));
#1540 = CARTESIAN_POINT('',(-10.03180964718,-0.43316670839,
    6.600278726734));
#1541 = CARTESIAN_POINT('',(-10.02167817363,-0.449763348727,
    6.600098113486));
#1542 = CARTESIAN_POINT('',(-10.01107295766,-0.466107566945,6.6));
#1543 = CARTESIAN_POINT('',(-10.,-0.48218253805,6.6));
#1544 = PCURVE('',#72,#1545);
#1545 = DEFINITIONAL_REPRESENTATION('',(#1546),#1569);
#1546 = B_SPLINE_CURVE_WITH_KNOTS('',6,(#1547,#1548,#1549,#1550,#1551,
    #1552,#1553,#1554,#1555,#1556,#1557,#1558,#1559,#1560,#1561,#1562,
    #1563,#1564,#1565,#1566,#1567,#1568),.UNSPECIFIED.,.F.,.F.,(7,5,5,5,
    7),(0.,0.114567987673,0.50000009624,0.887810662562,1.),
  .UNSPECIFIED.);
#1547 = CARTESIAN_POINT('',(-1.570796326795,33.98218253805));
#1548 = CARTESIAN_POINT('',(-1.563257850825,33.965766763641));
#1549 = CARTESIAN_POINT('',(-1.556044552407,33.949070207765));
#1550 = CARTESIAN_POINT('',(-1.549159962312,33.932110785087));
#1551 = CARTESIAN_POINT('',(-1.5426072938,33.914905999563));
#1552 = CARTESIAN_POINT('',(-1.536389442619,33.897472944442));
#1553 = CARTESIAN_POINT('',(-1.510725830715,33.820467814428));
#1554 = CARTESIAN_POINT('',(-1.494763581386,33.758718910561));
#1555 = CARTESIAN_POINT('',(-1.482715494171,33.6952048389));
#1556 = CARTESIAN_POINT('',(-1.474657891942,33.63052525181));
#1557 = CARTESIAN_POINT('',(-1.470628905633,33.565263869185));
#1558 = CARTESIAN_POINT('',(-1.470628905633,33.434333394893));
#1559 = CARTESIAN_POINT('',(-1.474707769046,33.368669310912));
#1560 = CARTESIAN_POINT('',(-1.482865124138,33.303597778722));
#1561 = CARTESIAN_POINT('',(-1.495061904486,33.239713461063));
#1562 = CARTESIAN_POINT('',(-1.511219877678,33.177627478223));
#1563 = CARTESIAN_POINT('',(-1.537036318448,33.100718436402));
#1564 = CARTESIAN_POINT('',(-1.543152301545,33.083665908619));
#1565 = CARTESIAN_POINT('',(-1.549589171253,33.06683329161));
#1566 = CARTESIAN_POINT('',(-1.556344197154,33.050236651273));
#1567 = CARTESIAN_POINT('',(-1.563414355018,33.033892433055));
#1568 = CARTESIAN_POINT('',(-1.570796326795,33.01781746195));
#1569 = ( GEOMETRIC_REPRESENTATION_CONTEXT(2) 
PARAMETRIC_REPRESENTATION_CONTEXT() REPRESENTATION_CONTEXT('2D SPACE',''
  ) );
#1570 = PCURVE('',#892,#1571);
#1571 = DEFINITIONAL_REPRESENTATION('',(#1572),#1595);
#1572 = B_SPLINE_CURVE_WITH_KNOTS('',6,(#1573,#1574,#1575,#1576,#1577,
    #1578,#1579,#1580,#1581,#1582,#1583,#1584,#1585,#1586,#1587,#1588,
    #1589,#1590,#1591,#1592,#1593,#1594),.UNSPECIFIED.,.F.,.F.,(7,5,5,5,
    7),(0.,0.114567987673,0.50000009624,0.887810662562,1.),
  .UNSPECIFIED.);
#1573 = CARTESIAN_POINT('',(-2.53840124798,-1.));
#1574 = CARTESIAN_POINT('',(-2.561852354278,-1.));
#1575 = CARTESIAN_POINT('',(-2.585249959674,-1.000102319332));
#1576 = CARTESIAN_POINT('',(-2.60859565503,-1.000290326808));
#1577 = CARTESIAN_POINT('',(-2.631891477578,-1.000548389337));
#1578 = CARTESIAN_POINT('',(-2.655139910922,-1.000861871924));
#1579 = CARTESIAN_POINT('',(-2.756407197954,-1.002412330407));
#1580 = CARTESIAN_POINT('',(-2.833958752584,-1.004080548696));
#1581 = CARTESIAN_POINT('',(-2.911125104325,-1.005705755957));
#1582 = CARTESIAN_POINT('',(-2.988033542345,-1.006914523916));
#1583 = CARTESIAN_POINT('',(-3.064811631019,-1.00751884434));
#1584 = CARTESIAN_POINT('',(-3.218847483128,-1.00751884434));
#1585 = CARTESIAN_POINT('',(-3.296099337831,-1.006907043643));
#1586 = CARTESIAN_POINT('',(-3.373484065608,-1.005683306812));
#1587 = CARTESIAN_POINT('',(-3.451131521516,-1.004040336125));
#1588 = CARTESIAN_POINT('',(-3.529171266254,-1.002360838435));
#1589 = CARTESIAN_POINT('',(-3.630458861349,-1.000829574088));
#1590 = CARTESIAN_POINT('',(-3.653228500281,-1.000527141313));
#1591 = CARTESIAN_POINT('',(-3.676043729838,-1.000278726734));
#1592 = CARTESIAN_POINT('',(-3.698906867295,-1.000098113486));
#1593 = CARTESIAN_POINT('',(-3.721819814765,-1.));
#1594 = CARTESIAN_POINT('',(-3.744784059199,-1.));
#1595 = ( GEOMETRIC_REPRESENTATION_CONTEXT(2) 
PARAMETRIC_REPRESENTATION_CONTEXT() REPRESENTATION_CONTEXT('2D SPACE',''
  ) );
#1596 = ORIENTED_EDGE('',*,*,#1597,.T.);
#1597 = EDGE_CURVE('',#1518,#1598,#1600,.T.);
#1598 = VERTEX_POINT('',#1599);
#1599 = CARTESIAN_POINT('',(-10.,19.51781746195,6.6));
#1600 = SURFACE_CURVE('',#1601,(#1605,#1612),.PCURVE_S1.);
#1601 = LINE('',#1602,#1603);
#1602 = CARTESIAN_POINT('',(-10.,-33.5,6.6));
#1603 = VECTOR('',#1604,1.);
#1604 = DIRECTION('',(0.,1.,0.));
#1605 = PCURVE('',#72,#1606);
#1606 = DEFINITIONAL_REPRESENTATION('',(#1607),#1611);
#1607 = LINE('',#1608,#1609);
#1608 = CARTESIAN_POINT('',(-1.570796326795,0.));
#1609 = VECTOR('',#1610,1.);
#1610 = DIRECTION('',(-0.,1.));
#1611 = ( GEOMETRIC_REPRESENTATION_CONTEXT(2) 
PARAMETRIC_REPRESENTATION_CONTEXT() REPRESENTATION_CONTEXT('2D SPACE',''
  ) );
#1612 = PCURVE('',#1402,#1613);
#1613 = DEFINITIONAL_REPRESENTATION('',(#1614),#1618);
#1614 = LINE('',#1615,#1616);
#1615 = CARTESIAN_POINT('',(1.5,0.));
#1616 = VECTOR('',#1617,1.);
#1617 = DIRECTION('',(0.,1.));
#1618 = ( GEOMETRIC_REPRESENTATION_CONTEXT(2) 
PARAMETRIC_REPRESENTATION_CONTEXT() REPRESENTATION_CONTEXT('2D SPACE',''
  ) );
#1619 = ORIENTED_EDGE('',*,*,#1620,.F.);
#1620 = EDGE_CURVE('',#1621,#1598,#1623,.T.);
#1621 = VERTEX_POINT('',#1622);
#1622 = CARTESIAN_POINT('',(-10.,20.48218253805,6.6));
#1623 = SURFACE_CURVE('',#1624,(#1647,#1673),.PCURVE_S1.);
#1624 = B_SPLINE_CURVE_WITH_KNOTS('',6,(#1625,#1626,#1627,#1628,#1629,
    #1630,#1631,#1632,#1633,#1634,#1635,#1636,#1637,#1638,#1639,#1640,
    #1641,#1642,#1643,#1644,#1645,#1646),.UNSPECIFIED.,.F.,.F.,(7,5,5,5,
    7),(0.,0.114567987673,0.50000009624,0.887810662562,1.),
  .UNSPECIFIED.);
#1625 = CARTESIAN_POINT('',(-10.,20.48218253805,6.6));
#1626 = CARTESIAN_POINT('',(-10.01130771395,20.465766763641,6.6));
#1627 = CARTESIAN_POINT('',(-10.02212763845,20.449070207765,
    6.600102319332));
#1628 = CARTESIAN_POINT('',(-10.03245339004,20.432110785087,
    6.600290326808));
#1629 = CARTESIAN_POINT('',(-10.04227944465,20.414905999563,
    6.600548389337));
#1630 = CARTESIAN_POINT('',(-10.05160113762,20.397472944442,
    6.600861871924));
#1631 = CARTESIAN_POINT('',(-10.09006531933,20.320467814428,
    6.602412330407));
#1632 = CARTESIAN_POINT('',(-10.11396093046,20.258718910561,
    6.604080548696));
#1633 = CARTESIAN_POINT('',(-10.13196111726,20.1952048389,6.605705755957
    ));
#1634 = CARTESIAN_POINT('',(-10.14398678062,20.13052525181,
    6.606914523916));
#1635 = CARTESIAN_POINT('',(-10.15,20.065263869185,6.60751884434));
#1636 = CARTESIAN_POINT('',(-10.15,19.934333394893,6.60751884434));
#1637 = CARTESIAN_POINT('',(-10.14391233836,19.868669310912,
    6.606907043643));
#1638 = CARTESIAN_POINT('',(-10.13173780337,19.803597778722,
    6.605683306812));
#1639 = CARTESIAN_POINT('',(-10.11351522123,19.739713461063,
    6.604040336125));
#1640 = CARTESIAN_POINT('',(-10.08932571466,19.677627478223,
    6.602360838435));
#1641 = CARTESIAN_POINT('',(-10.05063134024,19.600718436402,
    6.600829574088));
#1642 = CARTESIAN_POINT('',(-10.04146217282,19.583665908619,
    6.600527141313));
#1643 = CARTESIAN_POINT('',(-10.03180964718,19.56683329161,
    6.600278726734));
#1644 = CARTESIAN_POINT('',(-10.02167817363,19.550236651273,
    6.600098113486));
#1645 = CARTESIAN_POINT('',(-10.01107295766,19.533892433055,6.6));
#1646 = CARTESIAN_POINT('',(-10.,19.51781746195,6.6));
#1647 = PCURVE('',#72,#1648);
#1648 = DEFINITIONAL_REPRESENTATION('',(#1649),#1672);
#1649 = B_SPLINE_CURVE_WITH_KNOTS('',6,(#1650,#1651,#1652,#1653,#1654,
    #1655,#1656,#1657,#1658,#1659,#1660,#1661,#1662,#1663,#1664,#1665,
    #1666,#1667,#1668,#1669,#1670,#1671),.UNSPECIFIED.,.F.,.F.,(7,5,5,5,
    7),(0.,0.114567987673,0.50000009624,0.887810662562,1.),
  .UNSPECIFIED.);
#1650 = CARTESIAN_POINT('',(-1.570796326795,53.98218253805));
#1651 = CARTESIAN_POINT('',(-1.563257850825,53.965766763641));
#1652 = CARTESIAN_POINT('',(-1.556044552407,53.949070207765));
#1653 = CARTESIAN_POINT('',(-1.549159962312,53.932110785087));
#1654 = CARTESIAN_POINT('',(-1.5426072938,53.914905999563));
#1655 = CARTESIAN_POINT('',(-1.536389442619,53.897472944442));
#1656 = CARTESIAN_POINT('',(-1.510725830715,53.820467814428));
#1657 = CARTESIAN_POINT('',(-1.494763581386,53.758718910561));
#1658 = CARTESIAN_POINT('',(-1.482715494171,53.6952048389));
#1659 = CARTESIAN_POINT('',(-1.474657891942,53.63052525181));
#1660 = CARTESIAN_POINT('',(-1.470628905633,53.565263869185));
#1661 = CARTESIAN_POINT('',(-1.470628905633,53.434333394893));
#1662 = CARTESIAN_POINT('',(-1.474707769046,53.368669310912));
#1663 = CARTESIAN_POINT('',(-1.482865124138,53.303597778722));
#1664 = CARTESIAN_POINT('',(-1.495061904486,53.239713461063));
#1665 = CARTESIAN_POINT('',(-1.511219877678,53.177627478223));
#1666 = CARTESIAN_POINT('',(-1.537036318448,53.100718436402));
#1667 = CARTESIAN_POINT('',(-1.543152301545,53.083665908619));
#1668 = CARTESIAN_POINT('',(-1.549589171253,53.06683329161));
#1669 = CARTESIAN_POINT('',(-1.556344197154,53.050236651273));
#1670 = CARTESIAN_POINT('',(-1.563414355018,53.033892433055));
#1671 = CARTESIAN_POINT('',(-1.570796326795,53.01781746195));
#1672 = ( GEOMETRIC_REPRESENTATION_CONTEXT(2) 
PARAMETRIC_REPRESENTATION_CONTEXT() REPRESENTATION_CONTEXT('2D SPACE',''
  ) );
#1673 = PCURVE('',#927,#1674);
#1674 = DEFINITIONAL_REPRESENTATION('',(#1675),#1698);
#1675 = B_SPLINE_CURVE_WITH_KNOTS('',6,(#1676,#1677,#1678,#1679,#1680,
    #1681,#1682,#1683,#1684,#1685,#1686,#1687,#1688,#1689,#1690,#1691,
    #1692,#1693,#1694,#1695,#1696,#1697),.UNSPECIFIED.,.F.,.F.,(7,5,5,5,
    7),(0.,0.114567987673,0.50000009624,0.887810662562,1.),
  .UNSPECIFIED.);
#1676 = CARTESIAN_POINT('',(-2.53840124798,-1.));
#1677 = CARTESIAN_POINT('',(-2.561852354278,-1.));
#1678 = CARTESIAN_POINT('',(-2.585249959674,-1.000102319332));
#1679 = CARTESIAN_POINT('',(-2.60859565503,-1.000290326808));
#1680 = CARTESIAN_POINT('',(-2.631891477578,-1.000548389337));
#1681 = CARTESIAN_POINT('',(-2.655139910922,-1.000861871924));
#1682 = CARTESIAN_POINT('',(-2.756407197954,-1.002412330407));
#1683 = CARTESIAN_POINT('',(-2.833958752584,-1.004080548696));
#1684 = CARTESIAN_POINT('',(-2.911125104324,-1.005705755957));
#1685 = CARTESIAN_POINT('',(-2.988033542345,-1.006914523916));
#1686 = CARTESIAN_POINT('',(-3.064811631019,-1.00751884434));
#1687 = CARTESIAN_POINT('',(-3.218847483128,-1.00751884434));
#1688 = CARTESIAN_POINT('',(-3.296099337831,-1.006907043643));
#1689 = CARTESIAN_POINT('',(-3.373484065608,-1.005683306812));
#1690 = CARTESIAN_POINT('',(-3.451131521516,-1.004040336125));
#1691 = CARTESIAN_POINT('',(-3.529171266254,-1.002360838435));
#1692 = CARTESIAN_POINT('',(-3.630458861349,-1.000829574088));
#1693 = CARTESIAN_POINT('',(-3.653228500281,-1.000527141313));
#1694 = CARTESIAN_POINT('',(-3.676043729838,-1.000278726734));
#1695 = CARTESIAN_POINT('',(-3.698906867295,-1.000098113486));
#1696 = CARTESIAN_POINT('',(-3.721819814765,-1.));
#1697 = CARTESIAN_POINT('',(-3.744784059199,-1.));
#1698 = ( GEOMETRIC_REPRESENTATION_CONTEXT(2) 
PARAMETRIC_REPRESENTATION_CONTEXT() REPRESENTATION_CONTEXT('2D SPACE',''
  ) );
#1699 = ORIENTED_EDGE('',*,*,#1700,.T.);
#1700 = EDGE_CURVE('',#1621,#1701,#1703,.T.);
#1701 = VERTEX_POINT('',#1702);
#1702 = CARTESIAN_POINT('',(-10.,32.,6.6));
#1703 = SURFACE_CURVE('',#1704,(#1708,#1715),.PCURVE_S1.);
#1704 = LINE('',#1705,#1706);
#1705 = CARTESIAN_POINT('',(-10.,-33.5,6.6));
#1706 = VECTOR('',#1707,1.);
#1707 = DIRECTION('',(0.,1.,0.));
#1708 = PCURVE('',#72,#1709);
#1709 = DEFINITIONAL_REPRESENTATION('',(#1710),#1714);
#1710 = LINE('',#1711,#1712);
#1711 = CARTESIAN_POINT('',(-1.570796326795,0.));
#1712 = VECTOR('',#1713,1.);
#1713 = DIRECTION('',(-0.,1.));
#1714 = ( GEOMETRIC_REPRESENTATION_CONTEXT(2) 
PARAMETRIC_REPRESENTATION_CONTEXT() REPRESENTATION_CONTEXT('2D SPACE',''
  ) );
#1715 = PCURVE('',#1402,#1716);
#1716 = DEFINITIONAL_REPRESENTATION('',(#1717),#1721);
#1717 = LINE('',#1718,#1719);
#1718 = CARTESIAN_POINT('',(1.5,0.));
#1719 = VECTOR('',#1720,1.);
#1720 = DIRECTION('',(0.,1.));
#1721 = ( GEOMETRIC_REPRESENTATION_CONTEXT(2) 
PARAMETRIC_REPRESENTATION_CONTEXT() REPRESENTATION_CONTEXT('2D SPACE',''
  ) );
#1722 = ORIENTED_EDGE('',*,*,#1723,.F.);
#1723 = EDGE_CURVE('',#1253,#1701,#1724,.T.);
#1724 = SURFACE_CURVE('',#1725,(#1748,#1774),.PCURVE_S1.);
#1725 = B_SPLINE_CURVE_WITH_KNOTS('',6,(#1726,#1727,#1728,#1729,#1730,
    #1731,#1732,#1733,#1734,#1735,#1736,#1737,#1738,#1739,#1740,#1741,
    #1742,#1743,#1744,#1745,#1746,#1747),.UNSPECIFIED.,.F.,.F.,(7,5,5,5,
    7),(0.,0.410777669564,0.500000354226,0.589893032044,1.),
  .UNSPECIFIED.);
#1726 = CARTESIAN_POINT('',(-10.,33.5,6.6));
#1727 = CARTESIAN_POINT('',(-10.06785660108,33.409524531886,6.6));
#1728 = CARTESIAN_POINT('',(-10.12501557316,33.312847763143,
    6.603683006836));
#1729 = CARTESIAN_POINT('',(-10.17112475289,33.211430223163,
    6.608875516279));
#1730 = CARTESIAN_POINT('',(-10.20603193564,33.106592460126,
    6.613897472825));
#1731 = CARTESIAN_POINT('',(-10.22966392034,32.999539709132,
    6.617633612499));
#1732 = CARTESIAN_POINT('',(-10.24464954442,32.867924794809,
    6.620083129918));
#1733 = CARTESIAN_POINT('',(-10.24678942663,32.844389305875,
    6.620438865594));
#1734 = CARTESIAN_POINT('',(-10.24839463618,32.820816722535,
    6.620708697347));
#1735 = CARTESIAN_POINT('',(-10.24946487731,32.79721939744,
    6.620889599232));
#1736 = CARTESIAN_POINT('',(-10.25,32.773609696723,6.620980054225));
#1737 = CARTESIAN_POINT('',(-10.25,32.726213012767,6.620980054225));
#1738 = CARTESIAN_POINT('',(-10.24945681038,32.702426021851,
    6.620888235548));
#1739 = CARTESIAN_POINT('',(-10.2483704356,32.678651687523,
    6.620704606664));
#1740 = CARTESIAN_POINT('',(-10.2467410302,32.654902656331,
    6.620430730646));
#1741 = CARTESIAN_POINT('',(-10.24456889885,32.631191561097,
    6.620069725171));
#1742 = CARTESIAN_POINT('',(-10.2294708915,32.499587274811,
    6.617603104162));
#1743 = CARTESIAN_POINT('',(-10.20580400826,32.392723584777,
    6.613864716375));
#1744 = CARTESIAN_POINT('',(-10.17089903167,32.288073523826,
    6.608850106545));
#1745 = CARTESIAN_POINT('',(-10.12482906145,32.186836832767,
    6.603671004416));
#1746 = CARTESIAN_POINT('',(-10.06774589707,32.09032786276,6.6));
#1747 = CARTESIAN_POINT('',(-10.,32.,6.6));
#1748 = PCURVE('',#72,#1749);
#1749 = DEFINITIONAL_REPRESENTATION('',(#1750),#1773);
#1750 = B_SPLINE_CURVE_WITH_KNOTS('',6,(#1751,#1752,#1753,#1754,#1755,
    #1756,#1757,#1758,#1759,#1760,#1761,#1762,#1763,#1764,#1765,#1766,
    #1767,#1768,#1769,#1770,#1771,#1772),.UNSPECIFIED.,.F.,.F.,(7,5,5,5,
    7),(0.,0.410777669564,0.500000354226,0.589893032044,1.),
  .UNSPECIFIED.);
#1751 = CARTESIAN_POINT('',(-1.570796326795,67.));
#1752 = CARTESIAN_POINT('',(-1.525558592738,66.909524531886));
#1753 = CARTESIAN_POINT('',(-1.487452704701,66.812847763143));
#1754 = CARTESIAN_POINT('',(-1.45654624867,66.711430223163));
#1755 = CARTESIAN_POINT('',(-1.433038018147,66.606592460126));
#1756 = CARTESIAN_POINT('',(-1.417087986613,66.499539709132));
#1757 = CARTESIAN_POINT('',(-1.406964986077,66.367924794809));
#1758 = CARTESIAN_POINT('',(-1.405518821945,66.344389305875));
#1759 = CARTESIAN_POINT('',(-1.404433672437,66.320816722535));
#1760 = CARTESIAN_POINT('',(-1.403710059102,66.29721939744));
#1761 = CARTESIAN_POINT('',(-1.403348247575,66.273609696723));
#1762 = CARTESIAN_POINT('',(-1.403348247575,66.226213012767));
#1763 = CARTESIAN_POINT('',(-1.403715513454,66.202426021851));
#1764 = CARTESIAN_POINT('',(-1.404450035051,66.178651687523));
#1765 = CARTESIAN_POINT('',(-1.405551538702,66.154902656331));
#1766 = CARTESIAN_POINT('',(-1.407019487236,66.131191561097));
#1767 = CARTESIAN_POINT('',(-1.417218268101,65.999587274811));
#1768 = CARTESIAN_POINT('',(-1.433191510509,65.892723584777));
#1769 = CARTESIAN_POINT('',(-1.456697548461,65.788073523826));
#1770 = CARTESIAN_POINT('',(-1.487577044323,65.686836832767));
#1771 = CARTESIAN_POINT('',(-1.525632395415,65.59032786276));
#1772 = CARTESIAN_POINT('',(-1.570796326795,65.5));
#1773 = ( GEOMETRIC_REPRESENTATION_CONTEXT(2) 
PARAMETRIC_REPRESENTATION_CONTEXT() REPRESENTATION_CONTEXT('2D SPACE',''
  ) );
#1774 = PCURVE('',#701,#1775);
#1775 = DEFINITIONAL_REPRESENTATION('',(#1776),#1799);
#1776 = B_SPLINE_CURVE_WITH_KNOTS('',6,(#1777,#1778,#1779,#1780,#1781,
    #1782,#1783,#1784,#1785,#1786,#1787,#1788,#1789,#1790,#1791,#1792,
    #1793,#1794,#1795,#1796,#1797,#1798),.UNSPECIFIED.,.F.,.F.,(7,5,5,5,
    7),(0.,0.410777669564,0.500000354226,0.589893032044,1.),
  .UNSPECIFIED.);
#1777 = CARTESIAN_POINT('',(-2.498091544797,-1.));
#1778 = CARTESIAN_POINT('',(-2.58856701291,-1.));
#1779 = CARTESIAN_POINT('',(-2.677876460238,-1.003683006836));
#1780 = CARTESIAN_POINT('',(-2.766249193371,-1.008875516279));
#1781 = CARTESIAN_POINT('',(-2.853928128321,-1.013897472825));
#1782 = CARTESIAN_POINT('',(-2.941159272581,-1.017633612499));
#1783 = CARTESIAN_POINT('',(-3.047131509252,-1.020083129918));
#1784 = CARTESIAN_POINT('',(-3.066032698718,-1.020438865594));
#1785 = CARTESIAN_POINT('',(-3.084927146802,-1.020708697347));
#1786 = CARTESIAN_POINT('',(-3.103817131115,-1.020889599232));
#1787 = CARTESIAN_POINT('',(-3.122704896211,-1.020980054225));
#1788 = CARTESIAN_POINT('',(-3.160622243376,-1.020980054225));
#1789 = CARTESIAN_POINT('',(-3.179651840807,-1.020888235548));
#1790 = CARTESIAN_POINT('',(-3.198683707624,-1.020704606664));
#1791 = CARTESIAN_POINT('',(-3.217720139671,-1.020430730646));
#1792 = CARTESIAN_POINT('',(-3.236763466901,-1.020069725171));
#1793 = CARTESIAN_POINT('',(-3.342737465205,-1.017603104162));
#1794 = CARTESIAN_POINT('',(-3.429829246603,-1.013864716375));
#1795 = CARTESIAN_POINT('',(-3.517368576122,-1.008850106545));
#1796 = CARTESIAN_POINT('',(-3.605600231253,-1.003671004416));
#1797 = CARTESIAN_POINT('',(-3.694765899623,-1.));
#1798 = CARTESIAN_POINT('',(-3.785093762383,-1.));
#1799 = ( GEOMETRIC_REPRESENTATION_CONTEXT(2) 
PARAMETRIC_REPRESENTATION_CONTEXT() REPRESENTATION_CONTEXT('2D SPACE',''
  ) );
#1800 = ORIENTED_EDGE('',*,*,#1273,.F.);
#1801 = ADVANCED_FACE('',(#1802,#1855),#262,.F.);
#1802 = FACE_BOUND('',#1803,.T.);
#1803 = EDGE_LOOP('',(#1804,#1805,#1833,#1852,#1853,#1854));
#1804 = ORIENTED_EDGE('',*,*,#1306,.F.);
#1805 = ORIENTED_EDGE('',*,*,#1806,.T.);
#1806 = EDGE_CURVE('',#1307,#1807,#1809,.T.);
#1807 = VERTEX_POINT('',#1808);
#1808 = CARTESIAN_POINT('',(-8.,-33.5,6.6));
#1809 = SURFACE_CURVE('',#1810,(#1815,#1822),.PCURVE_S1.);
#1810 = CIRCLE('',#1811,1.25);
#1811 = AXIS2_PLACEMENT_3D('',#1812,#1813,#1814);
#1812 = CARTESIAN_POINT('',(-9.,-32.75,6.6));
#1813 = DIRECTION('',(0.,0.,-1.));
#1814 = DIRECTION('',(-0.8,0.6,0.));
#1815 = PCURVE('',#262,#1816);
#1816 = DEFINITIONAL_REPRESENTATION('',(#1817),#1821);
#1817 = LINE('',#1818,#1819);
#1818 = CARTESIAN_POINT('',(-2.498091544797,-1.));
#1819 = VECTOR('',#1820,1.);
#1820 = DIRECTION('',(1.,-0.));
#1821 = ( GEOMETRIC_REPRESENTATION_CONTEXT(2) 
PARAMETRIC_REPRESENTATION_CONTEXT() REPRESENTATION_CONTEXT('2D SPACE',''
  ) );
#1822 = PCURVE('',#1402,#1823);
#1823 = DEFINITIONAL_REPRESENTATION('',(#1824),#1832);
#1824 = ( BOUNDED_CURVE() B_SPLINE_CURVE(2,(#1825,#1826,#1827,#1828,
#1829,#1830,#1831),.UNSPECIFIED.,.T.,.F.) B_SPLINE_CURVE_WITH_KNOTS((1,2
    ,2,2,2,1),(-2.094395102393,0.,2.094395102393,4.188790204786,
6.28318530718,8.377580409573),.UNSPECIFIED.) CURVE() 
GEOMETRIC_REPRESENTATION_ITEM() RATIONAL_B_SPLINE_CURVE((1.,0.5,1.,0.5,
1.,0.5,1.)) REPRESENTATION_ITEM('') );
#1825 = CARTESIAN_POINT('',(1.5,1.5));
#1826 = CARTESIAN_POINT('',(2.799038105677,3.232050807569));
#1827 = CARTESIAN_POINT('',(3.649519052838,1.241025403784));
#1828 = CARTESIAN_POINT('',(4.5,-0.75));
#1829 = CARTESIAN_POINT('',(2.350480947162,-0.491025403784));
#1830 = CARTESIAN_POINT('',(0.200961894323,-0.232050807569));
#1831 = CARTESIAN_POINT('',(1.5,1.5));
#1832 = ( GEOMETRIC_REPRESENTATION_CONTEXT(2) 
PARAMETRIC_REPRESENTATION_CONTEXT() REPRESENTATION_CONTEXT('2D SPACE',''
  ) );
#1833 = ORIENTED_EDGE('',*,*,#1834,.F.);
#1834 = EDGE_CURVE('',#759,#1807,#1835,.T.);
#1835 = SURFACE_CURVE('',#1836,(#1840,#1846),.PCURVE_S1.);
#1836 = LINE('',#1837,#1838);
#1837 = CARTESIAN_POINT('',(-8.,-33.5,5.6));
#1838 = VECTOR('',#1839,1.);
#1839 = DIRECTION('',(-0.,-0.,-1.));
#1840 = PCURVE('',#262,#1841);
#1841 = DEFINITIONAL_REPRESENTATION('',(#1842),#1845);
#1842 = B_SPLINE_CURVE_WITH_KNOTS('',1,(#1843,#1844),.UNSPECIFIED.,.F.,
  .F.,(2,2),(-7.9,-1.),.PIECEWISE_BEZIER_KNOTS.);
#1843 = CARTESIAN_POINT('',(0.643501108793,-7.9));
#1844 = CARTESIAN_POINT('',(0.643501108793,-1.));
#1845 = ( GEOMETRIC_REPRESENTATION_CONTEXT(2) 
PARAMETRIC_REPRESENTATION_CONTEXT() REPRESENTATION_CONTEXT('2D SPACE',''
  ) );
#1846 = PCURVE('',#798,#1847);
#1847 = DEFINITIONAL_REPRESENTATION('',(#1848),#1851);
#1848 = B_SPLINE_CURVE_WITH_KNOTS('',1,(#1849,#1850),.UNSPECIFIED.,.F.,
  .F.,(2,2),(-8.59,-0.31),.PIECEWISE_BEZIER_KNOTS.);
#1849 = CARTESIAN_POINT('',(7.59,3.5));
#1850 = CARTESIAN_POINT('',(-0.69,3.5));
#1851 = ( GEOMETRIC_REPRESENTATION_CONTEXT(2) 
PARAMETRIC_REPRESENTATION_CONTEXT() REPRESENTATION_CONTEXT('2D SPACE',''
  ) );
#1852 = ORIENTED_EDGE('',*,*,#758,.T.);
#1853 = ORIENTED_EDGE('',*,*,#331,.T.);
#1854 = ORIENTED_EDGE('',*,*,#245,.T.);
#1855 = FACE_BOUND('',#1856,.T.);
#1856 = EDGE_LOOP('',(#1857));
#1857 = ORIENTED_EDGE('',*,*,#1858,.T.);
#1858 = EDGE_CURVE('',#1859,#1859,#1861,.T.);
#1859 = VERTEX_POINT('',#1860);
#1860 = CARTESIAN_POINT('',(-8.15,-31.833484861,9.));
#1861 = SURFACE_CURVE('',#1862,(#1945,#2031),.PCURVE_S1.);
#1862 = B_SPLINE_CURVE_WITH_KNOTS('',6,(#1863,#1864,#1865,#1866,#1867,
    #1868,#1869,#1870,#1871,#1872,#1873,#1874,#1875,#1876,#1877,#1878,
    #1879,#1880,#1881,#1882,#1883,#1884,#1885,#1886,#1887,#1888,#1889,
    #1890,#1891,#1892,#1893,#1894,#1895,#1896,#1897,#1898,#1899,#1900,
    #1901,#1902,#1903,#1904,#1905,#1906,#1907,#1908,#1909,#1910,#1911,
    #1912,#1913,#1914,#1915,#1916,#1917,#1918,#1919,#1920,#1921,#1922,
    #1923,#1924,#1925,#1926,#1927,#1928,#1929,#1930,#1931,#1932,#1933,
    #1934,#1935,#1936,#1937,#1938,#1939,#1940,#1941,#1942,#1943,#1944),
  .UNSPECIFIED.,.T.,.F.,(7,5,5,5,5,5,5,5,5,5,5,5,5,5,5,5,7),(0.,
    5.028941794818E-02,0.112358172069,0.183009392598,0.249851653189,
    0.316695830732,0.387160794749,0.449626773553,0.499700282875,
    0.531664523414,0.612067468328,0.682826381652,0.749770529087,
    0.816716596397,0.887288969301,0.949850164237,1.),.UNSPECIFIED.);
#1863 = CARTESIAN_POINT('',(-8.15,-31.833484861,9.));
#1864 = CARTESIAN_POINT('',(-8.15,-31.833484861,8.954972600679));
#1865 = CARTESIAN_POINT('',(-8.152862294889,-31.83083032332,
    8.910061061531));
#1866 = CARTESIAN_POINT('',(-8.158559334416,-31.82554660721,
    8.865504576079));
#1867 = CARTESIAN_POINT('',(-8.16703436317,-31.81781165607,
    8.821554478445));
#1868 = CARTESIAN_POINT('',(-8.17818926055,-31.80795665739,
    8.778506652176));
#1869 = CARTESIAN_POINT('',(-8.208609732475,-31.78217424026,
    8.685127316788));
#1870 = CARTESIAN_POINT('',(-8.229200447246,-31.7653335,8.635336743913)
  );
#1871 = CARTESIAN_POINT('',(-8.253376320224,-31.74653995042,
    8.587461780596));
#1872 = CARTESIAN_POINT('',(-8.280990208721,-31.72645262906,
    8.541666734335));
#1873 = CARTESIAN_POINT('',(-8.31189596895,-31.70567684038,
    8.498145724784));
#1874 = CARTESIAN_POINT('',(-8.384739581144,-31.66095219698,
    8.410389432246));
#1875 = CARTESIAN_POINT('',(-8.427721962308,-31.63689394807,
    8.366755152249));
#1876 = CARTESIAN_POINT('',(-8.474739698831,-31.61340583852,
    8.326564965941));
#1877 = CARTESIAN_POINT('',(-8.525618558829,-31.59123319126,
    8.290217092703));
#1878 = CARTESIAN_POINT('',(-8.580154413205,-31.57106275534,
    8.258158294828));
#1879 = CARTESIAN_POINT('',(-8.692897487755,-31.53695958822,
    8.20510543099));
#1880 = CARTESIAN_POINT('',(-8.750843123551,-31.52272044413,
    8.183563419305));
#1881 = CARTESIAN_POINT('',(-8.811287584165,-31.51151528875,
    8.166934793527));
#1882 = CARTESIAN_POINT('',(-8.873491445116,-31.50385119503,
    8.155663374279));
#1883 = CARTESIAN_POINT('',(-8.936663046946,-31.5,8.15));
#1884 = CARTESIAN_POINT('',(-9.063338769479,-31.5,8.15));
#1885 = CARTESIAN_POINT('',(-9.126509679632,-31.50385141868,
    8.155663698047));
#1886 = CARTESIAN_POINT('',(-9.188711693845,-31.51151537258,
    8.166934928406));
#1887 = CARTESIAN_POINT('',(-9.249154542078,-31.52272003469,
    8.183562826408));
#1888 = CARTESIAN_POINT('',(-9.307100087129,-31.53695885465,
    8.205104289817));
#1889 = CARTESIAN_POINT('',(-9.41969375805,-31.57101682932,
    8.258086849643));
#1890 = CARTESIAN_POINT('',(-9.474094956143,-31.59112730698,
    8.290048799897));
#1891 = CARTESIAN_POINT('',(-9.524858715203,-31.6132309533,
    8.326278326169));
#1892 = CARTESIAN_POINT('',(-9.571782720179,-31.63664665785,
    8.366332115353));
#1893 = CARTESIAN_POINT('',(-9.614694234814,-31.66063547423,
    8.409815126358));
#1894 = CARTESIAN_POINT('',(-9.687758626413,-31.70543783016,
    8.497635652681));
#1895 = CARTESIAN_POINT('',(-9.718892568458,-31.72635550403,
    8.541418720641));
#1896 = CARTESIAN_POINT('',(-9.746692799866,-31.74657935677,
    8.587506258151));
#1897 = CARTESIAN_POINT('',(-9.771010206284,-31.76549230936,
    8.635699984994));
#1898 = CARTESIAN_POINT('',(-9.791694986933,-31.78242207055,
    8.685832259263));
#1899 = CARTESIAN_POINT('',(-9.822046940325,-31.8081654023,
    8.779420726503));
#1900 = CARTESIAN_POINT('',(-9.833109175608,-31.81794265592,
    8.822300506848));
#1901 = CARTESIAN_POINT('',(-9.84151316294,-31.82561384638,
    8.866072166587));
#1902 = CARTESIAN_POINT('',(-9.847162086017,-31.83085293391,
    8.910443195453));
#1903 = CARTESIAN_POINT('',(-9.85,-31.833484861,8.955164783754));
#1904 = CARTESIAN_POINT('',(-9.85,-31.833484861,9.028620395416));
#1905 = CARTESIAN_POINT('',(-9.848843572364,-31.83241250983,
    9.057225233609));
#1906 = CARTESIAN_POINT('',(-9.846533133943,-31.83026932551,
    9.08573997556));
#1907 = CARTESIAN_POINT('',(-9.843079216313,-31.82708686032,
    9.114084192622));
#1908 = CARTESIAN_POINT('',(-9.838503839906,-31.82292453411,
    9.142172394138));
#1909 = CARTESIAN_POINT('',(-9.818606828815,-31.80514690754,
    9.239698323075));
#1910 = CARTESIAN_POINT('',(-9.79758904728,-31.78683718162,
    9.306895152161));
#1911 = CARTESIAN_POINT('',(-9.770289834146,-31.76419336141,
    9.371275934431));
#1912 = CARTESIAN_POINT('',(-9.737000563207,-31.73870997516,
    9.432427923544));
#1913 = CARTESIAN_POINT('',(-9.698099623376,-31.71181395095,
    9.48981236656));
#1914 = CARTESIAN_POINT('',(-9.615260418856,-31.66095219698,
    9.589610567754));
#1915 = CARTESIAN_POINT('',(-9.572278037692,-31.63689394807,
    9.633244847751));
#1916 = CARTESIAN_POINT('',(-9.525260301169,-31.61340583852,
    9.673435034059));
#1917 = CARTESIAN_POINT('',(-9.474381441171,-31.59123319126,
    9.709782907297));
#1918 = CARTESIAN_POINT('',(-9.419845586795,-31.57106275534,
    9.741841705172));
#1919 = CARTESIAN_POINT('',(-9.307102512245,-31.53695958822,
    9.79489456901));
#1920 = CARTESIAN_POINT('',(-9.249156876449,-31.52272044413,
    9.816436580695));
#1921 = CARTESIAN_POINT('',(-9.188712415835,-31.51151528875,
    9.833065206473));
#1922 = CARTESIAN_POINT('',(-9.126508554884,-31.50385119503,
    9.844336625721));
#1923 = CARTESIAN_POINT('',(-9.063336953054,-31.5,9.85));
#1924 = CARTESIAN_POINT('',(-8.936661230521,-31.5,9.85));
#1925 = CARTESIAN_POINT('',(-8.873490320369,-31.50385141868,
    9.844336301953));
#1926 = CARTESIAN_POINT('',(-8.811288306154,-31.51151537258,
    9.833065071594));
#1927 = CARTESIAN_POINT('',(-8.750845457922,-31.52272003469,
    9.816437173592));
#1928 = CARTESIAN_POINT('',(-8.692899912871,-31.53695885465,
    9.794895710183));
#1929 = CARTESIAN_POINT('',(-8.58030624195,-31.57101682932,
    9.741913150357));
#1930 = CARTESIAN_POINT('',(-8.525905043857,-31.59112730698,
    9.709951200103));
#1931 = CARTESIAN_POINT('',(-8.475141284797,-31.6132309533,
    9.673721673831));
#1932 = CARTESIAN_POINT('',(-8.428217279821,-31.63664665785,
    9.633667884648));
#1933 = CARTESIAN_POINT('',(-8.385305765186,-31.66063547423,
    9.590184873642));
#1934 = CARTESIAN_POINT('',(-8.312241373587,-31.70543783016,
    9.502364347319));
#1935 = CARTESIAN_POINT('',(-8.281107431542,-31.72635550403,
    9.458581279359));
#1936 = CARTESIAN_POINT('',(-8.253307200134,-31.74657935677,
    9.412493741849));
#1937 = CARTESIAN_POINT('',(-8.228989793716,-31.76549230936,
    9.364300015006));
#1938 = CARTESIAN_POINT('',(-8.208305013067,-31.78242207055,
    9.314167740737));
#1939 = CARTESIAN_POINT('',(-8.177953059675,-31.8081654023,
    9.220579273498));
#1940 = CARTESIAN_POINT('',(-8.166890824392,-31.81794265592,
    9.177699493151));
#1941 = CARTESIAN_POINT('',(-8.15848683706,-31.82561384638,
    9.133927833414));
#1942 = CARTESIAN_POINT('',(-8.152837913983,-31.83085293391,
    9.089556804547));
#1943 = CARTESIAN_POINT('',(-8.15,-31.833484861,9.044835216246));
#1944 = CARTESIAN_POINT('',(-8.15,-31.833484861,9.));
#1945 = PCURVE('',#262,#1946);
#1946 = DEFINITIONAL_REPRESENTATION('',(#1947),#2030);
#1947 = B_SPLINE_CURVE_WITH_KNOTS('',6,(#1948,#1949,#1950,#1951,#1952,
    #1953,#1954,#1955,#1956,#1957,#1958,#1959,#1960,#1961,#1962,#1963,
    #1964,#1965,#1966,#1967,#1968,#1969,#1970,#1971,#1972,#1973,#1974,
    #1975,#1976,#1977,#1978,#1979,#1980,#1981,#1982,#1983,#1984,#1985,
    #1986,#1987,#1988,#1989,#1990,#1991,#1992,#1993,#1994,#1995,#1996,
    #1997,#1998,#1999,#2000,#2001,#2002,#2003,#2004,#2005,#2006,#2007,
    #2008,#2009,#2010,#2011,#2012,#2013,#2014,#2015,#2016,#2017,#2018,
    #2019,#2020,#2021,#2022,#2023,#2024,#2025,#2026,#2027,#2028,#2029),
  .UNSPECIFIED.,.T.,.F.,(7,5,5,5,5,5,5,5,5,5,5,5,5,5,5,5,7),(0.,
    5.028941794818E-02,0.112358172069,0.183009392598,0.249851653189,
    0.316695830732,0.387160794749,0.449626773553,0.499700282875,
    0.531664523414,0.612067468328,0.682826381652,0.749770529087,
    0.816716596397,0.887288969301,0.949850164237,1.),.UNSPECIFIED.);
#1948 = CARTESIAN_POINT('',(-0.823033692135,-3.4));
#1949 = CARTESIAN_POINT('',(-0.823033692135,-3.354972600679));
#1950 = CARTESIAN_POINT('',(-0.82615665891,-3.310061061531));
#1951 = CARTESIAN_POINT('',(-0.832372886265,-3.265504576079));
#1952 = CARTESIAN_POINT('',(-0.841551461937,-3.221554478445));
#1953 = CARTESIAN_POINT('',(-0.853456623075,-3.178506652176));
#1954 = CARTESIAN_POINT('',(-0.885357852093,-3.085127316788));
#1955 = CARTESIAN_POINT('',(-0.906635031091,-3.035336743913));
#1956 = CARTESIAN_POINT('',(-0.931120030374,-2.987461780596));
#1957 = CARTESIAN_POINT('',(-0.958412828891,-2.941666734335));
#1958 = CARTESIAN_POINT('',(-0.988179374834,-2.898145724784));
#1959 = CARTESIAN_POINT('',(-1.056561761173,-2.810389432246));
#1960 = CARTESIAN_POINT('',(-1.095935638164,-2.766755152249));
#1961 = CARTESIAN_POINT('',(-1.137908363527,-2.726564965941));
#1962 = CARTESIAN_POINT('',(-1.182208281375,-2.690217092703));
#1963 = CARTESIAN_POINT('',(-1.228640193173,-2.658158294828));
#1964 = CARTESIAN_POINT('',(-1.322870640455,-2.60510543099));
#1965 = CARTESIAN_POINT('',(-1.370539828403,-2.583563419305));
#1966 = CARTESIAN_POINT('',(-1.419592450198,-2.566934793527));
#1967 = CARTESIAN_POINT('',(-1.469589424641,-2.555663374279));
#1968 = CARTESIAN_POINT('',(-1.520126764351,-2.55));
#1969 = CARTESIAN_POINT('',(-1.621467342378,-2.55));
#1970 = CARTESIAN_POINT('',(-1.672004130455,-2.555663698047));
#1971 = CARTESIAN_POINT('',(-1.721999642575,-2.566934928406));
#1972 = CARTESIAN_POINT('',(-1.771050945486,-2.583562826408));
#1973 = CARTESIAN_POINT('',(-1.818719986228,-2.605104289817));
#1974 = CARTESIAN_POINT('',(-1.91282556224,-2.658086849643));
#1975 = CARTESIAN_POINT('',(-1.959140478091,-2.690048799897));
#1976 = CARTESIAN_POINT('',(-2.003334669019,-2.726278326169));
#1977 = CARTESIAN_POINT('',(-2.045214899239,-2.766332115353));
#1978 = CARTESIAN_POINT('',(-2.084512313508,-2.809815126358));
#1979 = CARTESIAN_POINT('',(-2.153077757477,-2.897635652681));
#1980 = CARTESIAN_POINT('',(-2.183058547876,-2.941418720641));
#1981 = CARTESIAN_POINT('',(-2.210535620562,-2.987506258151));
#1982 = CARTESIAN_POINT('',(-2.235168459289,-3.035699984994));
#1983 = CARTESIAN_POINT('',(-2.256548957455,-3.085832259263));
#1984 = CARTESIAN_POINT('',(-2.288388155477,-3.179420726503));
#1985 = CARTESIAN_POINT('',(-2.300196642048,-3.222300506848));
#1986 = CARTESIAN_POINT('',(-2.309298874373,-3.266072166587));
#1987 = CARTESIAN_POINT('',(-2.315462594811,-3.310443195453));
#1988 = CARTESIAN_POINT('',(-2.318558961455,-3.355164783754));
#1989 = CARTESIAN_POINT('',(-2.318558961455,-3.428620395416));
#1990 = CARTESIAN_POINT('',(-2.317297288676,-3.457225233609));
#1991 = CARTESIAN_POINT('',(-2.314776128181,-3.48573997556));
#1992 = CARTESIAN_POINT('',(-2.311018947397,-3.514084192622));
#1993 = CARTESIAN_POINT('',(-2.306070824812,-3.542172394138));
#1994 = CARTESIAN_POINT('',(-2.284725135868,-3.639698323075));
#1995 = CARTESIAN_POINT('',(-2.262427283913,-3.706895152161));
#1996 = CARTESIAN_POINT('',(-2.234065064401,-3.771275934431));
#1997 = CARTESIAN_POINT('',(-2.200575795836,-3.832427923544));
#1998 = CARTESIAN_POINT('',(-2.162796702167,-3.88981236656));
#1999 = CARTESIAN_POINT('',(-2.085030892417,-3.989610567754));
#2000 = CARTESIAN_POINT('',(-2.045657015426,-4.033244847751));
#2001 = CARTESIAN_POINT('',(-2.003684290063,-4.073435034059));
#2002 = CARTESIAN_POINT('',(-1.959384372214,-4.109782907297));
#2003 = CARTESIAN_POINT('',(-1.912952460417,-4.141841705172));
#2004 = CARTESIAN_POINT('',(-1.818722013135,-4.19489456901));
#2005 = CARTESIAN_POINT('',(-1.771052825187,-4.216436580695));
#2006 = CARTESIAN_POINT('',(-1.722000203391,-4.233065206473));
#2007 = CARTESIAN_POINT('',(-1.672003228949,-4.244336625721));
#2008 = CARTESIAN_POINT('',(-1.621465889238,-4.25));
#2009 = CARTESIAN_POINT('',(-1.520125311212,-4.25));
#2010 = CARTESIAN_POINT('',(-1.469588523135,-4.244336301953));
#2011 = CARTESIAN_POINT('',(-1.419593011014,-4.233065071594));
#2012 = CARTESIAN_POINT('',(-1.370541708104,-4.216437173592));
#2013 = CARTESIAN_POINT('',(-1.322872667361,-4.194895710183));
#2014 = CARTESIAN_POINT('',(-1.228767091349,-4.141913150357));
#2015 = CARTESIAN_POINT('',(-1.182452175498,-4.109951200103));
#2016 = CARTESIAN_POINT('',(-1.138257984571,-4.073721673831));
#2017 = CARTESIAN_POINT('',(-1.096377754351,-4.033667884648));
#2018 = CARTESIAN_POINT('',(-1.057080340082,-3.990184873642));
#2019 = CARTESIAN_POINT('',(-0.988514896113,-3.902364347319));
#2020 = CARTESIAN_POINT('',(-0.958534105713,-3.858581279359));
#2021 = CARTESIAN_POINT('',(-0.931057033028,-3.812493741849));
#2022 = CARTESIAN_POINT('',(-0.906424194301,-3.764300015006));
#2023 = CARTESIAN_POINT('',(-0.885043696135,-3.714167740737));
#2024 = CARTESIAN_POINT('',(-0.853204498113,-3.620579273498));
#2025 = CARTESIAN_POINT('',(-0.841396011541,-3.577699493151));
#2026 = CARTESIAN_POINT('',(-0.832293779216,-3.533927833414));
#2027 = CARTESIAN_POINT('',(-0.826130058779,-3.489556804547));
#2028 = CARTESIAN_POINT('',(-0.823033692135,-3.444835216246));
#2029 = CARTESIAN_POINT('',(-0.823033692135,-3.4));
#2030 = ( GEOMETRIC_REPRESENTATION_CONTEXT(2) 
PARAMETRIC_REPRESENTATION_CONTEXT() REPRESENTATION_CONTEXT('2D SPACE',''
  ) );
#2031 = PCURVE('',#2032,#2037);
#2032 = CYLINDRICAL_SURFACE('',#2033,0.85);
#2033 = AXIS2_PLACEMENT_3D('',#2034,#2035,#2036);
#2034 = CARTESIAN_POINT('',(-9.,-34.5,9.));
#2035 = DIRECTION('',(-0.,-1.,-1.110223024625E-16));
#2036 = DIRECTION('',(1.,0.,0.));
#2037 = DEFINITIONAL_REPRESENTATION('',(#2038),#2121);
#2038 = B_SPLINE_CURVE_WITH_KNOTS('',6,(#2039,#2040,#2041,#2042,#2043,
    #2044,#2045,#2046,#2047,#2048,#2049,#2050,#2051,#2052,#2053,#2054,
    #2055,#2056,#2057,#2058,#2059,#2060,#2061,#2062,#2063,#2064,#2065,
    #2066,#2067,#2068,#2069,#2070,#2071,#2072,#2073,#2074,#2075,#2076,
    #2077,#2078,#2079,#2080,#2081,#2082,#2083,#2084,#2085,#2086,#2087,
    #2088,#2089,#2090,#2091,#2092,#2093,#2094,#2095,#2096,#2097,#2098,
    #2099,#2100,#2101,#2102,#2103,#2104,#2105,#2106,#2107,#2108,#2109,
    #2110,#2111,#2112,#2113,#2114,#2115,#2116,#2117,#2118,#2119,#2120),
  .UNSPECIFIED.,.F.,.F.,(7,5,5,5,5,5,5,5,5,5,5,5,5,5,5,5,7),(0.,
    5.028941794818E-02,0.112358172069,0.183009392598,0.249851653189,
    0.316695830732,0.387160794749,0.449626773553,0.499700282875,
    0.531664523414,0.612067468328,0.682826381652,0.749770529087,
    0.816716596397,0.887288969301,0.949850164237,1.),.UNSPECIFIED.);
#2039 = CARTESIAN_POINT('',(0.,-2.666515138991));
#2040 = CARTESIAN_POINT('',(-5.297341096557E-02,-2.666515138991));
#2041 = CARTESIAN_POINT('',(-0.105810431323,-2.669169676674));
#2042 = CARTESIAN_POINT('',(-0.158497813977,-2.674453392789));
#2043 = CARTESIAN_POINT('',(-0.210998544182,-2.682188343924));
#2044 = CARTESIAN_POINT('',(-0.26321714076,-2.69204334261));
#2045 = CARTESIAN_POINT('',(-0.378757725997,-2.717825759738));
#2046 = CARTESIAN_POINT('',(-0.441957543881,-2.734666499997));
#2047 = CARTESIAN_POINT('',(-0.504788405882,-2.753460049574));
#2048 = CARTESIAN_POINT('',(-0.567437658822,-2.773547370934));
#2049 = CARTESIAN_POINT('',(-0.630057766812,-2.794323159612));
#2050 = CARTESIAN_POINT('',(-0.764234011583,-2.839047803011));
#2051 = CARTESIAN_POINT('',(-0.836030796412,-2.863106051927));
#2052 = CARTESIAN_POINT('',(-0.908398882197,-2.886594161473));
#2053 = CARTESIAN_POINT('',(-0.981535001776,-2.908766808736));
#2054 = CARTESIAN_POINT('',(-1.055647697517,-2.928937244656));
#2055 = CARTESIAN_POINT('',(-1.202238044119,-2.96304041178));
#2056 = CARTESIAN_POINT('',(-1.274711989235,-2.977279555864));
#2057 = CARTESIAN_POINT('',(-1.348036677966,-2.988484711243));
#2058 = CARTESIAN_POINT('',(-1.421962817659,-2.996148804967));
#2059 = CARTESIAN_POINT('',(-1.496282264378,-3.));
#2060 = CARTESIAN_POINT('',(-1.645312526182,-3.));
#2061 = CARTESIAN_POINT('',(-1.719631156777,-2.996148581319));
#2062 = CARTESIAN_POINT('',(-1.793555195065,-2.988484627417));
#2063 = CARTESIAN_POINT('',(-1.866877877996,-2.977279965301));
#2064 = CARTESIAN_POINT('',(-1.939351456297,-2.963041145343));
#2065 = CARTESIAN_POINT('',(-2.085747545913,-2.928983170679));
#2066 = CARTESIAN_POINT('',(-2.159668383562,-2.908872693017));
#2067 = CARTESIAN_POINT('',(-2.232616676152,-2.886769046692));
#2068 = CARTESIAN_POINT('',(-2.304799748169,-2.863353342148));
#2069 = CARTESIAN_POINT('',(-2.376413273186,-2.83936452577));
#2070 = CARTESIAN_POINT('',(-2.510813646822,-2.794562169839));
#2071 = CARTESIAN_POINT('',(-2.573837085736,-2.773644495967));
#2072 = CARTESIAN_POINT('',(-2.636889099518,-2.753420643226));
#2073 = CARTESIAN_POINT('',(-2.700124624579,-2.734507690636));
#2074 = CARTESIAN_POINT('',(-2.763734470681,-2.717577929442));
#2075 = CARTESIAN_POINT('',(-2.879484124623,-2.691834597696));
#2076 = CARTESIAN_POINT('',(-2.931485226881,-2.682057344075));
#2077 = CARTESIAN_POINT('',(-2.983766012803,-2.674386153617));
#2078 = CARTESIAN_POINT('',(-3.036231789474,-2.669147066088));
#2079 = CARTESIAN_POINT('',(-3.08884534036,-2.666515138991));
#2080 = CARTESIAN_POINT('',(-3.175263707021,-2.666515138991));
#2081 = CARTESIAN_POINT('',(-3.208916495714,-2.667587490165));
#2082 = CARTESIAN_POINT('',(-3.242531860108,-2.669730674485));
#2083 = CARTESIAN_POINT('',(-3.276083863108,-2.672913139671));
#2084 = CARTESIAN_POINT('',(-3.309537821828,-2.677075465881));
#2085 = CARTESIAN_POINT('',(-3.426637713324,-2.694853092456));
#2086 = CARTESIAN_POINT('',(-3.509040675889,-2.713162818376));
#2087 = CARTESIAN_POINT('',(-3.590729897071,-2.735806638586));
#2088 = CARTESIAN_POINT('',(-3.672060735576,-2.76129002484));
#2089 = CARTESIAN_POINT('',(-3.753238771087,-2.788186049043));
#2090 = CARTESIAN_POINT('',(-3.905826665173,-2.839047803011));
#2091 = CARTESIAN_POINT('',(-3.977623450001,-2.863106051927));
#2092 = CARTESIAN_POINT('',(-4.049991535787,-2.886594161473));
#2093 = CARTESIAN_POINT('',(-4.123127655366,-2.908766808736));
#2094 = CARTESIAN_POINT('',(-4.197240351107,-2.928937244656));
#2095 = CARTESIAN_POINT('',(-4.343830697709,-2.96304041178));
#2096 = CARTESIAN_POINT('',(-4.416304642825,-2.977279555864));
#2097 = CARTESIAN_POINT('',(-4.489629331556,-2.988484711243));
#2098 = CARTESIAN_POINT('',(-4.563555471248,-2.996148804967));
#2099 = CARTESIAN_POINT('',(-4.637874917968,-3.));
#2100 = CARTESIAN_POINT('',(-4.786905179772,-3.));
#2101 = CARTESIAN_POINT('',(-4.861223810367,-2.996148581319));
#2102 = CARTESIAN_POINT('',(-4.935147848655,-2.988484627417));
#2103 = CARTESIAN_POINT('',(-5.008470531585,-2.977279965301));
#2104 = CARTESIAN_POINT('',(-5.080944109887,-2.963041145343));
#2105 = CARTESIAN_POINT('',(-5.227340199503,-2.928983170679));
#2106 = CARTESIAN_POINT('',(-5.301261037152,-2.908872693017));
#2107 = CARTESIAN_POINT('',(-5.374209329742,-2.886769046692));
#2108 = CARTESIAN_POINT('',(-5.446392401758,-2.863353342148));
#2109 = CARTESIAN_POINT('',(-5.518005926775,-2.83936452577));
#2110 = CARTESIAN_POINT('',(-5.652406300412,-2.794562169839));
#2111 = CARTESIAN_POINT('',(-5.715429739326,-2.773644495967));
#2112 = CARTESIAN_POINT('',(-5.778481753107,-2.753420643226));
#2113 = CARTESIAN_POINT('',(-5.841717278169,-2.734507690636));
#2114 = CARTESIAN_POINT('',(-5.905327124271,-2.717577929442));
#2115 = CARTESIAN_POINT('',(-6.021076778212,-2.691834597696));
#2116 = CARTESIAN_POINT('',(-6.073077880471,-2.682057344075));
#2117 = CARTESIAN_POINT('',(-6.125358666392,-2.674386153617));
#2118 = CARTESIAN_POINT('',(-6.177824443064,-2.669147066088));
#2119 = CARTESIAN_POINT('',(-6.230437993949,-2.666515138991));
#2120 = CARTESIAN_POINT('',(-6.28318530718,-2.666515138991));
#2121 = ( GEOMETRIC_REPRESENTATION_CONTEXT(2) 
PARAMETRIC_REPRESENTATION_CONTEXT() REPRESENTATION_CONTEXT('2D SPACE',''
  ) );
#2122 = ADVANCED_FACE('',(#2123),#672,.T.);
#2123 = FACE_BOUND('',#2124,.T.);
#2124 = EDGE_LOOP('',(#2125,#2150,#2169,#2170,#2191,#2217,#2243,#2271));
#2125 = ORIENTED_EDGE('',*,*,#2126,.F.);
#2126 = EDGE_CURVE('',#2127,#2129,#2131,.T.);
#2127 = VERTEX_POINT('',#2128);
#2128 = CARTESIAN_POINT('',(-8.,33.5,6.6));
#2129 = VERTEX_POINT('',#2130);
#2130 = CARTESIAN_POINT('',(8.,33.5,6.6));
#2131 = SURFACE_CURVE('',#2132,(#2136,#2143),.PCURVE_S1.);
#2132 = LINE('',#2133,#2134);
#2133 = CARTESIAN_POINT('',(-11.5,33.5,6.6));
#2134 = VECTOR('',#2135,1.);
#2135 = DIRECTION('',(1.,0.,0.));
#2136 = PCURVE('',#672,#2137);
#2137 = DEFINITIONAL_REPRESENTATION('',(#2138),#2142);
#2138 = LINE('',#2139,#2140);
#2139 = CARTESIAN_POINT('',(0.,0.));
#2140 = VECTOR('',#2141,1.);
#2141 = DIRECTION('',(0.,1.));
#2142 = ( GEOMETRIC_REPRESENTATION_CONTEXT(2) 
PARAMETRIC_REPRESENTATION_CONTEXT() REPRESENTATION_CONTEXT('2D SPACE',''
  ) );
#2143 = PCURVE('',#1402,#2144);
#2144 = DEFINITIONAL_REPRESENTATION('',(#2145),#2149);
#2145 = LINE('',#2146,#2147);
#2146 = CARTESIAN_POINT('',(0.,67.));
#2147 = VECTOR('',#2148,1.);
#2148 = DIRECTION('',(1.,0.));
#2149 = ( GEOMETRIC_REPRESENTATION_CONTEXT(2) 
PARAMETRIC_REPRESENTATION_CONTEXT() REPRESENTATION_CONTEXT('2D SPACE',''
  ) );
#2150 = ORIENTED_EDGE('',*,*,#2151,.F.);
#2151 = EDGE_CURVE('',#655,#2127,#2152,.T.);
#2152 = SURFACE_CURVE('',#2153,(#2157,#2163),.PCURVE_S1.);
#2153 = LINE('',#2154,#2155);
#2154 = CARTESIAN_POINT('',(-8.,33.5,5.6));
#2155 = VECTOR('',#2156,1.);
#2156 = DIRECTION('',(-0.,-0.,-1.));
#2157 = PCURVE('',#672,#2158);
#2158 = DEFINITIONAL_REPRESENTATION('',(#2159),#2162);
#2159 = B_SPLINE_CURVE_WITH_KNOTS('',1,(#2160,#2161),.UNSPECIFIED.,.F.,
  .F.,(2,2),(-8.59,-0.31),.PIECEWISE_BEZIER_KNOTS.);
#2160 = CARTESIAN_POINT('',(7.59,3.5));
#2161 = CARTESIAN_POINT('',(-0.69,3.5));
#2162 = ( GEOMETRIC_REPRESENTATION_CONTEXT(2) 
PARAMETRIC_REPRESENTATION_CONTEXT() REPRESENTATION_CONTEXT('2D SPACE',''
  ) );
#2163 = PCURVE('',#701,#2164);
#2164 = DEFINITIONAL_REPRESENTATION('',(#2165),#2168);
#2165 = B_SPLINE_CURVE_WITH_KNOTS('',1,(#2166,#2167),.UNSPECIFIED.,.F.,
  .F.,(2,2),(-7.9,-1.),.PIECEWISE_BEZIER_KNOTS.);
#2166 = CARTESIAN_POINT('',(-6.926686415973,-7.9));
#2167 = CARTESIAN_POINT('',(-6.926686415973,-1.));
#2168 = ( GEOMETRIC_REPRESENTATION_CONTEXT(2) 
PARAMETRIC_REPRESENTATION_CONTEXT() REPRESENTATION_CONTEXT('2D SPACE',''
  ) );
#2169 = ORIENTED_EDGE('',*,*,#654,.T.);
#2170 = ORIENTED_EDGE('',*,*,#2171,.T.);
#2171 = EDGE_CURVE('',#657,#2172,#2174,.T.);
#2172 = VERTEX_POINT('',#2173);
#2173 = CARTESIAN_POINT('',(-7.2,33.5,7.3));
#2174 = SURFACE_CURVE('',#2175,(#2179,#2185),.PCURVE_S1.);
#2175 = LINE('',#2176,#2177);
#2176 = CARTESIAN_POINT('',(-7.2,33.5,6.95));
#2177 = VECTOR('',#2178,1.);
#2178 = DIRECTION('',(0.,0.,-1.));
#2179 = PCURVE('',#672,#2180);
#2180 = DEFINITIONAL_REPRESENTATION('',(#2181),#2184);
#2181 = B_SPLINE_CURVE_WITH_KNOTS('',1,(#2182,#2183),.UNSPECIFIED.,.F.,
  .F.,(2,2),(-6.55,-0.35),.PIECEWISE_BEZIER_KNOTS.);
#2182 = CARTESIAN_POINT('',(6.9,4.3));
#2183 = CARTESIAN_POINT('',(0.7,4.3));
#2184 = ( GEOMETRIC_REPRESENTATION_CONTEXT(2) 
PARAMETRIC_REPRESENTATION_CONTEXT() REPRESENTATION_CONTEXT('2D SPACE',''
  ) );
#2185 = PCURVE('',#823,#2186);
#2186 = DEFINITIONAL_REPRESENTATION('',(#2187),#2190);
#2187 = B_SPLINE_CURVE_WITH_KNOTS('',1,(#2188,#2189),.UNSPECIFIED.,.F.,
  .F.,(2,2),(-6.55,-0.35),.PIECEWISE_BEZIER_KNOTS.);
#2188 = CARTESIAN_POINT('',(6.2,-68.));
#2189 = CARTESIAN_POINT('',(0.,-68.));
#2190 = ( GEOMETRIC_REPRESENTATION_CONTEXT(2) 
PARAMETRIC_REPRESENTATION_CONTEXT() REPRESENTATION_CONTEXT('2D SPACE',''
  ) );
#2191 = ORIENTED_EDGE('',*,*,#2192,.T.);
#2192 = EDGE_CURVE('',#2172,#2193,#2195,.T.);
#2193 = VERTEX_POINT('',#2194);
#2194 = CARTESIAN_POINT('',(7.2,33.5,7.3));
#2195 = SURFACE_CURVE('',#2196,(#2200,#2206),.PCURVE_S1.);
#2196 = LINE('',#2197,#2198);
#2197 = CARTESIAN_POINT('',(-9.35,33.5,7.3));
#2198 = VECTOR('',#2199,1.);
#2199 = DIRECTION('',(1.,0.,0.));
#2200 = PCURVE('',#672,#2201);
#2201 = DEFINITIONAL_REPRESENTATION('',(#2202),#2205);
#2202 = B_SPLINE_CURVE_WITH_KNOTS('',1,(#2203,#2204),.UNSPECIFIED.,.F.,
  .F.,(2,2),(2.15,16.55),.PIECEWISE_BEZIER_KNOTS.);
#2203 = CARTESIAN_POINT('',(0.7,4.3));
#2204 = CARTESIAN_POINT('',(0.7,18.7));
#2205 = ( GEOMETRIC_REPRESENTATION_CONTEXT(2) 
PARAMETRIC_REPRESENTATION_CONTEXT() REPRESENTATION_CONTEXT('2D SPACE',''
  ) );
#2206 = PCURVE('',#2207,#2212);
#2207 = PLANE('',#2208);
#2208 = AXIS2_PLACEMENT_3D('',#2209,#2210,#2211);
#2209 = CARTESIAN_POINT('',(-7.2,-34.5,7.3));
#2210 = DIRECTION('',(0.,0.,1.));
#2211 = DIRECTION('',(1.,0.,0.));
#2212 = DEFINITIONAL_REPRESENTATION('',(#2213),#2216);
#2213 = B_SPLINE_CURVE_WITH_KNOTS('',1,(#2214,#2215),.UNSPECIFIED.,.F.,
  .F.,(2,2),(2.15,16.55),.PIECEWISE_BEZIER_KNOTS.);
#2214 = CARTESIAN_POINT('',(0.,68.));
#2215 = CARTESIAN_POINT('',(14.4,68.));
#2216 = ( GEOMETRIC_REPRESENTATION_CONTEXT(2) 
PARAMETRIC_REPRESENTATION_CONTEXT() REPRESENTATION_CONTEXT('2D SPACE',''
  ) );
#2217 = ORIENTED_EDGE('',*,*,#2218,.F.);
#2218 = EDGE_CURVE('',#2219,#2193,#2221,.T.);
#2219 = VERTEX_POINT('',#2220);
#2220 = CARTESIAN_POINT('',(7.2,33.5,13.5));
#2221 = SURFACE_CURVE('',#2222,(#2226,#2232),.PCURVE_S1.);
#2222 = LINE('',#2223,#2224);
#2223 = CARTESIAN_POINT('',(7.2,33.5,6.95));
#2224 = VECTOR('',#2225,1.);
#2225 = DIRECTION('',(0.,0.,-1.));
#2226 = PCURVE('',#672,#2227);
#2227 = DEFINITIONAL_REPRESENTATION('',(#2228),#2231);
#2228 = B_SPLINE_CURVE_WITH_KNOTS('',1,(#2229,#2230),.UNSPECIFIED.,.F.,
  .F.,(2,2),(-6.55,-0.35),.PIECEWISE_BEZIER_KNOTS.);
#2229 = CARTESIAN_POINT('',(6.9,18.7));
#2230 = CARTESIAN_POINT('',(0.7,18.7));
#2231 = ( GEOMETRIC_REPRESENTATION_CONTEXT(2) 
PARAMETRIC_REPRESENTATION_CONTEXT() REPRESENTATION_CONTEXT('2D SPACE',''
  ) );
#2232 = PCURVE('',#2233,#2238);
#2233 = PLANE('',#2234);
#2234 = AXIS2_PLACEMENT_3D('',#2235,#2236,#2237);
#2235 = CARTESIAN_POINT('',(7.2,-34.5,7.3));
#2236 = DIRECTION('',(1.,0.,0.));
#2237 = DIRECTION('',(0.,0.,1.));
#2238 = DEFINITIONAL_REPRESENTATION('',(#2239),#2242);
#2239 = B_SPLINE_CURVE_WITH_KNOTS('',1,(#2240,#2241),.UNSPECIFIED.,.F.,
  .F.,(2,2),(-6.55,-0.35),.PIECEWISE_BEZIER_KNOTS.);
#2240 = CARTESIAN_POINT('',(6.2,-68.));
#2241 = CARTESIAN_POINT('',(0.,-68.));
#2242 = ( GEOMETRIC_REPRESENTATION_CONTEXT(2) 
PARAMETRIC_REPRESENTATION_CONTEXT() REPRESENTATION_CONTEXT('2D SPACE',''
  ) );
#2243 = ORIENTED_EDGE('',*,*,#2244,.T.);
#2244 = EDGE_CURVE('',#2219,#2245,#2247,.T.);
#2245 = VERTEX_POINT('',#2246);
#2246 = CARTESIAN_POINT('',(8.,33.5,13.5));
#2247 = SURFACE_CURVE('',#2248,(#2252,#2259),.PCURVE_S1.);
#2248 = LINE('',#2249,#2250);
#2249 = CARTESIAN_POINT('',(-11.5,33.5,13.5));
#2250 = VECTOR('',#2251,1.);
#2251 = DIRECTION('',(1.,0.,0.));
#2252 = PCURVE('',#672,#2253);
#2253 = DEFINITIONAL_REPRESENTATION('',(#2254),#2258);
#2254 = LINE('',#2255,#2256);
#2255 = CARTESIAN_POINT('',(6.9,0.));
#2256 = VECTOR('',#2257,1.);
#2257 = DIRECTION('',(0.,1.));
#2258 = ( GEOMETRIC_REPRESENTATION_CONTEXT(2) 
PARAMETRIC_REPRESENTATION_CONTEXT() REPRESENTATION_CONTEXT('2D SPACE',''
  ) );
#2259 = PCURVE('',#2260,#2265);
#2260 = PLANE('',#2261);
#2261 = AXIS2_PLACEMENT_3D('',#2262,#2263,#2264);
#2262 = CARTESIAN_POINT('',(-11.5,-33.5,13.5));
#2263 = DIRECTION('',(0.,0.,1.));
#2264 = DIRECTION('',(1.,0.,0.));
#2265 = DEFINITIONAL_REPRESENTATION('',(#2266),#2270);
#2266 = LINE('',#2267,#2268);
#2267 = CARTESIAN_POINT('',(0.,67.));
#2268 = VECTOR('',#2269,1.);
#2269 = DIRECTION('',(1.,0.));
#2270 = ( GEOMETRIC_REPRESENTATION_CONTEXT(2) 
PARAMETRIC_REPRESENTATION_CONTEXT() REPRESENTATION_CONTEXT('2D SPACE',''
  ) );
#2271 = ORIENTED_EDGE('',*,*,#2272,.T.);
#2272 = EDGE_CURVE('',#2245,#2129,#2273,.T.);
#2273 = SURFACE_CURVE('',#2274,(#2278,#2284),.PCURVE_S1.);
#2274 = LINE('',#2275,#2276);
#2275 = CARTESIAN_POINT('',(8.,33.5,5.6));
#2276 = VECTOR('',#2277,1.);
#2277 = DIRECTION('',(-0.,-0.,-1.));
#2278 = PCURVE('',#672,#2279);
#2279 = DEFINITIONAL_REPRESENTATION('',(#2280),#2283);
#2280 = B_SPLINE_CURVE_WITH_KNOTS('',1,(#2281,#2282),.UNSPECIFIED.,.F.,
  .F.,(2,2),(-8.59,-0.31),.PIECEWISE_BEZIER_KNOTS.);
#2281 = CARTESIAN_POINT('',(7.59,19.5));
#2282 = CARTESIAN_POINT('',(-0.69,19.5));
#2283 = ( GEOMETRIC_REPRESENTATION_CONTEXT(2) 
PARAMETRIC_REPRESENTATION_CONTEXT() REPRESENTATION_CONTEXT('2D SPACE',''
  ) );
#2284 = PCURVE('',#2285,#2290);
#2285 = CYLINDRICAL_SURFACE('',#2286,1.25);
#2286 = AXIS2_PLACEMENT_3D('',#2287,#2288,#2289);
#2287 = CARTESIAN_POINT('',(9.,32.75,5.6));
#2288 = DIRECTION('',(-0.,-0.,-1.));
#2289 = DIRECTION('',(1.,0.,0.));
#2290 = DEFINITIONAL_REPRESENTATION('',(#2291),#2294);
#2291 = B_SPLINE_CURVE_WITH_KNOTS('',1,(#2292,#2293),.UNSPECIFIED.,.F.,
  .F.,(2,2),(-7.9,-1.),.PIECEWISE_BEZIER_KNOTS.);
#2292 = CARTESIAN_POINT('',(-2.498091544797,-7.9));
#2293 = CARTESIAN_POINT('',(-2.498091544797,-1.));
#2294 = ( GEOMETRIC_REPRESENTATION_CONTEXT(2) 
PARAMETRIC_REPRESENTATION_CONTEXT() REPRESENTATION_CONTEXT('2D SPACE',''
  ) );
#2295 = ADVANCED_FACE('',(#2296,#2325),#701,.F.);
#2296 = FACE_BOUND('',#2297,.T.);
#2297 = EDGE_LOOP('',(#2298,#2299,#2321,#2322,#2323,#2324));
#2298 = ORIENTED_EDGE('',*,*,#2151,.T.);
#2299 = ORIENTED_EDGE('',*,*,#2300,.F.);
#2300 = EDGE_CURVE('',#1701,#2127,#2301,.T.);
#2301 = SURFACE_CURVE('',#2302,(#2307,#2314),.PCURVE_S1.);
#2302 = CIRCLE('',#2303,1.25);
#2303 = AXIS2_PLACEMENT_3D('',#2304,#2305,#2306);
#2304 = CARTESIAN_POINT('',(-9.,32.75,6.6));
#2305 = DIRECTION('',(0.,0.,1.));
#2306 = DIRECTION('',(-0.8,-0.6,0.));
#2307 = PCURVE('',#701,#2308);
#2308 = DEFINITIONAL_REPRESENTATION('',(#2309),#2313);
#2309 = LINE('',#2310,#2311);
#2310 = CARTESIAN_POINT('',(-3.785093762383,-1.));
#2311 = VECTOR('',#2312,1.);
#2312 = DIRECTION('',(-1.,-0.));
#2313 = ( GEOMETRIC_REPRESENTATION_CONTEXT(2) 
PARAMETRIC_REPRESENTATION_CONTEXT() REPRESENTATION_CONTEXT('2D SPACE',''
  ) );
#2314 = PCURVE('',#1402,#2315);
#2315 = DEFINITIONAL_REPRESENTATION('',(#2316),#2320);
#2316 = CIRCLE('',#2317,1.25);
#2317 = AXIS2_PLACEMENT_2D('',#2318,#2319);
#2318 = CARTESIAN_POINT('',(2.5,66.25));
#2319 = DIRECTION('',(-0.8,-0.6));
#2320 = ( GEOMETRIC_REPRESENTATION_CONTEXT(2) 
PARAMETRIC_REPRESENTATION_CONTEXT() REPRESENTATION_CONTEXT('2D SPACE',''
  ) );
#2321 = ORIENTED_EDGE('',*,*,#1723,.F.);
#2322 = ORIENTED_EDGE('',*,*,#1252,.F.);
#2323 = ORIENTED_EDGE('',*,*,#971,.T.);
#2324 = ORIENTED_EDGE('',*,*,#684,.T.);
#2325 = FACE_BOUND('',#2326,.T.);
#2326 = EDGE_LOOP('',(#2327));
#2327 = ORIENTED_EDGE('',*,*,#2328,.F.);
#2328 = EDGE_CURVE('',#2329,#2329,#2331,.T.);
#2329 = VERTEX_POINT('',#2330);
#2330 = CARTESIAN_POINT('',(-8.15,31.833484861009,9.));
#2331 = SURFACE_CURVE('',#2332,(#2415,#2501),.PCURVE_S1.);
#2332 = B_SPLINE_CURVE_WITH_KNOTS('',6,(#2333,#2334,#2335,#2336,#2337,
    #2338,#2339,#2340,#2341,#2342,#2343,#2344,#2345,#2346,#2347,#2348,
    #2349,#2350,#2351,#2352,#2353,#2354,#2355,#2356,#2357,#2358,#2359,
    #2360,#2361,#2362,#2363,#2364,#2365,#2366,#2367,#2368,#2369,#2370,
    #2371,#2372,#2373,#2374,#2375,#2376,#2377,#2378,#2379,#2380,#2381,
    #2382,#2383,#2384,#2385,#2386,#2387,#2388,#2389,#2390,#2391,#2392,
    #2393,#2394,#2395,#2396,#2397,#2398,#2399,#2400,#2401,#2402,#2403,
    #2404,#2405,#2406,#2407,#2408,#2409,#2410,#2411,#2412,#2413,#2414),
  .UNSPECIFIED.,.T.,.F.,(7,5,5,5,5,5,5,5,5,5,5,5,5,5,5,5,7),(0.,
    5.028941794834E-02,0.11235817207,0.183009392599,0.24985165319,
    0.316695830733,0.387160794751,0.449626773555,0.499700282878,
    0.531664523417,0.612067468331,0.682826381656,0.749770529091,
    0.816716596401,0.887288969303,0.949850164237,1.),.UNSPECIFIED.);
#2333 = CARTESIAN_POINT('',(-8.15,31.833484861009,9.));
#2334 = CARTESIAN_POINT('',(-8.15,31.833484861009,8.954972600679));
#2335 = CARTESIAN_POINT('',(-8.152862294889,31.830830323326,
    8.910061061531));
#2336 = CARTESIAN_POINT('',(-8.158559334416,31.825546607211,
    8.865504576079));
#2337 = CARTESIAN_POINT('',(-8.16703436317,31.817811656076,
    8.821554478445));
#2338 = CARTESIAN_POINT('',(-8.17818926055,31.80795665739,8.778506652176
    ));
#2339 = CARTESIAN_POINT('',(-8.208609732475,31.782174240262,
    8.685127316788));
#2340 = CARTESIAN_POINT('',(-8.229200447246,31.765333500003,
    8.635336743914));
#2341 = CARTESIAN_POINT('',(-8.253376320224,31.746539950426,
    8.587461780596));
#2342 = CARTESIAN_POINT('',(-8.280990208721,31.726452629066,
    8.541666734335));
#2343 = CARTESIAN_POINT('',(-8.31189596895,31.705676840388,
    8.498145724784));
#2344 = CARTESIAN_POINT('',(-8.384739581144,31.660952196989,
    8.410389432246));
#2345 = CARTESIAN_POINT('',(-8.427721962308,31.636893948073,
    8.366755152249));
#2346 = CARTESIAN_POINT('',(-8.474739698831,31.613405838527,
    8.326564965941));
#2347 = CARTESIAN_POINT('',(-8.525618558829,31.591233191264,
    8.290217092703));
#2348 = CARTESIAN_POINT('',(-8.580154413205,31.571062755344,
    8.258158294828));
#2349 = CARTESIAN_POINT('',(-8.692897487755,31.53695958822,8.20510543099
    ));
#2350 = CARTESIAN_POINT('',(-8.750843123551,31.522720444136,
    8.183563419305));
#2351 = CARTESIAN_POINT('',(-8.811287584165,31.511515288757,
    8.166934793527));
#2352 = CARTESIAN_POINT('',(-8.873491445116,31.503851195033,
    8.155663374279));
#2353 = CARTESIAN_POINT('',(-8.936663046946,31.5,8.15));
#2354 = CARTESIAN_POINT('',(-9.063338769479,31.5,8.15));
#2355 = CARTESIAN_POINT('',(-9.126509679631,31.503851418681,
    8.155663698047));
#2356 = CARTESIAN_POINT('',(-9.188711693845,31.511515372583,
    8.166934928406));
#2357 = CARTESIAN_POINT('',(-9.249154542078,31.522720034699,
    8.183562826408));
#2358 = CARTESIAN_POINT('',(-9.307100087129,31.536958854657,
    8.205104289817));
#2359 = CARTESIAN_POINT('',(-9.41969375805,31.571016829321,
    8.258086849643));
#2360 = CARTESIAN_POINT('',(-9.474094956143,31.591127306983,
    8.290048799897));
#2361 = CARTESIAN_POINT('',(-9.524858715203,31.613230953308,
    8.326278326169));
#2362 = CARTESIAN_POINT('',(-9.571782720179,31.636646657852,
    8.366332115353));
#2363 = CARTESIAN_POINT('',(-9.614694234814,31.66063547423,
    8.409815126358));
#2364 = CARTESIAN_POINT('',(-9.687758626413,31.705437830161,
    8.497635652681));
#2365 = CARTESIAN_POINT('',(-9.718892568458,31.726355504033,
    8.541418720641));
#2366 = CARTESIAN_POINT('',(-9.746692799866,31.746579356774,
    8.587506258151));
#2367 = CARTESIAN_POINT('',(-9.771010206284,31.765492309364,
    8.635699984994));
#2368 = CARTESIAN_POINT('',(-9.791694986933,31.782422070558,
    8.685832259263));
#2369 = CARTESIAN_POINT('',(-9.822046940325,31.808165402304,
    8.779420726503));
#2370 = CARTESIAN_POINT('',(-9.833109175608,31.817942655925,
    8.822300506849));
#2371 = CARTESIAN_POINT('',(-9.84151316294,31.825613846383,
    8.866072166586));
#2372 = CARTESIAN_POINT('',(-9.847162086017,31.830852933912,
    8.910443195453));
#2373 = CARTESIAN_POINT('',(-9.85,31.833484861009,8.955164783754));
#2374 = CARTESIAN_POINT('',(-9.85,31.833484861009,9.028620395416));
#2375 = CARTESIAN_POINT('',(-9.848843572364,31.832412509835,
    9.057225233609));
#2376 = CARTESIAN_POINT('',(-9.846533133943,31.830269325515,
    9.08573997556));
#2377 = CARTESIAN_POINT('',(-9.843079216313,31.827086860329,
    9.114084192622));
#2378 = CARTESIAN_POINT('',(-9.838503839906,31.822924534119,
    9.142172394138));
#2379 = CARTESIAN_POINT('',(-9.818606828815,31.805146907544,
    9.239698323075));
#2380 = CARTESIAN_POINT('',(-9.79758904728,31.786837181624,
    9.306895152161));
#2381 = CARTESIAN_POINT('',(-9.770289834146,31.764193361414,
    9.371275934431));
#2382 = CARTESIAN_POINT('',(-9.737000563207,31.73870997516,
    9.432427923544));
#2383 = CARTESIAN_POINT('',(-9.698099623376,31.711813950957,
    9.48981236656));
#2384 = CARTESIAN_POINT('',(-9.615260418856,31.660952196989,
    9.589610567754));
#2385 = CARTESIAN_POINT('',(-9.572278037692,31.636893948073,
    9.633244847751));
#2386 = CARTESIAN_POINT('',(-9.525260301169,31.613405838527,
    9.673435034059));
#2387 = CARTESIAN_POINT('',(-9.474381441171,31.591233191264,
    9.709782907297));
#2388 = CARTESIAN_POINT('',(-9.419845586795,31.571062755344,
    9.741841705172));
#2389 = CARTESIAN_POINT('',(-9.307102512245,31.53695958822,9.79489456901
    ));
#2390 = CARTESIAN_POINT('',(-9.249156876449,31.522720444136,
    9.816436580695));
#2391 = CARTESIAN_POINT('',(-9.188712415835,31.511515288757,
    9.833065206473));
#2392 = CARTESIAN_POINT('',(-9.126508554884,31.503851195033,
    9.844336625721));
#2393 = CARTESIAN_POINT('',(-9.063336953054,31.5,9.85));
#2394 = CARTESIAN_POINT('',(-8.936661230522,31.5,9.85));
#2395 = CARTESIAN_POINT('',(-8.873490320368,31.50385141868,
    9.844336301953));
#2396 = CARTESIAN_POINT('',(-8.811288306154,31.511515372583,
    9.833065071594));
#2397 = CARTESIAN_POINT('',(-8.750845457922,31.522720034699,
    9.816437173592));
#2398 = CARTESIAN_POINT('',(-8.692899912871,31.536958854657,
    9.794895710183));
#2399 = CARTESIAN_POINT('',(-8.58030624195,31.571016829321,
    9.741913150357));
#2400 = CARTESIAN_POINT('',(-8.525905043857,31.591127306983,
    9.709951200103));
#2401 = CARTESIAN_POINT('',(-8.475141284797,31.613230953308,
    9.673721673831));
#2402 = CARTESIAN_POINT('',(-8.428217279821,31.636646657852,
    9.633667884647));
#2403 = CARTESIAN_POINT('',(-8.385305765186,31.66063547423,
    9.590184873642));
#2404 = CARTESIAN_POINT('',(-8.312241373587,31.705437830161,
    9.502364347319));
#2405 = CARTESIAN_POINT('',(-8.281107431542,31.726355504033,
    9.458581279359));
#2406 = CARTESIAN_POINT('',(-8.253307200134,31.746579356774,
    9.412493741849));
#2407 = CARTESIAN_POINT('',(-8.228989793716,31.765492309364,
    9.364300015006));
#2408 = CARTESIAN_POINT('',(-8.208305013067,31.782422070558,
    9.314167740737));
#2409 = CARTESIAN_POINT('',(-8.177953059674,31.808165402304,
    9.220579273497));
#2410 = CARTESIAN_POINT('',(-8.166890824392,31.817942655925,
    9.177699493152));
#2411 = CARTESIAN_POINT('',(-8.15848683706,31.825613846383,
    9.133927833413));
#2412 = CARTESIAN_POINT('',(-8.152837913983,31.830852933912,
    9.089556804548));
#2413 = CARTESIAN_POINT('',(-8.15,31.833484861009,9.044835216245));
#2414 = CARTESIAN_POINT('',(-8.15,31.833484861009,9.));
#2415 = PCURVE('',#701,#2416);
#2416 = DEFINITIONAL_REPRESENTATION('',(#2417),#2500);
#2417 = B_SPLINE_CURVE_WITH_KNOTS('',6,(#2418,#2419,#2420,#2421,#2422,
    #2423,#2424,#2425,#2426,#2427,#2428,#2429,#2430,#2431,#2432,#2433,
    #2434,#2435,#2436,#2437,#2438,#2439,#2440,#2441,#2442,#2443,#2444,
    #2445,#2446,#2447,#2448,#2449,#2450,#2451,#2452,#2453,#2454,#2455,
    #2456,#2457,#2458,#2459,#2460,#2461,#2462,#2463,#2464,#2465,#2466,
    #2467,#2468,#2469,#2470,#2471,#2472,#2473,#2474,#2475,#2476,#2477,
    #2478,#2479,#2480,#2481,#2482,#2483,#2484,#2485,#2486,#2487,#2488,
    #2489,#2490,#2491,#2492,#2493,#2494,#2495,#2496,#2497,#2498,#2499),
  .UNSPECIFIED.,.T.,.F.,(7,5,5,5,5,5,5,5,5,5,5,5,5,5,5,5,7),(0.,
    5.028941794834E-02,0.11235817207,0.183009392599,0.24985165319,
    0.316695830733,0.387160794751,0.449626773555,0.499700282878,
    0.531664523417,0.612067468331,0.682826381656,0.749770529091,
    0.816716596401,0.887288969303,0.949850164237,1.),.UNSPECIFIED.);
#2418 = CARTESIAN_POINT('',(-5.460151615045,-3.4));
#2419 = CARTESIAN_POINT('',(-5.460151615045,-3.354972600679));
#2420 = CARTESIAN_POINT('',(-5.457028648269,-3.310061061531));
#2421 = CARTESIAN_POINT('',(-5.450812420914,-3.265504576079));
#2422 = CARTESIAN_POINT('',(-5.441633845243,-3.221554478445));
#2423 = CARTESIAN_POINT('',(-5.429728684105,-3.178506652176));
#2424 = CARTESIAN_POINT('',(-5.397827455087,-3.085127316788));
#2425 = CARTESIAN_POINT('',(-5.376550276089,-3.035336743914));
#2426 = CARTESIAN_POINT('',(-5.352065276805,-2.987461780596));
#2427 = CARTESIAN_POINT('',(-5.324772478289,-2.941666734335));
#2428 = CARTESIAN_POINT('',(-5.295005932345,-2.898145724784));
#2429 = CARTESIAN_POINT('',(-5.226623546007,-2.810389432246));
#2430 = CARTESIAN_POINT('',(-5.187249669016,-2.766755152249));
#2431 = CARTESIAN_POINT('',(-5.145276943653,-2.726564965941));
#2432 = CARTESIAN_POINT('',(-5.100977025804,-2.690217092703));
#2433 = CARTESIAN_POINT('',(-5.054545114006,-2.658158294828));
#2434 = CARTESIAN_POINT('',(-4.960314666725,-2.60510543099));
#2435 = CARTESIAN_POINT('',(-4.912645478776,-2.583563419305));
#2436 = CARTESIAN_POINT('',(-4.863592856981,-2.566934793527));
#2437 = CARTESIAN_POINT('',(-4.813595882539,-2.555663374279));
#2438 = CARTESIAN_POINT('',(-4.763058542828,-2.55));
#2439 = CARTESIAN_POINT('',(-4.661717964801,-2.55));
#2440 = CARTESIAN_POINT('',(-4.611181176724,-2.555663698047));
#2441 = CARTESIAN_POINT('',(-4.561185664604,-2.566934928406));
#2442 = CARTESIAN_POINT('',(-4.512134361694,-2.583562826408));
#2443 = CARTESIAN_POINT('',(-4.464465320951,-2.605104289817));
#2444 = CARTESIAN_POINT('',(-4.370359744939,-2.658086849643));
#2445 = CARTESIAN_POINT('',(-4.324044829088,-2.690048799897));
#2446 = CARTESIAN_POINT('',(-4.27985063816,-2.726278326169));
#2447 = CARTESIAN_POINT('',(-4.237970407941,-2.766332115353));
#2448 = CARTESIAN_POINT('',(-4.198672993672,-2.809815126358));
#2449 = CARTESIAN_POINT('',(-4.130107549702,-2.897635652681));
#2450 = CARTESIAN_POINT('',(-4.100126759303,-2.941418720641));
#2451 = CARTESIAN_POINT('',(-4.072649686618,-2.987506258151));
#2452 = CARTESIAN_POINT('',(-4.048016847891,-3.035699984994));
#2453 = CARTESIAN_POINT('',(-4.026636349724,-3.085832259263));
#2454 = CARTESIAN_POINT('',(-3.994797151703,-3.179420726503));
#2455 = CARTESIAN_POINT('',(-3.982988665131,-3.222300506849));
#2456 = CARTESIAN_POINT('',(-3.973886432806,-3.266072166586));
#2457 = CARTESIAN_POINT('',(-3.967722712368,-3.310443195453));
#2458 = CARTESIAN_POINT('',(-3.964626345725,-3.355164783754));
#2459 = CARTESIAN_POINT('',(-3.964626345725,-3.428620395416));
#2460 = CARTESIAN_POINT('',(-3.965888018503,-3.457225233609));
#2461 = CARTESIAN_POINT('',(-3.968409178999,-3.48573997556));
#2462 = CARTESIAN_POINT('',(-3.972166359783,-3.514084192622));
#2463 = CARTESIAN_POINT('',(-3.977114482368,-3.542172394138));
#2464 = CARTESIAN_POINT('',(-3.998460171312,-3.639698323075));
#2465 = CARTESIAN_POINT('',(-4.020758023267,-3.706895152161));
#2466 = CARTESIAN_POINT('',(-4.049120242778,-3.771275934431));
#2467 = CARTESIAN_POINT('',(-4.082609511344,-3.832427923544));
#2468 = CARTESIAN_POINT('',(-4.120388605012,-3.88981236656));
#2469 = CARTESIAN_POINT('',(-4.198154414763,-3.989610567754));
#2470 = CARTESIAN_POINT('',(-4.237528291754,-4.033244847751));
#2471 = CARTESIAN_POINT('',(-4.279501017117,-4.073435034059));
#2472 = CARTESIAN_POINT('',(-4.323800934965,-4.109782907297));
#2473 = CARTESIAN_POINT('',(-4.370232846763,-4.141841705172));
#2474 = CARTESIAN_POINT('',(-4.464463294045,-4.19489456901));
#2475 = CARTESIAN_POINT('',(-4.512132481993,-4.216436580695));
#2476 = CARTESIAN_POINT('',(-4.561185103788,-4.233065206473));
#2477 = CARTESIAN_POINT('',(-4.61118207823,-4.244336625721));
#2478 = CARTESIAN_POINT('',(-4.661719417941,-4.25));
#2479 = CARTESIAN_POINT('',(-4.763059995967,-4.25));
#2480 = CARTESIAN_POINT('',(-4.813596784045,-4.244336301953));
#2481 = CARTESIAN_POINT('',(-4.863592296166,-4.233065071594));
#2482 = CARTESIAN_POINT('',(-4.912643599076,-4.216437173592));
#2483 = CARTESIAN_POINT('',(-4.960312639817,-4.194895710183));
#2484 = CARTESIAN_POINT('',(-5.05441821583,-4.141913150357));
#2485 = CARTESIAN_POINT('',(-5.100733131681,-4.109951200103));
#2486 = CARTESIAN_POINT('',(-5.144927322609,-4.073721673831));
#2487 = CARTESIAN_POINT('',(-5.186807552828,-4.033667884647));
#2488 = CARTESIAN_POINT('',(-5.226104967098,-3.990184873642));
#2489 = CARTESIAN_POINT('',(-5.294670411067,-3.902364347319));
#2490 = CARTESIAN_POINT('',(-5.324651201466,-3.858581279359));
#2491 = CARTESIAN_POINT('',(-5.352128274151,-3.812493741849));
#2492 = CARTESIAN_POINT('',(-5.376761112879,-3.764300015006));
#2493 = CARTESIAN_POINT('',(-5.398141611045,-3.714167740737));
#2494 = CARTESIAN_POINT('',(-5.429980809066,-3.620579273497));
#2495 = CARTESIAN_POINT('',(-5.441789295638,-3.577699493152));
#2496 = CARTESIAN_POINT('',(-5.450891527963,-3.533927833413));
#2497 = CARTESIAN_POINT('',(-5.457055248401,-3.489556804548));
#2498 = CARTESIAN_POINT('',(-5.460151615045,-3.444835216245));
#2499 = CARTESIAN_POINT('',(-5.460151615045,-3.4));
#2500 = ( GEOMETRIC_REPRESENTATION_CONTEXT(2) 
PARAMETRIC_REPRESENTATION_CONTEXT() REPRESENTATION_CONTEXT('2D SPACE',''
  ) );
#2501 = PCURVE('',#2502,#2507);
#2502 = CYLINDRICAL_SURFACE('',#2503,0.85);
#2503 = AXIS2_PLACEMENT_3D('',#2504,#2505,#2506);
#2504 = CARTESIAN_POINT('',(-9.,26.5,9.));
#2505 = DIRECTION('',(-0.,-1.,-1.110223024625E-16));
#2506 = DIRECTION('',(1.,0.,0.));
#2507 = DEFINITIONAL_REPRESENTATION('',(#2508),#2591);
#2508 = B_SPLINE_CURVE_WITH_KNOTS('',6,(#2509,#2510,#2511,#2512,#2513,
    #2514,#2515,#2516,#2517,#2518,#2519,#2520,#2521,#2522,#2523,#2524,
    #2525,#2526,#2527,#2528,#2529,#2530,#2531,#2532,#2533,#2534,#2535,
    #2536,#2537,#2538,#2539,#2540,#2541,#2542,#2543,#2544,#2545,#2546,
    #2547,#2548,#2549,#2550,#2551,#2552,#2553,#2554,#2555,#2556,#2557,
    #2558,#2559,#2560,#2561,#2562,#2563,#2564,#2565,#2566,#2567,#2568,
    #2569,#2570,#2571,#2572,#2573,#2574,#2575,#2576,#2577,#2578,#2579,
    #2580,#2581,#2582,#2583,#2584,#2585,#2586,#2587,#2588,#2589,#2590),
  .UNSPECIFIED.,.F.,.F.,(7,5,5,5,5,5,5,5,5,5,5,5,5,5,5,5,7),(0.,
    5.028941794834E-02,0.11235817207,0.183009392599,0.24985165319,
    0.316695830733,0.387160794751,0.449626773555,0.499700282878,
    0.531664523417,0.612067468331,0.682826381656,0.749770529091,
    0.816716596401,0.887288969303,0.949850164237,1.),.UNSPECIFIED.);
#2509 = CARTESIAN_POINT('',(0.,-5.333484861009));
#2510 = CARTESIAN_POINT('',(-5.297341096558E-02,-5.333484861009));
#2511 = CARTESIAN_POINT('',(-0.105810431323,-5.330830323326));
#2512 = CARTESIAN_POINT('',(-0.158497813977,-5.325546607211));
#2513 = CARTESIAN_POINT('',(-0.210998544182,-5.317811656076));
#2514 = CARTESIAN_POINT('',(-0.26321714076,-5.30795665739));
#2515 = CARTESIAN_POINT('',(-0.378757725997,-5.282174240262));
#2516 = CARTESIAN_POINT('',(-0.441957543881,-5.265333500003));
#2517 = CARTESIAN_POINT('',(-0.504788405882,-5.246539950426));
#2518 = CARTESIAN_POINT('',(-0.567437658822,-5.226452629066));
#2519 = CARTESIAN_POINT('',(-0.630057766812,-5.205676840388));
#2520 = CARTESIAN_POINT('',(-0.764234011583,-5.160952196989));
#2521 = CARTESIAN_POINT('',(-0.836030796412,-5.136893948073));
#2522 = CARTESIAN_POINT('',(-0.908398882197,-5.113405838527));
#2523 = CARTESIAN_POINT('',(-0.981535001776,-5.091233191264));
#2524 = CARTESIAN_POINT('',(-1.055647697517,-5.071062755344));
#2525 = CARTESIAN_POINT('',(-1.202238044119,-5.03695958822));
#2526 = CARTESIAN_POINT('',(-1.274711989235,-5.022720444136));
#2527 = CARTESIAN_POINT('',(-1.348036677966,-5.011515288757));
#2528 = CARTESIAN_POINT('',(-1.421962817659,-5.003851195033));
#2529 = CARTESIAN_POINT('',(-1.496282264378,-5.));
#2530 = CARTESIAN_POINT('',(-1.645312526182,-5.));
#2531 = CARTESIAN_POINT('',(-1.719631156777,-5.003851418681));
#2532 = CARTESIAN_POINT('',(-1.793555195065,-5.011515372583));
#2533 = CARTESIAN_POINT('',(-1.866877877996,-5.022720034699));
#2534 = CARTESIAN_POINT('',(-1.939351456297,-5.036958854657));
#2535 = CARTESIAN_POINT('',(-2.085747545913,-5.071016829321));
#2536 = CARTESIAN_POINT('',(-2.159668383562,-5.091127306983));
#2537 = CARTESIAN_POINT('',(-2.232616676152,-5.113230953308));
#2538 = CARTESIAN_POINT('',(-2.304799748169,-5.136646657852));
#2539 = CARTESIAN_POINT('',(-2.376413273186,-5.16063547423));
#2540 = CARTESIAN_POINT('',(-2.510813646822,-5.205437830161));
#2541 = CARTESIAN_POINT('',(-2.573837085736,-5.226355504033));
#2542 = CARTESIAN_POINT('',(-2.636889099518,-5.246579356774));
#2543 = CARTESIAN_POINT('',(-2.700124624579,-5.265492309364));
#2544 = CARTESIAN_POINT('',(-2.763734470681,-5.282422070558));
#2545 = CARTESIAN_POINT('',(-2.879484124623,-5.308165402304));
#2546 = CARTESIAN_POINT('',(-2.931485226881,-5.317942655925));
#2547 = CARTESIAN_POINT('',(-2.983766012802,-5.325613846383));
#2548 = CARTESIAN_POINT('',(-3.036231789474,-5.330852933912));
#2549 = CARTESIAN_POINT('',(-3.08884534036,-5.333484861009));
#2550 = CARTESIAN_POINT('',(-3.17526370702,-5.333484861009));
#2551 = CARTESIAN_POINT('',(-3.208916495714,-5.332412509835));
#2552 = CARTESIAN_POINT('',(-3.242531860108,-5.330269325515));
#2553 = CARTESIAN_POINT('',(-3.276083863108,-5.327086860329));
#2554 = CARTESIAN_POINT('',(-3.309537821828,-5.322924534119));
#2555 = CARTESIAN_POINT('',(-3.426637713324,-5.305146907544));
#2556 = CARTESIAN_POINT('',(-3.509040675889,-5.286837181624));
#2557 = CARTESIAN_POINT('',(-3.590729897071,-5.264193361414));
#2558 = CARTESIAN_POINT('',(-3.672060735576,-5.23870997516));
#2559 = CARTESIAN_POINT('',(-3.753238771087,-5.211813950957));
#2560 = CARTESIAN_POINT('',(-3.905826665173,-5.160952196989));
#2561 = CARTESIAN_POINT('',(-3.977623450001,-5.136893948073));
#2562 = CARTESIAN_POINT('',(-4.049991535787,-5.113405838527));
#2563 = CARTESIAN_POINT('',(-4.123127655366,-5.091233191264));
#2564 = CARTESIAN_POINT('',(-4.197240351107,-5.071062755344));
#2565 = CARTESIAN_POINT('',(-4.343830697709,-5.03695958822));
#2566 = CARTESIAN_POINT('',(-4.416304642825,-5.022720444136));
#2567 = CARTESIAN_POINT('',(-4.489629331556,-5.011515288757));
#2568 = CARTESIAN_POINT('',(-4.563555471249,-5.003851195033));
#2569 = CARTESIAN_POINT('',(-4.637874917968,-5.));
#2570 = CARTESIAN_POINT('',(-4.786905179771,-5.));
#2571 = CARTESIAN_POINT('',(-4.861223810367,-5.00385141868));
#2572 = CARTESIAN_POINT('',(-4.935147848655,-5.011515372583));
#2573 = CARTESIAN_POINT('',(-5.008470531586,-5.022720034699));
#2574 = CARTESIAN_POINT('',(-5.080944109886,-5.036958854657));
#2575 = CARTESIAN_POINT('',(-5.227340199503,-5.071016829321));
#2576 = CARTESIAN_POINT('',(-5.301261037152,-5.091127306983));
#2577 = CARTESIAN_POINT('',(-5.374209329742,-5.113230953308));
#2578 = CARTESIAN_POINT('',(-5.446392401758,-5.136646657852));
#2579 = CARTESIAN_POINT('',(-5.518005926775,-5.16063547423));
#2580 = CARTESIAN_POINT('',(-5.652406300412,-5.205437830161));
#2581 = CARTESIAN_POINT('',(-5.715429739326,-5.226355504033));
#2582 = CARTESIAN_POINT('',(-5.778481753107,-5.246579356774));
#2583 = CARTESIAN_POINT('',(-5.841717278169,-5.265492309364));
#2584 = CARTESIAN_POINT('',(-5.905327124271,-5.282422070558));
#2585 = CARTESIAN_POINT('',(-6.021076778213,-5.308165402304));
#2586 = CARTESIAN_POINT('',(-6.07307788047,-5.317942655925));
#2587 = CARTESIAN_POINT('',(-6.125358666392,-5.325613846383));
#2588 = CARTESIAN_POINT('',(-6.177824443063,-5.330852933912));
#2589 = CARTESIAN_POINT('',(-6.23043799395,-5.333484861009));
#2590 = CARTESIAN_POINT('',(-6.28318530718,-5.333484861009));
#2591 = ( GEOMETRIC_REPRESENTATION_CONTEXT(2) 
PARAMETRIC_REPRESENTATION_CONTEXT() REPRESENTATION_CONTEXT('2D SPACE',''
  ) );
#2592 = ADVANCED_FACE('',(#2593),#798,.F.);
#2593 = FACE_BOUND('',#2594,.F.);
#2594 = EDGE_LOOP('',(#2595,#2618,#2619,#2620,#2641,#2662,#2683,#2706));
#2595 = ORIENTED_EDGE('',*,*,#2596,.F.);
#2596 = EDGE_CURVE('',#1807,#2597,#2599,.T.);
#2597 = VERTEX_POINT('',#2598);
#2598 = CARTESIAN_POINT('',(8.,-33.5,6.6));
#2599 = SURFACE_CURVE('',#2600,(#2604,#2611),.PCURVE_S1.);
#2600 = LINE('',#2601,#2602);
#2601 = CARTESIAN_POINT('',(-11.5,-33.5,6.6));
#2602 = VECTOR('',#2603,1.);
#2603 = DIRECTION('',(1.,0.,0.));
#2604 = PCURVE('',#798,#2605);
#2605 = DEFINITIONAL_REPRESENTATION('',(#2606),#2610);
#2606 = LINE('',#2607,#2608);
#2607 = CARTESIAN_POINT('',(0.,0.));
#2608 = VECTOR('',#2609,1.);
#2609 = DIRECTION('',(0.,1.));
#2610 = ( GEOMETRIC_REPRESENTATION_CONTEXT(2) 
PARAMETRIC_REPRESENTATION_CONTEXT() REPRESENTATION_CONTEXT('2D SPACE',''
  ) );
#2611 = PCURVE('',#1402,#2612);
#2612 = DEFINITIONAL_REPRESENTATION('',(#2613),#2617);
#2613 = LINE('',#2614,#2615);
#2614 = CARTESIAN_POINT('',(0.,0.));
#2615 = VECTOR('',#2616,1.);
#2616 = DIRECTION('',(1.,0.));
#2617 = ( GEOMETRIC_REPRESENTATION_CONTEXT(2) 
PARAMETRIC_REPRESENTATION_CONTEXT() REPRESENTATION_CONTEXT('2D SPACE',''
  ) );
#2618 = ORIENTED_EDGE('',*,*,#1834,.F.);
#2619 = ORIENTED_EDGE('',*,*,#782,.T.);
#2620 = ORIENTED_EDGE('',*,*,#2621,.T.);
#2621 = EDGE_CURVE('',#783,#2622,#2624,.T.);
#2622 = VERTEX_POINT('',#2623);
#2623 = CARTESIAN_POINT('',(-7.2,-33.5,7.3));
#2624 = SURFACE_CURVE('',#2625,(#2629,#2635),.PCURVE_S1.);
#2625 = LINE('',#2626,#2627);
#2626 = CARTESIAN_POINT('',(-7.2,-33.5,6.95));
#2627 = VECTOR('',#2628,1.);
#2628 = DIRECTION('',(0.,0.,-1.));
#2629 = PCURVE('',#798,#2630);
#2630 = DEFINITIONAL_REPRESENTATION('',(#2631),#2634);
#2631 = B_SPLINE_CURVE_WITH_KNOTS('',1,(#2632,#2633),.UNSPECIFIED.,.F.,
  .F.,(2,2),(-6.55,-0.35),.PIECEWISE_BEZIER_KNOTS.);
#2632 = CARTESIAN_POINT('',(6.9,4.3));
#2633 = CARTESIAN_POINT('',(0.7,4.3));
#2634 = ( GEOMETRIC_REPRESENTATION_CONTEXT(2) 
PARAMETRIC_REPRESENTATION_CONTEXT() REPRESENTATION_CONTEXT('2D SPACE',''
  ) );
#2635 = PCURVE('',#823,#2636);
#2636 = DEFINITIONAL_REPRESENTATION('',(#2637),#2640);
#2637 = B_SPLINE_CURVE_WITH_KNOTS('',1,(#2638,#2639),.UNSPECIFIED.,.F.,
  .F.,(2,2),(-6.55,-0.35),.PIECEWISE_BEZIER_KNOTS.);
#2638 = CARTESIAN_POINT('',(6.2,-1.));
#2639 = CARTESIAN_POINT('',(0.,-1.));
#2640 = ( GEOMETRIC_REPRESENTATION_CONTEXT(2) 
PARAMETRIC_REPRESENTATION_CONTEXT() REPRESENTATION_CONTEXT('2D SPACE',''
  ) );
#2641 = ORIENTED_EDGE('',*,*,#2642,.T.);
#2642 = EDGE_CURVE('',#2622,#2643,#2645,.T.);
#2643 = VERTEX_POINT('',#2644);
#2644 = CARTESIAN_POINT('',(7.2,-33.5,7.3));
#2645 = SURFACE_CURVE('',#2646,(#2650,#2656),.PCURVE_S1.);
#2646 = LINE('',#2647,#2648);
#2647 = CARTESIAN_POINT('',(-9.35,-33.5,7.3));
#2648 = VECTOR('',#2649,1.);
#2649 = DIRECTION('',(1.,0.,0.));
#2650 = PCURVE('',#798,#2651);
#2651 = DEFINITIONAL_REPRESENTATION('',(#2652),#2655);
#2652 = B_SPLINE_CURVE_WITH_KNOTS('',1,(#2653,#2654),.UNSPECIFIED.,.F.,
  .F.,(2,2),(2.15,16.55),.PIECEWISE_BEZIER_KNOTS.);
#2653 = CARTESIAN_POINT('',(0.7,4.3));
#2654 = CARTESIAN_POINT('',(0.7,18.7));
#2655 = ( GEOMETRIC_REPRESENTATION_CONTEXT(2) 
PARAMETRIC_REPRESENTATION_CONTEXT() REPRESENTATION_CONTEXT('2D SPACE',''
  ) );
#2656 = PCURVE('',#2207,#2657);
#2657 = DEFINITIONAL_REPRESENTATION('',(#2658),#2661);
#2658 = B_SPLINE_CURVE_WITH_KNOTS('',1,(#2659,#2660),.UNSPECIFIED.,.F.,
  .F.,(2,2),(2.15,16.55),.PIECEWISE_BEZIER_KNOTS.);
#2659 = CARTESIAN_POINT('',(0.,1.));
#2660 = CARTESIAN_POINT('',(14.4,1.));
#2661 = ( GEOMETRIC_REPRESENTATION_CONTEXT(2) 
PARAMETRIC_REPRESENTATION_CONTEXT() REPRESENTATION_CONTEXT('2D SPACE',''
  ) );
#2662 = ORIENTED_EDGE('',*,*,#2663,.F.);
#2663 = EDGE_CURVE('',#2664,#2643,#2666,.T.);
#2664 = VERTEX_POINT('',#2665);
#2665 = CARTESIAN_POINT('',(7.2,-33.5,13.5));
#2666 = SURFACE_CURVE('',#2667,(#2671,#2677),.PCURVE_S1.);
#2667 = LINE('',#2668,#2669);
#2668 = CARTESIAN_POINT('',(7.2,-33.5,6.95));
#2669 = VECTOR('',#2670,1.);
#2670 = DIRECTION('',(0.,0.,-1.));
#2671 = PCURVE('',#798,#2672);
#2672 = DEFINITIONAL_REPRESENTATION('',(#2673),#2676);
#2673 = B_SPLINE_CURVE_WITH_KNOTS('',1,(#2674,#2675),.UNSPECIFIED.,.F.,
  .F.,(2,2),(-6.55,-0.35),.PIECEWISE_BEZIER_KNOTS.);
#2674 = CARTESIAN_POINT('',(6.9,18.7));
#2675 = CARTESIAN_POINT('',(0.7,18.7));
#2676 = ( GEOMETRIC_REPRESENTATION_CONTEXT(2) 
PARAMETRIC_REPRESENTATION_CONTEXT() REPRESENTATION_CONTEXT('2D SPACE',''
  ) );
#2677 = PCURVE('',#2233,#2678);
#2678 = DEFINITIONAL_REPRESENTATION('',(#2679),#2682);
#2679 = B_SPLINE_CURVE_WITH_KNOTS('',1,(#2680,#2681),.UNSPECIFIED.,.F.,
  .F.,(2,2),(-6.55,-0.35),.PIECEWISE_BEZIER_KNOTS.);
#2680 = CARTESIAN_POINT('',(6.2,-1.));
#2681 = CARTESIAN_POINT('',(0.,-1.));
#2682 = ( GEOMETRIC_REPRESENTATION_CONTEXT(2) 
PARAMETRIC_REPRESENTATION_CONTEXT() REPRESENTATION_CONTEXT('2D SPACE',''
  ) );
#2683 = ORIENTED_EDGE('',*,*,#2684,.T.);
#2684 = EDGE_CURVE('',#2664,#2685,#2687,.T.);
#2685 = VERTEX_POINT('',#2686);
#2686 = CARTESIAN_POINT('',(8.,-33.5,13.5));
#2687 = SURFACE_CURVE('',#2688,(#2692,#2699),.PCURVE_S1.);
#2688 = LINE('',#2689,#2690);
#2689 = CARTESIAN_POINT('',(-11.5,-33.5,13.5));
#2690 = VECTOR('',#2691,1.);
#2691 = DIRECTION('',(1.,0.,0.));
#2692 = PCURVE('',#798,#2693);
#2693 = DEFINITIONAL_REPRESENTATION('',(#2694),#2698);
#2694 = LINE('',#2695,#2696);
#2695 = CARTESIAN_POINT('',(6.9,0.));
#2696 = VECTOR('',#2697,1.);
#2697 = DIRECTION('',(0.,1.));
#2698 = ( GEOMETRIC_REPRESENTATION_CONTEXT(2) 
PARAMETRIC_REPRESENTATION_CONTEXT() REPRESENTATION_CONTEXT('2D SPACE',''
  ) );
#2699 = PCURVE('',#2260,#2700);
#2700 = DEFINITIONAL_REPRESENTATION('',(#2701),#2705);
#2701 = LINE('',#2702,#2703);
#2702 = CARTESIAN_POINT('',(0.,0.));
#2703 = VECTOR('',#2704,1.);
#2704 = DIRECTION('',(1.,0.));
#2705 = ( GEOMETRIC_REPRESENTATION_CONTEXT(2) 
PARAMETRIC_REPRESENTATION_CONTEXT() REPRESENTATION_CONTEXT('2D SPACE',''
  ) );
#2706 = ORIENTED_EDGE('',*,*,#2707,.T.);
#2707 = EDGE_CURVE('',#2685,#2597,#2708,.T.);
#2708 = SURFACE_CURVE('',#2709,(#2713,#2719),.PCURVE_S1.);
#2709 = LINE('',#2710,#2711);
#2710 = CARTESIAN_POINT('',(8.,-33.5,5.6));
#2711 = VECTOR('',#2712,1.);
#2712 = DIRECTION('',(-0.,-0.,-1.));
#2713 = PCURVE('',#798,#2714);
#2714 = DEFINITIONAL_REPRESENTATION('',(#2715),#2718);
#2715 = B_SPLINE_CURVE_WITH_KNOTS('',1,(#2716,#2717),.UNSPECIFIED.,.F.,
  .F.,(2,2),(-8.59,-0.31),.PIECEWISE_BEZIER_KNOTS.);
#2716 = CARTESIAN_POINT('',(7.59,19.5));
#2717 = CARTESIAN_POINT('',(-0.69,19.5));
#2718 = ( GEOMETRIC_REPRESENTATION_CONTEXT(2) 
PARAMETRIC_REPRESENTATION_CONTEXT() REPRESENTATION_CONTEXT('2D SPACE',''
  ) );
#2719 = PCURVE('',#2720,#2725);
#2720 = CYLINDRICAL_SURFACE('',#2721,1.25);
#2721 = AXIS2_PLACEMENT_3D('',#2722,#2723,#2724);
#2722 = CARTESIAN_POINT('',(9.,-32.75,5.6));
#2723 = DIRECTION('',(-0.,-0.,-1.));
#2724 = DIRECTION('',(1.,0.,0.));
#2725 = DEFINITIONAL_REPRESENTATION('',(#2726),#2729);
#2726 = B_SPLINE_CURVE_WITH_KNOTS('',1,(#2727,#2728),.UNSPECIFIED.,.F.,
  .F.,(2,2),(-7.9,-1.),.PIECEWISE_BEZIER_KNOTS.);
#2727 = CARTESIAN_POINT('',(-3.785093762383,-7.9));
#2728 = CARTESIAN_POINT('',(-3.785093762383,-1.));
#2729 = ( GEOMETRIC_REPRESENTATION_CONTEXT(2) 
PARAMETRIC_REPRESENTATION_CONTEXT() REPRESENTATION_CONTEXT('2D SPACE',''
  ) );
#2730 = ADVANCED_FACE('',(#2731),#823,.T.);
#2731 = FACE_BOUND('',#2732,.T.);
#2732 = EDGE_LOOP('',(#2733,#2734,#2755,#2756));
#2733 = ORIENTED_EDGE('',*,*,#2621,.T.);
#2734 = ORIENTED_EDGE('',*,*,#2735,.T.);
#2735 = EDGE_CURVE('',#2622,#2172,#2736,.T.);
#2736 = SURFACE_CURVE('',#2737,(#2741,#2748),.PCURVE_S1.);
#2737 = LINE('',#2738,#2739);
#2738 = CARTESIAN_POINT('',(-7.2,-34.5,7.3));
#2739 = VECTOR('',#2740,1.);
#2740 = DIRECTION('',(0.,1.,0.));
#2741 = PCURVE('',#823,#2742);
#2742 = DEFINITIONAL_REPRESENTATION('',(#2743),#2747);
#2743 = LINE('',#2744,#2745);
#2744 = CARTESIAN_POINT('',(0.,0.));
#2745 = VECTOR('',#2746,1.);
#2746 = DIRECTION('',(0.,-1.));
#2747 = ( GEOMETRIC_REPRESENTATION_CONTEXT(2) 
PARAMETRIC_REPRESENTATION_CONTEXT() REPRESENTATION_CONTEXT('2D SPACE',''
  ) );
#2748 = PCURVE('',#2207,#2749);
#2749 = DEFINITIONAL_REPRESENTATION('',(#2750),#2754);
#2750 = LINE('',#2751,#2752);
#2751 = CARTESIAN_POINT('',(0.,0.));
#2752 = VECTOR('',#2753,1.);
#2753 = DIRECTION('',(0.,1.));
#2754 = ( GEOMETRIC_REPRESENTATION_CONTEXT(2) 
PARAMETRIC_REPRESENTATION_CONTEXT() REPRESENTATION_CONTEXT('2D SPACE',''
  ) );
#2755 = ORIENTED_EDGE('',*,*,#2171,.F.);
#2756 = ORIENTED_EDGE('',*,*,#810,.F.);
#2757 = ADVANCED_FACE('',(#2758),#857,.F.);
#2758 = FACE_BOUND('',#2759,.T.);
#2759 = EDGE_LOOP('',(#2760,#2788,#2809,#2810,#2811,#2837));
#2760 = ORIENTED_EDGE('',*,*,#2761,.T.);
#2761 = EDGE_CURVE('',#1415,#2762,#2764,.T.);
#2762 = VERTEX_POINT('',#2763);
#2763 = CARTESIAN_POINT('',(-8.45,-20.,6.6));
#2764 = SURFACE_CURVE('',#2765,(#2770,#2777),.PCURVE_S1.);
#2765 = CIRCLE('',#2766,0.85);
#2766 = AXIS2_PLACEMENT_3D('',#2767,#2768,#2769);
#2767 = CARTESIAN_POINT('',(-9.3,-20.,6.6));
#2768 = DIRECTION('',(0.,0.,-1.));
#2769 = DIRECTION('',(1.,0.,0.));
#2770 = PCURVE('',#857,#2771);
#2771 = DEFINITIONAL_REPRESENTATION('',(#2772),#2776);
#2772 = LINE('',#2773,#2774);
#2773 = CARTESIAN_POINT('',(-6.28318530718,-1.));
#2774 = VECTOR('',#2775,1.);
#2775 = DIRECTION('',(1.,-0.));
#2776 = ( GEOMETRIC_REPRESENTATION_CONTEXT(2) 
PARAMETRIC_REPRESENTATION_CONTEXT() REPRESENTATION_CONTEXT('2D SPACE',''
  ) );
#2777 = PCURVE('',#1402,#2778);
#2778 = DEFINITIONAL_REPRESENTATION('',(#2779),#2787);
#2779 = ( BOUNDED_CURVE() B_SPLINE_CURVE(2,(#2780,#2781,#2782,#2783,
#2784,#2785,#2786),.UNSPECIFIED.,.T.,.F.) B_SPLINE_CURVE_WITH_KNOTS((1,2
    ,2,2,2,1),(-2.094395102393,0.,2.094395102393,4.188790204786,
6.28318530718,8.377580409573),.UNSPECIFIED.) CURVE() 
GEOMETRIC_REPRESENTATION_ITEM() RATIONAL_B_SPLINE_CURVE((1.,0.5,1.,0.5,
1.,0.5,1.)) REPRESENTATION_ITEM('') );
#2780 = CARTESIAN_POINT('',(3.05,13.5));
#2781 = CARTESIAN_POINT('',(3.05,12.027756813566));
#2782 = CARTESIAN_POINT('',(1.775,12.763878406783));
#2783 = CARTESIAN_POINT('',(0.5,13.5));
#2784 = CARTESIAN_POINT('',(1.775,14.236121593217));
#2785 = CARTESIAN_POINT('',(3.05,14.972243186434));
#2786 = CARTESIAN_POINT('',(3.05,13.5));
#2787 = ( GEOMETRIC_REPRESENTATION_CONTEXT(2) 
PARAMETRIC_REPRESENTATION_CONTEXT() REPRESENTATION_CONTEXT('2D SPACE',''
  ) );
#2788 = ORIENTED_EDGE('',*,*,#2789,.T.);
#2789 = EDGE_CURVE('',#2762,#837,#2790,.T.);
#2790 = SEAM_CURVE('',#2791,(#2795,#2802),.PCURVE_S1.);
#2791 = LINE('',#2792,#2793);
#2792 = CARTESIAN_POINT('',(-8.45,-20.,5.6));
#2793 = VECTOR('',#2794,1.);
#2794 = DIRECTION('',(0.,0.,1.));
#2795 = PCURVE('',#857,#2796);
#2796 = DEFINITIONAL_REPRESENTATION('',(#2797),#2801);
#2797 = LINE('',#2798,#2799);
#2798 = CARTESIAN_POINT('',(-6.28318530718,0.));
#2799 = VECTOR('',#2800,1.);
#2800 = DIRECTION('',(-0.,-1.));
#2801 = ( GEOMETRIC_REPRESENTATION_CONTEXT(2) 
PARAMETRIC_REPRESENTATION_CONTEXT() REPRESENTATION_CONTEXT('2D SPACE',''
  ) );
#2802 = PCURVE('',#857,#2803);
#2803 = DEFINITIONAL_REPRESENTATION('',(#2804),#2808);
#2804 = LINE('',#2805,#2806);
#2805 = CARTESIAN_POINT('',(-0.,0.));
#2806 = VECTOR('',#2807,1.);
#2807 = DIRECTION('',(-0.,-1.));
#2808 = ( GEOMETRIC_REPRESENTATION_CONTEXT(2) 
PARAMETRIC_REPRESENTATION_CONTEXT() REPRESENTATION_CONTEXT('2D SPACE',''
  ) );
#2809 = ORIENTED_EDGE('',*,*,#836,.F.);
#2810 = ORIENTED_EDGE('',*,*,#2789,.F.);
#2811 = ORIENTED_EDGE('',*,*,#2812,.T.);
#2812 = EDGE_CURVE('',#2762,#1387,#2813,.T.);
#2813 = SURFACE_CURVE('',#2814,(#2819,#2826),.PCURVE_S1.);
#2814 = CIRCLE('',#2815,0.85);
#2815 = AXIS2_PLACEMENT_3D('',#2816,#2817,#2818);
#2816 = CARTESIAN_POINT('',(-9.3,-20.,6.6));
#2817 = DIRECTION('',(0.,0.,-1.));
#2818 = DIRECTION('',(1.,0.,0.));
#2819 = PCURVE('',#857,#2820);
#2820 = DEFINITIONAL_REPRESENTATION('',(#2821),#2825);
#2821 = LINE('',#2822,#2823);
#2822 = CARTESIAN_POINT('',(-6.28318530718,-1.));
#2823 = VECTOR('',#2824,1.);
#2824 = DIRECTION('',(1.,-0.));
#2825 = ( GEOMETRIC_REPRESENTATION_CONTEXT(2) 
PARAMETRIC_REPRESENTATION_CONTEXT() REPRESENTATION_CONTEXT('2D SPACE',''
  ) );
#2826 = PCURVE('',#1402,#2827);
#2827 = DEFINITIONAL_REPRESENTATION('',(#2828),#2836);
#2828 = ( BOUNDED_CURVE() B_SPLINE_CURVE(2,(#2829,#2830,#2831,#2832,
#2833,#2834,#2835),.UNSPECIFIED.,.T.,.F.) B_SPLINE_CURVE_WITH_KNOTS((1,2
    ,2,2,2,1),(-2.094395102393,0.,2.094395102393,4.188790204786,
6.28318530718,8.377580409573),.UNSPECIFIED.) CURVE() 
GEOMETRIC_REPRESENTATION_ITEM() RATIONAL_B_SPLINE_CURVE((1.,0.5,1.,0.5,
1.,0.5,1.)) REPRESENTATION_ITEM('') );
#2829 = CARTESIAN_POINT('',(3.05,13.5));
#2830 = CARTESIAN_POINT('',(3.05,12.027756813566));
#2831 = CARTESIAN_POINT('',(1.775,12.763878406783));
#2832 = CARTESIAN_POINT('',(0.5,13.5));
#2833 = CARTESIAN_POINT('',(1.775,14.236121593217));
#2834 = CARTESIAN_POINT('',(3.05,14.972243186434));
#2835 = CARTESIAN_POINT('',(3.05,13.5));
#2836 = ( GEOMETRIC_REPRESENTATION_CONTEXT(2) 
PARAMETRIC_REPRESENTATION_CONTEXT() REPRESENTATION_CONTEXT('2D SPACE',''
  ) );
#2837 = ORIENTED_EDGE('',*,*,#1414,.F.);
#2838 = ADVANCED_FACE('',(#2839),#892,.F.);
#2839 = FACE_BOUND('',#2840,.T.);
#2840 = EDGE_LOOP('',(#2841,#2869,#2890,#2891,#2892,#2918));
#2841 = ORIENTED_EDGE('',*,*,#2842,.T.);
#2842 = EDGE_CURVE('',#1518,#2843,#2845,.T.);
#2843 = VERTEX_POINT('',#2844);
#2844 = CARTESIAN_POINT('',(-8.45,0.,6.6));
#2845 = SURFACE_CURVE('',#2846,(#2851,#2858),.PCURVE_S1.);
#2846 = CIRCLE('',#2847,0.85);
#2847 = AXIS2_PLACEMENT_3D('',#2848,#2849,#2850);
#2848 = CARTESIAN_POINT('',(-9.3,0.,6.6));
#2849 = DIRECTION('',(0.,0.,-1.));
#2850 = DIRECTION('',(1.,0.,0.));
#2851 = PCURVE('',#892,#2852);
#2852 = DEFINITIONAL_REPRESENTATION('',(#2853),#2857);
#2853 = LINE('',#2854,#2855);
#2854 = CARTESIAN_POINT('',(-6.28318530718,-1.));
#2855 = VECTOR('',#2856,1.);
#2856 = DIRECTION('',(1.,-0.));
#2857 = ( GEOMETRIC_REPRESENTATION_CONTEXT(2) 
PARAMETRIC_REPRESENTATION_CONTEXT() REPRESENTATION_CONTEXT('2D SPACE',''
  ) );
#2858 = PCURVE('',#1402,#2859);
#2859 = DEFINITIONAL_REPRESENTATION('',(#2860),#2868);
#2860 = ( BOUNDED_CURVE() B_SPLINE_CURVE(2,(#2861,#2862,#2863,#2864,
#2865,#2866,#2867),.UNSPECIFIED.,.T.,.F.) B_SPLINE_CURVE_WITH_KNOTS((1,2
    ,2,2,2,1),(-2.094395102393,0.,2.094395102393,4.188790204786,
6.28318530718,8.377580409573),.UNSPECIFIED.) CURVE() 
GEOMETRIC_REPRESENTATION_ITEM() RATIONAL_B_SPLINE_CURVE((1.,0.5,1.,0.5,
1.,0.5,1.)) REPRESENTATION_ITEM('') );
#2861 = CARTESIAN_POINT('',(3.05,33.5));
#2862 = CARTESIAN_POINT('',(3.05,32.027756813566));
#2863 = CARTESIAN_POINT('',(1.775,32.763878406783));
#2864 = CARTESIAN_POINT('',(0.5,33.5));
#2865 = CARTESIAN_POINT('',(1.775,34.236121593217));
#2866 = CARTESIAN_POINT('',(3.05,34.972243186434));
#2867 = CARTESIAN_POINT('',(3.05,33.5));
#2868 = ( GEOMETRIC_REPRESENTATION_CONTEXT(2) 
PARAMETRIC_REPRESENTATION_CONTEXT() REPRESENTATION_CONTEXT('2D SPACE',''
  ) );
#2869 = ORIENTED_EDGE('',*,*,#2870,.T.);
#2870 = EDGE_CURVE('',#2843,#872,#2871,.T.);
#2871 = SEAM_CURVE('',#2872,(#2876,#2883),.PCURVE_S1.);
#2872 = LINE('',#2873,#2874);
#2873 = CARTESIAN_POINT('',(-8.45,0.,5.6));
#2874 = VECTOR('',#2875,1.);
#2875 = DIRECTION('',(0.,0.,1.));
#2876 = PCURVE('',#892,#2877);
#2877 = DEFINITIONAL_REPRESENTATION('',(#2878),#2882);
#2878 = LINE('',#2879,#2880);
#2879 = CARTESIAN_POINT('',(-6.28318530718,0.));
#2880 = VECTOR('',#2881,1.);
#2881 = DIRECTION('',(-0.,-1.));
#2882 = ( GEOMETRIC_REPRESENTATION_CONTEXT(2) 
PARAMETRIC_REPRESENTATION_CONTEXT() REPRESENTATION_CONTEXT('2D SPACE',''
  ) );
#2883 = PCURVE('',#892,#2884);
#2884 = DEFINITIONAL_REPRESENTATION('',(#2885),#2889);
#2885 = LINE('',#2886,#2887);
#2886 = CARTESIAN_POINT('',(-0.,0.));
#2887 = VECTOR('',#2888,1.);
#2888 = DIRECTION('',(-0.,-1.));
#2889 = ( GEOMETRIC_REPRESENTATION_CONTEXT(2) 
PARAMETRIC_REPRESENTATION_CONTEXT() REPRESENTATION_CONTEXT('2D SPACE',''
  ) );
#2890 = ORIENTED_EDGE('',*,*,#871,.F.);
#2891 = ORIENTED_EDGE('',*,*,#2870,.F.);
#2892 = ORIENTED_EDGE('',*,*,#2893,.T.);
#2893 = EDGE_CURVE('',#2843,#1495,#2894,.T.);
#2894 = SURFACE_CURVE('',#2895,(#2900,#2907),.PCURVE_S1.);
#2895 = CIRCLE('',#2896,0.85);
#2896 = AXIS2_PLACEMENT_3D('',#2897,#2898,#2899);
#2897 = CARTESIAN_POINT('',(-9.3,0.,6.6));
#2898 = DIRECTION('',(0.,0.,-1.));
#2899 = DIRECTION('',(1.,0.,0.));
#2900 = PCURVE('',#892,#2901);
#2901 = DEFINITIONAL_REPRESENTATION('',(#2902),#2906);
#2902 = LINE('',#2903,#2904);
#2903 = CARTESIAN_POINT('',(-6.28318530718,-1.));
#2904 = VECTOR('',#2905,1.);
#2905 = DIRECTION('',(1.,-0.));
#2906 = ( GEOMETRIC_REPRESENTATION_CONTEXT(2) 
PARAMETRIC_REPRESENTATION_CONTEXT() REPRESENTATION_CONTEXT('2D SPACE',''
  ) );
#2907 = PCURVE('',#1402,#2908);
#2908 = DEFINITIONAL_REPRESENTATION('',(#2909),#2917);
#2909 = ( BOUNDED_CURVE() B_SPLINE_CURVE(2,(#2910,#2911,#2912,#2913,
#2914,#2915,#2916),.UNSPECIFIED.,.T.,.F.) B_SPLINE_CURVE_WITH_KNOTS((1,2
    ,2,2,2,1),(-2.094395102393,0.,2.094395102393,4.188790204786,
6.28318530718,8.377580409573),.UNSPECIFIED.) CURVE() 
GEOMETRIC_REPRESENTATION_ITEM() RATIONAL_B_SPLINE_CURVE((1.,0.5,1.,0.5,
1.,0.5,1.)) REPRESENTATION_ITEM('') );
#2910 = CARTESIAN_POINT('',(3.05,33.5));
#2911 = CARTESIAN_POINT('',(3.05,32.027756813566));
#2912 = CARTESIAN_POINT('',(1.775,32.763878406783));
#2913 = CARTESIAN_POINT('',(0.5,33.5));
#2914 = CARTESIAN_POINT('',(1.775,34.236121593217));
#2915 = CARTESIAN_POINT('',(3.05,34.972243186434));
#2916 = CARTESIAN_POINT('',(3.05,33.5));
#2917 = ( GEOMETRIC_REPRESENTATION_CONTEXT(2) 
PARAMETRIC_REPRESENTATION_CONTEXT() REPRESENTATION_CONTEXT('2D SPACE',''
  ) );
#2918 = ORIENTED_EDGE('',*,*,#1517,.F.);
#2919 = ADVANCED_FACE('',(#2920),#927,.F.);
#2920 = FACE_BOUND('',#2921,.T.);
#2921 = EDGE_LOOP('',(#2922,#2950,#2971,#2972,#2973,#2999));
#2922 = ORIENTED_EDGE('',*,*,#2923,.T.);
#2923 = EDGE_CURVE('',#1621,#2924,#2926,.T.);
#2924 = VERTEX_POINT('',#2925);
#2925 = CARTESIAN_POINT('',(-8.45,20.,6.6));
#2926 = SURFACE_CURVE('',#2927,(#2932,#2939),.PCURVE_S1.);
#2927 = CIRCLE('',#2928,0.85);
#2928 = AXIS2_PLACEMENT_3D('',#2929,#2930,#2931);
#2929 = CARTESIAN_POINT('',(-9.3,20.,6.6));
#2930 = DIRECTION('',(0.,0.,-1.));
#2931 = DIRECTION('',(1.,0.,0.));
#2932 = PCURVE('',#927,#2933);
#2933 = DEFINITIONAL_REPRESENTATION('',(#2934),#2938);
#2934 = LINE('',#2935,#2936);
#2935 = CARTESIAN_POINT('',(-6.28318530718,-1.));
#2936 = VECTOR('',#2937,1.);
#2937 = DIRECTION('',(1.,-0.));
#2938 = ( GEOMETRIC_REPRESENTATION_CONTEXT(2) 
PARAMETRIC_REPRESENTATION_CONTEXT() REPRESENTATION_CONTEXT('2D SPACE',''
  ) );
#2939 = PCURVE('',#1402,#2940);
#2940 = DEFINITIONAL_REPRESENTATION('',(#2941),#2949);
#2941 = ( BOUNDED_CURVE() B_SPLINE_CURVE(2,(#2942,#2943,#2944,#2945,
#2946,#2947,#2948),.UNSPECIFIED.,.T.,.F.) B_SPLINE_CURVE_WITH_KNOTS((1,2
    ,2,2,2,1),(-2.094395102393,0.,2.094395102393,4.188790204786,
6.28318530718,8.377580409573),.UNSPECIFIED.) CURVE() 
GEOMETRIC_REPRESENTATION_ITEM() RATIONAL_B_SPLINE_CURVE((1.,0.5,1.,0.5,
1.,0.5,1.)) REPRESENTATION_ITEM('') );
#2942 = CARTESIAN_POINT('',(3.05,53.5));
#2943 = CARTESIAN_POINT('',(3.05,52.027756813566));
#2944 = CARTESIAN_POINT('',(1.775,52.763878406783));
#2945 = CARTESIAN_POINT('',(0.5,53.5));
#2946 = CARTESIAN_POINT('',(1.775,54.236121593217));
#2947 = CARTESIAN_POINT('',(3.05,54.972243186434));
#2948 = CARTESIAN_POINT('',(3.05,53.5));
#2949 = ( GEOMETRIC_REPRESENTATION_CONTEXT(2) 
PARAMETRIC_REPRESENTATION_CONTEXT() REPRESENTATION_CONTEXT('2D SPACE',''
  ) );
#2950 = ORIENTED_EDGE('',*,*,#2951,.T.);
#2951 = EDGE_CURVE('',#2924,#907,#2952,.T.);
#2952 = SEAM_CURVE('',#2953,(#2957,#2964),.PCURVE_S1.);
#2953 = LINE('',#2954,#2955);
#2954 = CARTESIAN_POINT('',(-8.45,20.,5.6));
#2955 = VECTOR('',#2956,1.);
#2956 = DIRECTION('',(0.,0.,1.));
#2957 = PCURVE('',#927,#2958);
#2958 = DEFINITIONAL_REPRESENTATION('',(#2959),#2963);
#2959 = LINE('',#2960,#2961);
#2960 = CARTESIAN_POINT('',(-6.28318530718,0.));
#2961 = VECTOR('',#2962,1.);
#2962 = DIRECTION('',(-0.,-1.));
#2963 = ( GEOMETRIC_REPRESENTATION_CONTEXT(2) 
PARAMETRIC_REPRESENTATION_CONTEXT() REPRESENTATION_CONTEXT('2D SPACE',''
  ) );
#2964 = PCURVE('',#927,#2965);
#2965 = DEFINITIONAL_REPRESENTATION('',(#2966),#2970);
#2966 = LINE('',#2967,#2968);
#2967 = CARTESIAN_POINT('',(-0.,0.));
#2968 = VECTOR('',#2969,1.);
#2969 = DIRECTION('',(-0.,-1.));
#2970 = ( GEOMETRIC_REPRESENTATION_CONTEXT(2) 
PARAMETRIC_REPRESENTATION_CONTEXT() REPRESENTATION_CONTEXT('2D SPACE',''
  ) );
#2971 = ORIENTED_EDGE('',*,*,#906,.F.);
#2972 = ORIENTED_EDGE('',*,*,#2951,.F.);
#2973 = ORIENTED_EDGE('',*,*,#2974,.T.);
#2974 = EDGE_CURVE('',#2924,#1598,#2975,.T.);
#2975 = SURFACE_CURVE('',#2976,(#2981,#2988),.PCURVE_S1.);
#2976 = CIRCLE('',#2977,0.85);
#2977 = AXIS2_PLACEMENT_3D('',#2978,#2979,#2980);
#2978 = CARTESIAN_POINT('',(-9.3,20.,6.6));
#2979 = DIRECTION('',(0.,0.,-1.));
#2980 = DIRECTION('',(1.,0.,0.));
#2981 = PCURVE('',#927,#2982);
#2982 = DEFINITIONAL_REPRESENTATION('',(#2983),#2987);
#2983 = LINE('',#2984,#2985);
#2984 = CARTESIAN_POINT('',(-6.28318530718,-1.));
#2985 = VECTOR('',#2986,1.);
#2986 = DIRECTION('',(1.,-0.));
#2987 = ( GEOMETRIC_REPRESENTATION_CONTEXT(2) 
PARAMETRIC_REPRESENTATION_CONTEXT() REPRESENTATION_CONTEXT('2D SPACE',''
  ) );
#2988 = PCURVE('',#1402,#2989);
#2989 = DEFINITIONAL_REPRESENTATION('',(#2990),#2998);
#2990 = ( BOUNDED_CURVE() B_SPLINE_CURVE(2,(#2991,#2992,#2993,#2994,
#2995,#2996,#2997),.UNSPECIFIED.,.T.,.F.) B_SPLINE_CURVE_WITH_KNOTS((1,2
    ,2,2,2,1),(-2.094395102393,0.,2.094395102393,4.188790204786,
6.28318530718,8.377580409573),.UNSPECIFIED.) CURVE() 
GEOMETRIC_REPRESENTATION_ITEM() RATIONAL_B_SPLINE_CURVE((1.,0.5,1.,0.5,
1.,0.5,1.)) REPRESENTATION_ITEM('') );
#2991 = CARTESIAN_POINT('',(3.05,53.5));
#2992 = CARTESIAN_POINT('',(3.05,52.027756813566));
#2993 = CARTESIAN_POINT('',(1.775,52.763878406783));
#2994 = CARTESIAN_POINT('',(0.5,53.5));
#2995 = CARTESIAN_POINT('',(1.775,54.236121593217));
#2996 = CARTESIAN_POINT('',(3.05,54.972243186434));
#2997 = CARTESIAN_POINT('',(3.05,53.5));
#2998 = ( GEOMETRIC_REPRESENTATION_CONTEXT(2) 
PARAMETRIC_REPRESENTATION_CONTEXT() REPRESENTATION_CONTEXT('2D SPACE',''
  ) );
#2999 = ORIENTED_EDGE('',*,*,#1620,.F.);
#3000 = ADVANCED_FACE('',(#3001),#1402,.F.);
#3001 = FACE_BOUND('',#3002,.F.);
#3002 = EDGE_LOOP('',(#3003,#3004,#3005,#3006,#3007,#3008,#3009,#3010,
    #3011,#3012,#3013,#3014,#3015,#3016,#3017,#3044,#3072,#3105,#3128,
    #3161,#3184,#3217,#3240));
#3003 = ORIENTED_EDGE('',*,*,#2126,.F.);
#3004 = ORIENTED_EDGE('',*,*,#2300,.F.);
#3005 = ORIENTED_EDGE('',*,*,#1700,.F.);
#3006 = ORIENTED_EDGE('',*,*,#2923,.T.);
#3007 = ORIENTED_EDGE('',*,*,#2974,.T.);
#3008 = ORIENTED_EDGE('',*,*,#1597,.F.);
#3009 = ORIENTED_EDGE('',*,*,#2842,.T.);
#3010 = ORIENTED_EDGE('',*,*,#2893,.T.);
#3011 = ORIENTED_EDGE('',*,*,#1494,.F.);
#3012 = ORIENTED_EDGE('',*,*,#2761,.T.);
#3013 = ORIENTED_EDGE('',*,*,#2812,.T.);
#3014 = ORIENTED_EDGE('',*,*,#1386,.F.);
#3015 = ORIENTED_EDGE('',*,*,#1806,.T.);
#3016 = ORIENTED_EDGE('',*,*,#2596,.T.);
#3017 = ORIENTED_EDGE('',*,*,#3018,.T.);
#3018 = EDGE_CURVE('',#2597,#3019,#3021,.T.);
#3019 = VERTEX_POINT('',#3020);
#3020 = CARTESIAN_POINT('',(10.,-32.,6.6));
#3021 = SURFACE_CURVE('',#3022,(#3027,#3038),.PCURVE_S1.);
#3022 = CIRCLE('',#3023,1.25);
#3023 = AXIS2_PLACEMENT_3D('',#3024,#3025,#3026);
#3024 = CARTESIAN_POINT('',(9.,-32.75,6.6));
#3025 = DIRECTION('',(0.,0.,-1.));
#3026 = DIRECTION('',(1.,0.,0.));
#3027 = PCURVE('',#1402,#3028);
#3028 = DEFINITIONAL_REPRESENTATION('',(#3029),#3037);
#3029 = ( BOUNDED_CURVE() B_SPLINE_CURVE(2,(#3030,#3031,#3032,#3033,
#3034,#3035,#3036),.UNSPECIFIED.,.T.,.F.) B_SPLINE_CURVE_WITH_KNOTS((1,2
    ,2,2,2,1),(-2.094395102393,0.,2.094395102393,4.188790204786,
6.28318530718,8.377580409573),.UNSPECIFIED.) CURVE() 
GEOMETRIC_REPRESENTATION_ITEM() RATIONAL_B_SPLINE_CURVE((1.,0.5,1.,0.5,
1.,0.5,1.)) REPRESENTATION_ITEM('') );
#3030 = CARTESIAN_POINT('',(21.75,0.75));
#3031 = CARTESIAN_POINT('',(21.75,-1.415063509461));
#3032 = CARTESIAN_POINT('',(19.875,-0.332531754731));
#3033 = CARTESIAN_POINT('',(18.,0.75));
#3034 = CARTESIAN_POINT('',(19.875,1.832531754731));
#3035 = CARTESIAN_POINT('',(21.75,2.915063509461));
#3036 = CARTESIAN_POINT('',(21.75,0.75));
#3037 = ( GEOMETRIC_REPRESENTATION_CONTEXT(2) 
PARAMETRIC_REPRESENTATION_CONTEXT() REPRESENTATION_CONTEXT('2D SPACE',''
  ) );
#3038 = PCURVE('',#2720,#3039);
#3039 = DEFINITIONAL_REPRESENTATION('',(#3040),#3043);
#3040 = B_SPLINE_CURVE_WITH_KNOTS('',1,(#3041,#3042),.UNSPECIFIED.,.F.,
  .F.,(2,2),(2.498091544797,5.639684198386),.PIECEWISE_BEZIER_KNOTS.);
#3041 = CARTESIAN_POINT('',(-3.785093762383,-1.));
#3042 = CARTESIAN_POINT('',(-0.643501108793,-1.));
#3043 = ( GEOMETRIC_REPRESENTATION_CONTEXT(2) 
PARAMETRIC_REPRESENTATION_CONTEXT() REPRESENTATION_CONTEXT('2D SPACE',''
  ) );
#3044 = ORIENTED_EDGE('',*,*,#3045,.T.);
#3045 = EDGE_CURVE('',#3019,#3046,#3048,.T.);
#3046 = VERTEX_POINT('',#3047);
#3047 = CARTESIAN_POINT('',(10.,-20.48218253805,6.6));
#3048 = SURFACE_CURVE('',#3049,(#3053,#3060),.PCURVE_S1.);
#3049 = LINE('',#3050,#3051);
#3050 = CARTESIAN_POINT('',(10.,-33.5,6.6));
#3051 = VECTOR('',#3052,1.);
#3052 = DIRECTION('',(0.,1.,0.));
#3053 = PCURVE('',#1402,#3054);
#3054 = DEFINITIONAL_REPRESENTATION('',(#3055),#3059);
#3055 = LINE('',#3056,#3057);
#3056 = CARTESIAN_POINT('',(21.5,0.));
#3057 = VECTOR('',#3058,1.);
#3058 = DIRECTION('',(0.,1.));
#3059 = ( GEOMETRIC_REPRESENTATION_CONTEXT(2) 
PARAMETRIC_REPRESENTATION_CONTEXT() REPRESENTATION_CONTEXT('2D SPACE',''
  ) );
#3060 = PCURVE('',#3061,#3066);
#3061 = CYLINDRICAL_SURFACE('',#3062,1.5);
#3062 = AXIS2_PLACEMENT_3D('',#3063,#3064,#3065);
#3063 = CARTESIAN_POINT('',(10.,-33.5,8.1));
#3064 = DIRECTION('',(0.,1.,0.));
#3065 = DIRECTION('',(1.,0.,-0.));
#3066 = DEFINITIONAL_REPRESENTATION('',(#3067),#3071);
#3067 = LINE('',#3068,#3069);
#3068 = CARTESIAN_POINT('',(1.570796326795,0.));
#3069 = VECTOR('',#3070,1.);
#3070 = DIRECTION('',(0.,1.));
#3071 = ( GEOMETRIC_REPRESENTATION_CONTEXT(2) 
PARAMETRIC_REPRESENTATION_CONTEXT() REPRESENTATION_CONTEXT('2D SPACE',''
  ) );
#3072 = ORIENTED_EDGE('',*,*,#3073,.T.);
#3073 = EDGE_CURVE('',#3046,#3074,#3076,.T.);
#3074 = VERTEX_POINT('',#3075);
#3075 = CARTESIAN_POINT('',(10.,-19.51781746195,6.6));
#3076 = SURFACE_CURVE('',#3077,(#3082,#3093),.PCURVE_S1.);
#3077 = CIRCLE('',#3078,0.85);
#3078 = AXIS2_PLACEMENT_3D('',#3079,#3080,#3081);
#3079 = CARTESIAN_POINT('',(9.3,-20.,6.6));
#3080 = DIRECTION('',(0.,0.,-1.));
#3081 = DIRECTION('',(1.,0.,0.));
#3082 = PCURVE('',#1402,#3083);
#3083 = DEFINITIONAL_REPRESENTATION('',(#3084),#3092);
#3084 = ( BOUNDED_CURVE() B_SPLINE_CURVE(2,(#3085,#3086,#3087,#3088,
#3089,#3090,#3091),.UNSPECIFIED.,.T.,.F.) B_SPLINE_CURVE_WITH_KNOTS((1,2
    ,2,2,2,1),(-2.094395102393,0.,2.094395102393,4.188790204786,
6.28318530718,8.377580409573),.UNSPECIFIED.) CURVE() 
GEOMETRIC_REPRESENTATION_ITEM() RATIONAL_B_SPLINE_CURVE((1.,0.5,1.,0.5,
1.,0.5,1.)) REPRESENTATION_ITEM('') );
#3085 = CARTESIAN_POINT('',(21.65,13.5));
#3086 = CARTESIAN_POINT('',(21.65,12.027756813566));
#3087 = CARTESIAN_POINT('',(20.375,12.763878406783));
#3088 = CARTESIAN_POINT('',(19.1,13.5));
#3089 = CARTESIAN_POINT('',(20.375,14.236121593217));
#3090 = CARTESIAN_POINT('',(21.65,14.972243186434));
#3091 = CARTESIAN_POINT('',(21.65,13.5));
#3092 = ( GEOMETRIC_REPRESENTATION_CONTEXT(2) 
PARAMETRIC_REPRESENTATION_CONTEXT() REPRESENTATION_CONTEXT('2D SPACE',''
  ) );
#3093 = PCURVE('',#3094,#3099);
#3094 = CYLINDRICAL_SURFACE('',#3095,0.85);
#3095 = AXIS2_PLACEMENT_3D('',#3096,#3097,#3098);
#3096 = CARTESIAN_POINT('',(9.3,-20.,5.6));
#3097 = DIRECTION('',(-0.,-0.,-1.));
#3098 = DIRECTION('',(1.,0.,0.));
#3099 = DEFINITIONAL_REPRESENTATION('',(#3100),#3104);
#3100 = LINE('',#3101,#3102);
#3101 = CARTESIAN_POINT('',(-6.28318530718,-1.));
#3102 = VECTOR('',#3103,1.);
#3103 = DIRECTION('',(1.,-0.));
#3104 = ( GEOMETRIC_REPRESENTATION_CONTEXT(2) 
PARAMETRIC_REPRESENTATION_CONTEXT() REPRESENTATION_CONTEXT('2D SPACE',''
  ) );
#3105 = ORIENTED_EDGE('',*,*,#3106,.T.);
#3106 = EDGE_CURVE('',#3074,#3107,#3109,.T.);
#3107 = VERTEX_POINT('',#3108);
#3108 = CARTESIAN_POINT('',(10.,-0.48218253805,6.6));
#3109 = SURFACE_CURVE('',#3110,(#3114,#3121),.PCURVE_S1.);
#3110 = LINE('',#3111,#3112);
#3111 = CARTESIAN_POINT('',(10.,-33.5,6.6));
#3112 = VECTOR('',#3113,1.);
#3113 = DIRECTION('',(0.,1.,0.));
#3114 = PCURVE('',#1402,#3115);
#3115 = DEFINITIONAL_REPRESENTATION('',(#3116),#3120);
#3116 = LINE('',#3117,#3118);
#3117 = CARTESIAN_POINT('',(21.5,0.));
#3118 = VECTOR('',#3119,1.);
#3119 = DIRECTION('',(0.,1.));
#3120 = ( GEOMETRIC_REPRESENTATION_CONTEXT(2) 
PARAMETRIC_REPRESENTATION_CONTEXT() REPRESENTATION_CONTEXT('2D SPACE',''
  ) );
#3121 = PCURVE('',#3061,#3122);
#3122 = DEFINITIONAL_REPRESENTATION('',(#3123),#3127);
#3123 = LINE('',#3124,#3125);
#3124 = CARTESIAN_POINT('',(1.570796326795,0.));
#3125 = VECTOR('',#3126,1.);
#3126 = DIRECTION('',(0.,1.));
#3127 = ( GEOMETRIC_REPRESENTATION_CONTEXT(2) 
PARAMETRIC_REPRESENTATION_CONTEXT() REPRESENTATION_CONTEXT('2D SPACE',''
  ) );
#3128 = ORIENTED_EDGE('',*,*,#3129,.T.);
#3129 = EDGE_CURVE('',#3107,#3130,#3132,.T.);
#3130 = VERTEX_POINT('',#3131);
#3131 = CARTESIAN_POINT('',(10.,0.48218253805,6.6));
#3132 = SURFACE_CURVE('',#3133,(#3138,#3149),.PCURVE_S1.);
#3133 = CIRCLE('',#3134,0.85);
#3134 = AXIS2_PLACEMENT_3D('',#3135,#3136,#3137);
#3135 = CARTESIAN_POINT('',(9.3,0.,6.6));
#3136 = DIRECTION('',(0.,0.,-1.));
#3137 = DIRECTION('',(1.,0.,0.));
#3138 = PCURVE('',#1402,#3139);
#3139 = DEFINITIONAL_REPRESENTATION('',(#3140),#3148);
#3140 = ( BOUNDED_CURVE() B_SPLINE_CURVE(2,(#3141,#3142,#3143,#3144,
#3145,#3146,#3147),.UNSPECIFIED.,.T.,.F.) B_SPLINE_CURVE_WITH_KNOTS((1,2
    ,2,2,2,1),(-2.094395102393,0.,2.094395102393,4.188790204786,
6.28318530718,8.377580409573),.UNSPECIFIED.) CURVE() 
GEOMETRIC_REPRESENTATION_ITEM() RATIONAL_B_SPLINE_CURVE((1.,0.5,1.,0.5,
1.,0.5,1.)) REPRESENTATION_ITEM('') );
#3141 = CARTESIAN_POINT('',(21.65,33.5));
#3142 = CARTESIAN_POINT('',(21.65,32.027756813566));
#3143 = CARTESIAN_POINT('',(20.375,32.763878406783));
#3144 = CARTESIAN_POINT('',(19.1,33.5));
#3145 = CARTESIAN_POINT('',(20.375,34.236121593217));
#3146 = CARTESIAN_POINT('',(21.65,34.972243186434));
#3147 = CARTESIAN_POINT('',(21.65,33.5));
#3148 = ( GEOMETRIC_REPRESENTATION_CONTEXT(2) 
PARAMETRIC_REPRESENTATION_CONTEXT() REPRESENTATION_CONTEXT('2D SPACE',''
  ) );
#3149 = PCURVE('',#3150,#3155);
#3150 = CYLINDRICAL_SURFACE('',#3151,0.85);
#3151 = AXIS2_PLACEMENT_3D('',#3152,#3153,#3154);
#3152 = CARTESIAN_POINT('',(9.3,0.,5.6));
#3153 = DIRECTION('',(-0.,-0.,-1.));
#3154 = DIRECTION('',(1.,0.,0.));
#3155 = DEFINITIONAL_REPRESENTATION('',(#3156),#3160);
#3156 = LINE('',#3157,#3158);
#3157 = CARTESIAN_POINT('',(-6.28318530718,-1.));
#3158 = VECTOR('',#3159,1.);
#3159 = DIRECTION('',(1.,-0.));
#3160 = ( GEOMETRIC_REPRESENTATION_CONTEXT(2) 
PARAMETRIC_REPRESENTATION_CONTEXT() REPRESENTATION_CONTEXT('2D SPACE',''
  ) );
#3161 = ORIENTED_EDGE('',*,*,#3162,.T.);
#3162 = EDGE_CURVE('',#3130,#3163,#3165,.T.);
#3163 = VERTEX_POINT('',#3164);
#3164 = CARTESIAN_POINT('',(10.,19.51781746195,6.6));
#3165 = SURFACE_CURVE('',#3166,(#3170,#3177),.PCURVE_S1.);
#3166 = LINE('',#3167,#3168);
#3167 = CARTESIAN_POINT('',(10.,-33.5,6.6));
#3168 = VECTOR('',#3169,1.);
#3169 = DIRECTION('',(0.,1.,0.));
#3170 = PCURVE('',#1402,#3171);
#3171 = DEFINITIONAL_REPRESENTATION('',(#3172),#3176);
#3172 = LINE('',#3173,#3174);
#3173 = CARTESIAN_POINT('',(21.5,0.));
#3174 = VECTOR('',#3175,1.);
#3175 = DIRECTION('',(0.,1.));
#3176 = ( GEOMETRIC_REPRESENTATION_CONTEXT(2) 
PARAMETRIC_REPRESENTATION_CONTEXT() REPRESENTATION_CONTEXT('2D SPACE',''
  ) );
#3177 = PCURVE('',#3061,#3178);
#3178 = DEFINITIONAL_REPRESENTATION('',(#3179),#3183);
#3179 = LINE('',#3180,#3181);
#3180 = CARTESIAN_POINT('',(1.570796326795,0.));
#3181 = VECTOR('',#3182,1.);
#3182 = DIRECTION('',(0.,1.));
#3183 = ( GEOMETRIC_REPRESENTATION_CONTEXT(2) 
PARAMETRIC_REPRESENTATION_CONTEXT() REPRESENTATION_CONTEXT('2D SPACE',''
  ) );
#3184 = ORIENTED_EDGE('',*,*,#3185,.T.);
#3185 = EDGE_CURVE('',#3163,#3186,#3188,.T.);
#3186 = VERTEX_POINT('',#3187);
#3187 = CARTESIAN_POINT('',(10.,20.48218253805,6.6));
#3188 = SURFACE_CURVE('',#3189,(#3194,#3205),.PCURVE_S1.);
#3189 = CIRCLE('',#3190,0.85);
#3190 = AXIS2_PLACEMENT_3D('',#3191,#3192,#3193);
#3191 = CARTESIAN_POINT('',(9.3,20.,6.6));
#3192 = DIRECTION('',(0.,0.,-1.));
#3193 = DIRECTION('',(1.,0.,0.));
#3194 = PCURVE('',#1402,#3195);
#3195 = DEFINITIONAL_REPRESENTATION('',(#3196),#3204);
#3196 = ( BOUNDED_CURVE() B_SPLINE_CURVE(2,(#3197,#3198,#3199,#3200,
#3201,#3202,#3203),.UNSPECIFIED.,.T.,.F.) B_SPLINE_CURVE_WITH_KNOTS((1,2
    ,2,2,2,1),(-2.094395102393,0.,2.094395102393,4.188790204786,
6.28318530718,8.377580409573),.UNSPECIFIED.) CURVE() 
GEOMETRIC_REPRESENTATION_ITEM() RATIONAL_B_SPLINE_CURVE((1.,0.5,1.,0.5,
1.,0.5,1.)) REPRESENTATION_ITEM('') );
#3197 = CARTESIAN_POINT('',(21.65,53.5));
#3198 = CARTESIAN_POINT('',(21.65,52.027756813566));
#3199 = CARTESIAN_POINT('',(20.375,52.763878406783));
#3200 = CARTESIAN_POINT('',(19.1,53.5));
#3201 = CARTESIAN_POINT('',(20.375,54.236121593217));
#3202 = CARTESIAN_POINT('',(21.65,54.972243186434));
#3203 = CARTESIAN_POINT('',(21.65,53.5));
#3204 = ( GEOMETRIC_REPRESENTATION_CONTEXT(2) 
PARAMETRIC_REPRESENTATION_CONTEXT() REPRESENTATION_CONTEXT('2D SPACE',''
  ) );
#3205 = PCURVE('',#3206,#3211);
#3206 = CYLINDRICAL_SURFACE('',#3207,0.85);
#3207 = AXIS2_PLACEMENT_3D('',#3208,#3209,#3210);
#3208 = CARTESIAN_POINT('',(9.3,20.,5.6));
#3209 = DIRECTION('',(-0.,-0.,-1.));
#3210 = DIRECTION('',(1.,0.,0.));
#3211 = DEFINITIONAL_REPRESENTATION('',(#3212),#3216);
#3212 = LINE('',#3213,#3214);
#3213 = CARTESIAN_POINT('',(-6.28318530718,-1.));
#3214 = VECTOR('',#3215,1.);
#3215 = DIRECTION('',(1.,-0.));
#3216 = ( GEOMETRIC_REPRESENTATION_CONTEXT(2) 
PARAMETRIC_REPRESENTATION_CONTEXT() REPRESENTATION_CONTEXT('2D SPACE',''
  ) );
#3217 = ORIENTED_EDGE('',*,*,#3218,.T.);
#3218 = EDGE_CURVE('',#3186,#3219,#3221,.T.);
#3219 = VERTEX_POINT('',#3220);
#3220 = CARTESIAN_POINT('',(10.,32.,6.6));
#3221 = SURFACE_CURVE('',#3222,(#3226,#3233),.PCURVE_S1.);
#3222 = LINE('',#3223,#3224);
#3223 = CARTESIAN_POINT('',(10.,-33.5,6.6));
#3224 = VECTOR('',#3225,1.);
#3225 = DIRECTION('',(0.,1.,0.));
#3226 = PCURVE('',#1402,#3227);
#3227 = DEFINITIONAL_REPRESENTATION('',(#3228),#3232);
#3228 = LINE('',#3229,#3230);
#3229 = CARTESIAN_POINT('',(21.5,0.));
#3230 = VECTOR('',#3231,1.);
#3231 = DIRECTION('',(0.,1.));
#3232 = ( GEOMETRIC_REPRESENTATION_CONTEXT(2) 
PARAMETRIC_REPRESENTATION_CONTEXT() REPRESENTATION_CONTEXT('2D SPACE',''
  ) );
#3233 = PCURVE('',#3061,#3234);
#3234 = DEFINITIONAL_REPRESENTATION('',(#3235),#3239);
#3235 = LINE('',#3236,#3237);
#3236 = CARTESIAN_POINT('',(1.570796326795,0.));
#3237 = VECTOR('',#3238,1.);
#3238 = DIRECTION('',(0.,1.));
#3239 = ( GEOMETRIC_REPRESENTATION_CONTEXT(2) 
PARAMETRIC_REPRESENTATION_CONTEXT() REPRESENTATION_CONTEXT('2D SPACE',''
  ) );
#3240 = ORIENTED_EDGE('',*,*,#3241,.T.);
#3241 = EDGE_CURVE('',#3219,#2129,#3242,.T.);
#3242 = SURFACE_CURVE('',#3243,(#3248,#3259),.PCURVE_S1.);
#3243 = CIRCLE('',#3244,1.25);
#3244 = AXIS2_PLACEMENT_3D('',#3245,#3246,#3247);
#3245 = CARTESIAN_POINT('',(9.,32.75,6.6));
#3246 = DIRECTION('',(0.,0.,-1.));
#3247 = DIRECTION('',(1.,0.,0.));
#3248 = PCURVE('',#1402,#3249);
#3249 = DEFINITIONAL_REPRESENTATION('',(#3250),#3258);
#3250 = ( BOUNDED_CURVE() B_SPLINE_CURVE(2,(#3251,#3252,#3253,#3254,
#3255,#3256,#3257),.UNSPECIFIED.,.T.,.F.) B_SPLINE_CURVE_WITH_KNOTS((1,2
    ,2,2,2,1),(-2.094395102393,0.,2.094395102393,4.188790204786,
6.28318530718,8.377580409573),.UNSPECIFIED.) CURVE() 
GEOMETRIC_REPRESENTATION_ITEM() RATIONAL_B_SPLINE_CURVE((1.,0.5,1.,0.5,
1.,0.5,1.)) REPRESENTATION_ITEM('') );
#3251 = CARTESIAN_POINT('',(21.75,66.25));
#3252 = CARTESIAN_POINT('',(21.75,64.084936490539));
#3253 = CARTESIAN_POINT('',(19.875,65.167468245269));
#3254 = CARTESIAN_POINT('',(18.,66.25));
#3255 = CARTESIAN_POINT('',(19.875,67.332531754731));
#3256 = CARTESIAN_POINT('',(21.75,68.415063509461));
#3257 = CARTESIAN_POINT('',(21.75,66.25));
#3258 = ( GEOMETRIC_REPRESENTATION_CONTEXT(2) 
PARAMETRIC_REPRESENTATION_CONTEXT() REPRESENTATION_CONTEXT('2D SPACE',''
  ) );
#3259 = PCURVE('',#2285,#3260);
#3260 = DEFINITIONAL_REPRESENTATION('',(#3261),#3264);
#3261 = B_SPLINE_CURVE_WITH_KNOTS('',1,(#3262,#3263),.UNSPECIFIED.,.F.,
  .F.,(2,2),(0.643501108793,3.785093762383),.PIECEWISE_BEZIER_KNOTS.);
#3262 = CARTESIAN_POINT('',(-5.639684198386,-1.));
#3263 = CARTESIAN_POINT('',(-2.498091544797,-1.));
#3264 = ( GEOMETRIC_REPRESENTATION_CONTEXT(2) 
PARAMETRIC_REPRESENTATION_CONTEXT() REPRESENTATION_CONTEXT('2D SPACE',''
  ) );
#3265 = ADVANCED_FACE('',(#3266),#2032,.F.);
#3266 = FACE_BOUND('',#3267,.T.);
#3267 = EDGE_LOOP('',(#3268,#3269,#3292,#3319));
#3268 = ORIENTED_EDGE('',*,*,#1858,.F.);
#3269 = ORIENTED_EDGE('',*,*,#3270,.T.);
#3270 = EDGE_CURVE('',#1859,#3271,#3273,.T.);
#3271 = VERTEX_POINT('',#3272);
#3272 = CARTESIAN_POINT('',(-8.15,-26.5,9.));
#3273 = SEAM_CURVE('',#3274,(#3278,#3285),.PCURVE_S1.);
#3274 = LINE('',#3275,#3276);
#3275 = CARTESIAN_POINT('',(-8.15,-34.5,9.));
#3276 = VECTOR('',#3277,1.);
#3277 = DIRECTION('',(0.,1.,1.110223024625E-16));
#3278 = PCURVE('',#2032,#3279);
#3279 = DEFINITIONAL_REPRESENTATION('',(#3280),#3284);
#3280 = LINE('',#3281,#3282);
#3281 = CARTESIAN_POINT('',(-6.28318530718,0.));
#3282 = VECTOR('',#3283,1.);
#3283 = DIRECTION('',(-0.,-1.));
#3284 = ( GEOMETRIC_REPRESENTATION_CONTEXT(2) 
PARAMETRIC_REPRESENTATION_CONTEXT() REPRESENTATION_CONTEXT('2D SPACE',''
  ) );
#3285 = PCURVE('',#2032,#3286);
#3286 = DEFINITIONAL_REPRESENTATION('',(#3287),#3291);
#3287 = LINE('',#3288,#3289);
#3288 = CARTESIAN_POINT('',(-0.,0.));
#3289 = VECTOR('',#3290,1.);
#3290 = DIRECTION('',(-0.,-1.));
#3291 = ( GEOMETRIC_REPRESENTATION_CONTEXT(2) 
PARAMETRIC_REPRESENTATION_CONTEXT() REPRESENTATION_CONTEXT('2D SPACE',''
  ) );
#3292 = ORIENTED_EDGE('',*,*,#3293,.T.);
#3293 = EDGE_CURVE('',#3271,#3271,#3294,.T.);
#3294 = SURFACE_CURVE('',#3295,(#3300,#3307),.PCURVE_S1.);
#3295 = CIRCLE('',#3296,0.85);
#3296 = AXIS2_PLACEMENT_3D('',#3297,#3298,#3299);
#3297 = CARTESIAN_POINT('',(-9.,-26.5,9.));
#3298 = DIRECTION('',(-0.,1.,1.110223024625E-16));
#3299 = DIRECTION('',(1.,0.,0.));
#3300 = PCURVE('',#2032,#3301);
#3301 = DEFINITIONAL_REPRESENTATION('',(#3302),#3306);
#3302 = LINE('',#3303,#3304);
#3303 = CARTESIAN_POINT('',(-0.,-8.));
#3304 = VECTOR('',#3305,1.);
#3305 = DIRECTION('',(-1.,0.));
#3306 = ( GEOMETRIC_REPRESENTATION_CONTEXT(2) 
PARAMETRIC_REPRESENTATION_CONTEXT() REPRESENTATION_CONTEXT('2D SPACE',''
  ) );
#3307 = PCURVE('',#3308,#3313);
#3308 = PLANE('',#3309);
#3309 = AXIS2_PLACEMENT_3D('',#3310,#3311,#3312);
#3310 = CARTESIAN_POINT('',(-9.,-26.5,9.));
#3311 = DIRECTION('',(0.,1.,1.110223024625E-16));
#3312 = DIRECTION('',(1.,0.,0.));
#3313 = DEFINITIONAL_REPRESENTATION('',(#3314),#3318);
#3314 = CIRCLE('',#3315,0.85);
#3315 = AXIS2_PLACEMENT_2D('',#3316,#3317);
#3316 = CARTESIAN_POINT('',(0.,0.));
#3317 = DIRECTION('',(1.,0.));
#3318 = ( GEOMETRIC_REPRESENTATION_CONTEXT(2) 
PARAMETRIC_REPRESENTATION_CONTEXT() REPRESENTATION_CONTEXT('2D SPACE',''
  ) );
#3319 = ORIENTED_EDGE('',*,*,#3270,.F.);
#3320 = ADVANCED_FACE('',(#3321,#3665),#2285,.F.);
#3321 = FACE_BOUND('',#3322,.T.);
#3322 = EDGE_LOOP('',(#3323,#3350,#3558,#3584,#3663,#3664));
#3323 = ORIENTED_EDGE('',*,*,#3324,.F.);
#3324 = EDGE_CURVE('',#3325,#2245,#3327,.T.);
#3325 = VERTEX_POINT('',#3326);
#3326 = CARTESIAN_POINT('',(9.05,31.50100040032,13.5));
#3327 = SURFACE_CURVE('',#3328,(#3333,#3339),.PCURVE_S1.);
#3328 = CIRCLE('',#3329,1.25);
#3329 = AXIS2_PLACEMENT_3D('',#3330,#3331,#3332);
#3330 = CARTESIAN_POINT('',(9.,32.75,13.5));
#3331 = DIRECTION('',(0.,0.,-1.));
#3332 = DIRECTION('',(1.,0.,0.));
#3333 = PCURVE('',#2285,#3334);
#3334 = DEFINITIONAL_REPRESENTATION('',(#3335),#3338);
#3335 = B_SPLINE_CURVE_WITH_KNOTS('',1,(#3336,#3337),.UNSPECIFIED.,.F.,
  .F.,(2,2),(1.530785652441,3.785093762383),.PIECEWISE_BEZIER_KNOTS.);
#3336 = CARTESIAN_POINT('',(-4.752399654739,-7.9));
#3337 = CARTESIAN_POINT('',(-2.498091544797,-7.9));
#3338 = ( GEOMETRIC_REPRESENTATION_CONTEXT(2) 
PARAMETRIC_REPRESENTATION_CONTEXT() REPRESENTATION_CONTEXT('2D SPACE',''
  ) );
#3339 = PCURVE('',#2260,#3340);
#3340 = DEFINITIONAL_REPRESENTATION('',(#3341),#3349);
#3341 = ( BOUNDED_CURVE() B_SPLINE_CURVE(2,(#3342,#3343,#3344,#3345,
#3346,#3347,#3348),.UNSPECIFIED.,.T.,.F.) B_SPLINE_CURVE_WITH_KNOTS((1,2
    ,2,2,2,1),(-2.094395102393,0.,2.094395102393,4.188790204786,
6.28318530718,8.377580409573),.UNSPECIFIED.) CURVE() 
GEOMETRIC_REPRESENTATION_ITEM() RATIONAL_B_SPLINE_CURVE((1.,0.5,1.,0.5,
1.,0.5,1.)) REPRESENTATION_ITEM('') );
#3342 = CARTESIAN_POINT('',(21.75,66.25));
#3343 = CARTESIAN_POINT('',(21.75,64.084936490539));
#3344 = CARTESIAN_POINT('',(19.875,65.167468245269));
#3345 = CARTESIAN_POINT('',(18.,66.25));
#3346 = CARTESIAN_POINT('',(19.875,67.332531754731));
#3347 = CARTESIAN_POINT('',(21.75,68.415063509461));
#3348 = CARTESIAN_POINT('',(21.75,66.25));
#3349 = ( GEOMETRIC_REPRESENTATION_CONTEXT(2) 
PARAMETRIC_REPRESENTATION_CONTEXT() REPRESENTATION_CONTEXT('2D SPACE',''
  ) );
#3350 = ORIENTED_EDGE('',*,*,#3351,.T.);
#3351 = EDGE_CURVE('',#3325,#3352,#3354,.T.);
#3352 = VERTEX_POINT('',#3353);
#3353 = CARTESIAN_POINT('',(10.,33.5,10.349206449162));
#3354 = SURFACE_CURVE('',#3355,(#3407,#3480),.PCURVE_S1.);
#3355 = B_SPLINE_CURVE_WITH_KNOTS('',8,(#3356,#3357,#3358,#3359,#3360,
    #3361,#3362,#3363,#3364,#3365,#3366,#3367,#3368,#3369,#3370,#3371,
    #3372,#3373,#3374,#3375,#3376,#3377,#3378,#3379,#3380,#3381,#3382,
    #3383,#3384,#3385,#3386,#3387,#3388,#3389,#3390,#3391,#3392,#3393,
    #3394,#3395,#3396,#3397,#3398,#3399,#3400,#3401,#3402,#3403,#3404,
    #3405,#3406),.UNSPECIFIED.,.F.,.F.,(9,7,7,7,7,7,7,9),(0.,
    0.546952999885,0.667947513294,0.789690920274,0.854861377329,1.,
    1.152991159177,1.2228880235),.UNSPECIFIED.);
#3356 = CARTESIAN_POINT('',(9.05,31.50100040032,13.5));
#3357 = CARTESIAN_POINT('',(9.05,31.50100040032,13.198063422679));
#3358 = CARTESIAN_POINT('',(9.068278818194,31.501732383417,
    12.897712580242));
#3359 = CARTESIAN_POINT('',(9.104500617209,31.503181145288,
    12.598791220354));
#3360 = CARTESIAN_POINT('',(9.15871245145,31.506855015315,
    12.301240780464));
#3361 = CARTESIAN_POINT('',(9.231264114298,31.515616968141,
    12.005893841167));
#3362 = CARTESIAN_POINT('',(9.322138162827,31.534048444645,
    11.714654960657));
#3363 = CARTESIAN_POINT('',(9.430556778523,31.568659288249,
    11.430795235073));
#3364 = CARTESIAN_POINT('',(9.579339622044,31.641952964159,
    11.100295478679));
#3365 = CARTESIAN_POINT('',(9.606970807782,31.656484579391,
    11.041022142316));
#3366 = CARTESIAN_POINT('',(9.635233833871,31.672372381289,
    10.982421214456));
#3367 = CARTESIAN_POINT('',(9.664069779124,31.689722474958,
    10.924579677736));
#3368 = CARTESIAN_POINT('',(9.693407607915,31.708645722948,
    10.867593609883));
#3369 = CARTESIAN_POINT('',(9.723162712867,31.729257659914,
    10.811568077745));
#3370 = CARTESIAN_POINT('',(9.753235457552,31.751678407268,
    10.756617031314));
#3371 = CARTESIAN_POINT('',(9.813971362848,31.800537508207,
    10.648776655718));
#3372 = CARTESIAN_POINT('',(9.844661517683,31.827019790288,
    10.595858607934));
#3373 = CARTESIAN_POINT('',(9.875419141371,31.855577150841,
    10.544314983559));
#3374 = CARTESIAN_POINT('',(9.906067825054,31.886301786025,
    10.494344497507));
#3375 = CARTESIAN_POINT('',(9.936415271516,31.919277624092,
    10.446141855869));
#3376 = CARTESIAN_POINT('',(9.966252773361,31.95457757808,
    10.399900961349));
#3377 = CARTESIAN_POINT('',(9.995354691204,31.992260798508,
    10.355818118682));
#3378 = CARTESIAN_POINT('',(10.038532582392,32.053840741129,
    10.291760568022));
#3379 = CARTESIAN_POINT('',(10.053300529621,32.075997747715,
    10.270111479559));
#3380 = CARTESIAN_POINT('',(10.067737744341,32.098836242986,
    10.249188677197));
#3381 = CARTESIAN_POINT('',(10.081799997652,32.122348690034,
    10.229030924661));
#3382 = CARTESIAN_POINT('',(10.095443160291,32.146524689047,
    10.209675144914));
#3383 = CARTESIAN_POINT('',(10.108623501962,32.171350948465,
    10.191156518191));
#3384 = CARTESIAN_POINT('',(10.121297990678,32.196811256147,
    10.173508580033));
#3385 = CARTESIAN_POINT('',(10.160431280497,32.280957514755,
    10.1194705921));
#3386 = CARTESIAN_POINT('',(10.184737203027,32.342113846455,
    10.086631659831));
#3387 = CARTESIAN_POINT('',(10.205820285359,32.406040302197,
    10.0586830829));
#3388 = CARTESIAN_POINT('',(10.223212462307,32.47231938023,
    10.035969678758));
#3389 = CARTESIAN_POINT('',(10.236532140256,32.540446770569,
    10.018751293043));
#3390 = CARTESIAN_POINT('',(10.245508837146,32.609850471374,
    10.007205875844));
#3391 = CARTESIAN_POINT('',(10.25,32.679913471611,10.001428863093));
#3392 = CARTESIAN_POINT('',(10.25,32.823878468898,10.001428863093));
#3393 = CARTESIAN_POINT('',(10.245010078036,32.897721148077,
    10.007847515743));
#3394 = CARTESIAN_POINT('',(10.235037390529,32.970792576644,
    10.020673704162));
#3395 = CARTESIAN_POINT('',(10.220259398767,33.042370287523,
    10.039788130066));
#3396 = CARTESIAN_POINT('',(10.201008741102,33.111791286806,
    10.064972299276));
#3397 = CARTESIAN_POINT('',(10.177750058412,33.178484735969,
    10.095909950139));
#3398 = CARTESIAN_POINT('',(10.151048772842,33.241990836979,
    10.132180924844));
#3399 = CARTESIAN_POINT('',(10.108046449344,33.329366655591,
    10.192009506924));
#3400 = CARTESIAN_POINT('',(10.093968251031,33.356040881765,
    10.211779714448));
#3401 = CARTESIAN_POINT('',(10.079349202044,33.381969266337,
    10.232518185937));
#3402 = CARTESIAN_POINT('',(10.064242151467,33.407136133452,
    10.254183234156));
#3403 = CARTESIAN_POINT('',(10.048700437587,33.431529412225,
    10.276731277111));
#3404 = CARTESIAN_POINT('',(10.032777505179,33.455140585113,
    10.300116710245));
#3405 = CARTESIAN_POINT('',(10.016526522785,33.477964636286,
    10.324291778631));
#3406 = CARTESIAN_POINT('',(10.,33.5,10.349206449162));
#3407 = PCURVE('',#2285,#3408);
#3408 = DEFINITIONAL_REPRESENTATION('',(#3409),#3479);
#3409 = B_SPLINE_CURVE_WITH_KNOTS('',3,(#3410,#3411,#3412,#3413,#3414,
    #3415,#3416,#3417,#3418,#3419,#3420,#3421,#3422,#3423,#3424,#3425,
    #3426,#3427,#3428,#3429,#3430,#3431,#3432,#3433,#3434,#3435,#3436,
    #3437,#3438,#3439,#3440,#3441,#3442,#3443,#3444,#3445,#3446,#3447,
    #3448,#3449,#3450,#3451,#3452,#3453,#3454,#3455,#3456,#3457,#3458,
    #3459,#3460,#3461,#3462,#3463,#3464,#3465,#3466,#3467,#3468,#3469,
    #3470,#3471,#3472,#3473,#3474,#3475,#3476,#3477,#3478),
  .UNSPECIFIED.,.F.,.F.,(4,1,1,1,1,1,1,1,1,1,1,1,1,1,1,1,1,1,1,1,1,1,1,1
    ,1,1,1,1,1,1,1,1,1,1,1,1,1,1,1,1,1,1,1,1,1,1,1,1,1,1,1,1,1,1,1,1,1,1
    ,1,1,1,1,1,1,1,1,4),(0.,1.852860641667E-02,3.705721283333E-02,
    5.558581925E-02,7.411442566667E-02,9.264303208334E-02,0.1111716385,
    0.129700244917,0.148228851333,0.16675745775,0.185286064167,
    0.203814670583,0.222343277,0.240871883417,0.259400489833,
    0.27792909625,0.296457702667,0.314986309083,0.3335149155,
    0.352043521917,0.370572128333,0.38910073475,0.407629341167,
    0.426157947583,0.444686554,0.463215160417,0.481743766833,
    0.50027237325,0.518800979667,0.537329586083,0.5558581925,
    0.574386798917,0.592915405333,0.61144401175,0.629972618167,
    0.648501224583,0.667029831,0.685558437417,0.704087043833,
    0.72261565025,0.741144256667,0.759672863083,0.7782014695,
    0.796730075917,0.815258682333,0.83378728875,0.852315895167,
    0.870844501583,0.889373108,0.907901714417,0.926430320833,
    0.94495892725,0.963487533667,0.982016140083,1.0005447465,
    1.019073352917,1.037601959333,1.05613056575,1.074659172167,
    1.093187778583,1.111716385,1.130244991417,1.148773597833,
    1.16730220425,1.185830810667,1.204359417083,1.2228880235),
  .QUASI_UNIFORM_KNOTS.);
#3410 = CARTESIAN_POINT('',(-4.752399654739,-7.9));
#3411 = CARTESIAN_POINT('',(-4.752399718016,-7.872724258761));
#3412 = CARTESIAN_POINT('',(-4.752713104252,-7.818206597252));
#3413 = CARTESIAN_POINT('',(-4.754120673761,-7.736530194988));
#3414 = CARTESIAN_POINT('',(-4.756463151646,-7.654952269789));
#3415 = CARTESIAN_POINT('',(-4.759738981237,-7.573472048822));
#3416 = CARTESIAN_POINT('',(-4.763947251034,-7.492089562618));
#3417 = CARTESIAN_POINT('',(-4.769087771506,-7.41080588926));
#3418 = CARTESIAN_POINT('',(-4.775161032402,-7.329623306888));
#3419 = CARTESIAN_POINT('',(-4.782168196002,-7.248545456284));
#3420 = CARTESIAN_POINT('',(-4.790111085612,-7.167577488206));
#3421 = CARTESIAN_POINT('',(-4.798992181077,-7.08672620421));
#3422 = CARTESIAN_POINT('',(-4.808814618922,-7.006000190562));
#3423 = CARTESIAN_POINT('',(-4.819582198439,-6.925409947309));
#3424 = CARTESIAN_POINT('',(-4.831299393957,-6.844968013911));
#3425 = CARTESIAN_POINT('',(-4.843971373753,-6.764689093037));
#3426 = CARTESIAN_POINT('',(-4.857604025935,-6.684590174077));
#3427 = CARTESIAN_POINT('',(-4.872203991652,-6.604690657919));
#3428 = CARTESIAN_POINT('',(-4.887778705943,-6.525012484594));
#3429 = CARTESIAN_POINT('',(-4.904336446629,-6.445580265336));
#3430 = CARTESIAN_POINT('',(-4.921886391695,-6.366421420653));
#3431 = CARTESIAN_POINT('',(-4.940438685735,-6.28756632602));
#3432 = CARTESIAN_POINT('',(-4.960004516304,-6.209048466661));
#3433 = CARTESIAN_POINT('',(-4.980596200976,-6.130904603511));
#3434 = CARTESIAN_POINT('',(-5.002227287356,-6.053174950093));
#3435 = CARTESIAN_POINT('',(-5.02491266461,-5.975903368926));
#3436 = CARTESIAN_POINT('',(-5.048668700919,-5.89913756291));
#3437 = CARTESIAN_POINT('',(-5.07351336486,-5.822929360982));
#3438 = CARTESIAN_POINT('',(-5.099466502306,-5.747334735116));
#3439 = CARTESIAN_POINT('',(-5.12654964701,-5.672414910862));
#3440 = CARTESIAN_POINT('',(-5.154787708565,-5.59823349534));
#3441 = CARTESIAN_POINT('',(-5.184203818604,-5.524868574638));
#3442 = CARTESIAN_POINT('',(-5.214858837862,-5.452323074296));
#3443 = CARTESIAN_POINT('',(-5.246777668362,-5.380707869593));
#3444 = CARTESIAN_POINT('',(-5.27999049944,-5.310131047629));
#3445 = CARTESIAN_POINT('',(-5.314527858055,-5.240712770852));
#3446 = CARTESIAN_POINT('',(-5.350424665507,-5.172577800209));
#3447 = CARTESIAN_POINT('',(-5.387712463427,-5.10587017917));
#3448 = CARTESIAN_POINT('',(-5.426450784637,-5.040701614658));
#3449 = CARTESIAN_POINT('',(-5.466660703578,-4.977269067994));
#3450 = CARTESIAN_POINT('',(-5.508332320465,-4.915820448318));
#3451 = CARTESIAN_POINT('',(-5.551466115818,-4.856586084833));
#3452 = CARTESIAN_POINT('',(-5.596063694926,-4.799797674714));
#3453 = CARTESIAN_POINT('',(-5.642124808254,-4.745691144911));
#3454 = CARTESIAN_POINT('',(-5.689669801821,-4.694486810465));
#3455 = CARTESIAN_POINT('',(-5.738632802214,-4.646498681909));
#3456 = CARTESIAN_POINT('',(-5.788933783344,-4.602030785327));
#3457 = CARTESIAN_POINT('',(-5.840497947051,-4.561359956316));
#3458 = CARTESIAN_POINT('',(-5.89326626166,-4.524734437565));
#3459 = CARTESIAN_POINT('',(-5.947130331028,-4.492420363121));
#3460 = CARTESIAN_POINT('',(-6.00193662584,-4.464674518697));
#3461 = CARTESIAN_POINT('',(-6.057539567173,-4.441707291678));
#3462 = CARTESIAN_POINT('',(-6.113788195503,-4.423693307953));
#3463 = CARTESIAN_POINT('',(-6.170530517754,-4.410769263596));
#3464 = CARTESIAN_POINT('',(-6.227608646323,-4.403034713069));
#3465 = CARTESIAN_POINT('',(-6.284870506725,-4.400551901873));
#3466 = CARTESIAN_POINT('',(-6.342122403663,-4.403344529106));
#3467 = CARTESIAN_POINT('',(-6.39917910556,-4.411385054272));
#3468 = CARTESIAN_POINT('',(-6.455888944179,-4.424608658139));
#3469 = CARTESIAN_POINT('',(-6.512095763686,-4.442913505892));
#3470 = CARTESIAN_POINT('',(-6.567648881026,-4.46616124473));
#3471 = CARTESIAN_POINT('',(-6.6223999715,-4.494176893951));
#3472 = CARTESIAN_POINT('',(-6.676203418252,-4.526748046232));
#3473 = CARTESIAN_POINT('',(-6.728915509642,-4.563624547268));
#3474 = CARTESIAN_POINT('',(-6.780395028737,-4.604514066353));
#3475 = CARTESIAN_POINT('',(-6.830601829259,-4.649176751443));
#3476 = CARTESIAN_POINT('',(-6.879467750446,-4.697341725434));
#3477 = CARTESIAN_POINT('',(-6.911109811325,-4.731592975844));
#3478 = CARTESIAN_POINT('',(-6.926686415973,-4.749206449162));
#3479 = ( GEOMETRIC_REPRESENTATION_CONTEXT(2) 
PARAMETRIC_REPRESENTATION_CONTEXT() REPRESENTATION_CONTEXT('2D SPACE',''
  ) );
#3480 = PCURVE('',#3481,#3486);
#3481 = CYLINDRICAL_SURFACE('',#3482,5.7);
#3482 = AXIS2_PLACEMENT_3D('',#3483,#3484,#3485);
#3483 = CARTESIAN_POINT('',(14.75,22.5,13.5));
#3484 = DIRECTION('',(-0.,-1.,-1.110223024625E-16));
#3485 = DIRECTION('',(1.,0.,0.));
#3486 = DEFINITIONAL_REPRESENTATION('',(#3487),#3557);
#3487 = B_SPLINE_CURVE_WITH_KNOTS('',3,(#3488,#3489,#3490,#3491,#3492,
    #3493,#3494,#3495,#3496,#3497,#3498,#3499,#3500,#3501,#3502,#3503,
    #3504,#3505,#3506,#3507,#3508,#3509,#3510,#3511,#3512,#3513,#3514,
    #3515,#3516,#3517,#3518,#3519,#3520,#3521,#3522,#3523,#3524,#3525,
    #3526,#3527,#3528,#3529,#3530,#3531,#3532,#3533,#3534,#3535,#3536,
    #3537,#3538,#3539,#3540,#3541,#3542,#3543,#3544,#3545,#3546,#3547,
    #3548,#3549,#3550,#3551,#3552,#3553,#3554,#3555,#3556),
  .UNSPECIFIED.,.F.,.F.,(4,1,1,1,1,1,1,1,1,1,1,1,1,1,1,1,1,1,1,1,1,1,1,1
    ,1,1,1,1,1,1,1,1,1,1,1,1,1,1,1,1,1,1,1,1,1,1,1,1,1,1,1,1,1,1,1,1,1,1
    ,1,1,1,1,1,1,1,1,4),(0.,1.852860641667E-02,3.705721283333E-02,
    5.558581925E-02,7.411442566667E-02,9.264303208334E-02,0.1111716385,
    0.129700244917,0.148228851333,0.16675745775,0.185286064167,
    0.203814670583,0.222343277,0.240871883417,0.259400489833,
    0.27792909625,0.296457702667,0.314986309083,0.3335149155,
    0.352043521917,0.370572128333,0.38910073475,0.407629341167,
    0.426157947583,0.444686554,0.463215160417,0.481743766833,
    0.50027237325,0.518800979667,0.537329586083,0.5558581925,
    0.574386798917,0.592915405333,0.61144401175,0.629972618167,
    0.648501224583,0.667029831,0.685558437417,0.704087043833,
    0.72261565025,0.741144256667,0.759672863083,0.7782014695,
    0.796730075917,0.815258682333,0.83378728875,0.852315895167,
    0.870844501583,0.889373108,0.907901714417,0.926430320833,
    0.94495892725,0.963487533667,0.982016140083,1.0005447465,
    1.019073352917,1.037601959333,1.05613056575,1.074659172167,
    1.093187778583,1.111716385,1.130244991417,1.148773597833,
    1.16730220425,1.185830810667,1.204359417083,1.2228880235),
  .QUASI_UNIFORM_KNOTS.);
#3488 = CARTESIAN_POINT('',(-3.14159265359,-9.00100040032));
#3489 = CARTESIAN_POINT('',(-3.136807437062,-9.001000677235));
#3490 = CARTESIAN_POINT('',(-3.127242932664,-9.001015858772));
#3491 = CARTESIAN_POINT('',(-3.112910789312,-9.001087644427));
#3492 = CARTESIAN_POINT('',(-3.0985900399,-9.001212276673));
#3493 = CARTESIAN_POINT('',(-3.084277628132,-9.00139812819));
#3494 = CARTESIAN_POINT('',(-3.069970642029,-9.001656525488));
#3495 = CARTESIAN_POINT('',(-3.055666353906,-9.002002168103));
#3496 = CARTESIAN_POINT('',(-3.041362242604,-9.002453025297));
#3497 = CARTESIAN_POINT('',(-3.02705601892,-9.003030386209));
#3498 = CARTESIAN_POINT('',(-3.012745649076,-9.003758881186));
#3499 = CARTESIAN_POINT('',(-2.998429378087,-9.004666522136));
#3500 = CARTESIAN_POINT('',(-2.98410575298,-9.005784748214));
#3501 = CARTESIAN_POINT('',(-2.96977364636,-9.007148479733));
#3502 = CARTESIAN_POINT('',(-2.95543228067,-9.008796178915));
#3503 = CARTESIAN_POINT('',(-2.941081253553,-9.010769917345));
#3504 = CARTESIAN_POINT('',(-2.926720564717,-9.013115449787));
#3505 = CARTESIAN_POINT('',(-2.912350644745,-9.015882294199));
#3506 = CARTESIAN_POINT('',(-2.897972386283,-9.019123817873));
#3507 = CARTESIAN_POINT('',(-2.883587178084,-9.022897329716));
#3508 = CARTESIAN_POINT('',(-2.869196942404,-9.0272641788));
#3509 = CARTESIAN_POINT('',(-2.854804176268,-9.032289859381));
#3510 = CARTESIAN_POINT('',(-2.840411997136,-9.038044122759));
#3511 = CARTESIAN_POINT('',(-2.826024193645,-9.04460109624));
#3512 = CARTESIAN_POINT('',(-2.811645281667,-9.052039410274));
#3513 = CARTESIAN_POINT('',(-2.797280567705,-9.060442332322));
#3514 = CARTESIAN_POINT('',(-2.782936215173,-9.069897915866));
#3515 = CARTESIAN_POINT('',(-2.768619333402,-9.080499136664));
#3516 = CARTESIAN_POINT('',(-2.75433801874,-9.092344124304));
#3517 = CARTESIAN_POINT('',(-2.740101614902,-9.105536090227));
#3518 = CARTESIAN_POINT('',(-2.725920199319,-9.120184445597));
#3519 = CARTESIAN_POINT('',(-2.711807006178,-9.136401540965));
#3520 = CARTESIAN_POINT('',(-2.697761067524,-9.154326571686));
#3521 = CARTESIAN_POINT('',(-2.683802567381,-9.174084734391));
#3522 = CARTESIAN_POINT('',(-2.669951837231,-9.195807418625));
#3523 = CARTESIAN_POINT('',(-2.65623228482,-9.219629545579));
#3524 = CARTESIAN_POINT('',(-2.64266904137,-9.245691843175));
#3525 = CARTESIAN_POINT('',(-2.629292027247,-9.274134117198));
#3526 = CARTESIAN_POINT('',(-2.616125651176,-9.305119601898));
#3527 = CARTESIAN_POINT('',(-2.603212596705,-9.338782372731));
#3528 = CARTESIAN_POINT('',(-2.590607568718,-9.375224020877));
#3529 = CARTESIAN_POINT('',(-2.578363483204,-9.414544816081));
#3530 = CARTESIAN_POINT('',(-2.566535271245,-9.456835105194));
#3531 = CARTESIAN_POINT('',(-2.555180509848,-9.502169704414));
#3532 = CARTESIAN_POINT('',(-2.544355150645,-9.550629886656));
#3533 = CARTESIAN_POINT('',(-2.53413667492,-9.602189572083));
#3534 = CARTESIAN_POINT('',(-2.524602366328,-9.656777189818));
#3535 = CARTESIAN_POINT('',(-2.515825191998,-9.714295139415));
#3536 = CARTESIAN_POINT('',(-2.507872965199,-9.774632528672));
#3537 = CARTESIAN_POINT('',(-2.500817904561,-9.837590111266));
#3538 = CARTESIAN_POINT('',(-2.494730340751,-9.902879070957));
#3539 = CARTESIAN_POINT('',(-2.489669894548,-9.970184184837));
#3540 = CARTESIAN_POINT('',(-2.48568703895,-10.03915250625));
#3541 = CARTESIAN_POINT('',(-2.482821983522,-10.10940316452));
#3542 = CARTESIAN_POINT('',(-2.48110429708,-10.18052702171));
#3543 = CARTESIAN_POINT('',(-2.480552435989,-10.25210765153));
#3544 = CARTESIAN_POINT('',(-2.481173143516,-10.32366890844));
#3545 = CARTESIAN_POINT('',(-2.482958638511,-10.39474551896));
#3546 = CARTESIAN_POINT('',(-2.485889717033,-10.46492234383));
#3547 = CARTESIAN_POINT('',(-2.489936151127,-10.53379359103));
#3548 = CARTESIAN_POINT('',(-2.495057243942,-10.60098149123));
#3549 = CARTESIAN_POINT('',(-2.501202355513,-10.66613789011));
#3550 = CARTESIAN_POINT('',(-2.508311377008,-10.72894944491));
#3551 = CARTESIAN_POINT('',(-2.516315377569,-10.78914022074));
#3552 = CARTESIAN_POINT('',(-2.525136489005,-10.84647581799));
#3553 = CARTESIAN_POINT('',(-2.534708853059,-10.90087048184));
#3554 = CARTESIAN_POINT('',(-2.544960741553,-10.95223354497));
#3555 = CARTESIAN_POINT('',(-2.552199151687,-10.984425782));
#3556 = CARTESIAN_POINT('',(-2.555907110133,-11.));
#3557 = ( GEOMETRIC_REPRESENTATION_CONTEXT(2) 
PARAMETRIC_REPRESENTATION_CONTEXT() REPRESENTATION_CONTEXT('2D SPACE',''
  ) );
#3558 = ORIENTED_EDGE('',*,*,#3559,.T.);
#3559 = EDGE_CURVE('',#3352,#3560,#3562,.T.);
#3560 = VERTEX_POINT('',#3561);
#3561 = CARTESIAN_POINT('',(10.,33.5,6.6));
#3562 = SURFACE_CURVE('',#3563,(#3567,#3573),.PCURVE_S1.);
#3563 = LINE('',#3564,#3565);
#3564 = CARTESIAN_POINT('',(10.,33.5,5.6));
#3565 = VECTOR('',#3566,1.);
#3566 = DIRECTION('',(-0.,-0.,-1.));
#3567 = PCURVE('',#2285,#3568);
#3568 = DEFINITIONAL_REPRESENTATION('',(#3569),#3572);
#3569 = B_SPLINE_CURVE_WITH_KNOTS('',1,(#3570,#3571),.UNSPECIFIED.,.F.,
  .F.,(2,2),(-4.749206449162,-1.),.PIECEWISE_BEZIER_KNOTS.);
#3570 = CARTESIAN_POINT('',(-6.926686415973,-4.749206449162));
#3571 = CARTESIAN_POINT('',(-6.926686415973,-1.));
#3572 = ( GEOMETRIC_REPRESENTATION_CONTEXT(2) 
PARAMETRIC_REPRESENTATION_CONTEXT() REPRESENTATION_CONTEXT('2D SPACE',''
  ) );
#3573 = PCURVE('',#3574,#3579);
#3574 = PLANE('',#3575);
#3575 = AXIS2_PLACEMENT_3D('',#3576,#3577,#3578);
#3576 = CARTESIAN_POINT('',(-11.5,33.5,6.6));
#3577 = DIRECTION('',(0.,1.,0.));
#3578 = DIRECTION('',(0.,0.,1.));
#3579 = DEFINITIONAL_REPRESENTATION('',(#3580),#3583);
#3580 = B_SPLINE_CURVE_WITH_KNOTS('',1,(#3581,#3582),.UNSPECIFIED.,.F.,
  .F.,(2,2),(-8.59,-0.31),.PIECEWISE_BEZIER_KNOTS.);
#3581 = CARTESIAN_POINT('',(7.59,21.5));
#3582 = CARTESIAN_POINT('',(-0.69,21.5));
#3583 = ( GEOMETRIC_REPRESENTATION_CONTEXT(2) 
PARAMETRIC_REPRESENTATION_CONTEXT() REPRESENTATION_CONTEXT('2D SPACE',''
  ) );
#3584 = ORIENTED_EDGE('',*,*,#3585,.T.);
#3585 = EDGE_CURVE('',#3560,#3219,#3586,.T.);
#3586 = SURFACE_CURVE('',#3587,(#3605,#3634),.PCURVE_S1.);
#3587 = B_SPLINE_CURVE_WITH_KNOTS('',6,(#3588,#3589,#3590,#3591,#3592,
    #3593,#3594,#3595,#3596,#3597,#3598,#3599,#3600,#3601,#3602,#3603,
    #3604),.UNSPECIFIED.,.F.,.F.,(7,5,5,7),(0.,0.820214516995,
    1.178445495743,2.000001416904),.UNSPECIFIED.);
#3588 = CARTESIAN_POINT('',(10.,33.5,6.6));
#3589 = CARTESIAN_POINT('',(10.06774589707,33.40967213724,6.6));
#3590 = CARTESIAN_POINT('',(10.124829061455,33.313163167233,
    6.603671004416));
#3591 = CARTESIAN_POINT('',(10.170899031674,33.211926476174,
    6.608850106545));
#3592 = CARTESIAN_POINT('',(10.205804008264,33.107276415223,
    6.613864716375));
#3593 = CARTESIAN_POINT('',(10.229470891504,33.000412725189,
    6.617603104162));
#3594 = CARTESIAN_POINT('',(10.247263070257,32.845324246795,
    6.62050988258));
#3595 = CARTESIAN_POINT('',(10.250518696078,32.797978798669,
    6.621066127655));
#3596 = CARTESIAN_POINT('',(10.251617782418,32.750532458657,
    6.621258047802));
#3597 = CARTESIAN_POINT('',(10.25055906886,32.703085272612,6.62107313085
    ));
#3598 = CARTESIAN_POINT('',(10.247343713517,32.655737639946,
    6.620523469775));
#3599 = CARTESIAN_POINT('',(10.229663920348,32.500460290868,
    6.617633612499));
#3600 = CARTESIAN_POINT('',(10.206031935641,32.393407539874,
    6.613897472825));
#3601 = CARTESIAN_POINT('',(10.171124752896,32.288569776837,
    6.608875516279));
#3602 = CARTESIAN_POINT('',(10.125015573169,32.187152236857,
    6.603683006836));
#3603 = CARTESIAN_POINT('',(10.067856601085,32.090475468114,6.6));
#3604 = CARTESIAN_POINT('',(10.,32.,6.6));
#3605 = PCURVE('',#2285,#3606);
#3606 = DEFINITIONAL_REPRESENTATION('',(#3607),#3633);
#3607 = B_SPLINE_CURVE_WITH_KNOTS('',3,(#3608,#3609,#3610,#3611,#3612,
    #3613,#3614,#3615,#3616,#3617,#3618,#3619,#3620,#3621,#3622,#3623,
    #3624,#3625,#3626,#3627,#3628,#3629,#3630,#3631,#3632),
  .UNSPECIFIED.,.F.,.F.,(4,1,1,1,1,1,1,1,1,1,1,1,1,1,1,1,1,1,1,1,1,1,4),
  (0.,9.09091553138E-02,0.181818310628,0.272727465941,0.363636621255,
    0.454545776569,0.545454931883,0.636364087197,0.72727324251,
    0.818182397824,0.909091553138,1.000000708452,1.090909863766,
    1.181819019079,1.272728174393,1.363637329707,1.454546485021,
    1.545455640335,1.636364795648,1.727273950962,1.818183106276,
    1.90909226159,2.000001416904),.QUASI_UNIFORM_KNOTS.);
#3608 = CARTESIAN_POINT('',(-6.926686415973,-1.));
#3609 = CARTESIAN_POINT('',(-6.906663236963,-1.00000230861));
#3610 = CARTESIAN_POINT('',(-6.866759850028,-1.000449150735));
#3611 = CARTESIAN_POINT('',(-6.807295358812,-1.002136525158));
#3612 = CARTESIAN_POINT('',(-6.748183367239,-1.004520364629));
#3613 = CARTESIAN_POINT('',(-6.689384964928,-1.007318812415));
#3614 = CARTESIAN_POINT('',(-6.630860699912,-1.010276675653));
#3615 = CARTESIAN_POINT('',(-6.572570478953,-1.01316998011));
#3616 = CARTESIAN_POINT('',(-6.514473331597,-1.015806132226));
#3617 = CARTESIAN_POINT('',(-6.45652776544,-1.018025302621));
#3618 = CARTESIAN_POINT('',(-6.39868957138,-1.019701647329));
#3619 = CARTESIAN_POINT('',(-6.340918950016,-1.02074428759));
#3620 = CARTESIAN_POINT('',(-6.283184854621,-1.021097940489));
#3621 = CARTESIAN_POINT('',(-6.225450769391,-1.02074427173));
#3622 = CARTESIAN_POINT('',(-6.167680123479,-1.0197015808));
#3623 = CARTESIAN_POINT('',(-6.109842077433,-1.018025265959));
#3624 = CARTESIAN_POINT('',(-6.051896605421,-1.015806095296));
#3625 = CARTESIAN_POINT('',(-5.993799563626,-1.013169949794));
#3626 = CARTESIAN_POINT('',(-5.935509444236,-1.010276651094));
#3627 = CARTESIAN_POINT('',(-5.876985281037,-1.007318794549));
#3628 = CARTESIAN_POINT('',(-5.818186978374,-1.004520352996));
#3629 = CARTESIAN_POINT('',(-5.759075082871,-1.002136518985));
#3630 = CARTESIAN_POINT('',(-5.699610682184,-1.000449149111));
#3631 = CARTESIAN_POINT('',(-5.659707350962,-1.000002308449));
#3632 = CARTESIAN_POINT('',(-5.639684198386,-1.));
#3633 = ( GEOMETRIC_REPRESENTATION_CONTEXT(2) 
PARAMETRIC_REPRESENTATION_CONTEXT() REPRESENTATION_CONTEXT('2D SPACE',''
  ) );
#3634 = PCURVE('',#3061,#3635);
#3635 = DEFINITIONAL_REPRESENTATION('',(#3636),#3662);
#3636 = B_SPLINE_CURVE_WITH_KNOTS('',3,(#3637,#3638,#3639,#3640,#3641,
    #3642,#3643,#3644,#3645,#3646,#3647,#3648,#3649,#3650,#3651,#3652,
    #3653,#3654,#3655,#3656,#3657,#3658,#3659,#3660,#3661),
  .UNSPECIFIED.,.F.,.F.,(4,1,1,1,1,1,1,1,1,1,1,1,1,1,1,1,1,1,1,1,1,1,4),
  (0.,9.09091553138E-02,0.181818310628,0.272727465941,0.363636621255,
    0.454545776569,0.545454931883,0.636364087197,0.72727324251,
    0.818182397824,0.909091553138,1.000000708452,1.090909863766,
    1.181819019079,1.272728174393,1.363637329707,1.454546485021,
    1.545455640335,1.636364795648,1.727273950962,1.818183106276,
    1.90909226159,2.000001416904),.QUASI_UNIFORM_KNOTS.);
#3637 = CARTESIAN_POINT('',(1.570796326795,67.));
#3638 = CARTESIAN_POINT('',(1.56078515828,66.979976275222));
#3639 = CARTESIAN_POINT('',(1.541634520851,66.939171781388));
#3640 = CARTESIAN_POINT('',(1.515543221657,66.875919752305));
#3641 = CARTESIAN_POINT('',(1.492104680329,66.810851014326));
#3642 = CARTESIAN_POINT('',(1.471342098072,66.744184574627));
#3643 = CARTESIAN_POINT('',(1.453279946263,66.676133620082));
#3644 = CARTESIAN_POINT('',(1.437943103793,66.606905062383));
#3645 = CARTESIAN_POINT('',(1.425355373986,66.536700043718));
#3646 = CARTESIAN_POINT('',(1.41553845443,66.465714999391));
#3647 = CARTESIAN_POINT('',(1.408510728857,66.394139724486));
#3648 = CARTESIAN_POINT('',(1.404287417902,66.322167059751));
#3649 = CARTESIAN_POINT('',(1.402878651547,66.249999434076));
#3650 = CARTESIAN_POINT('',(1.404287463215,66.17783182246));
#3651 = CARTESIAN_POINT('',(1.408510840528,66.105859136199));
#3652 = CARTESIAN_POINT('',(1.415538574032,66.034284052111));
#3653 = CARTESIAN_POINT('',(1.425355509925,65.96329913322));
#3654 = CARTESIAN_POINT('',(1.437943243892,65.893094253442));
#3655 = CARTESIAN_POINT('',(1.453280082638,65.823865828007));
#3656 = CARTESIAN_POINT('',(1.471342221507,65.755815003081));
#3657 = CARTESIAN_POINT('',(1.492104782524,65.689148686303));
#3658 = CARTESIAN_POINT('',(1.51554329523,65.624080061939));
#3659 = CARTESIAN_POINT('',(1.541634559858,65.560828134111));
#3660 = CARTESIAN_POINT('',(1.560785171538,65.520023698405));
#3661 = CARTESIAN_POINT('',(1.570796326795,65.5));
#3662 = ( GEOMETRIC_REPRESENTATION_CONTEXT(2) 
PARAMETRIC_REPRESENTATION_CONTEXT() REPRESENTATION_CONTEXT('2D SPACE',''
  ) );
#3663 = ORIENTED_EDGE('',*,*,#3241,.T.);
#3664 = ORIENTED_EDGE('',*,*,#2272,.F.);
#3665 = FACE_BOUND('',#3666,.T.);
#3666 = EDGE_LOOP('',(#3667));
#3667 = ORIENTED_EDGE('',*,*,#3668,.F.);
#3668 = EDGE_CURVE('',#3669,#3669,#3671,.T.);
#3669 = VERTEX_POINT('',#3670);
#3670 = CARTESIAN_POINT('',(9.85,31.833484861009,9.));
#3671 = SURFACE_CURVE('',#3672,(#3755,#3841),.PCURVE_S1.);
#3672 = B_SPLINE_CURVE_WITH_KNOTS('',6,(#3673,#3674,#3675,#3676,#3677,
    #3678,#3679,#3680,#3681,#3682,#3683,#3684,#3685,#3686,#3687,#3688,
    #3689,#3690,#3691,#3692,#3693,#3694,#3695,#3696,#3697,#3698,#3699,
    #3700,#3701,#3702,#3703,#3704,#3705,#3706,#3707,#3708,#3709,#3710,
    #3711,#3712,#3713,#3714,#3715,#3716,#3717,#3718,#3719,#3720,#3721,
    #3722,#3723,#3724,#3725,#3726,#3727,#3728,#3729,#3730,#3731,#3732,
    #3733,#3734,#3735,#3736,#3737,#3738,#3739,#3740,#3741,#3742,#3743,
    #3744,#3745,#3746,#3747,#3748,#3749,#3750,#3751,#3752,#3753,#3754),
  .UNSPECIFIED.,.T.,.F.,(7,5,5,5,5,5,5,5,5,5,5,5,5,5,5,5,7),(0.,
    5.028941794834E-02,0.11235817207,0.183009392599,0.24985165319,
    0.316695830733,0.387160794751,0.449626773555,0.499700282878,
    0.531664523417,0.612067468331,0.682826381656,0.749770529091,
    0.816716596401,0.887288969303,0.949850164237,1.),.UNSPECIFIED.);
#3673 = CARTESIAN_POINT('',(9.85,31.833484861009,9.));
#3674 = CARTESIAN_POINT('',(9.85,31.833484861009,8.954972600679));
#3675 = CARTESIAN_POINT('',(9.847137705111,31.830830323326,
    8.910061061531));
#3676 = CARTESIAN_POINT('',(9.841440665584,31.825546607211,
    8.865504576079));
#3677 = CARTESIAN_POINT('',(9.83296563683,31.817811656076,8.821554478445
    ));
#3678 = CARTESIAN_POINT('',(9.82181073945,31.80795665739,8.778506652176)
  );
#3679 = CARTESIAN_POINT('',(9.791390267525,31.782174240262,
    8.685127316788));
#3680 = CARTESIAN_POINT('',(9.770799552754,31.765333500003,
    8.635336743914));
#3681 = CARTESIAN_POINT('',(9.746623679776,31.746539950426,
    8.587461780596));
#3682 = CARTESIAN_POINT('',(9.719009791279,31.726452629066,
    8.541666734335));
#3683 = CARTESIAN_POINT('',(9.68810403105,31.705676840388,8.498145724784
    ));
#3684 = CARTESIAN_POINT('',(9.615260418856,31.660952196989,
    8.410389432246));
#3685 = CARTESIAN_POINT('',(9.572278037692,31.636893948073,
    8.366755152249));
#3686 = CARTESIAN_POINT('',(9.525260301169,31.613405838527,
    8.326564965941));
#3687 = CARTESIAN_POINT('',(9.474381441171,31.591233191264,
    8.290217092703));
#3688 = CARTESIAN_POINT('',(9.419845586795,31.571062755344,
    8.258158294828));
#3689 = CARTESIAN_POINT('',(9.307102512245,31.53695958822,8.20510543099)
  );
#3690 = CARTESIAN_POINT('',(9.249156876449,31.522720444136,
    8.183563419305));
#3691 = CARTESIAN_POINT('',(9.188712415835,31.511515288757,
    8.166934793527));
#3692 = CARTESIAN_POINT('',(9.126508554884,31.503851195033,
    8.155663374279));
#3693 = CARTESIAN_POINT('',(9.063336953054,31.5,8.15));
#3694 = CARTESIAN_POINT('',(8.936661230521,31.5,8.15));
#3695 = CARTESIAN_POINT('',(8.873490320369,31.503851418681,
    8.155663698047));
#3696 = CARTESIAN_POINT('',(8.811288306155,31.511515372583,
    8.166934928406));
#3697 = CARTESIAN_POINT('',(8.750845457922,31.522720034699,
    8.183562826408));
#3698 = CARTESIAN_POINT('',(8.692899912871,31.536958854657,
    8.205104289817));
#3699 = CARTESIAN_POINT('',(8.58030624195,31.571016829321,8.258086849643
    ));
#3700 = CARTESIAN_POINT('',(8.525905043857,31.591127306983,
    8.290048799897));
#3701 = CARTESIAN_POINT('',(8.475141284797,31.613230953308,
    8.326278326169));
#3702 = CARTESIAN_POINT('',(8.428217279821,31.636646657852,
    8.366332115353));
#3703 = CARTESIAN_POINT('',(8.385305765186,31.66063547423,8.409815126358
    ));
#3704 = CARTESIAN_POINT('',(8.312241373587,31.705437830161,
    8.497635652681));
#3705 = CARTESIAN_POINT('',(8.281107431542,31.726355504033,
    8.541418720641));
#3706 = CARTESIAN_POINT('',(8.253307200134,31.746579356774,
    8.587506258151));
#3707 = CARTESIAN_POINT('',(8.228989793716,31.765492309364,
    8.635699984994));
#3708 = CARTESIAN_POINT('',(8.208305013067,31.782422070558,
    8.685832259263));
#3709 = CARTESIAN_POINT('',(8.177953059675,31.808165402304,
    8.779420726503));
#3710 = CARTESIAN_POINT('',(8.166890824392,31.817942655925,
    8.822300506849));
#3711 = CARTESIAN_POINT('',(8.15848683706,31.825613846383,8.866072166586
    ));
#3712 = CARTESIAN_POINT('',(8.152837913983,31.830852933912,
    8.910443195453));
#3713 = CARTESIAN_POINT('',(8.15,31.833484861009,8.955164783754));
#3714 = CARTESIAN_POINT('',(8.15,31.833484861009,9.028620395416));
#3715 = CARTESIAN_POINT('',(8.151156427636,31.832412509835,
    9.057225233609));
#3716 = CARTESIAN_POINT('',(8.153466866057,31.830269325515,9.08573997556
    ));
#3717 = CARTESIAN_POINT('',(8.156920783687,31.827086860329,
    9.114084192622));
#3718 = CARTESIAN_POINT('',(8.161496160094,31.822924534119,
    9.142172394138));
#3719 = CARTESIAN_POINT('',(8.181393171185,31.805146907544,
    9.239698323075));
#3720 = CARTESIAN_POINT('',(8.20241095272,31.786837181624,9.306895152161
    ));
#3721 = CARTESIAN_POINT('',(8.229710165854,31.764193361414,
    9.371275934431));
#3722 = CARTESIAN_POINT('',(8.262999436793,31.73870997516,9.432427923544
    ));
#3723 = CARTESIAN_POINT('',(8.301900376624,31.711813950957,9.48981236656
    ));
#3724 = CARTESIAN_POINT('',(8.384739581144,31.660952196989,
    9.589610567754));
#3725 = CARTESIAN_POINT('',(8.427721962308,31.636893948073,
    9.633244847751));
#3726 = CARTESIAN_POINT('',(8.474739698831,31.613405838527,
    9.673435034059));
#3727 = CARTESIAN_POINT('',(8.525618558829,31.591233191264,
    9.709782907297));
#3728 = CARTESIAN_POINT('',(8.580154413205,31.571062755344,
    9.741841705172));
#3729 = CARTESIAN_POINT('',(8.692897487755,31.53695958822,9.79489456901)
  );
#3730 = CARTESIAN_POINT('',(8.750843123551,31.522720444136,
    9.816436580695));
#3731 = CARTESIAN_POINT('',(8.811287584165,31.511515288757,
    9.833065206473));
#3732 = CARTESIAN_POINT('',(8.873491445116,31.503851195033,
    9.844336625721));
#3733 = CARTESIAN_POINT('',(8.936663046946,31.5,9.85));
#3734 = CARTESIAN_POINT('',(9.063338769478,31.5,9.85));
#3735 = CARTESIAN_POINT('',(9.126509679632,31.50385141868,9.844336301953
    ));
#3736 = CARTESIAN_POINT('',(9.188711693846,31.511515372583,
    9.833065071594));
#3737 = CARTESIAN_POINT('',(9.249154542078,31.522720034699,
    9.816437173592));
#3738 = CARTESIAN_POINT('',(9.307100087129,31.536958854657,
    9.794895710183));
#3739 = CARTESIAN_POINT('',(9.41969375805,31.571016829321,9.741913150357
    ));
#3740 = CARTESIAN_POINT('',(9.474094956143,31.591127306983,
    9.709951200103));
#3741 = CARTESIAN_POINT('',(9.524858715203,31.613230953308,
    9.673721673831));
#3742 = CARTESIAN_POINT('',(9.571782720179,31.636646657852,
    9.633667884647));
#3743 = CARTESIAN_POINT('',(9.614694234814,31.66063547423,9.590184873642
    ));
#3744 = CARTESIAN_POINT('',(9.687758626413,31.705437830161,
    9.502364347319));
#3745 = CARTESIAN_POINT('',(9.718892568458,31.726355504033,
    9.458581279359));
#3746 = CARTESIAN_POINT('',(9.746692799866,31.746579356774,
    9.412493741849));
#3747 = CARTESIAN_POINT('',(9.771010206284,31.765492309364,
    9.364300015006));
#3748 = CARTESIAN_POINT('',(9.791694986933,31.782422070558,
    9.314167740737));
#3749 = CARTESIAN_POINT('',(9.822046940326,31.808165402304,
    9.220579273497));
#3750 = CARTESIAN_POINT('',(9.833109175608,31.817942655925,
    9.177699493152));
#3751 = CARTESIAN_POINT('',(9.84151316294,31.825613846383,9.133927833413
    ));
#3752 = CARTESIAN_POINT('',(9.847162086017,31.830852933912,
    9.089556804548));
#3753 = CARTESIAN_POINT('',(9.85,31.833484861009,9.044835216245));
#3754 = CARTESIAN_POINT('',(9.85,31.833484861009,9.));
#3755 = PCURVE('',#2285,#3756);
#3756 = DEFINITIONAL_REPRESENTATION('',(#3757),#3840);
#3757 = B_SPLINE_CURVE_WITH_KNOTS('',6,(#3758,#3759,#3760,#3761,#3762,
    #3763,#3764,#3765,#3766,#3767,#3768,#3769,#3770,#3771,#3772,#3773,
    #3774,#3775,#3776,#3777,#3778,#3779,#3780,#3781,#3782,#3783,#3784,
    #3785,#3786,#3787,#3788,#3789,#3790,#3791,#3792,#3793,#3794,#3795,
    #3796,#3797,#3798,#3799,#3800,#3801,#3802,#3803,#3804,#3805,#3806,
    #3807,#3808,#3809,#3810,#3811,#3812,#3813,#3814,#3815,#3816,#3817,
    #3818,#3819,#3820,#3821,#3822,#3823,#3824,#3825,#3826,#3827,#3828,
    #3829,#3830,#3831,#3832,#3833,#3834,#3835,#3836,#3837,#3838,#3839),
  .UNSPECIFIED.,.T.,.F.,(7,5,5,5,5,5,5,5,5,5,5,5,5,5,5,5,7),(0.,
    5.028941794834E-02,0.11235817207,0.183009392599,0.24985165319,
    0.316695830733,0.387160794751,0.449626773555,0.499700282878,
    0.531664523417,0.612067468331,0.682826381656,0.749770529091,
    0.816716596401,0.887288969303,0.949850164237,1.),.UNSPECIFIED.);
#3758 = CARTESIAN_POINT('',(-5.460151615045,-3.4));
#3759 = CARTESIAN_POINT('',(-5.460151615045,-3.354972600679));
#3760 = CARTESIAN_POINT('',(-5.457028648269,-3.310061061531));
#3761 = CARTESIAN_POINT('',(-5.450812420914,-3.265504576079));
#3762 = CARTESIAN_POINT('',(-5.441633845243,-3.221554478445));
#3763 = CARTESIAN_POINT('',(-5.429728684105,-3.178506652176));
#3764 = CARTESIAN_POINT('',(-5.397827455087,-3.085127316788));
#3765 = CARTESIAN_POINT('',(-5.376550276089,-3.035336743914));
#3766 = CARTESIAN_POINT('',(-5.352065276805,-2.987461780596));
#3767 = CARTESIAN_POINT('',(-5.324772478289,-2.941666734335));
#3768 = CARTESIAN_POINT('',(-5.295005932345,-2.898145724784));
#3769 = CARTESIAN_POINT('',(-5.226623546007,-2.810389432246));
#3770 = CARTESIAN_POINT('',(-5.187249669016,-2.766755152249));
#3771 = CARTESIAN_POINT('',(-5.145276943653,-2.726564965941));
#3772 = CARTESIAN_POINT('',(-5.100977025804,-2.690217092703));
#3773 = CARTESIAN_POINT('',(-5.054545114006,-2.658158294828));
#3774 = CARTESIAN_POINT('',(-4.960314666725,-2.60510543099));
#3775 = CARTESIAN_POINT('',(-4.912645478776,-2.583563419305));
#3776 = CARTESIAN_POINT('',(-4.863592856981,-2.566934793527));
#3777 = CARTESIAN_POINT('',(-4.813595882539,-2.555663374279));
#3778 = CARTESIAN_POINT('',(-4.763058542828,-2.55));
#3779 = CARTESIAN_POINT('',(-4.661717964801,-2.55));
#3780 = CARTESIAN_POINT('',(-4.611181176724,-2.555663698047));
#3781 = CARTESIAN_POINT('',(-4.561185664604,-2.566934928406));
#3782 = CARTESIAN_POINT('',(-4.512134361694,-2.583562826408));
#3783 = CARTESIAN_POINT('',(-4.464465320951,-2.605104289817));
#3784 = CARTESIAN_POINT('',(-4.370359744939,-2.658086849643));
#3785 = CARTESIAN_POINT('',(-4.324044829088,-2.690048799897));
#3786 = CARTESIAN_POINT('',(-4.27985063816,-2.726278326169));
#3787 = CARTESIAN_POINT('',(-4.237970407941,-2.766332115353));
#3788 = CARTESIAN_POINT('',(-4.198672993672,-2.809815126358));
#3789 = CARTESIAN_POINT('',(-4.130107549702,-2.897635652681));
#3790 = CARTESIAN_POINT('',(-4.100126759303,-2.941418720641));
#3791 = CARTESIAN_POINT('',(-4.072649686618,-2.987506258151));
#3792 = CARTESIAN_POINT('',(-4.048016847891,-3.035699984994));
#3793 = CARTESIAN_POINT('',(-4.026636349724,-3.085832259263));
#3794 = CARTESIAN_POINT('',(-3.994797151703,-3.179420726503));
#3795 = CARTESIAN_POINT('',(-3.982988665131,-3.222300506849));
#3796 = CARTESIAN_POINT('',(-3.973886432806,-3.266072166586));
#3797 = CARTESIAN_POINT('',(-3.967722712368,-3.310443195453));
#3798 = CARTESIAN_POINT('',(-3.964626345725,-3.355164783754));
#3799 = CARTESIAN_POINT('',(-3.964626345725,-3.428620395416));
#3800 = CARTESIAN_POINT('',(-3.965888018503,-3.457225233609));
#3801 = CARTESIAN_POINT('',(-3.968409178999,-3.48573997556));
#3802 = CARTESIAN_POINT('',(-3.972166359783,-3.514084192622));
#3803 = CARTESIAN_POINT('',(-3.977114482368,-3.542172394138));
#3804 = CARTESIAN_POINT('',(-3.998460171312,-3.639698323075));
#3805 = CARTESIAN_POINT('',(-4.020758023267,-3.706895152161));
#3806 = CARTESIAN_POINT('',(-4.049120242778,-3.771275934431));
#3807 = CARTESIAN_POINT('',(-4.082609511344,-3.832427923544));
#3808 = CARTESIAN_POINT('',(-4.120388605012,-3.88981236656));
#3809 = CARTESIAN_POINT('',(-4.198154414763,-3.989610567754));
#3810 = CARTESIAN_POINT('',(-4.237528291754,-4.033244847751));
#3811 = CARTESIAN_POINT('',(-4.279501017117,-4.073435034059));
#3812 = CARTESIAN_POINT('',(-4.323800934965,-4.109782907297));
#3813 = CARTESIAN_POINT('',(-4.370232846763,-4.141841705172));
#3814 = CARTESIAN_POINT('',(-4.464463294045,-4.19489456901));
#3815 = CARTESIAN_POINT('',(-4.512132481993,-4.216436580695));
#3816 = CARTESIAN_POINT('',(-4.561185103788,-4.233065206473));
#3817 = CARTESIAN_POINT('',(-4.61118207823,-4.244336625721));
#3818 = CARTESIAN_POINT('',(-4.661719417941,-4.25));
#3819 = CARTESIAN_POINT('',(-4.763059995967,-4.25));
#3820 = CARTESIAN_POINT('',(-4.813596784045,-4.244336301953));
#3821 = CARTESIAN_POINT('',(-4.863592296166,-4.233065071594));
#3822 = CARTESIAN_POINT('',(-4.912643599076,-4.216437173592));
#3823 = CARTESIAN_POINT('',(-4.960312639817,-4.194895710183));
#3824 = CARTESIAN_POINT('',(-5.05441821583,-4.141913150357));
#3825 = CARTESIAN_POINT('',(-5.100733131681,-4.109951200103));
#3826 = CARTESIAN_POINT('',(-5.144927322609,-4.073721673831));
#3827 = CARTESIAN_POINT('',(-5.186807552828,-4.033667884647));
#3828 = CARTESIAN_POINT('',(-5.226104967098,-3.990184873642));
#3829 = CARTESIAN_POINT('',(-5.294670411067,-3.902364347319));
#3830 = CARTESIAN_POINT('',(-5.324651201466,-3.858581279359));
#3831 = CARTESIAN_POINT('',(-5.352128274151,-3.812493741849));
#3832 = CARTESIAN_POINT('',(-5.376761112879,-3.764300015006));
#3833 = CARTESIAN_POINT('',(-5.398141611045,-3.714167740737));
#3834 = CARTESIAN_POINT('',(-5.429980809066,-3.620579273497));
#3835 = CARTESIAN_POINT('',(-5.441789295638,-3.577699493152));
#3836 = CARTESIAN_POINT('',(-5.450891527963,-3.533927833413));
#3837 = CARTESIAN_POINT('',(-5.457055248401,-3.489556804548));
#3838 = CARTESIAN_POINT('',(-5.460151615045,-3.444835216245));
#3839 = CARTESIAN_POINT('',(-5.460151615045,-3.4));
#3840 = ( GEOMETRIC_REPRESENTATION_CONTEXT(2) 
PARAMETRIC_REPRESENTATION_CONTEXT() REPRESENTATION_CONTEXT('2D SPACE',''
  ) );
#3841 = PCURVE('',#3842,#3847);
#3842 = CYLINDRICAL_SURFACE('',#3843,0.85);
#3843 = AXIS2_PLACEMENT_3D('',#3844,#3845,#3846);
#3844 = CARTESIAN_POINT('',(9.,26.5,9.));
#3845 = DIRECTION('',(-0.,-1.,-1.110223024625E-16));
#3846 = DIRECTION('',(1.,0.,0.));
#3847 = DEFINITIONAL_REPRESENTATION('',(#3848),#3931);
#3848 = B_SPLINE_CURVE_WITH_KNOTS('',6,(#3849,#3850,#3851,#3852,#3853,
    #3854,#3855,#3856,#3857,#3858,#3859,#3860,#3861,#3862,#3863,#3864,
    #3865,#3866,#3867,#3868,#3869,#3870,#3871,#3872,#3873,#3874,#3875,
    #3876,#3877,#3878,#3879,#3880,#3881,#3882,#3883,#3884,#3885,#3886,
    #3887,#3888,#3889,#3890,#3891,#3892,#3893,#3894,#3895,#3896,#3897,
    #3898,#3899,#3900,#3901,#3902,#3903,#3904,#3905,#3906,#3907,#3908,
    #3909,#3910,#3911,#3912,#3913,#3914,#3915,#3916,#3917,#3918,#3919,
    #3920,#3921,#3922,#3923,#3924,#3925,#3926,#3927,#3928,#3929,#3930),
  .UNSPECIFIED.,.F.,.F.,(7,5,5,5,5,5,5,5,5,5,5,5,5,5,5,5,7),(0.,
    5.028941794834E-02,0.11235817207,0.183009392599,0.24985165319,
    0.316695830733,0.387160794751,0.449626773555,0.499700282878,
    0.531664523417,0.612067468331,0.682826381656,0.749770529091,
    0.816716596401,0.887288969303,0.949850164237,1.),.UNSPECIFIED.);
#3849 = CARTESIAN_POINT('',(0.,-5.333484861009));
#3850 = CARTESIAN_POINT('',(-5.297341096558E-02,-5.333484861009));
#3851 = CARTESIAN_POINT('',(-0.105810431323,-5.330830323326));
#3852 = CARTESIAN_POINT('',(-0.158497813977,-5.325546607211));
#3853 = CARTESIAN_POINT('',(-0.210998544182,-5.317811656076));
#3854 = CARTESIAN_POINT('',(-0.26321714076,-5.30795665739));
#3855 = CARTESIAN_POINT('',(-0.378757725997,-5.282174240262));
#3856 = CARTESIAN_POINT('',(-0.441957543881,-5.265333500003));
#3857 = CARTESIAN_POINT('',(-0.504788405882,-5.246539950426));
#3858 = CARTESIAN_POINT('',(-0.567437658822,-5.226452629066));
#3859 = CARTESIAN_POINT('',(-0.630057766812,-5.205676840388));
#3860 = CARTESIAN_POINT('',(-0.764234011583,-5.160952196989));
#3861 = CARTESIAN_POINT('',(-0.836030796412,-5.136893948073));
#3862 = CARTESIAN_POINT('',(-0.908398882197,-5.113405838527));
#3863 = CARTESIAN_POINT('',(-0.981535001776,-5.091233191264));
#3864 = CARTESIAN_POINT('',(-1.055647697517,-5.071062755344));
#3865 = CARTESIAN_POINT('',(-1.202238044119,-5.03695958822));
#3866 = CARTESIAN_POINT('',(-1.274711989235,-5.022720444136));
#3867 = CARTESIAN_POINT('',(-1.348036677966,-5.011515288757));
#3868 = CARTESIAN_POINT('',(-1.421962817659,-5.003851195033));
#3869 = CARTESIAN_POINT('',(-1.496282264378,-5.));
#3870 = CARTESIAN_POINT('',(-1.645312526182,-5.));
#3871 = CARTESIAN_POINT('',(-1.719631156777,-5.003851418681));
#3872 = CARTESIAN_POINT('',(-1.793555195065,-5.011515372583));
#3873 = CARTESIAN_POINT('',(-1.866877877996,-5.022720034699));
#3874 = CARTESIAN_POINT('',(-1.939351456297,-5.036958854657));
#3875 = CARTESIAN_POINT('',(-2.085747545913,-5.071016829321));
#3876 = CARTESIAN_POINT('',(-2.159668383562,-5.091127306983));
#3877 = CARTESIAN_POINT('',(-2.232616676152,-5.113230953308));
#3878 = CARTESIAN_POINT('',(-2.304799748169,-5.136646657852));
#3879 = CARTESIAN_POINT('',(-2.376413273186,-5.16063547423));
#3880 = CARTESIAN_POINT('',(-2.510813646822,-5.205437830161));
#3881 = CARTESIAN_POINT('',(-2.573837085736,-5.226355504033));
#3882 = CARTESIAN_POINT('',(-2.636889099518,-5.246579356774));
#3883 = CARTESIAN_POINT('',(-2.700124624579,-5.265492309364));
#3884 = CARTESIAN_POINT('',(-2.763734470681,-5.282422070558));
#3885 = CARTESIAN_POINT('',(-2.879484124623,-5.308165402304));
#3886 = CARTESIAN_POINT('',(-2.931485226881,-5.317942655925));
#3887 = CARTESIAN_POINT('',(-2.983766012802,-5.325613846383));
#3888 = CARTESIAN_POINT('',(-3.036231789474,-5.330852933912));
#3889 = CARTESIAN_POINT('',(-3.08884534036,-5.333484861009));
#3890 = CARTESIAN_POINT('',(-3.17526370702,-5.333484861009));
#3891 = CARTESIAN_POINT('',(-3.208916495714,-5.332412509835));
#3892 = CARTESIAN_POINT('',(-3.242531860108,-5.330269325515));
#3893 = CARTESIAN_POINT('',(-3.276083863108,-5.327086860329));
#3894 = CARTESIAN_POINT('',(-3.309537821828,-5.322924534119));
#3895 = CARTESIAN_POINT('',(-3.426637713324,-5.305146907544));
#3896 = CARTESIAN_POINT('',(-3.509040675889,-5.286837181624));
#3897 = CARTESIAN_POINT('',(-3.590729897071,-5.264193361414));
#3898 = CARTESIAN_POINT('',(-3.672060735576,-5.23870997516));
#3899 = CARTESIAN_POINT('',(-3.753238771087,-5.211813950957));
#3900 = CARTESIAN_POINT('',(-3.905826665173,-5.160952196989));
#3901 = CARTESIAN_POINT('',(-3.977623450001,-5.136893948073));
#3902 = CARTESIAN_POINT('',(-4.049991535787,-5.113405838527));
#3903 = CARTESIAN_POINT('',(-4.123127655366,-5.091233191264));
#3904 = CARTESIAN_POINT('',(-4.197240351107,-5.071062755344));
#3905 = CARTESIAN_POINT('',(-4.343830697709,-5.03695958822));
#3906 = CARTESIAN_POINT('',(-4.416304642825,-5.022720444136));
#3907 = CARTESIAN_POINT('',(-4.489629331556,-5.011515288757));
#3908 = CARTESIAN_POINT('',(-4.563555471249,-5.003851195033));
#3909 = CARTESIAN_POINT('',(-4.637874917968,-5.));
#3910 = CARTESIAN_POINT('',(-4.786905179771,-5.));
#3911 = CARTESIAN_POINT('',(-4.861223810367,-5.00385141868));
#3912 = CARTESIAN_POINT('',(-4.935147848655,-5.011515372583));
#3913 = CARTESIAN_POINT('',(-5.008470531586,-5.022720034699));
#3914 = CARTESIAN_POINT('',(-5.080944109886,-5.036958854657));
#3915 = CARTESIAN_POINT('',(-5.227340199503,-5.071016829321));
#3916 = CARTESIAN_POINT('',(-5.301261037152,-5.091127306983));
#3917 = CARTESIAN_POINT('',(-5.374209329742,-5.113230953308));
#3918 = CARTESIAN_POINT('',(-5.446392401758,-5.136646657852));
#3919 = CARTESIAN_POINT('',(-5.518005926775,-5.16063547423));
#3920 = CARTESIAN_POINT('',(-5.652406300412,-5.205437830161));
#3921 = CARTESIAN_POINT('',(-5.715429739326,-5.226355504033));
#3922 = CARTESIAN_POINT('',(-5.778481753107,-5.246579356774));
#3923 = CARTESIAN_POINT('',(-5.841717278169,-5.265492309364));
#3924 = CARTESIAN_POINT('',(-5.905327124271,-5.282422070558));
#3925 = CARTESIAN_POINT('',(-6.021076778213,-5.308165402304));
#3926 = CARTESIAN_POINT('',(-6.07307788047,-5.317942655925));
#3927 = CARTESIAN_POINT('',(-6.125358666392,-5.325613846383));
#3928 = CARTESIAN_POINT('',(-6.177824443063,-5.330852933912));
#3929 = CARTESIAN_POINT('',(-6.23043799395,-5.333484861009));
#3930 = CARTESIAN_POINT('',(-6.28318530718,-5.333484861009));
#3931 = ( GEOMETRIC_REPRESENTATION_CONTEXT(2) 
PARAMETRIC_REPRESENTATION_CONTEXT() REPRESENTATION_CONTEXT('2D SPACE',''
  ) );
#3932 = ADVANCED_FACE('',(#3933,#4109,#4139,#4169),#2260,.T.);
#3933 = FACE_BOUND('',#3934,.T.);
#3934 = EDGE_LOOP('',(#3935,#3936,#3955,#3956,#3983,#4009,#4035,#4063,
    #4089,#4108));
#3935 = ORIENTED_EDGE('',*,*,#2244,.F.);
#3936 = ORIENTED_EDGE('',*,*,#3937,.F.);
#3937 = EDGE_CURVE('',#2664,#2219,#3938,.T.);
#3938 = SURFACE_CURVE('',#3939,(#3943,#3949),.PCURVE_S1.);
#3939 = LINE('',#3940,#3941);
#3940 = CARTESIAN_POINT('',(7.2,-34.,13.5));
#3941 = VECTOR('',#3942,1.);
#3942 = DIRECTION('',(0.,1.,0.));
#3943 = PCURVE('',#2260,#3944);
#3944 = DEFINITIONAL_REPRESENTATION('',(#3945),#3948);
#3945 = B_SPLINE_CURVE_WITH_KNOTS('',1,(#3946,#3947),.UNSPECIFIED.,.F.,
  .F.,(2,2),(0.5,67.5),.PIECEWISE_BEZIER_KNOTS.);
#3946 = CARTESIAN_POINT('',(18.7,0.));
#3947 = CARTESIAN_POINT('',(18.7,67.));
#3948 = ( GEOMETRIC_REPRESENTATION_CONTEXT(2) 
PARAMETRIC_REPRESENTATION_CONTEXT() REPRESENTATION_CONTEXT('2D SPACE',''
  ) );
#3949 = PCURVE('',#2233,#3950);
#3950 = DEFINITIONAL_REPRESENTATION('',(#3951),#3954);
#3951 = B_SPLINE_CURVE_WITH_KNOTS('',1,(#3952,#3953),.UNSPECIFIED.,.F.,
  .F.,(2,2),(0.5,67.5),.PIECEWISE_BEZIER_KNOTS.);
#3952 = CARTESIAN_POINT('',(6.2,-1.));
#3953 = CARTESIAN_POINT('',(6.2,-68.));
#3954 = ( GEOMETRIC_REPRESENTATION_CONTEXT(2) 
PARAMETRIC_REPRESENTATION_CONTEXT() REPRESENTATION_CONTEXT('2D SPACE',''
  ) );
#3955 = ORIENTED_EDGE('',*,*,#2684,.T.);
#3956 = ORIENTED_EDGE('',*,*,#3957,.T.);
#3957 = EDGE_CURVE('',#2685,#3958,#3960,.T.);
#3958 = VERTEX_POINT('',#3959);
#3959 = CARTESIAN_POINT('',(9.05,-31.50100040032,13.5));
#3960 = SURFACE_CURVE('',#3961,(#3966,#3977),.PCURVE_S1.);
#3961 = CIRCLE('',#3962,1.25);
#3962 = AXIS2_PLACEMENT_3D('',#3963,#3964,#3965);
#3963 = CARTESIAN_POINT('',(9.,-32.75,13.5));
#3964 = DIRECTION('',(0.,0.,-1.));
#3965 = DIRECTION('',(1.,0.,0.));
#3966 = PCURVE('',#2260,#3967);
#3967 = DEFINITIONAL_REPRESENTATION('',(#3968),#3976);
#3968 = ( BOUNDED_CURVE() B_SPLINE_CURVE(2,(#3969,#3970,#3971,#3972,
#3973,#3974,#3975),.UNSPECIFIED.,.T.,.F.) B_SPLINE_CURVE_WITH_KNOTS((1,2
    ,2,2,2,1),(-2.094395102393,0.,2.094395102393,4.188790204786,
6.28318530718,8.377580409573),.UNSPECIFIED.) CURVE() 
GEOMETRIC_REPRESENTATION_ITEM() RATIONAL_B_SPLINE_CURVE((1.,0.5,1.,0.5,
1.,0.5,1.)) REPRESENTATION_ITEM('') );
#3969 = CARTESIAN_POINT('',(21.75,0.75));
#3970 = CARTESIAN_POINT('',(21.75,-1.415063509461));
#3971 = CARTESIAN_POINT('',(19.875,-0.332531754731));
#3972 = CARTESIAN_POINT('',(18.,0.75));
#3973 = CARTESIAN_POINT('',(19.875,1.832531754731));
#3974 = CARTESIAN_POINT('',(21.75,2.915063509461));
#3975 = CARTESIAN_POINT('',(21.75,0.75));
#3976 = ( GEOMETRIC_REPRESENTATION_CONTEXT(2) 
PARAMETRIC_REPRESENTATION_CONTEXT() REPRESENTATION_CONTEXT('2D SPACE',''
  ) );
#3977 = PCURVE('',#2720,#3978);
#3978 = DEFINITIONAL_REPRESENTATION('',(#3979),#3982);
#3979 = B_SPLINE_CURVE_WITH_KNOTS('',1,(#3980,#3981),.UNSPECIFIED.,.F.,
  .F.,(2,2),(2.498091544797,4.752399654739),.PIECEWISE_BEZIER_KNOTS.);
#3980 = CARTESIAN_POINT('',(-3.785093762383,-7.9));
#3981 = CARTESIAN_POINT('',(-1.530785652441,-7.9));
#3982 = ( GEOMETRIC_REPRESENTATION_CONTEXT(2) 
PARAMETRIC_REPRESENTATION_CONTEXT() REPRESENTATION_CONTEXT('2D SPACE',''
  ) );
#3983 = ORIENTED_EDGE('',*,*,#3984,.F.);
#3984 = EDGE_CURVE('',#3985,#3958,#3987,.T.);
#3985 = VERTEX_POINT('',#3986);
#3986 = CARTESIAN_POINT('',(9.05,-22.5,13.5));
#3987 = SURFACE_CURVE('',#3988,(#3992,#3998),.PCURVE_S1.);
#3988 = LINE('',#3989,#3990);
#3989 = CARTESIAN_POINT('',(9.05,-34.5,13.5));
#3990 = VECTOR('',#3991,1.);
#3991 = DIRECTION('',(-0.,-1.,-1.110223024625E-16));
#3992 = PCURVE('',#2260,#3993);
#3993 = DEFINITIONAL_REPRESENTATION('',(#3994),#3997);
#3994 = B_SPLINE_CURVE_WITH_KNOTS('',1,(#3995,#3996),.UNSPECIFIED.,.F.,
  .F.,(2,2),(-12.0000006,5.999999999062E-07),.PIECEWISE_BEZIER_KNOTS.);
#3995 = CARTESIAN_POINT('',(20.55,11.0000006));
#3996 = CARTESIAN_POINT('',(20.55,-1.0000006));
#3997 = ( GEOMETRIC_REPRESENTATION_CONTEXT(2) 
PARAMETRIC_REPRESENTATION_CONTEXT() REPRESENTATION_CONTEXT('2D SPACE',''
  ) );
#3998 = PCURVE('',#3999,#4004);
#3999 = CYLINDRICAL_SURFACE('',#4000,5.7);
#4000 = AXIS2_PLACEMENT_3D('',#4001,#4002,#4003);
#4001 = CARTESIAN_POINT('',(14.75,-34.5,13.5));
#4002 = DIRECTION('',(-0.,-1.,-1.110223024625E-16));
#4003 = DIRECTION('',(1.,0.,0.));
#4004 = DEFINITIONAL_REPRESENTATION('',(#4005),#4008);
#4005 = B_SPLINE_CURVE_WITH_KNOTS('',1,(#4006,#4007),.UNSPECIFIED.,.F.,
  .F.,(2,2),(-12.0000006,5.999999999062E-07),.PIECEWISE_BEZIER_KNOTS.);
#4006 = CARTESIAN_POINT('',(-3.14159265359,-12.0000006));
#4007 = CARTESIAN_POINT('',(-3.14159265359,5.999999999062E-07));
#4008 = ( GEOMETRIC_REPRESENTATION_CONTEXT(2) 
PARAMETRIC_REPRESENTATION_CONTEXT() REPRESENTATION_CONTEXT('2D SPACE',''
  ) );
#4009 = ORIENTED_EDGE('',*,*,#4010,.F.);
#4010 = EDGE_CURVE('',#4011,#3985,#4013,.T.);
#4011 = VERTEX_POINT('',#4012);
#4012 = CARTESIAN_POINT('',(11.5,-22.5,13.5));
#4013 = SURFACE_CURVE('',#4014,(#4018,#4024),.PCURVE_S1.);
#4014 = LINE('',#4015,#4016);
#4015 = CARTESIAN_POINT('',(1.625,-22.5,13.5));
#4016 = VECTOR('',#4017,1.);
#4017 = DIRECTION('',(-1.,0.,0.));
#4018 = PCURVE('',#2260,#4019);
#4019 = DEFINITIONAL_REPRESENTATION('',(#4020),#4023);
#4020 = B_SPLINE_CURVE_WITH_KNOTS('',1,(#4021,#4022),.UNSPECIFIED.,.F.,
  .F.,(2,2),(-9.875,-7.425),.PIECEWISE_BEZIER_KNOTS.);
#4021 = CARTESIAN_POINT('',(23.,11.));
#4022 = CARTESIAN_POINT('',(20.55,11.));
#4023 = ( GEOMETRIC_REPRESENTATION_CONTEXT(2) 
PARAMETRIC_REPRESENTATION_CONTEXT() REPRESENTATION_CONTEXT('2D SPACE',''
  ) );
#4024 = PCURVE('',#4025,#4030);
#4025 = PLANE('',#4026);
#4026 = AXIS2_PLACEMENT_3D('',#4027,#4028,#4029);
#4027 = CARTESIAN_POINT('',(14.75,-22.5,13.5));
#4028 = DIRECTION('',(0.,1.,1.110223024625E-16));
#4029 = DIRECTION('',(1.,0.,0.));
#4030 = DEFINITIONAL_REPRESENTATION('',(#4031),#4034);
#4031 = B_SPLINE_CURVE_WITH_KNOTS('',1,(#4032,#4033),.UNSPECIFIED.,.F.,
  .F.,(2,2),(-9.875,-7.425),.PIECEWISE_BEZIER_KNOTS.);
#4032 = CARTESIAN_POINT('',(-3.25,0.));
#4033 = CARTESIAN_POINT('',(-5.7,0.));
#4034 = ( GEOMETRIC_REPRESENTATION_CONTEXT(2) 
PARAMETRIC_REPRESENTATION_CONTEXT() REPRESENTATION_CONTEXT('2D SPACE',''
  ) );
#4035 = ORIENTED_EDGE('',*,*,#4036,.T.);
#4036 = EDGE_CURVE('',#4011,#4037,#4039,.T.);
#4037 = VERTEX_POINT('',#4038);
#4038 = CARTESIAN_POINT('',(11.5,22.5,13.5));
#4039 = SURFACE_CURVE('',#4040,(#4044,#4051),.PCURVE_S1.);
#4040 = LINE('',#4041,#4042);
#4041 = CARTESIAN_POINT('',(11.5,-33.5,13.5));
#4042 = VECTOR('',#4043,1.);
#4043 = DIRECTION('',(0.,1.,0.));
#4044 = PCURVE('',#2260,#4045);
#4045 = DEFINITIONAL_REPRESENTATION('',(#4046),#4050);
#4046 = LINE('',#4047,#4048);
#4047 = CARTESIAN_POINT('',(23.,0.));
#4048 = VECTOR('',#4049,1.);
#4049 = DIRECTION('',(0.,1.));
#4050 = ( GEOMETRIC_REPRESENTATION_CONTEXT(2) 
PARAMETRIC_REPRESENTATION_CONTEXT() REPRESENTATION_CONTEXT('2D SPACE',''
  ) );
#4051 = PCURVE('',#4052,#4057);
#4052 = PLANE('',#4053);
#4053 = AXIS2_PLACEMENT_3D('',#4054,#4055,#4056);
#4054 = CARTESIAN_POINT('',(11.5,-33.5,6.6));
#4055 = DIRECTION('',(1.,0.,0.));
#4056 = DIRECTION('',(0.,0.,1.));
#4057 = DEFINITIONAL_REPRESENTATION('',(#4058),#4062);
#4058 = LINE('',#4059,#4060);
#4059 = CARTESIAN_POINT('',(6.9,0.));
#4060 = VECTOR('',#4061,1.);
#4061 = DIRECTION('',(0.,-1.));
#4062 = ( GEOMETRIC_REPRESENTATION_CONTEXT(2) 
PARAMETRIC_REPRESENTATION_CONTEXT() REPRESENTATION_CONTEXT('2D SPACE',''
  ) );
#4063 = ORIENTED_EDGE('',*,*,#4064,.T.);
#4064 = EDGE_CURVE('',#4037,#4065,#4067,.T.);
#4065 = VERTEX_POINT('',#4066);
#4066 = CARTESIAN_POINT('',(9.05,22.5,13.5));
#4067 = SURFACE_CURVE('',#4068,(#4072,#4078),.PCURVE_S1.);
#4068 = LINE('',#4069,#4070);
#4069 = CARTESIAN_POINT('',(1.625,22.5,13.5));
#4070 = VECTOR('',#4071,1.);
#4071 = DIRECTION('',(-1.,0.,0.));
#4072 = PCURVE('',#2260,#4073);
#4073 = DEFINITIONAL_REPRESENTATION('',(#4074),#4077);
#4074 = B_SPLINE_CURVE_WITH_KNOTS('',1,(#4075,#4076),.UNSPECIFIED.,.F.,
  .F.,(2,2),(-9.875,-7.425),.PIECEWISE_BEZIER_KNOTS.);
#4075 = CARTESIAN_POINT('',(23.,56.));
#4076 = CARTESIAN_POINT('',(20.55,56.));
#4077 = ( GEOMETRIC_REPRESENTATION_CONTEXT(2) 
PARAMETRIC_REPRESENTATION_CONTEXT() REPRESENTATION_CONTEXT('2D SPACE',''
  ) );
#4078 = PCURVE('',#4079,#4084);
#4079 = PLANE('',#4080);
#4080 = AXIS2_PLACEMENT_3D('',#4081,#4082,#4083);
#4081 = CARTESIAN_POINT('',(14.75,22.5,13.5));
#4082 = DIRECTION('',(0.,1.,1.110223024625E-16));
#4083 = DIRECTION('',(1.,0.,0.));
#4084 = DEFINITIONAL_REPRESENTATION('',(#4085),#4088);
#4085 = B_SPLINE_CURVE_WITH_KNOTS('',1,(#4086,#4087),.UNSPECIFIED.,.F.,
  .F.,(2,2),(-9.875,-7.425),.PIECEWISE_BEZIER_KNOTS.);
#4086 = CARTESIAN_POINT('',(-3.25,0.));
#4087 = CARTESIAN_POINT('',(-5.7,0.));
#4088 = ( GEOMETRIC_REPRESENTATION_CONTEXT(2) 
PARAMETRIC_REPRESENTATION_CONTEXT() REPRESENTATION_CONTEXT('2D SPACE',''
  ) );
#4089 = ORIENTED_EDGE('',*,*,#4090,.F.);
#4090 = EDGE_CURVE('',#3325,#4065,#4091,.T.);
#4091 = SURFACE_CURVE('',#4092,(#4096,#4102),.PCURVE_S1.);
#4092 = LINE('',#4093,#4094);
#4093 = CARTESIAN_POINT('',(9.05,22.5,13.5));
#4094 = VECTOR('',#4095,1.);
#4095 = DIRECTION('',(-0.,-1.,-1.110223024625E-16));
#4096 = PCURVE('',#2260,#4097);
#4097 = DEFINITIONAL_REPRESENTATION('',(#4098),#4101);
#4098 = B_SPLINE_CURVE_WITH_KNOTS('',1,(#4099,#4100),.UNSPECIFIED.,.F.,
  .F.,(2,2),(-12.0000006,5.999999999062E-07),.PIECEWISE_BEZIER_KNOTS.);
#4099 = CARTESIAN_POINT('',(20.55,68.0000006));
#4100 = CARTESIAN_POINT('',(20.55,55.9999994));
#4101 = ( GEOMETRIC_REPRESENTATION_CONTEXT(2) 
PARAMETRIC_REPRESENTATION_CONTEXT() REPRESENTATION_CONTEXT('2D SPACE',''
  ) );
#4102 = PCURVE('',#3481,#4103);
#4103 = DEFINITIONAL_REPRESENTATION('',(#4104),#4107);
#4104 = B_SPLINE_CURVE_WITH_KNOTS('',1,(#4105,#4106),.UNSPECIFIED.,.F.,
  .F.,(2,2),(-12.0000006,5.999999999062E-07),.PIECEWISE_BEZIER_KNOTS.);
#4105 = CARTESIAN_POINT('',(-3.14159265359,-12.0000006));
#4106 = CARTESIAN_POINT('',(-3.14159265359,5.999999999062E-07));
#4107 = ( GEOMETRIC_REPRESENTATION_CONTEXT(2) 
PARAMETRIC_REPRESENTATION_CONTEXT() REPRESENTATION_CONTEXT('2D SPACE',''
  ) );
#4108 = ORIENTED_EDGE('',*,*,#3324,.T.);
#4109 = FACE_BOUND('',#4110,.T.);
#4110 = EDGE_LOOP('',(#4111));
#4111 = ORIENTED_EDGE('',*,*,#4112,.T.);
#4112 = EDGE_CURVE('',#4113,#4113,#4115,.T.);
#4113 = VERTEX_POINT('',#4114);
#4114 = CARTESIAN_POINT('',(10.15,-20.,13.5));
#4115 = SURFACE_CURVE('',#4116,(#4121,#4132),.PCURVE_S1.);
#4116 = CIRCLE('',#4117,0.85);
#4117 = AXIS2_PLACEMENT_3D('',#4118,#4119,#4120);
#4118 = CARTESIAN_POINT('',(9.3,-20.,13.5));
#4119 = DIRECTION('',(0.,0.,-1.));
#4120 = DIRECTION('',(1.,0.,0.));
#4121 = PCURVE('',#2260,#4122);
#4122 = DEFINITIONAL_REPRESENTATION('',(#4123),#4131);
#4123 = ( BOUNDED_CURVE() B_SPLINE_CURVE(2,(#4124,#4125,#4126,#4127,
#4128,#4129,#4130),.UNSPECIFIED.,.T.,.F.) B_SPLINE_CURVE_WITH_KNOTS((1,2
    ,2,2,2,1),(-2.094395102393,0.,2.094395102393,4.188790204786,
6.28318530718,8.377580409573),.UNSPECIFIED.) CURVE() 
GEOMETRIC_REPRESENTATION_ITEM() RATIONAL_B_SPLINE_CURVE((1.,0.5,1.,0.5,
1.,0.5,1.)) REPRESENTATION_ITEM('') );
#4124 = CARTESIAN_POINT('',(21.65,13.5));
#4125 = CARTESIAN_POINT('',(21.65,12.027756813566));
#4126 = CARTESIAN_POINT('',(20.375,12.763878406783));
#4127 = CARTESIAN_POINT('',(19.1,13.5));
#4128 = CARTESIAN_POINT('',(20.375,14.236121593217));
#4129 = CARTESIAN_POINT('',(21.65,14.972243186434));
#4130 = CARTESIAN_POINT('',(21.65,13.5));
#4131 = ( GEOMETRIC_REPRESENTATION_CONTEXT(2) 
PARAMETRIC_REPRESENTATION_CONTEXT() REPRESENTATION_CONTEXT('2D SPACE',''
  ) );
#4132 = PCURVE('',#3094,#4133);
#4133 = DEFINITIONAL_REPRESENTATION('',(#4134),#4138);
#4134 = LINE('',#4135,#4136);
#4135 = CARTESIAN_POINT('',(-6.28318530718,-7.9));
#4136 = VECTOR('',#4137,1.);
#4137 = DIRECTION('',(1.,-0.));
#4138 = ( GEOMETRIC_REPRESENTATION_CONTEXT(2) 
PARAMETRIC_REPRESENTATION_CONTEXT() REPRESENTATION_CONTEXT('2D SPACE',''
  ) );
#4139 = FACE_BOUND('',#4140,.T.);
#4140 = EDGE_LOOP('',(#4141));
#4141 = ORIENTED_EDGE('',*,*,#4142,.T.);
#4142 = EDGE_CURVE('',#4143,#4143,#4145,.T.);
#4143 = VERTEX_POINT('',#4144);
#4144 = CARTESIAN_POINT('',(10.15,0.,13.5));
#4145 = SURFACE_CURVE('',#4146,(#4151,#4162),.PCURVE_S1.);
#4146 = CIRCLE('',#4147,0.85);
#4147 = AXIS2_PLACEMENT_3D('',#4148,#4149,#4150);
#4148 = CARTESIAN_POINT('',(9.3,0.,13.5));
#4149 = DIRECTION('',(0.,0.,-1.));
#4150 = DIRECTION('',(1.,0.,0.));
#4151 = PCURVE('',#2260,#4152);
#4152 = DEFINITIONAL_REPRESENTATION('',(#4153),#4161);
#4153 = ( BOUNDED_CURVE() B_SPLINE_CURVE(2,(#4154,#4155,#4156,#4157,
#4158,#4159,#4160),.UNSPECIFIED.,.T.,.F.) B_SPLINE_CURVE_WITH_KNOTS((1,2
    ,2,2,2,1),(-2.094395102393,0.,2.094395102393,4.188790204786,
6.28318530718,8.377580409573),.UNSPECIFIED.) CURVE() 
GEOMETRIC_REPRESENTATION_ITEM() RATIONAL_B_SPLINE_CURVE((1.,0.5,1.,0.5,
1.,0.5,1.)) REPRESENTATION_ITEM('') );
#4154 = CARTESIAN_POINT('',(21.65,33.5));
#4155 = CARTESIAN_POINT('',(21.65,32.027756813566));
#4156 = CARTESIAN_POINT('',(20.375,32.763878406783));
#4157 = CARTESIAN_POINT('',(19.1,33.5));
#4158 = CARTESIAN_POINT('',(20.375,34.236121593217));
#4159 = CARTESIAN_POINT('',(21.65,34.972243186434));
#4160 = CARTESIAN_POINT('',(21.65,33.5));
#4161 = ( GEOMETRIC_REPRESENTATION_CONTEXT(2) 
PARAMETRIC_REPRESENTATION_CONTEXT() REPRESENTATION_CONTEXT('2D SPACE',''
  ) );
#4162 = PCURVE('',#3150,#4163);
#4163 = DEFINITIONAL_REPRESENTATION('',(#4164),#4168);
#4164 = LINE('',#4165,#4166);
#4165 = CARTESIAN_POINT('',(-6.28318530718,-7.9));
#4166 = VECTOR('',#4167,1.);
#4167 = DIRECTION('',(1.,-0.));
#4168 = ( GEOMETRIC_REPRESENTATION_CONTEXT(2) 
PARAMETRIC_REPRESENTATION_CONTEXT() REPRESENTATION_CONTEXT('2D SPACE',''
  ) );
#4169 = FACE_BOUND('',#4170,.T.);
#4170 = EDGE_LOOP('',(#4171));
#4171 = ORIENTED_EDGE('',*,*,#4172,.T.);
#4172 = EDGE_CURVE('',#4173,#4173,#4175,.T.);
#4173 = VERTEX_POINT('',#4174);
#4174 = CARTESIAN_POINT('',(10.15,20.,13.5));
#4175 = SURFACE_CURVE('',#4176,(#4181,#4192),.PCURVE_S1.);
#4176 = CIRCLE('',#4177,0.85);
#4177 = AXIS2_PLACEMENT_3D('',#4178,#4179,#4180);
#4178 = CARTESIAN_POINT('',(9.3,20.,13.5));
#4179 = DIRECTION('',(0.,0.,-1.));
#4180 = DIRECTION('',(1.,0.,0.));
#4181 = PCURVE('',#2260,#4182);
#4182 = DEFINITIONAL_REPRESENTATION('',(#4183),#4191);
#4183 = ( BOUNDED_CURVE() B_SPLINE_CURVE(2,(#4184,#4185,#4186,#4187,
#4188,#4189,#4190),.UNSPECIFIED.,.T.,.F.) B_SPLINE_CURVE_WITH_KNOTS((1,2
    ,2,2,2,1),(-2.094395102393,0.,2.094395102393,4.188790204786,
6.28318530718,8.377580409573),.UNSPECIFIED.) CURVE() 
GEOMETRIC_REPRESENTATION_ITEM() RATIONAL_B_SPLINE_CURVE((1.,0.5,1.,0.5,
1.,0.5,1.)) REPRESENTATION_ITEM('') );
#4184 = CARTESIAN_POINT('',(21.65,53.5));
#4185 = CARTESIAN_POINT('',(21.65,52.027756813566));
#4186 = CARTESIAN_POINT('',(20.375,52.763878406783));
#4187 = CARTESIAN_POINT('',(19.1,53.5));
#4188 = CARTESIAN_POINT('',(20.375,54.236121593217));
#4189 = CARTESIAN_POINT('',(21.65,54.972243186434));
#4190 = CARTESIAN_POINT('',(21.65,53.5));
#4191 = ( GEOMETRIC_REPRESENTATION_CONTEXT(2) 
PARAMETRIC_REPRESENTATION_CONTEXT() REPRESENTATION_CONTEXT('2D SPACE',''
  ) );
#4192 = PCURVE('',#3206,#4193);
#4193 = DEFINITIONAL_REPRESENTATION('',(#4194),#4198);
#4194 = LINE('',#4195,#4196);
#4195 = CARTESIAN_POINT('',(-6.28318530718,-7.9));
#4196 = VECTOR('',#4197,1.);
#4197 = DIRECTION('',(1.,-0.));
#4198 = ( GEOMETRIC_REPRESENTATION_CONTEXT(2) 
PARAMETRIC_REPRESENTATION_CONTEXT() REPRESENTATION_CONTEXT('2D SPACE',''
  ) );
#4199 = ADVANCED_FACE('',(#4200),#2233,.F.);
#4200 = FACE_BOUND('',#4201,.F.);
#4201 = EDGE_LOOP('',(#4202,#4203,#4224,#4225));
#4202 = ORIENTED_EDGE('',*,*,#2663,.T.);
#4203 = ORIENTED_EDGE('',*,*,#4204,.T.);
#4204 = EDGE_CURVE('',#2643,#2193,#4205,.T.);
#4205 = SURFACE_CURVE('',#4206,(#4210,#4217),.PCURVE_S1.);
#4206 = LINE('',#4207,#4208);
#4207 = CARTESIAN_POINT('',(7.2,-34.5,7.3));
#4208 = VECTOR('',#4209,1.);
#4209 = DIRECTION('',(0.,1.,0.));
#4210 = PCURVE('',#2233,#4211);
#4211 = DEFINITIONAL_REPRESENTATION('',(#4212),#4216);
#4212 = LINE('',#4213,#4214);
#4213 = CARTESIAN_POINT('',(0.,0.));
#4214 = VECTOR('',#4215,1.);
#4215 = DIRECTION('',(0.,-1.));
#4216 = ( GEOMETRIC_REPRESENTATION_CONTEXT(2) 
PARAMETRIC_REPRESENTATION_CONTEXT() REPRESENTATION_CONTEXT('2D SPACE',''
  ) );
#4217 = PCURVE('',#2207,#4218);
#4218 = DEFINITIONAL_REPRESENTATION('',(#4219),#4223);
#4219 = LINE('',#4220,#4221);
#4220 = CARTESIAN_POINT('',(14.4,0.));
#4221 = VECTOR('',#4222,1.);
#4222 = DIRECTION('',(0.,1.));
#4223 = ( GEOMETRIC_REPRESENTATION_CONTEXT(2) 
PARAMETRIC_REPRESENTATION_CONTEXT() REPRESENTATION_CONTEXT('2D SPACE',''
  ) );
#4224 = ORIENTED_EDGE('',*,*,#2218,.F.);
#4225 = ORIENTED_EDGE('',*,*,#3937,.F.);
#4226 = ADVANCED_FACE('',(#4227),#2207,.T.);
#4227 = FACE_BOUND('',#4228,.T.);
#4228 = EDGE_LOOP('',(#4229,#4230,#4231,#4232));
#4229 = ORIENTED_EDGE('',*,*,#2735,.F.);
#4230 = ORIENTED_EDGE('',*,*,#2642,.T.);
#4231 = ORIENTED_EDGE('',*,*,#4204,.T.);
#4232 = ORIENTED_EDGE('',*,*,#2192,.F.);
#4233 = ADVANCED_FACE('',(#4234),#2502,.F.);
#4234 = FACE_BOUND('',#4235,.T.);
#4235 = EDGE_LOOP('',(#4236,#4265,#4286,#4287));
#4236 = ORIENTED_EDGE('',*,*,#4237,.F.);
#4237 = EDGE_CURVE('',#4238,#4238,#4240,.T.);
#4238 = VERTEX_POINT('',#4239);
#4239 = CARTESIAN_POINT('',(-8.15,26.5,9.));
#4240 = SURFACE_CURVE('',#4241,(#4246,#4253),.PCURVE_S1.);
#4241 = CIRCLE('',#4242,0.85);
#4242 = AXIS2_PLACEMENT_3D('',#4243,#4244,#4245);
#4243 = CARTESIAN_POINT('',(-9.,26.5,9.));
#4244 = DIRECTION('',(-0.,1.,1.110223024625E-16));
#4245 = DIRECTION('',(1.,0.,0.));
#4246 = PCURVE('',#2502,#4247);
#4247 = DEFINITIONAL_REPRESENTATION('',(#4248),#4252);
#4248 = LINE('',#4249,#4250);
#4249 = CARTESIAN_POINT('',(-0.,0.));
#4250 = VECTOR('',#4251,1.);
#4251 = DIRECTION('',(-1.,0.));
#4252 = ( GEOMETRIC_REPRESENTATION_CONTEXT(2) 
PARAMETRIC_REPRESENTATION_CONTEXT() REPRESENTATION_CONTEXT('2D SPACE',''
  ) );
#4253 = PCURVE('',#4254,#4259);
#4254 = PLANE('',#4255);
#4255 = AXIS2_PLACEMENT_3D('',#4256,#4257,#4258);
#4256 = CARTESIAN_POINT('',(-9.,26.5,9.));
#4257 = DIRECTION('',(0.,1.,1.110223024625E-16));
#4258 = DIRECTION('',(1.,0.,0.));
#4259 = DEFINITIONAL_REPRESENTATION('',(#4260),#4264);
#4260 = CIRCLE('',#4261,0.85);
#4261 = AXIS2_PLACEMENT_2D('',#4262,#4263);
#4262 = CARTESIAN_POINT('',(0.,0.));
#4263 = DIRECTION('',(1.,0.));
#4264 = ( GEOMETRIC_REPRESENTATION_CONTEXT(2) 
PARAMETRIC_REPRESENTATION_CONTEXT() REPRESENTATION_CONTEXT('2D SPACE',''
  ) );
#4265 = ORIENTED_EDGE('',*,*,#4266,.T.);
#4266 = EDGE_CURVE('',#4238,#2329,#4267,.T.);
#4267 = SEAM_CURVE('',#4268,(#4272,#4279),.PCURVE_S1.);
#4268 = LINE('',#4269,#4270);
#4269 = CARTESIAN_POINT('',(-8.15,26.5,9.));
#4270 = VECTOR('',#4271,1.);
#4271 = DIRECTION('',(0.,1.,1.110223024625E-16));
#4272 = PCURVE('',#2502,#4273);
#4273 = DEFINITIONAL_REPRESENTATION('',(#4274),#4278);
#4274 = LINE('',#4275,#4276);
#4275 = CARTESIAN_POINT('',(-6.28318530718,0.));
#4276 = VECTOR('',#4277,1.);
#4277 = DIRECTION('',(-0.,-1.));
#4278 = ( GEOMETRIC_REPRESENTATION_CONTEXT(2) 
PARAMETRIC_REPRESENTATION_CONTEXT() REPRESENTATION_CONTEXT('2D SPACE',''
  ) );
#4279 = PCURVE('',#2502,#4280);
#4280 = DEFINITIONAL_REPRESENTATION('',(#4281),#4285);
#4281 = LINE('',#4282,#4283);
#4282 = CARTESIAN_POINT('',(-0.,0.));
#4283 = VECTOR('',#4284,1.);
#4284 = DIRECTION('',(-0.,-1.));
#4285 = ( GEOMETRIC_REPRESENTATION_CONTEXT(2) 
PARAMETRIC_REPRESENTATION_CONTEXT() REPRESENTATION_CONTEXT('2D SPACE',''
  ) );
#4286 = ORIENTED_EDGE('',*,*,#2328,.T.);
#4287 = ORIENTED_EDGE('',*,*,#4266,.F.);
#4288 = ADVANCED_FACE('',(#4289,#4602),#2720,.F.);
#4289 = FACE_BOUND('',#4290,.T.);
#4290 = EDGE_LOOP('',(#4291,#4372,#4398,#4599,#4600,#4601));
#4291 = ORIENTED_EDGE('',*,*,#4292,.F.);
#4292 = EDGE_CURVE('',#4293,#3019,#4295,.T.);
#4293 = VERTEX_POINT('',#4294);
#4294 = CARTESIAN_POINT('',(10.,-33.5,6.6));
#4295 = SURFACE_CURVE('',#4296,(#4314,#4343),.PCURVE_S1.);
#4296 = B_SPLINE_CURVE_WITH_KNOTS('',6,(#4297,#4298,#4299,#4300,#4301,
    #4302,#4303,#4304,#4305,#4306,#4307,#4308,#4309,#4310,#4311,#4312,
    #4313),.UNSPECIFIED.,.F.,.F.,(7,5,5,7),(0.,0.821554757097,
    1.179785228267,1.999998583098),.UNSPECIFIED.);
#4297 = CARTESIAN_POINT('',(10.,-33.5,6.6));
#4298 = CARTESIAN_POINT('',(10.067856601085,-33.40952453188,6.6));
#4299 = CARTESIAN_POINT('',(10.125015573169,-33.31284776314,
    6.603683006836));
#4300 = CARTESIAN_POINT('',(10.171124752896,-33.21143022316,
    6.608875516279));
#4301 = CARTESIAN_POINT('',(10.206031935642,-33.10659246012,
    6.613897472825));
#4302 = CARTESIAN_POINT('',(10.229663920348,-32.99953970913,
    6.617633612499));
#4303 = CARTESIAN_POINT('',(10.247343738275,-32.84426237739,
    6.620523516966));
#4304 = CARTESIAN_POINT('',(10.250559044182,-32.79691468269,
    6.621073083864));
#4305 = CARTESIAN_POINT('',(10.251617782864,-32.74946759044,6.6212580486
    ));
#4306 = CARTESIAN_POINT('',(10.250518720298,-32.70202115372,
    6.621066173853));
#4307 = CARTESIAN_POINT('',(10.247263045026,-32.65467577374,
    6.620509834509));
#4308 = CARTESIAN_POINT('',(10.229470891504,-32.49958727481,
    6.617603104162));
#4309 = CARTESIAN_POINT('',(10.205804008264,-32.39272358477,
    6.613864716375));
#4310 = CARTESIAN_POINT('',(10.170899031674,-32.28807352382,
    6.608850106545));
#4311 = CARTESIAN_POINT('',(10.124829061455,-32.18683683276,
    6.603671004416));
#4312 = CARTESIAN_POINT('',(10.06774589707,-32.09032786276,6.6));
#4313 = CARTESIAN_POINT('',(10.,-32.,6.6));
#4314 = PCURVE('',#2720,#4315);
#4315 = DEFINITIONAL_REPRESENTATION('',(#4316),#4342);
#4316 = B_SPLINE_CURVE_WITH_KNOTS('',3,(#4317,#4318,#4319,#4320,#4321,
    #4322,#4323,#4324,#4325,#4326,#4327,#4328,#4329,#4330,#4331,#4332,
    #4333,#4334,#4335,#4336,#4337,#4338,#4339,#4340,#4341),
  .UNSPECIFIED.,.F.,.F.,(4,1,1,1,1,1,1,1,1,1,1,1,1,1,1,1,1,1,1,1,1,1,4),
  (0.,9.090902650444E-02,0.181818053009,0.272727079513,0.363636106018,
    0.454545132522,0.545454159027,0.636363185531,0.727272212036,
    0.81818123854,0.909090265044,0.999999291549,1.090908318053,
    1.181817344558,1.272726371062,1.363635397567,1.454544424071,
    1.545453450575,1.63636247708,1.727271503584,1.818180530089,
    1.909089556593,1.999998583098),.QUASI_UNIFORM_KNOTS.);
#4317 = CARTESIAN_POINT('',(0.643501108793,-1.));
#4318 = CARTESIAN_POINT('',(0.623477956218,-1.000002308452));
#4319 = CARTESIAN_POINT('',(0.583574624996,-1.00044914911));
#4320 = CARTESIAN_POINT('',(0.524110224308,-1.002136518985));
#4321 = CARTESIAN_POINT('',(0.464998328808,-1.004520353023));
#4322 = CARTESIAN_POINT('',(0.406200026152,-1.007318794704));
#4323 = CARTESIAN_POINT('',(0.34767586306,-1.010276651928));
#4324 = CARTESIAN_POINT('',(0.289385743833,-1.013169951959));
#4325 = CARTESIAN_POINT('',(0.231288703263,-1.015806102688));
#4326 = CARTESIAN_POINT('',(0.173343231537,-1.01802527681));
#4327 = CARTESIAN_POINT('',(0.115505195638,-1.019701624891));
#4328 = CARTESIAN_POINT('',(5.773453511104E-02,-1.020744276877));
#4329 = CARTESIAN_POINT('',(4.510771676181E-07,-1.021097940355));
#4330 = CARTESIAN_POINT('',(-5.773364539513E-02,-1.020744282776));
#4331 = CARTESIAN_POINT('',(-0.115504249754,-1.019701601867));
#4332 = CARTESIAN_POINT('',(-0.173342455902,-1.018025291498));
#4333 = CARTESIAN_POINT('',(-0.231288022515,-1.015806124617));
#4334 = CARTESIAN_POINT('',(-0.289385171387,-1.013169977886));
#4335 = CARTESIAN_POINT('',(-0.347675392574,-1.010276674795));
#4336 = CARTESIAN_POINT('',(-0.406199657733,-1.007318812256));
#4337 = CARTESIAN_POINT('',(-0.464998060056,-1.004520364601));
#4338 = CARTESIAN_POINT('',(-0.524110051633,-1.002136525158));
#4339 = CARTESIAN_POINT('',(-0.583574542848,-1.000449150736));
#4340 = CARTESIAN_POINT('',(-0.623477929783,-1.000002308607));
#4341 = CARTESIAN_POINT('',(-0.643501108793,-1.));
#4342 = ( GEOMETRIC_REPRESENTATION_CONTEXT(2) 
PARAMETRIC_REPRESENTATION_CONTEXT() REPRESENTATION_CONTEXT('2D SPACE',''
  ) );
#4343 = PCURVE('',#3061,#4344);
#4344 = DEFINITIONAL_REPRESENTATION('',(#4345),#4371);
#4345 = B_SPLINE_CURVE_WITH_KNOTS('',3,(#4346,#4347,#4348,#4349,#4350,
    #4351,#4352,#4353,#4354,#4355,#4356,#4357,#4358,#4359,#4360,#4361,
    #4362,#4363,#4364,#4365,#4366,#4367,#4368,#4369,#4370),
  .UNSPECIFIED.,.F.,.F.,(4,1,1,1,1,1,1,1,1,1,1,1,1,1,1,1,1,1,1,1,1,1,4),
  (0.,9.090902650444E-02,0.181818053009,0.272727079513,0.363636106018,
    0.454545132522,0.545454159027,0.636363185531,0.727272212036,
    0.81818123854,0.909090265044,0.999999291549,1.090908318053,
    1.181817344558,1.272726371062,1.363635397567,1.454544424071,
    1.545453450575,1.63636247708,1.727271503584,1.818180530089,
    1.909089556593,1.999998583098),.QUASI_UNIFORM_KNOTS.);
#4346 = CARTESIAN_POINT('',(1.570796326795,0.));
#4347 = CARTESIAN_POINT('',(1.560785171536,2.002369840416E-02));
#4348 = CARTESIAN_POINT('',(1.541634559859,6.082813411119E-02));
#4349 = CARTESIAN_POINT('',(1.515543295231,0.124080061939));
#4350 = CARTESIAN_POINT('',(1.492104782513,0.189148686293));
#4351 = CARTESIAN_POINT('',(1.471342221444,0.255815003026));
#4352 = CARTESIAN_POINT('',(1.453280082284,0.323865827693));
#4353 = CARTESIAN_POINT('',(1.437943242963,0.393094252675));
#4354 = CARTESIAN_POINT('',(1.425355506654,0.463299130398));
#4355 = CARTESIAN_POINT('',(1.415538569207,0.534284048516));
#4356 = CARTESIAN_POINT('',(1.40851082056,0.605859118534));
#4357 = CARTESIAN_POINT('',(1.404287460853,0.677831826034));
#4358 = CARTESIAN_POINT('',(1.402878651608,0.74999943581));
#4359 = CARTESIAN_POINT('',(1.404287420124,0.822167063196));
#4360 = CARTESIAN_POINT('',(1.40851074945,0.894139703587));
#4361 = CARTESIAN_POINT('',(1.415538459378,0.965714995033));
#4362 = CARTESIAN_POINT('',(1.425355377354,1.036700040361));
#4363 = CARTESIAN_POINT('',(1.437943104748,1.106905061461));
#4364 = CARTESIAN_POINT('',(1.453279946626,1.176133619708));
#4365 = CARTESIAN_POINT('',(1.471342098136,1.244184574561));
#4366 = CARTESIAN_POINT('',(1.492104680341,1.310851014313));
#4367 = CARTESIAN_POINT('',(1.515543221657,1.375919752305));
#4368 = CARTESIAN_POINT('',(1.541634520851,1.439171781388));
#4369 = CARTESIAN_POINT('',(1.560785158281,1.479976275221));
#4370 = CARTESIAN_POINT('',(1.570796326795,1.5));
#4371 = ( GEOMETRIC_REPRESENTATION_CONTEXT(2) 
PARAMETRIC_REPRESENTATION_CONTEXT() REPRESENTATION_CONTEXT('2D SPACE',''
  ) );
#4372 = ORIENTED_EDGE('',*,*,#4373,.F.);
#4373 = EDGE_CURVE('',#4374,#4293,#4376,.T.);
#4374 = VERTEX_POINT('',#4375);
#4375 = CARTESIAN_POINT('',(10.,-33.5,10.349206449162));
#4376 = SURFACE_CURVE('',#4377,(#4381,#4387),.PCURVE_S1.);
#4377 = LINE('',#4378,#4379);
#4378 = CARTESIAN_POINT('',(10.,-33.5,5.6));
#4379 = VECTOR('',#4380,1.);
#4380 = DIRECTION('',(-0.,-0.,-1.));
#4381 = PCURVE('',#2720,#4382);
#4382 = DEFINITIONAL_REPRESENTATION('',(#4383),#4386);
#4383 = B_SPLINE_CURVE_WITH_KNOTS('',1,(#4384,#4385),.UNSPECIFIED.,.F.,
  .F.,(2,2),(-4.749206449162,-1.),.PIECEWISE_BEZIER_KNOTS.);
#4384 = CARTESIAN_POINT('',(0.643501108793,-4.749206449162));
#4385 = CARTESIAN_POINT('',(0.643501108793,-1.));
#4386 = ( GEOMETRIC_REPRESENTATION_CONTEXT(2) 
PARAMETRIC_REPRESENTATION_CONTEXT() REPRESENTATION_CONTEXT('2D SPACE',''
  ) );
#4387 = PCURVE('',#4388,#4393);
#4388 = PLANE('',#4389);
#4389 = AXIS2_PLACEMENT_3D('',#4390,#4391,#4392);
#4390 = CARTESIAN_POINT('',(-11.5,-33.5,6.6));
#4391 = DIRECTION('',(0.,1.,0.));
#4392 = DIRECTION('',(0.,0.,1.));
#4393 = DEFINITIONAL_REPRESENTATION('',(#4394),#4397);
#4394 = B_SPLINE_CURVE_WITH_KNOTS('',1,(#4395,#4396),.UNSPECIFIED.,.F.,
  .F.,(2,2),(-8.59,-0.31),.PIECEWISE_BEZIER_KNOTS.);
#4395 = CARTESIAN_POINT('',(7.59,21.5));
#4396 = CARTESIAN_POINT('',(-0.69,21.5));
#4397 = ( GEOMETRIC_REPRESENTATION_CONTEXT(2) 
PARAMETRIC_REPRESENTATION_CONTEXT() REPRESENTATION_CONTEXT('2D SPACE',''
  ) );
#4398 = ORIENTED_EDGE('',*,*,#4399,.F.);
#4399 = EDGE_CURVE('',#3958,#4374,#4400,.T.);
#4400 = SURFACE_CURVE('',#4401,(#4453,#4526),.PCURVE_S1.);
#4401 = B_SPLINE_CURVE_WITH_KNOTS('',8,(#4402,#4403,#4404,#4405,#4406,
    #4407,#4408,#4409,#4410,#4411,#4412,#4413,#4414,#4415,#4416,#4417,
    #4418,#4419,#4420,#4421,#4422,#4423,#4424,#4425,#4426,#4427,#4428,
    #4429,#4430,#4431,#4432,#4433,#4434,#4435,#4436,#4437,#4438,#4439,
    #4440,#4441,#4442,#4443,#4444,#4445,#4446,#4447,#4448,#4449,#4450,
    #4451,#4452),.UNSPECIFIED.,.F.,.F.,(9,7,7,7,7,7,7,9),(1.,
    3.574055281967,4.150012363213,4.611556801049,4.876888110357,
    5.483003068322,6.16734950641,6.483002000963),.UNSPECIFIED.);
#4402 = CARTESIAN_POINT('',(9.05,-31.50100040032,13.5));
#4403 = CARTESIAN_POINT('',(9.05,-31.50100040032,13.182672860462));
#4404 = CARTESIAN_POINT('',(9.07018866957,-31.50180848561,12.86753394985
    ));
#4405 = CARTESIAN_POINT('',(9.11008750497,-31.50340628038,
    12.554048735276));
#4406 = CARTESIAN_POINT('',(9.169770551233,-31.50762492233,
    12.241991614793));
#4407 = CARTESIAN_POINT('',(9.249807458226,-31.51793020621,
    11.932196919588));
#4408 = CARTESIAN_POINT('',(9.350102870554,-31.53992423459,
    11.627294169062));
#4409 = CARTESIAN_POINT('',(9.469596249154,-31.58170883824,
    11.331405808577));
#4410 = CARTESIAN_POINT('',(9.63195905496,-31.67098400663,
    10.989932982923));
#4411 = CARTESIAN_POINT('',(9.662341983458,-31.68888745404,
    10.92826477904));
#4412 = CARTESIAN_POINT('',(9.693342754374,-31.70849812158,
    10.867484535733));
#4413 = CARTESIAN_POINT('',(9.724866933106,-31.72994729985,
    10.807722838921));
#4414 = CARTESIAN_POINT('',(9.756802144462,-31.75337006522,
    10.749120523513));
#4415 = CARTESIAN_POINT('',(9.789016350642,-31.7789048694,
    10.691828653288));
#4416 = CARTESIAN_POINT('',(9.821356129228,-31.8066931291,
    10.636008500781));
#4417 = CARTESIAN_POINT('',(9.879519667647,-31.86106818004,
    10.538416693576));
#4418 = CARTESIAN_POINT('',(9.905367273222,-31.88680236009,
    10.496047559579));
#4419 = CARTESIAN_POINT('',(9.931068350672,-31.91413071604,
    10.454861811919));
#4420 = CARTESIAN_POINT('',(9.956494502409,-31.94309492007,
    10.414993535501));
#4421 = CARTESIAN_POINT('',(9.981509350133,-31.9737284459,
    10.376573674907));
#4422 = CARTESIAN_POINT('',(10.00596953448,-32.00605605825,
    10.339730495928));
#4423 = CARTESIAN_POINT('',(10.029725714663,-32.04009330246,
    10.304590047079));
#4424 = CARTESIAN_POINT('',(10.065787018791,-32.09639939615,
    10.252125496779));
#4425 = CARTESIAN_POINT('',(10.078662544664,-32.11751311865,
    10.233584419105));
#4426 = CARTESIAN_POINT('',(10.091216232661,-32.13918006719,
    10.215683568178));
#4427 = CARTESIAN_POINT('',(10.103414333538,-32.16139105097,
    10.198451625011));
#4428 = CARTESIAN_POINT('',(10.115223467381,-32.18413477222,
    10.18191583773));
#4429 = CARTESIAN_POINT('',(10.126610829102,-32.20739781582,
    10.166102087729));
#4430 = CARTESIAN_POINT('',(10.137544393942,-32.23116463888,
    10.151034955829));
#4431 = CARTESIAN_POINT('',(10.171861889012,-32.31082021331,
    10.104077764156));
#4432 = CARTESIAN_POINT('',(10.193211279008,-32.36878408507,
    10.075420890884));
#4433 = CARTESIAN_POINT('',(10.211634159228,-32.42902632085,
    10.051098214684));
#4434 = CARTESIAN_POINT('',(10.226770617378,-32.49118883555,
    10.031371692873));
#4435 = CARTESIAN_POINT('',(10.238330251942,-32.55485066297,
    10.016438679596));
#4436 = CARTESIAN_POINT('',(10.246108928072,-32.61954250234,
    10.006433892866));
#4437 = CARTESIAN_POINT('',(10.25,-32.68476346195,10.001428863093));
#4438 = CARTESIAN_POINT('',(10.25,-32.82365664195,10.001428863093));
#4439 = CARTESIAN_POINT('',(10.245039994365,-32.8972781394,
    10.007809027303));
#4440 = CARTESIAN_POINT('',(10.23512698907,-32.9701354791,
    10.020558472927));
#4441 = CARTESIAN_POINT('',(10.220436286398,-33.04151244709,
    10.039559346341));
#4442 = CARTESIAN_POINT('',(10.201296645167,-33.11075143299,
    10.064595667613));
#4443 = CARTESIAN_POINT('',(10.178167491155,-33.17728568923,
    10.095354747929));
#4444 = CARTESIAN_POINT('',(10.151608177719,-33.24065804525,
    10.131421179937));
#4445 = CARTESIAN_POINT('',(10.10869299892,-33.32814000498,
    10.191101738213));
#4446 = CARTESIAN_POINT('',(10.094543912039,-33.35501882524,
    10.21096323905));
#4447 = CARTESIAN_POINT('',(10.079845025819,-33.38114262966,
    10.231807236354));
#4448 = CARTESIAN_POINT('',(10.064650243797,-33.40649527251,
    10.25359124229));
#4449 = CARTESIAN_POINT('',(10.049013986637,-33.43106431681,
    10.276270815801));
#4450 = CARTESIAN_POINT('',(10.032990795565,-33.45484098098,
    10.299799430049));
#4451 = CARTESIAN_POINT('',(10.016634935803,-33.47782008559,
    10.324128339858));
#4452 = CARTESIAN_POINT('',(10.,-33.5,10.349206449162));
#4453 = PCURVE('',#2720,#4454);
#4454 = DEFINITIONAL_REPRESENTATION('',(#4455),#4525);
#4455 = B_SPLINE_CURVE_WITH_KNOTS('',3,(#4456,#4457,#4458,#4459,#4460,
    #4461,#4462,#4463,#4464,#4465,#4466,#4467,#4468,#4469,#4470,#4471,
    #4472,#4473,#4474,#4475,#4476,#4477,#4478,#4479,#4480,#4481,#4482,
    #4483,#4484,#4485,#4486,#4487,#4488,#4489,#4490,#4491,#4492,#4493,
    #4494,#4495,#4496,#4497,#4498,#4499,#4500,#4501,#4502,#4503,#4504,
    #4505,#4506,#4507,#4508,#4509,#4510,#4511,#4512,#4513,#4514,#4515,
    #4516,#4517,#4518,#4519,#4520,#4521,#4522,#4523,#4524),
  .UNSPECIFIED.,.F.,.F.,(4,1,1,1,1,1,1,1,1,1,1,1,1,1,1,1,1,1,1,1,1,1,1,1
    ,1,1,1,1,1,1,1,1,1,1,1,1,1,1,1,1,1,1,1,1,1,1,1,1,1,1,1,1,1,1,1,1,1,1
    ,1,1,1,1,1,1,1,1,4),(1.,1.083075787893,1.166151575787,1.24922736368,
    1.332303151573,1.415378939467,1.49845472736,1.581530515254,
    1.664606303147,1.74768209104,1.830757878934,1.913833666827,
    1.99690945472,2.079985242614,2.163061030507,2.246136818401,
    2.329212606294,2.412288394187,2.495364182081,2.578439969974,
    2.661515757867,2.744591545761,2.827667333654,2.910743121548,
    2.993818909441,3.076894697334,3.159970485228,3.243046273121,
    3.326122061014,3.409197848908,3.492273636801,3.575349424695,
    3.658425212588,3.741501000481,3.824576788375,3.907652576268,
    3.990728364161,4.073804152055,4.156879939948,4.239955727842,
    4.323031515735,4.406107303628,4.489183091522,4.572258879415,
    4.655334667308,4.738410455202,4.821486243095,4.904562030989,
    4.987637818882,5.070713606775,5.153789394669,5.236865182562,
    5.319940970455,5.403016758349,5.486092546242,5.569168334135,
    5.652244122029,5.735319909922,5.818395697816,5.901471485709,
    5.984547273602,6.067623061496,6.150698849389,6.233774637282,
    6.316850425176,6.399926213069,6.483002000963),
  .QUASI_UNIFORM_KNOTS.);
#4456 = CARTESIAN_POINT('',(-1.530785652441,-7.9));
#4457 = CARTESIAN_POINT('',(-1.530785578013,-7.872689382351));
#4458 = CARTESIAN_POINT('',(-1.530471426094,-7.818110454132));
#4459 = CARTESIAN_POINT('',(-1.52906108032,-7.736364095994));
#4460 = CARTESIAN_POINT('',(-1.526714853613,-7.654734540913));
#4461 = CARTESIAN_POINT('',(-1.523434773078,-7.573217762067));
#4462 = CARTESIAN_POINT('',(-1.519222102476,-7.491810740482));
#4463 = CARTESIAN_POINT('',(-1.514077254988,-7.410511731457));
#4464 = CARTESIAN_POINT('',(-1.507999849689,-7.32932040131));
#4465 = CARTESIAN_POINT('',(-1.500988728362,-7.248237992504));
#4466 = CARTESIAN_POINT('',(-1.493041980081,-7.167267474345));
#4467 = CARTESIAN_POINT('',(-1.484156959329,-7.086413690561));
#4468 = CARTESIAN_POINT('',(-1.474330300121,-7.005683500839));
#4469 = CARTESIAN_POINT('',(-1.463557924252,-6.925085917474));
#4470 = CARTESIAN_POINT('',(-1.451835043162,-6.844632237482));
#4471 = CARTESIAN_POINT('',(-1.439156152659,-6.76433617102));
#4472 = CARTESIAN_POINT('',(-1.425515019952,-6.684213967089));
#4473 = CARTESIAN_POINT('',(-1.410904662533,-6.604284537747));
#4474 = CARTESIAN_POINT('',(-1.395317318482,-6.524569582262));
#4475 = CARTESIAN_POINT('',(-1.378744407857,-6.445093712851));
#4476 = CARTESIAN_POINT('',(-1.361176484833,-6.365884583896));
#4477 = CARTESIAN_POINT('',(-1.342603180193,-6.286973026679));
#4478 = CARTESIAN_POINT('',(-1.32301313378,-6.208393192042));
#4479 = CARTESIAN_POINT('',(-1.302393916183,-6.130182703181));
#4480 = CARTESIAN_POINT('',(-1.280731939334,-6.052382822419));
#4481 = CARTESIAN_POINT('',(-1.258012353129,-5.975038630856));
#4482 = CARTESIAN_POINT('',(-1.234218933125,-5.89819923915));
#4483 = CARTESIAN_POINT('',(-1.209333932746,-5.82191797659));
#4484 = CARTESIAN_POINT('',(-1.183337988686,-5.746252771917));
#4485 = CARTESIAN_POINT('',(-1.156209734736,-5.671265946541));
#4486 = CARTESIAN_POINT('',(-1.127926392903,-5.597026347086));
#4487 = CARTESIAN_POINT('',(-1.098460583624,-5.523602913174));
#4488 = CARTESIAN_POINT('',(-1.067791084558,-5.451090395386));
#4489 = CARTESIAN_POINT('',(-1.035861307896,-5.379515230318));
#4490 = CARTESIAN_POINT('',(-1.002623246869,-5.30894968798));
#4491 = CARTESIAN_POINT('',(-0.968057272288,-5.239540575178));
#4492 = CARTESIAN_POINT('',(-0.932134495503,-5.171424133218));
#4493 = CARTESIAN_POINT('',(-0.89482621706,-5.104749031965));
#4494 = CARTESIAN_POINT('',(-0.856099824218,-5.039669445245));
#4495 = CARTESIAN_POINT('',(-0.815920971991,-4.976349704551));
#4496 = CARTESIAN_POINT('',(-0.77424310374,-4.914952259654));
#4497 = CARTESIAN_POINT('',(-0.73108003128,-4.855740347171));
#4498 = CARTESIAN_POINT('',(-0.686449702847,-4.79897536592));
#4499 = CARTESIAN_POINT('',(-0.640367028016,-4.744911709442));
#4500 = CARTESIAN_POINT('',(-0.592848772944,-4.693802843193));
#4501 = CARTESIAN_POINT('',(-0.543893840154,-4.645885679028));
#4502 = CARTESIAN_POINT('',(-0.493590454824,-4.601478583045));
#4503 = CARTESIAN_POINT('',(-0.442025784698,-4.560870698901));
#4504 = CARTESIAN_POINT('',(-0.389285490884,-4.524326306485));
#4505 = CARTESIAN_POINT('',(-0.335448478703,-4.492086259917));
#4506 = CARTESIAN_POINT('',(-0.280665837145,-4.464407823411));
#4507 = CARTESIAN_POINT('',(-0.22508582821,-4.441503163586));
#4508 = CARTESIAN_POINT('',(-0.168860845807,-4.423547515108));
#4509 = CARTESIAN_POINT('',(-0.112144640754,-4.410677735991));
#4510 = CARTESIAN_POINT('',(-5.509629887973E-02,-4.402992947005));
#4511 = CARTESIAN_POINT('',(2.13035974206E-03,-4.400554425213));
#4512 = CARTESIAN_POINT('',(5.934361815973E-02,-4.403384375709));
#4513 = CARTESIAN_POINT('',(0.11636166595,-4.411455104934));
#4514 = CARTESIAN_POINT('',(0.173032238834,-4.424701698315));
#4515 = CARTESIAN_POINT('',(0.229199638701,-4.443022294558));
#4516 = CARTESIAN_POINT('',(0.284713349066,-4.466278583475));
#4517 = CARTESIAN_POINT('',(0.339425226726,-4.494295647039));
#4518 = CARTESIAN_POINT('',(0.393189976114,-4.526861328869));
#4519 = CARTESIAN_POINT('',(0.445863555941,-4.563725271722));
#4520 = CARTESIAN_POINT('',(0.497306834041,-4.604596879409));
#4521 = CARTESIAN_POINT('',(0.547479553173,-4.649236867052));
#4522 = CARTESIAN_POINT('',(0.59631304931,-4.697374371884));
#4523 = CARTESIAN_POINT('',(0.627934551348,-4.731604330096));
#4524 = CARTESIAN_POINT('',(0.643501108793,-4.749206449162));
#4525 = ( GEOMETRIC_REPRESENTATION_CONTEXT(2) 
PARAMETRIC_REPRESENTATION_CONTEXT() REPRESENTATION_CONTEXT('2D SPACE',''
  ) );
#4526 = PCURVE('',#3999,#4527);
#4527 = DEFINITIONAL_REPRESENTATION('',(#4528),#4598);
#4528 = B_SPLINE_CURVE_WITH_KNOTS('',3,(#4529,#4530,#4531,#4532,#4533,
    #4534,#4535,#4536,#4537,#4538,#4539,#4540,#4541,#4542,#4543,#4544,
    #4545,#4546,#4547,#4548,#4549,#4550,#4551,#4552,#4553,#4554,#4555,
    #4556,#4557,#4558,#4559,#4560,#4561,#4562,#4563,#4564,#4565,#4566,
    #4567,#4568,#4569,#4570,#4571,#4572,#4573,#4574,#4575,#4576,#4577,
    #4578,#4579,#4580,#4581,#4582,#4583,#4584,#4585,#4586,#4587,#4588,
    #4589,#4590,#4591,#4592,#4593,#4594,#4595,#4596,#4597),
  .UNSPECIFIED.,.F.,.F.,(4,1,1,1,1,1,1,1,1,1,1,1,1,1,1,1,1,1,1,1,1,1,1,1
    ,1,1,1,1,1,1,1,1,1,1,1,1,1,1,1,1,1,1,1,1,1,1,1,1,1,1,1,1,1,1,1,1,1,1
    ,1,1,1,1,1,1,1,1,4),(1.,1.083075787893,1.166151575787,1.24922736368,
    1.332303151573,1.415378939467,1.49845472736,1.581530515254,
    1.664606303147,1.74768209104,1.830757878934,1.913833666827,
    1.99690945472,2.079985242614,2.163061030507,2.246136818401,
    2.329212606294,2.412288394187,2.495364182081,2.578439969974,
    2.661515757867,2.744591545761,2.827667333654,2.910743121548,
    2.993818909441,3.076894697334,3.159970485228,3.243046273121,
    3.326122061014,3.409197848908,3.492273636801,3.575349424695,
    3.658425212588,3.741501000481,3.824576788375,3.907652576268,
    3.990728364161,4.073804152055,4.156879939948,4.239955727842,
    4.323031515735,4.406107303628,4.489183091522,4.572258879415,
    4.655334667308,4.738410455202,4.821486243095,4.904562030989,
    4.987637818882,5.070713606775,5.153789394669,5.236865182562,
    5.319940970455,5.403016758349,5.486092546242,5.569168334135,
    5.652244122029,5.735319909922,5.818395697816,5.901471485709,
    5.984547273602,6.067623061496,6.150698849389,6.233774637282,
    6.316850425176,6.399926213069,6.483002000963),
  .QUASI_UNIFORM_KNOTS.);
#4529 = CARTESIAN_POINT('',(-3.14159265359,-2.99899959968));
#4530 = CARTESIAN_POINT('',(-3.136801318708,-2.998999322707));
#4531 = CARTESIAN_POINT('',(-3.127226065178,-2.998984109325));
#4532 = CARTESIAN_POINT('',(-3.112881639866,-2.998912188667));
#4533 = CARTESIAN_POINT('',(-3.098551809718,-2.998787342493));
#4534 = CARTESIAN_POINT('',(-3.084232946275,-2.99860120517));
#4535 = CARTESIAN_POINT('',(-3.069921602948,-2.998342455577));
#4536 = CARTESIAN_POINT('',(-3.055614558386,-2.997996396667));
#4537 = CARTESIAN_POINT('',(-3.041308834898,-2.997545057158));
#4538 = CARTESIAN_POINT('',(-3.027001723559,-2.996967139273));
#4539 = CARTESIAN_POINT('',(-3.012690807609,-2.996237994823));
#4540 = CARTESIAN_POINT('',(-2.998373986502,-2.995329581863));
#4541 = CARTESIAN_POINT('',(-2.984049500114,-2.994210415678));
#4542 = CARTESIAN_POINT('',(-2.969715953447,-2.992845511329));
#4543 = CARTESIAN_POINT('',(-2.955372341969,-2.991196319296));
#4544 = CARTESIAN_POINT('',(-2.941018077862,-2.989220654528));
#4545 = CARTESIAN_POINT('',(-2.926653017475,-2.986872619468));
#4546 = CARTESIAN_POINT('',(-2.912277490326,-2.984102521449));
#4547 = CARTESIAN_POINT('',(-2.897892330084,-2.980856784822));
#4548 = CARTESIAN_POINT('',(-2.883498908006,-2.977077858113));
#4549 = CARTESIAN_POINT('',(-2.869099169363,-2.972704116424));
#4550 = CARTESIAN_POINT('',(-2.854695673488,-2.967669759242));
#4551 = CARTESIAN_POINT('',(-2.840291638116,-2.961904703751));
#4552 = CARTESIAN_POINT('',(-2.825890988742,-2.955334473612));
#4553 = CARTESIAN_POINT('',(-2.811498414013,-2.947880083433));
#4554 = CARTESIAN_POINT('',(-2.797119427276,-2.939457917779));
#4555 = CARTESIAN_POINT('',(-2.782760438184,-2.929979608488));
#4556 = CARTESIAN_POINT('',(-2.768428824462,-2.919351895273));
#4557 = CARTESIAN_POINT('',(-2.754133045731,-2.907476524498));
#4558 = CARTESIAN_POINT('',(-2.739882648345,-2.894249979733));
#4559 = CARTESIAN_POINT('',(-2.725688730597,-2.879563812501));
#4560 = CARTESIAN_POINT('',(-2.711562749311,-2.86330270333));
#4561 = CARTESIAN_POINT('',(-2.697521582191,-2.845350961156));
#4562 = CARTESIAN_POINT('',(-2.683569303086,-2.82556747866));
#4563 = CARTESIAN_POINT('',(-2.669719176732,-2.80380862569));
#4564 = CARTESIAN_POINT('',(-2.655999773445,-2.779945555516));
#4565 = CARTESIAN_POINT('',(-2.642438530617,-2.753841952511));
#4566 = CARTESIAN_POINT('',(-2.629066333371,-2.72536036722));
#4567 = CARTESIAN_POINT('',(-2.615916267215,-2.694360161474));
#4568 = CARTESIAN_POINT('',(-2.603024679435,-2.660700425916));
#4569 = CARTESIAN_POINT('',(-2.590428787139,-2.624231229321));
#4570 = CARTESIAN_POINT('',(-2.578187990456,-2.584860765277));
#4571 = CARTESIAN_POINT('',(-2.566363334981,-2.542515603197));
#4572 = CARTESIAN_POINT('',(-2.555016298814,-2.497135069326));
#4573 = CARTESIAN_POINT('',(-2.544209989105,-2.448678528256));
#4574 = CARTESIAN_POINT('',(-2.534005667625,-2.397105764383));
#4575 = CARTESIAN_POINT('',(-2.524483559259,-2.342494974152));
#4576 = CARTESIAN_POINT('',(-2.515719258152,-2.284957022326));
#4577 = CARTESIAN_POINT('',(-2.507784072942,-2.224634251511));
#4578 = CARTESIAN_POINT('',(-2.500744761373,-2.161693568715));
#4579 = CARTESIAN_POINT('',(-2.494671687721,-2.096420438043));
#4580 = CARTESIAN_POINT('',(-2.489624826963,-2.029133147329));
#4581 = CARTESIAN_POINT('',(-2.485654751477,-1.960186275007));
#4582 = CARTESIAN_POINT('',(-2.482801670463,-1.889962757009));
#4583 = CARTESIAN_POINT('',(-2.481095016872,-1.818873074387));
#4584 = CARTESIAN_POINT('',(-2.480552996519,-1.74733559595));
#4585 = CARTESIAN_POINT('',(-2.481181997987,-1.67582360605));
#4586 = CARTESIAN_POINT('',(-2.482974182295,-1.604797607114));
#4587 = CARTESIAN_POINT('',(-2.485910314159,-1.534672970486));
#4588 = CARTESIAN_POINT('',(-2.489960158593,-1.465854397751));
#4589 = CARTESIAN_POINT('',(-2.495083036044,-1.398718950768));
#4590 = CARTESIAN_POINT('',(-2.501228336244,-1.333614086062));
#4591 = CARTESIAN_POINT('',(-2.508336027553,-1.270852346451));
#4592 = CARTESIAN_POINT('',(-2.516337164377,-1.210709662759));
#4593 = CARTESIAN_POINT('',(-2.525154285111,-1.153417801351));
#4594 = CARTESIAN_POINT('',(-2.534721679558,-1.099062574112));
#4595 = CARTESIAN_POINT('',(-2.544967649929,-1.047735143095));
#4596 = CARTESIAN_POINT('',(-2.552201541882,-1.015564173648));
#4597 = CARTESIAN_POINT('',(-2.555907110133,-1.));
#4598 = ( GEOMETRIC_REPRESENTATION_CONTEXT(2) 
PARAMETRIC_REPRESENTATION_CONTEXT() REPRESENTATION_CONTEXT('2D SPACE',''
  ) );
#4599 = ORIENTED_EDGE('',*,*,#3957,.F.);
#4600 = ORIENTED_EDGE('',*,*,#2707,.T.);
#4601 = ORIENTED_EDGE('',*,*,#3018,.T.);
#4602 = FACE_BOUND('',#4603,.T.);
#4603 = EDGE_LOOP('',(#4604));
#4604 = ORIENTED_EDGE('',*,*,#4605,.T.);
#4605 = EDGE_CURVE('',#4606,#4606,#4608,.T.);
#4606 = VERTEX_POINT('',#4607);
#4607 = CARTESIAN_POINT('',(9.85,-31.833484861,9.));
#4608 = SURFACE_CURVE('',#4609,(#4692,#4778),.PCURVE_S1.);
#4609 = B_SPLINE_CURVE_WITH_KNOTS('',6,(#4610,#4611,#4612,#4613,#4614,
    #4615,#4616,#4617,#4618,#4619,#4620,#4621,#4622,#4623,#4624,#4625,
    #4626,#4627,#4628,#4629,#4630,#4631,#4632,#4633,#4634,#4635,#4636,
    #4637,#4638,#4639,#4640,#4641,#4642,#4643,#4644,#4645,#4646,#4647,
    #4648,#4649,#4650,#4651,#4652,#4653,#4654,#4655,#4656,#4657,#4658,
    #4659,#4660,#4661,#4662,#4663,#4664,#4665,#4666,#4667,#4668,#4669,
    #4670,#4671,#4672,#4673,#4674,#4675,#4676,#4677,#4678,#4679,#4680,
    #4681,#4682,#4683,#4684,#4685,#4686,#4687,#4688,#4689,#4690,#4691),
  .UNSPECIFIED.,.T.,.F.,(7,5,5,5,5,5,5,5,5,5,5,5,5,5,5,5,7),(0.,
    5.028941794818E-02,0.112358172069,0.183009392598,0.249851653189,
    0.316695830732,0.387160794749,0.449626773553,0.499700282875,
    0.531664523414,0.612067468328,0.682826381652,0.749770529087,
    0.816716596397,0.887288969301,0.949850164237,1.),.UNSPECIFIED.);
#4610 = CARTESIAN_POINT('',(9.85,-31.833484861,9.));
#4611 = CARTESIAN_POINT('',(9.85,-31.833484861,8.954972600679));
#4612 = CARTESIAN_POINT('',(9.847137705111,-31.83083032332,
    8.910061061531));
#4613 = CARTESIAN_POINT('',(9.841440665584,-31.82554660721,
    8.865504576079));
#4614 = CARTESIAN_POINT('',(9.83296563683,-31.81781165607,8.821554478445
    ));
#4615 = CARTESIAN_POINT('',(9.82181073945,-31.80795665739,8.778506652176
    ));
#4616 = CARTESIAN_POINT('',(9.791390267525,-31.78217424026,
    8.685127316788));
#4617 = CARTESIAN_POINT('',(9.770799552754,-31.7653335,8.635336743913));
#4618 = CARTESIAN_POINT('',(9.746623679776,-31.74653995042,
    8.587461780596));
#4619 = CARTESIAN_POINT('',(9.719009791279,-31.72645262906,
    8.541666734335));
#4620 = CARTESIAN_POINT('',(9.68810403105,-31.70567684038,8.498145724784
    ));
#4621 = CARTESIAN_POINT('',(9.615260418856,-31.66095219698,
    8.410389432246));
#4622 = CARTESIAN_POINT('',(9.572278037692,-31.63689394807,
    8.366755152249));
#4623 = CARTESIAN_POINT('',(9.525260301169,-31.61340583852,
    8.326564965941));
#4624 = CARTESIAN_POINT('',(9.474381441171,-31.59123319126,
    8.290217092703));
#4625 = CARTESIAN_POINT('',(9.419845586795,-31.57106275534,
    8.258158294828));
#4626 = CARTESIAN_POINT('',(9.307102512245,-31.53695958822,8.20510543099
    ));
#4627 = CARTESIAN_POINT('',(9.249156876449,-31.52272044413,
    8.183563419305));
#4628 = CARTESIAN_POINT('',(9.188712415835,-31.51151528875,
    8.166934793527));
#4629 = CARTESIAN_POINT('',(9.126508554884,-31.50385119503,
    8.155663374279));
#4630 = CARTESIAN_POINT('',(9.063336953054,-31.5,8.15));
#4631 = CARTESIAN_POINT('',(8.936661230521,-31.5,8.15));
#4632 = CARTESIAN_POINT('',(8.873490320368,-31.50385141868,
    8.155663698047));
#4633 = CARTESIAN_POINT('',(8.811288306155,-31.51151537258,
    8.166934928406));
#4634 = CARTESIAN_POINT('',(8.750845457922,-31.52272003469,
    8.183562826408));
#4635 = CARTESIAN_POINT('',(8.692899912871,-31.53695885465,
    8.205104289817));
#4636 = CARTESIAN_POINT('',(8.58030624195,-31.57101682932,8.258086849643
    ));
#4637 = CARTESIAN_POINT('',(8.525905043857,-31.59112730698,
    8.290048799897));
#4638 = CARTESIAN_POINT('',(8.475141284797,-31.6132309533,8.326278326169
    ));
#4639 = CARTESIAN_POINT('',(8.428217279821,-31.63664665785,
    8.366332115353));
#4640 = CARTESIAN_POINT('',(8.385305765186,-31.66063547423,
    8.409815126358));
#4641 = CARTESIAN_POINT('',(8.312241373587,-31.70543783016,
    8.497635652681));
#4642 = CARTESIAN_POINT('',(8.281107431542,-31.72635550403,
    8.541418720641));
#4643 = CARTESIAN_POINT('',(8.253307200134,-31.74657935677,
    8.587506258151));
#4644 = CARTESIAN_POINT('',(8.228989793716,-31.76549230936,
    8.635699984994));
#4645 = CARTESIAN_POINT('',(8.208305013067,-31.78242207055,
    8.685832259263));
#4646 = CARTESIAN_POINT('',(8.177953059675,-31.8081654023,8.779420726503
    ));
#4647 = CARTESIAN_POINT('',(8.166890824392,-31.81794265592,
    8.822300506848));
#4648 = CARTESIAN_POINT('',(8.15848683706,-31.82561384638,8.866072166587
    ));
#4649 = CARTESIAN_POINT('',(8.152837913983,-31.83085293391,
    8.910443195453));
#4650 = CARTESIAN_POINT('',(8.15,-31.833484861,8.955164783754));
#4651 = CARTESIAN_POINT('',(8.15,-31.833484861,9.028620395416));
#4652 = CARTESIAN_POINT('',(8.151156427636,-31.83241250983,
    9.057225233609));
#4653 = CARTESIAN_POINT('',(8.153466866057,-31.83026932551,9.08573997556
    ));
#4654 = CARTESIAN_POINT('',(8.156920783687,-31.82708686032,
    9.114084192622));
#4655 = CARTESIAN_POINT('',(8.161496160094,-31.82292453411,
    9.142172394138));
#4656 = CARTESIAN_POINT('',(8.181393171185,-31.80514690754,
    9.239698323075));
#4657 = CARTESIAN_POINT('',(8.20241095272,-31.78683718162,9.306895152161
    ));
#4658 = CARTESIAN_POINT('',(8.229710165854,-31.76419336141,
    9.371275934431));
#4659 = CARTESIAN_POINT('',(8.262999436793,-31.73870997516,
    9.432427923544));
#4660 = CARTESIAN_POINT('',(8.301900376624,-31.71181395095,9.48981236656
    ));
#4661 = CARTESIAN_POINT('',(8.384739581144,-31.66095219698,
    9.589610567754));
#4662 = CARTESIAN_POINT('',(8.427721962308,-31.63689394807,
    9.633244847751));
#4663 = CARTESIAN_POINT('',(8.474739698831,-31.61340583852,
    9.673435034059));
#4664 = CARTESIAN_POINT('',(8.525618558829,-31.59123319126,
    9.709782907297));
#4665 = CARTESIAN_POINT('',(8.580154413205,-31.57106275534,
    9.741841705172));
#4666 = CARTESIAN_POINT('',(8.692897487755,-31.53695958822,9.79489456901
    ));
#4667 = CARTESIAN_POINT('',(8.750843123551,-31.52272044413,
    9.816436580695));
#4668 = CARTESIAN_POINT('',(8.811287584165,-31.51151528875,
    9.833065206473));
#4669 = CARTESIAN_POINT('',(8.873491445116,-31.50385119503,
    9.844336625721));
#4670 = CARTESIAN_POINT('',(8.936663046946,-31.5,9.85));
#4671 = CARTESIAN_POINT('',(9.063338769479,-31.5,9.85));
#4672 = CARTESIAN_POINT('',(9.126509679631,-31.50385141868,
    9.844336301953));
#4673 = CARTESIAN_POINT('',(9.188711693846,-31.51151537258,
    9.833065071594));
#4674 = CARTESIAN_POINT('',(9.249154542078,-31.52272003469,
    9.816437173592));
#4675 = CARTESIAN_POINT('',(9.307100087129,-31.53695885465,
    9.794895710183));
#4676 = CARTESIAN_POINT('',(9.41969375805,-31.57101682932,9.741913150357
    ));
#4677 = CARTESIAN_POINT('',(9.474094956143,-31.59112730698,
    9.709951200103));
#4678 = CARTESIAN_POINT('',(9.524858715203,-31.6132309533,9.673721673831
    ));
#4679 = CARTESIAN_POINT('',(9.571782720179,-31.63664665785,
    9.633667884648));
#4680 = CARTESIAN_POINT('',(9.614694234814,-31.66063547423,
    9.590184873642));
#4681 = CARTESIAN_POINT('',(9.687758626413,-31.70543783016,
    9.502364347319));
#4682 = CARTESIAN_POINT('',(9.718892568458,-31.72635550403,
    9.458581279359));
#4683 = CARTESIAN_POINT('',(9.746692799866,-31.74657935677,
    9.412493741849));
#4684 = CARTESIAN_POINT('',(9.771010206284,-31.76549230936,
    9.364300015006));
#4685 = CARTESIAN_POINT('',(9.791694986933,-31.78242207055,
    9.314167740737));
#4686 = CARTESIAN_POINT('',(9.822046940325,-31.8081654023,9.220579273498
    ));
#4687 = CARTESIAN_POINT('',(9.833109175608,-31.81794265592,
    9.177699493151));
#4688 = CARTESIAN_POINT('',(9.84151316294,-31.82561384638,9.133927833414
    ));
#4689 = CARTESIAN_POINT('',(9.847162086017,-31.83085293391,
    9.089556804547));
#4690 = CARTESIAN_POINT('',(9.85,-31.833484861,9.044835216246));
#4691 = CARTESIAN_POINT('',(9.85,-31.833484861,9.));
#4692 = PCURVE('',#2720,#4693);
#4693 = DEFINITIONAL_REPRESENTATION('',(#4694),#4777);
#4694 = B_SPLINE_CURVE_WITH_KNOTS('',6,(#4695,#4696,#4697,#4698,#4699,
    #4700,#4701,#4702,#4703,#4704,#4705,#4706,#4707,#4708,#4709,#4710,
    #4711,#4712,#4713,#4714,#4715,#4716,#4717,#4718,#4719,#4720,#4721,
    #4722,#4723,#4724,#4725,#4726,#4727,#4728,#4729,#4730,#4731,#4732,
    #4733,#4734,#4735,#4736,#4737,#4738,#4739,#4740,#4741,#4742,#4743,
    #4744,#4745,#4746,#4747,#4748,#4749,#4750,#4751,#4752,#4753,#4754,
    #4755,#4756,#4757,#4758,#4759,#4760,#4761,#4762,#4763,#4764,#4765,
    #4766,#4767,#4768,#4769,#4770,#4771,#4772,#4773,#4774,#4775,#4776),
  .UNSPECIFIED.,.T.,.F.,(7,5,5,5,5,5,5,5,5,5,5,5,5,5,5,5,7),(0.,
    5.028941794818E-02,0.112358172069,0.183009392598,0.249851653189,
    0.316695830732,0.387160794749,0.449626773553,0.499700282875,
    0.531664523414,0.612067468328,0.682826381652,0.749770529087,
    0.816716596397,0.887288969301,0.949850164237,1.),.UNSPECIFIED.);
#4695 = CARTESIAN_POINT('',(-0.823033692135,-3.4));
#4696 = CARTESIAN_POINT('',(-0.823033692135,-3.354972600679));
#4697 = CARTESIAN_POINT('',(-0.82615665891,-3.310061061531));
#4698 = CARTESIAN_POINT('',(-0.832372886265,-3.265504576079));
#4699 = CARTESIAN_POINT('',(-0.841551461937,-3.221554478445));
#4700 = CARTESIAN_POINT('',(-0.853456623075,-3.178506652176));
#4701 = CARTESIAN_POINT('',(-0.885357852093,-3.085127316788));
#4702 = CARTESIAN_POINT('',(-0.906635031091,-3.035336743913));
#4703 = CARTESIAN_POINT('',(-0.931120030374,-2.987461780596));
#4704 = CARTESIAN_POINT('',(-0.958412828891,-2.941666734335));
#4705 = CARTESIAN_POINT('',(-0.988179374834,-2.898145724784));
#4706 = CARTESIAN_POINT('',(-1.056561761173,-2.810389432246));
#4707 = CARTESIAN_POINT('',(-1.095935638164,-2.766755152249));
#4708 = CARTESIAN_POINT('',(-1.137908363527,-2.726564965941));
#4709 = CARTESIAN_POINT('',(-1.182208281375,-2.690217092703));
#4710 = CARTESIAN_POINT('',(-1.228640193173,-2.658158294828));
#4711 = CARTESIAN_POINT('',(-1.322870640455,-2.60510543099));
#4712 = CARTESIAN_POINT('',(-1.370539828403,-2.583563419305));
#4713 = CARTESIAN_POINT('',(-1.419592450198,-2.566934793527));
#4714 = CARTESIAN_POINT('',(-1.469589424641,-2.555663374279));
#4715 = CARTESIAN_POINT('',(-1.520126764351,-2.55));
#4716 = CARTESIAN_POINT('',(-1.621467342378,-2.55));
#4717 = CARTESIAN_POINT('',(-1.672004130455,-2.555663698047));
#4718 = CARTESIAN_POINT('',(-1.721999642575,-2.566934928406));
#4719 = CARTESIAN_POINT('',(-1.771050945486,-2.583562826408));
#4720 = CARTESIAN_POINT('',(-1.818719986228,-2.605104289817));
#4721 = CARTESIAN_POINT('',(-1.91282556224,-2.658086849643));
#4722 = CARTESIAN_POINT('',(-1.959140478091,-2.690048799897));
#4723 = CARTESIAN_POINT('',(-2.003334669019,-2.726278326169));
#4724 = CARTESIAN_POINT('',(-2.045214899239,-2.766332115353));
#4725 = CARTESIAN_POINT('',(-2.084512313508,-2.809815126358));
#4726 = CARTESIAN_POINT('',(-2.153077757477,-2.897635652681));
#4727 = CARTESIAN_POINT('',(-2.183058547876,-2.941418720641));
#4728 = CARTESIAN_POINT('',(-2.210535620562,-2.987506258151));
#4729 = CARTESIAN_POINT('',(-2.235168459289,-3.035699984994));
#4730 = CARTESIAN_POINT('',(-2.256548957455,-3.085832259263));
#4731 = CARTESIAN_POINT('',(-2.288388155477,-3.179420726503));
#4732 = CARTESIAN_POINT('',(-2.300196642048,-3.222300506848));
#4733 = CARTESIAN_POINT('',(-2.309298874373,-3.266072166587));
#4734 = CARTESIAN_POINT('',(-2.315462594811,-3.310443195453));
#4735 = CARTESIAN_POINT('',(-2.318558961455,-3.355164783754));
#4736 = CARTESIAN_POINT('',(-2.318558961455,-3.428620395416));
#4737 = CARTESIAN_POINT('',(-2.317297288676,-3.457225233609));
#4738 = CARTESIAN_POINT('',(-2.314776128181,-3.48573997556));
#4739 = CARTESIAN_POINT('',(-2.311018947397,-3.514084192622));
#4740 = CARTESIAN_POINT('',(-2.306070824812,-3.542172394138));
#4741 = CARTESIAN_POINT('',(-2.284725135868,-3.639698323075));
#4742 = CARTESIAN_POINT('',(-2.262427283913,-3.706895152161));
#4743 = CARTESIAN_POINT('',(-2.234065064401,-3.771275934431));
#4744 = CARTESIAN_POINT('',(-2.200575795836,-3.832427923544));
#4745 = CARTESIAN_POINT('',(-2.162796702167,-3.88981236656));
#4746 = CARTESIAN_POINT('',(-2.085030892417,-3.989610567754));
#4747 = CARTESIAN_POINT('',(-2.045657015426,-4.033244847751));
#4748 = CARTESIAN_POINT('',(-2.003684290063,-4.073435034059));
#4749 = CARTESIAN_POINT('',(-1.959384372214,-4.109782907297));
#4750 = CARTESIAN_POINT('',(-1.912952460417,-4.141841705172));
#4751 = CARTESIAN_POINT('',(-1.818722013135,-4.19489456901));
#4752 = CARTESIAN_POINT('',(-1.771052825187,-4.216436580695));
#4753 = CARTESIAN_POINT('',(-1.722000203391,-4.233065206473));
#4754 = CARTESIAN_POINT('',(-1.672003228949,-4.244336625721));
#4755 = CARTESIAN_POINT('',(-1.621465889238,-4.25));
#4756 = CARTESIAN_POINT('',(-1.520125311212,-4.25));
#4757 = CARTESIAN_POINT('',(-1.469588523135,-4.244336301953));
#4758 = CARTESIAN_POINT('',(-1.419593011014,-4.233065071594));
#4759 = CARTESIAN_POINT('',(-1.370541708104,-4.216437173592));
#4760 = CARTESIAN_POINT('',(-1.322872667361,-4.194895710183));
#4761 = CARTESIAN_POINT('',(-1.228767091349,-4.141913150357));
#4762 = CARTESIAN_POINT('',(-1.182452175498,-4.109951200103));
#4763 = CARTESIAN_POINT('',(-1.138257984571,-4.073721673831));
#4764 = CARTESIAN_POINT('',(-1.096377754351,-4.033667884648));
#4765 = CARTESIAN_POINT('',(-1.057080340082,-3.990184873642));
#4766 = CARTESIAN_POINT('',(-0.988514896113,-3.902364347319));
#4767 = CARTESIAN_POINT('',(-0.958534105713,-3.858581279359));
#4768 = CARTESIAN_POINT('',(-0.931057033028,-3.812493741849));
#4769 = CARTESIAN_POINT('',(-0.906424194301,-3.764300015006));
#4770 = CARTESIAN_POINT('',(-0.885043696135,-3.714167740737));
#4771 = CARTESIAN_POINT('',(-0.853204498113,-3.620579273498));
#4772 = CARTESIAN_POINT('',(-0.841396011541,-3.577699493151));
#4773 = CARTESIAN_POINT('',(-0.832293779216,-3.533927833414));
#4774 = CARTESIAN_POINT('',(-0.826130058779,-3.489556804547));
#4775 = CARTESIAN_POINT('',(-0.823033692135,-3.444835216246));
#4776 = CARTESIAN_POINT('',(-0.823033692135,-3.4));
#4777 = ( GEOMETRIC_REPRESENTATION_CONTEXT(2) 
PARAMETRIC_REPRESENTATION_CONTEXT() REPRESENTATION_CONTEXT('2D SPACE',''
  ) );
#4778 = PCURVE('',#4779,#4784);
#4779 = CYLINDRICAL_SURFACE('',#4780,0.85);
#4780 = AXIS2_PLACEMENT_3D('',#4781,#4782,#4783);
#4781 = CARTESIAN_POINT('',(9.,-34.5,9.));
#4782 = DIRECTION('',(-0.,-1.,-1.110223024625E-16));
#4783 = DIRECTION('',(1.,0.,0.));
#4784 = DEFINITIONAL_REPRESENTATION('',(#4785),#4868);
#4785 = B_SPLINE_CURVE_WITH_KNOTS('',6,(#4786,#4787,#4788,#4789,#4790,
    #4791,#4792,#4793,#4794,#4795,#4796,#4797,#4798,#4799,#4800,#4801,
    #4802,#4803,#4804,#4805,#4806,#4807,#4808,#4809,#4810,#4811,#4812,
    #4813,#4814,#4815,#4816,#4817,#4818,#4819,#4820,#4821,#4822,#4823,
    #4824,#4825,#4826,#4827,#4828,#4829,#4830,#4831,#4832,#4833,#4834,
    #4835,#4836,#4837,#4838,#4839,#4840,#4841,#4842,#4843,#4844,#4845,
    #4846,#4847,#4848,#4849,#4850,#4851,#4852,#4853,#4854,#4855,#4856,
    #4857,#4858,#4859,#4860,#4861,#4862,#4863,#4864,#4865,#4866,#4867),
  .UNSPECIFIED.,.F.,.F.,(7,5,5,5,5,5,5,5,5,5,5,5,5,5,5,5,7),(0.,
    5.028941794818E-02,0.112358172069,0.183009392598,0.249851653189,
    0.316695830732,0.387160794749,0.449626773553,0.499700282875,
    0.531664523414,0.612067468328,0.682826381652,0.749770529087,
    0.816716596397,0.887288969301,0.949850164237,1.),.UNSPECIFIED.);
#4786 = CARTESIAN_POINT('',(0.,-2.666515138991));
#4787 = CARTESIAN_POINT('',(-5.297341096557E-02,-2.666515138991));
#4788 = CARTESIAN_POINT('',(-0.105810431323,-2.669169676674));
#4789 = CARTESIAN_POINT('',(-0.158497813977,-2.674453392789));
#4790 = CARTESIAN_POINT('',(-0.210998544182,-2.682188343924));
#4791 = CARTESIAN_POINT('',(-0.26321714076,-2.69204334261));
#4792 = CARTESIAN_POINT('',(-0.378757725997,-2.717825759738));
#4793 = CARTESIAN_POINT('',(-0.441957543881,-2.734666499997));
#4794 = CARTESIAN_POINT('',(-0.504788405882,-2.753460049574));
#4795 = CARTESIAN_POINT('',(-0.567437658822,-2.773547370934));
#4796 = CARTESIAN_POINT('',(-0.630057766812,-2.794323159612));
#4797 = CARTESIAN_POINT('',(-0.764234011583,-2.839047803011));
#4798 = CARTESIAN_POINT('',(-0.836030796412,-2.863106051927));
#4799 = CARTESIAN_POINT('',(-0.908398882197,-2.886594161473));
#4800 = CARTESIAN_POINT('',(-0.981535001776,-2.908766808736));
#4801 = CARTESIAN_POINT('',(-1.055647697517,-2.928937244656));
#4802 = CARTESIAN_POINT('',(-1.202238044119,-2.96304041178));
#4803 = CARTESIAN_POINT('',(-1.274711989235,-2.977279555864));
#4804 = CARTESIAN_POINT('',(-1.348036677966,-2.988484711243));
#4805 = CARTESIAN_POINT('',(-1.421962817659,-2.996148804967));
#4806 = CARTESIAN_POINT('',(-1.496282264378,-3.));
#4807 = CARTESIAN_POINT('',(-1.645312526182,-3.));
#4808 = CARTESIAN_POINT('',(-1.719631156777,-2.996148581319));
#4809 = CARTESIAN_POINT('',(-1.793555195065,-2.988484627417));
#4810 = CARTESIAN_POINT('',(-1.866877877996,-2.977279965301));
#4811 = CARTESIAN_POINT('',(-1.939351456297,-2.963041145343));
#4812 = CARTESIAN_POINT('',(-2.085747545913,-2.928983170679));
#4813 = CARTESIAN_POINT('',(-2.159668383562,-2.908872693017));
#4814 = CARTESIAN_POINT('',(-2.232616676152,-2.886769046692));
#4815 = CARTESIAN_POINT('',(-2.304799748169,-2.863353342148));
#4816 = CARTESIAN_POINT('',(-2.376413273186,-2.83936452577));
#4817 = CARTESIAN_POINT('',(-2.510813646822,-2.794562169839));
#4818 = CARTESIAN_POINT('',(-2.573837085736,-2.773644495967));
#4819 = CARTESIAN_POINT('',(-2.636889099518,-2.753420643226));
#4820 = CARTESIAN_POINT('',(-2.700124624579,-2.734507690636));
#4821 = CARTESIAN_POINT('',(-2.763734470681,-2.717577929442));
#4822 = CARTESIAN_POINT('',(-2.879484124623,-2.691834597696));
#4823 = CARTESIAN_POINT('',(-2.931485226881,-2.682057344075));
#4824 = CARTESIAN_POINT('',(-2.983766012803,-2.674386153617));
#4825 = CARTESIAN_POINT('',(-3.036231789474,-2.669147066088));
#4826 = CARTESIAN_POINT('',(-3.08884534036,-2.666515138991));
#4827 = CARTESIAN_POINT('',(-3.175263707021,-2.666515138991));
#4828 = CARTESIAN_POINT('',(-3.208916495714,-2.667587490165));
#4829 = CARTESIAN_POINT('',(-3.242531860108,-2.669730674485));
#4830 = CARTESIAN_POINT('',(-3.276083863108,-2.672913139671));
#4831 = CARTESIAN_POINT('',(-3.309537821828,-2.677075465881));
#4832 = CARTESIAN_POINT('',(-3.426637713324,-2.694853092456));
#4833 = CARTESIAN_POINT('',(-3.509040675889,-2.713162818376));
#4834 = CARTESIAN_POINT('',(-3.590729897071,-2.735806638586));
#4835 = CARTESIAN_POINT('',(-3.672060735576,-2.76129002484));
#4836 = CARTESIAN_POINT('',(-3.753238771087,-2.788186049043));
#4837 = CARTESIAN_POINT('',(-3.905826665173,-2.839047803011));
#4838 = CARTESIAN_POINT('',(-3.977623450001,-2.863106051927));
#4839 = CARTESIAN_POINT('',(-4.049991535787,-2.886594161473));
#4840 = CARTESIAN_POINT('',(-4.123127655366,-2.908766808736));
#4841 = CARTESIAN_POINT('',(-4.197240351107,-2.928937244656));
#4842 = CARTESIAN_POINT('',(-4.343830697709,-2.96304041178));
#4843 = CARTESIAN_POINT('',(-4.416304642825,-2.977279555864));
#4844 = CARTESIAN_POINT('',(-4.489629331556,-2.988484711243));
#4845 = CARTESIAN_POINT('',(-4.563555471248,-2.996148804967));
#4846 = CARTESIAN_POINT('',(-4.637874917968,-3.));
#4847 = CARTESIAN_POINT('',(-4.786905179772,-3.));
#4848 = CARTESIAN_POINT('',(-4.861223810367,-2.996148581319));
#4849 = CARTESIAN_POINT('',(-4.935147848655,-2.988484627417));
#4850 = CARTESIAN_POINT('',(-5.008470531585,-2.977279965301));
#4851 = CARTESIAN_POINT('',(-5.080944109887,-2.963041145343));
#4852 = CARTESIAN_POINT('',(-5.227340199503,-2.928983170679));
#4853 = CARTESIAN_POINT('',(-5.301261037152,-2.908872693017));
#4854 = CARTESIAN_POINT('',(-5.374209329742,-2.886769046692));
#4855 = CARTESIAN_POINT('',(-5.446392401758,-2.863353342148));
#4856 = CARTESIAN_POINT('',(-5.518005926775,-2.83936452577));
#4857 = CARTESIAN_POINT('',(-5.652406300412,-2.794562169839));
#4858 = CARTESIAN_POINT('',(-5.715429739326,-2.773644495967));
#4859 = CARTESIAN_POINT('',(-5.778481753107,-2.753420643226));
#4860 = CARTESIAN_POINT('',(-5.841717278169,-2.734507690636));
#4861 = CARTESIAN_POINT('',(-5.905327124271,-2.717577929442));
#4862 = CARTESIAN_POINT('',(-6.021076778212,-2.691834597696));
#4863 = CARTESIAN_POINT('',(-6.073077880471,-2.682057344075));
#4864 = CARTESIAN_POINT('',(-6.125358666392,-2.674386153617));
#4865 = CARTESIAN_POINT('',(-6.177824443064,-2.669147066088));
#4866 = CARTESIAN_POINT('',(-6.230437993949,-2.666515138991));
#4867 = CARTESIAN_POINT('',(-6.28318530718,-2.666515138991));
#4868 = ( GEOMETRIC_REPRESENTATION_CONTEXT(2) 
PARAMETRIC_REPRESENTATION_CONTEXT() REPRESENTATION_CONTEXT('2D SPACE',''
  ) );
#4869 = ADVANCED_FACE('',(#4870),#3061,.T.);
#4870 = FACE_BOUND('',#4871,.T.);
#4871 = EDGE_LOOP('',(#4872,#4897,#4919,#4920,#4921,#4956,#4989,#4990,
    #5025,#5058,#5059,#5094,#5127,#5128,#5129));
#4872 = ORIENTED_EDGE('',*,*,#4873,.F.);
#4873 = EDGE_CURVE('',#4874,#4876,#4878,.T.);
#4874 = VERTEX_POINT('',#4875);
#4875 = CARTESIAN_POINT('',(11.5,-33.5,8.1));
#4876 = VERTEX_POINT('',#4877);
#4877 = CARTESIAN_POINT('',(11.5,33.5,8.1));
#4878 = SURFACE_CURVE('',#4879,(#4883,#4890),.PCURVE_S1.);
#4879 = LINE('',#4880,#4881);
#4880 = CARTESIAN_POINT('',(11.5,-33.5,8.1));
#4881 = VECTOR('',#4882,1.);
#4882 = DIRECTION('',(0.,1.,0.));
#4883 = PCURVE('',#3061,#4884);
#4884 = DEFINITIONAL_REPRESENTATION('',(#4885),#4889);
#4885 = LINE('',#4886,#4887);
#4886 = CARTESIAN_POINT('',(0.,0.));
#4887 = VECTOR('',#4888,1.);
#4888 = DIRECTION('',(0.,1.));
#4889 = ( GEOMETRIC_REPRESENTATION_CONTEXT(2) 
PARAMETRIC_REPRESENTATION_CONTEXT() REPRESENTATION_CONTEXT('2D SPACE',''
  ) );
#4890 = PCURVE('',#4052,#4891);
#4891 = DEFINITIONAL_REPRESENTATION('',(#4892),#4896);
#4892 = LINE('',#4893,#4894);
#4893 = CARTESIAN_POINT('',(1.5,0.));
#4894 = VECTOR('',#4895,1.);
#4895 = DIRECTION('',(0.,-1.));
#4896 = ( GEOMETRIC_REPRESENTATION_CONTEXT(2) 
PARAMETRIC_REPRESENTATION_CONTEXT() REPRESENTATION_CONTEXT('2D SPACE',''
  ) );
#4897 = ORIENTED_EDGE('',*,*,#4898,.T.);
#4898 = EDGE_CURVE('',#4874,#4293,#4899,.T.);
#4899 = SURFACE_CURVE('',#4900,(#4905,#4912),.PCURVE_S1.);
#4900 = CIRCLE('',#4901,1.5);
#4901 = AXIS2_PLACEMENT_3D('',#4902,#4903,#4904);
#4902 = CARTESIAN_POINT('',(10.,-33.5,8.1));
#4903 = DIRECTION('',(0.,1.,0.));
#4904 = DIRECTION('',(0.,-0.,1.));
#4905 = PCURVE('',#3061,#4906);
#4906 = DEFINITIONAL_REPRESENTATION('',(#4907),#4911);
#4907 = LINE('',#4908,#4909);
#4908 = CARTESIAN_POINT('',(-1.570796326795,0.));
#4909 = VECTOR('',#4910,1.);
#4910 = DIRECTION('',(1.,0.));
#4911 = ( GEOMETRIC_REPRESENTATION_CONTEXT(2) 
PARAMETRIC_REPRESENTATION_CONTEXT() REPRESENTATION_CONTEXT('2D SPACE',''
  ) );
#4912 = PCURVE('',#4388,#4913);
#4913 = DEFINITIONAL_REPRESENTATION('',(#4914),#4918);
#4914 = CIRCLE('',#4915,1.5);
#4915 = AXIS2_PLACEMENT_2D('',#4916,#4917);
#4916 = CARTESIAN_POINT('',(1.5,21.5));
#4917 = DIRECTION('',(1.,0.));
#4918 = ( GEOMETRIC_REPRESENTATION_CONTEXT(2) 
PARAMETRIC_REPRESENTATION_CONTEXT() REPRESENTATION_CONTEXT('2D SPACE',''
  ) );
#4919 = ORIENTED_EDGE('',*,*,#4292,.T.);
#4920 = ORIENTED_EDGE('',*,*,#3045,.T.);
#4921 = ORIENTED_EDGE('',*,*,#4922,.T.);
#4922 = EDGE_CURVE('',#3046,#4923,#4925,.T.);
#4923 = VERTEX_POINT('',#4924);
#4924 = CARTESIAN_POINT('',(10.15,-20.,6.60751884434));
#4925 = SURFACE_CURVE('',#4926,(#4934,#4945),.PCURVE_S1.);
#4926 = B_SPLINE_CURVE_WITH_KNOTS('',6,(#4927,#4928,#4929,#4930,#4931,
    #4932,#4933),.UNSPECIFIED.,.F.,.F.,(7,7),(0.,1.),
  .PIECEWISE_BEZIER_KNOTS.);
#4927 = CARTESIAN_POINT('',(10.,-20.48218253805,6.6));
#4928 = CARTESIAN_POINT('',(10.04936201125,-20.41052210834,6.6));
#4929 = CARTESIAN_POINT('',(10.089390160363,-20.33356791153,
    6.601948979087));
#4930 = CARTESIAN_POINT('',(10.119642726365,-20.25272182233,
    6.604466850521));
#4931 = CARTESIAN_POINT('',(10.13988218162,-20.16932180573,
    6.606502227903));
#4932 = CARTESIAN_POINT('',(10.15,-20.08465718799,6.60751884434));
#4933 = CARTESIAN_POINT('',(10.15,-20.,6.60751884434));
#4934 = PCURVE('',#3061,#4935);
#4935 = DEFINITIONAL_REPRESENTATION('',(#4936),#4944);
#4936 = B_SPLINE_CURVE_WITH_KNOTS('',6,(#4937,#4938,#4939,#4940,#4941,
    #4942,#4943),.UNSPECIFIED.,.F.,.F.,(7,7),(0.,1.),
  .PIECEWISE_BEZIER_KNOTS.);
#4937 = CARTESIAN_POINT('',(1.570796326795,13.01781746195));
#4938 = CARTESIAN_POINT('',(1.537888319295,13.089477891659));
#4939 = CARTESIAN_POINT('',(1.511203068822,13.166432088461));
#4940 = CARTESIAN_POINT('',(1.490969654498,13.247278177665));
#4941 = CARTESIAN_POINT('',(1.477407936474,13.330678194264));
#4942 = CARTESIAN_POINT('',(1.470628905633,13.415342812001));
#4943 = CARTESIAN_POINT('',(1.470628905633,13.5));
#4944 = ( GEOMETRIC_REPRESENTATION_CONTEXT(2) 
PARAMETRIC_REPRESENTATION_CONTEXT() REPRESENTATION_CONTEXT('2D SPACE',''
  ) );
#4945 = PCURVE('',#3094,#4946);
#4946 = DEFINITIONAL_REPRESENTATION('',(#4947),#4955);
#4947 = B_SPLINE_CURVE_WITH_KNOTS('',6,(#4948,#4949,#4950,#4951,#4952,
    #4953,#4954),.UNSPECIFIED.,.F.,.F.,(7,7),(0.,1.),
  .PIECEWISE_BEZIER_KNOTS.);
#4948 = CARTESIAN_POINT('',(-5.67999390157,-1.));
#4949 = CARTESIAN_POINT('',(-5.782365944011,-1.));
#4950 = CARTESIAN_POINT('',(-5.883637669781,-1.001948979087));
#4951 = CARTESIAN_POINT('',(-5.984087152896,-1.004466850521));
#4952 = CARTESIAN_POINT('',(-6.083983203788,-1.006502227903));
#4953 = CARTESIAN_POINT('',(-6.183588615416,-1.00751884434));
#4954 = CARTESIAN_POINT('',(-6.28318530718,-1.00751884434));
#4955 = ( GEOMETRIC_REPRESENTATION_CONTEXT(2) 
PARAMETRIC_REPRESENTATION_CONTEXT() REPRESENTATION_CONTEXT('2D SPACE',''
  ) );
#4956 = ORIENTED_EDGE('',*,*,#4957,.T.);
#4957 = EDGE_CURVE('',#4923,#3074,#4958,.T.);
#4958 = SURFACE_CURVE('',#4959,(#4967,#4978),.PCURVE_S1.);
#4959 = B_SPLINE_CURVE_WITH_KNOTS('',6,(#4960,#4961,#4962,#4963,#4964,
    #4965,#4966),.UNSPECIFIED.,.F.,.F.,(7,7),(0.,1.),
  .PIECEWISE_BEZIER_KNOTS.);
#4960 = CARTESIAN_POINT('',(10.15,-20.,6.60751884434));
#4961 = CARTESIAN_POINT('',(10.15,-19.91534282363,6.60751884434));
#4962 = CARTESIAN_POINT('',(10.13988218446,-19.83067820201,
    6.606502228407));
#4963 = CARTESIAN_POINT('',(10.119642727659,-19.74727817434,
    6.604466850234));
#4964 = CARTESIAN_POINT('',(10.089390156206,-19.66643207573,
    6.601948978649));
#4965 = CARTESIAN_POINT('',(10.049362002637,-19.58947787915,6.6));
#4966 = CARTESIAN_POINT('',(10.,-19.51781746195,6.6));
#4967 = PCURVE('',#3061,#4968);
#4968 = DEFINITIONAL_REPRESENTATION('',(#4969),#4977);
#4969 = B_SPLINE_CURVE_WITH_KNOTS('',6,(#4970,#4971,#4972,#4973,#4974,
    #4975,#4976),.UNSPECIFIED.,.F.,.F.,(7,7),(0.,1.),
  .PIECEWISE_BEZIER_KNOTS.);
#4970 = CARTESIAN_POINT('',(1.470628905633,13.5));
#4971 = CARTESIAN_POINT('',(1.470628905633,13.584657176363));
#4972 = CARTESIAN_POINT('',(1.477407934435,13.669321797984));
#4973 = CARTESIAN_POINT('',(1.490969653895,13.752721825654));
#4974 = CARTESIAN_POINT('',(1.511203071453,13.833567924264));
#4975 = CARTESIAN_POINT('',(1.537888325037,13.910522120845));
#4976 = CARTESIAN_POINT('',(1.570796326795,13.98218253805));
#4977 = ( GEOMETRIC_REPRESENTATION_CONTEXT(2) 
PARAMETRIC_REPRESENTATION_CONTEXT() REPRESENTATION_CONTEXT('2D SPACE',''
  ) );
#4978 = PCURVE('',#3094,#4979);
#4979 = DEFINITIONAL_REPRESENTATION('',(#4980),#4988);
#4980 = B_SPLINE_CURVE_WITH_KNOTS('',6,(#4981,#4982,#4983,#4984,#4985,
    #4986,#4987),.UNSPECIFIED.,.F.,.F.,(7,7),(0.,1.),
  .PIECEWISE_BEZIER_KNOTS.);
#4981 = CARTESIAN_POINT('',(-8.881784197001E-16,-1.00751884434));
#4982 = CARTESIAN_POINT('',(-9.959667807433E-02,-1.00751884434));
#4983 = CARTESIAN_POINT('',(-0.199202094231,-1.006502228407));
#4984 = CARTESIAN_POINT('',(-0.299098157557,-1.004466850234));
#4985 = CARTESIAN_POINT('',(-0.399547652535,-1.001948978649));
#4986 = CARTESIAN_POINT('',(-0.500819381031,-1.));
#4987 = CARTESIAN_POINT('',(-0.60319140561,-1.));
#4988 = ( GEOMETRIC_REPRESENTATION_CONTEXT(2) 
PARAMETRIC_REPRESENTATION_CONTEXT() REPRESENTATION_CONTEXT('2D SPACE',''
  ) );
#4989 = ORIENTED_EDGE('',*,*,#3106,.T.);
#4990 = ORIENTED_EDGE('',*,*,#4991,.T.);
#4991 = EDGE_CURVE('',#3107,#4992,#4994,.T.);
#4992 = VERTEX_POINT('',#4993);
#4993 = CARTESIAN_POINT('',(10.15,0.,6.60751884434));
#4994 = SURFACE_CURVE('',#4995,(#5003,#5014),.PCURVE_S1.);
#4995 = B_SPLINE_CURVE_WITH_KNOTS('',6,(#4996,#4997,#4998,#4999,#5000,
    #5001,#5002),.UNSPECIFIED.,.F.,.F.,(7,7),(0.,1.),
  .PIECEWISE_BEZIER_KNOTS.);
#4996 = CARTESIAN_POINT('',(10.,-0.48218253805,6.6));
#4997 = CARTESIAN_POINT('',(10.04936201125,-0.410522108341,6.6));
#4998 = CARTESIAN_POINT('',(10.089390160363,-0.333567911539,
    6.601948979087));
#4999 = CARTESIAN_POINT('',(10.119642726365,-0.252721822335,
    6.604466850521));
#5000 = CARTESIAN_POINT('',(10.13988218162,-0.169321805736,
    6.606502227903));
#5001 = CARTESIAN_POINT('',(10.15,-8.465718799892E-02,6.60751884434));
#5002 = CARTESIAN_POINT('',(10.15,2.775557561563E-16,6.60751884434));
#5003 = PCURVE('',#3061,#5004);
#5004 = DEFINITIONAL_REPRESENTATION('',(#5005),#5013);
#5005 = B_SPLINE_CURVE_WITH_KNOTS('',6,(#5006,#5007,#5008,#5009,#5010,
    #5011,#5012),.UNSPECIFIED.,.F.,.F.,(7,7),(0.,1.),
  .PIECEWISE_BEZIER_KNOTS.);
#5006 = CARTESIAN_POINT('',(1.570796326795,33.01781746195));
#5007 = CARTESIAN_POINT('',(1.537888319295,33.089477891659));
#5008 = CARTESIAN_POINT('',(1.511203068822,33.166432088461));
#5009 = CARTESIAN_POINT('',(1.490969654498,33.247278177665));
#5010 = CARTESIAN_POINT('',(1.477407936474,33.330678194264));
#5011 = CARTESIAN_POINT('',(1.470628905633,33.415342812001));
#5012 = CARTESIAN_POINT('',(1.470628905633,33.5));
#5013 = ( GEOMETRIC_REPRESENTATION_CONTEXT(2) 
PARAMETRIC_REPRESENTATION_CONTEXT() REPRESENTATION_CONTEXT('2D SPACE',''
  ) );
#5014 = PCURVE('',#3150,#5015);
#5015 = DEFINITIONAL_REPRESENTATION('',(#5016),#5024);
#5016 = B_SPLINE_CURVE_WITH_KNOTS('',6,(#5017,#5018,#5019,#5020,#5021,
    #5022,#5023),.UNSPECIFIED.,.F.,.F.,(7,7),(0.,1.),
  .PIECEWISE_BEZIER_KNOTS.);
#5017 = CARTESIAN_POINT('',(-5.67999390157,-1.));
#5018 = CARTESIAN_POINT('',(-5.782365944011,-1.));
#5019 = CARTESIAN_POINT('',(-5.883637669781,-1.001948979087));
#5020 = CARTESIAN_POINT('',(-5.984087152896,-1.004466850521));
#5021 = CARTESIAN_POINT('',(-6.083983203788,-1.006502227903));
#5022 = CARTESIAN_POINT('',(-6.183588615416,-1.00751884434));
#5023 = CARTESIAN_POINT('',(-6.28318530718,-1.00751884434));
#5024 = ( GEOMETRIC_REPRESENTATION_CONTEXT(2) 
PARAMETRIC_REPRESENTATION_CONTEXT() REPRESENTATION_CONTEXT('2D SPACE',''
  ) );
#5025 = ORIENTED_EDGE('',*,*,#5026,.T.);
#5026 = EDGE_CURVE('',#4992,#3130,#5027,.T.);
#5027 = SURFACE_CURVE('',#5028,(#5036,#5047),.PCURVE_S1.);
#5028 = B_SPLINE_CURVE_WITH_KNOTS('',6,(#5029,#5030,#5031,#5032,#5033,
    #5034,#5035),.UNSPECIFIED.,.F.,.F.,(7,7),(0.,1.),
  .PIECEWISE_BEZIER_KNOTS.);
#5029 = CARTESIAN_POINT('',(10.15,2.73380850445E-16,6.60751884434));
#5030 = CARTESIAN_POINT('',(10.15,8.465717636315E-02,6.60751884434));
#5031 = CARTESIAN_POINT('',(10.13988218446,0.169321797984,6.606502228407
    ));
#5032 = CARTESIAN_POINT('',(10.119642727659,0.252721825654,
    6.604466850234));
#5033 = CARTESIAN_POINT('',(10.089390156206,0.333567924264,
    6.601948978649));
#5034 = CARTESIAN_POINT('',(10.049362002637,0.410522120845,6.6));
#5035 = CARTESIAN_POINT('',(10.,0.48218253805,6.6));
#5036 = PCURVE('',#3061,#5037);
#5037 = DEFINITIONAL_REPRESENTATION('',(#5038),#5046);
#5038 = B_SPLINE_CURVE_WITH_KNOTS('',6,(#5039,#5040,#5041,#5042,#5043,
    #5044,#5045),.UNSPECIFIED.,.F.,.F.,(7,7),(0.,1.),
  .PIECEWISE_BEZIER_KNOTS.);
#5039 = CARTESIAN_POINT('',(1.470628905633,33.5));
#5040 = CARTESIAN_POINT('',(1.470628905633,33.584657176363));
#5041 = CARTESIAN_POINT('',(1.477407934435,33.669321797984));
#5042 = CARTESIAN_POINT('',(1.490969653895,33.752721825654));
#5043 = CARTESIAN_POINT('',(1.511203071453,33.833567924264));
#5044 = CARTESIAN_POINT('',(1.537888325037,33.910522120845));
#5045 = CARTESIAN_POINT('',(1.570796326795,33.98218253805));
#5046 = ( GEOMETRIC_REPRESENTATION_CONTEXT(2) 
PARAMETRIC_REPRESENTATION_CONTEXT() REPRESENTATION_CONTEXT('2D SPACE',''
  ) );
#5047 = PCURVE('',#3150,#5048);
#5048 = DEFINITIONAL_REPRESENTATION('',(#5049),#5057);
#5049 = B_SPLINE_CURVE_WITH_KNOTS('',6,(#5050,#5051,#5052,#5053,#5054,
    #5055,#5056),.UNSPECIFIED.,.F.,.F.,(7,7),(0.,1.),
  .PIECEWISE_BEZIER_KNOTS.);
#5050 = CARTESIAN_POINT('',(-8.881784197001E-16,-1.00751884434));
#5051 = CARTESIAN_POINT('',(-9.959667807429E-02,-1.00751884434));
#5052 = CARTESIAN_POINT('',(-0.199202094231,-1.006502228407));
#5053 = CARTESIAN_POINT('',(-0.299098157557,-1.004466850234));
#5054 = CARTESIAN_POINT('',(-0.399547652535,-1.001948978649));
#5055 = CARTESIAN_POINT('',(-0.500819381031,-1.));
#5056 = CARTESIAN_POINT('',(-0.60319140561,-1.));
#5057 = ( GEOMETRIC_REPRESENTATION_CONTEXT(2) 
PARAMETRIC_REPRESENTATION_CONTEXT() REPRESENTATION_CONTEXT('2D SPACE',''
  ) );
#5058 = ORIENTED_EDGE('',*,*,#3162,.T.);
#5059 = ORIENTED_EDGE('',*,*,#5060,.T.);
#5060 = EDGE_CURVE('',#3163,#5061,#5063,.T.);
#5061 = VERTEX_POINT('',#5062);
#5062 = CARTESIAN_POINT('',(10.15,20.,6.60751884434));
#5063 = SURFACE_CURVE('',#5064,(#5072,#5083),.PCURVE_S1.);
#5064 = B_SPLINE_CURVE_WITH_KNOTS('',6,(#5065,#5066,#5067,#5068,#5069,
    #5070,#5071),.UNSPECIFIED.,.F.,.F.,(7,7),(0.,1.),
  .PIECEWISE_BEZIER_KNOTS.);
#5065 = CARTESIAN_POINT('',(10.,19.51781746195,6.6));
#5066 = CARTESIAN_POINT('',(10.04936201125,19.589477891659,6.6));
#5067 = CARTESIAN_POINT('',(10.089390160362,19.666432088461,
    6.601948979087));
#5068 = CARTESIAN_POINT('',(10.119642726365,19.747278177665,
    6.604466850521));
#5069 = CARTESIAN_POINT('',(10.13988218162,19.830678194264,
    6.606502227903));
#5070 = CARTESIAN_POINT('',(10.15,19.915342812001,6.60751884434));
#5071 = CARTESIAN_POINT('',(10.15,20.,6.60751884434));
#5072 = PCURVE('',#3061,#5073);
#5073 = DEFINITIONAL_REPRESENTATION('',(#5074),#5082);
#5074 = B_SPLINE_CURVE_WITH_KNOTS('',6,(#5075,#5076,#5077,#5078,#5079,
    #5080,#5081),.UNSPECIFIED.,.F.,.F.,(7,7),(0.,1.),
  .PIECEWISE_BEZIER_KNOTS.);
#5075 = CARTESIAN_POINT('',(1.570796326795,53.01781746195));
#5076 = CARTESIAN_POINT('',(1.537888319295,53.089477891659));
#5077 = CARTESIAN_POINT('',(1.511203068822,53.166432088461));
#5078 = CARTESIAN_POINT('',(1.490969654498,53.247278177665));
#5079 = CARTESIAN_POINT('',(1.477407936474,53.330678194264));
#5080 = CARTESIAN_POINT('',(1.470628905633,53.415342812001));
#5081 = CARTESIAN_POINT('',(1.470628905633,53.5));
#5082 = ( GEOMETRIC_REPRESENTATION_CONTEXT(2) 
PARAMETRIC_REPRESENTATION_CONTEXT() REPRESENTATION_CONTEXT('2D SPACE',''
  ) );
#5083 = PCURVE('',#3206,#5084);
#5084 = DEFINITIONAL_REPRESENTATION('',(#5085),#5093);
#5085 = B_SPLINE_CURVE_WITH_KNOTS('',6,(#5086,#5087,#5088,#5089,#5090,
    #5091,#5092),.UNSPECIFIED.,.F.,.F.,(7,7),(0.,1.),
  .PIECEWISE_BEZIER_KNOTS.);
#5086 = CARTESIAN_POINT('',(-5.67999390157,-1.));
#5087 = CARTESIAN_POINT('',(-5.782365944011,-1.));
#5088 = CARTESIAN_POINT('',(-5.883637669781,-1.001948979087));
#5089 = CARTESIAN_POINT('',(-5.984087152896,-1.004466850521));
#5090 = CARTESIAN_POINT('',(-6.083983203788,-1.006502227903));
#5091 = CARTESIAN_POINT('',(-6.183588615416,-1.00751884434));
#5092 = CARTESIAN_POINT('',(-6.28318530718,-1.00751884434));
#5093 = ( GEOMETRIC_REPRESENTATION_CONTEXT(2) 
PARAMETRIC_REPRESENTATION_CONTEXT() REPRESENTATION_CONTEXT('2D SPACE',''
  ) );
#5094 = ORIENTED_EDGE('',*,*,#5095,.T.);
#5095 = EDGE_CURVE('',#5061,#3186,#5096,.T.);
#5096 = SURFACE_CURVE('',#5097,(#5105,#5116),.PCURVE_S1.);
#5097 = B_SPLINE_CURVE_WITH_KNOTS('',6,(#5098,#5099,#5100,#5101,#5102,
    #5103,#5104),.UNSPECIFIED.,.F.,.F.,(7,7),(0.,1.),
  .PIECEWISE_BEZIER_KNOTS.);
#5098 = CARTESIAN_POINT('',(10.15,20.,6.60751884434));
#5099 = CARTESIAN_POINT('',(10.15,20.084657176363,6.60751884434));
#5100 = CARTESIAN_POINT('',(10.13988218446,20.169321797984,
    6.606502228407));
#5101 = CARTESIAN_POINT('',(10.119642727659,20.252721825654,
    6.604466850234));
#5102 = CARTESIAN_POINT('',(10.089390156206,20.333567924264,
    6.601948978649));
#5103 = CARTESIAN_POINT('',(10.049362002637,20.410522120845,6.6));
#5104 = CARTESIAN_POINT('',(10.,20.48218253805,6.6));
#5105 = PCURVE('',#3061,#5106);
#5106 = DEFINITIONAL_REPRESENTATION('',(#5107),#5115);
#5107 = B_SPLINE_CURVE_WITH_KNOTS('',6,(#5108,#5109,#5110,#5111,#5112,
    #5113,#5114),.UNSPECIFIED.,.F.,.F.,(7,7),(0.,1.),
  .PIECEWISE_BEZIER_KNOTS.);
#5108 = CARTESIAN_POINT('',(1.470628905633,53.5));
#5109 = CARTESIAN_POINT('',(1.470628905633,53.584657176363));
#5110 = CARTESIAN_POINT('',(1.477407934435,53.669321797984));
#5111 = CARTESIAN_POINT('',(1.490969653895,53.752721825654));
#5112 = CARTESIAN_POINT('',(1.511203071453,53.833567924264));
#5113 = CARTESIAN_POINT('',(1.537888325037,53.910522120845));
#5114 = CARTESIAN_POINT('',(1.570796326795,53.98218253805));
#5115 = ( GEOMETRIC_REPRESENTATION_CONTEXT(2) 
PARAMETRIC_REPRESENTATION_CONTEXT() REPRESENTATION_CONTEXT('2D SPACE',''
  ) );
#5116 = PCURVE('',#3206,#5117);
#5117 = DEFINITIONAL_REPRESENTATION('',(#5118),#5126);
#5118 = B_SPLINE_CURVE_WITH_KNOTS('',6,(#5119,#5120,#5121,#5122,#5123,
    #5124,#5125),.UNSPECIFIED.,.F.,.F.,(7,7),(0.,1.),
  .PIECEWISE_BEZIER_KNOTS.);
#5119 = CARTESIAN_POINT('',(-8.881784197001E-16,-1.00751884434));
#5120 = CARTESIAN_POINT('',(-9.959667807433E-02,-1.00751884434));
#5121 = CARTESIAN_POINT('',(-0.199202094231,-1.006502228407));
#5122 = CARTESIAN_POINT('',(-0.299098157557,-1.004466850234));
#5123 = CARTESIAN_POINT('',(-0.399547652535,-1.001948978649));
#5124 = CARTESIAN_POINT('',(-0.500819381031,-1.));
#5125 = CARTESIAN_POINT('',(-0.60319140561,-1.));
#5126 = ( GEOMETRIC_REPRESENTATION_CONTEXT(2) 
PARAMETRIC_REPRESENTATION_CONTEXT() REPRESENTATION_CONTEXT('2D SPACE',''
  ) );
#5127 = ORIENTED_EDGE('',*,*,#3218,.T.);
#5128 = ORIENTED_EDGE('',*,*,#3585,.F.);
#5129 = ORIENTED_EDGE('',*,*,#5130,.F.);
#5130 = EDGE_CURVE('',#4876,#3560,#5131,.T.);
#5131 = SURFACE_CURVE('',#5132,(#5137,#5144),.PCURVE_S1.);
#5132 = CIRCLE('',#5133,1.5);
#5133 = AXIS2_PLACEMENT_3D('',#5134,#5135,#5136);
#5134 = CARTESIAN_POINT('',(10.,33.5,8.1));
#5135 = DIRECTION('',(0.,1.,0.));
#5136 = DIRECTION('',(0.,-0.,1.));
#5137 = PCURVE('',#3061,#5138);
#5138 = DEFINITIONAL_REPRESENTATION('',(#5139),#5143);
#5139 = LINE('',#5140,#5141);
#5140 = CARTESIAN_POINT('',(-1.570796326795,67.));
#5141 = VECTOR('',#5142,1.);
#5142 = DIRECTION('',(1.,0.));
#5143 = ( GEOMETRIC_REPRESENTATION_CONTEXT(2) 
PARAMETRIC_REPRESENTATION_CONTEXT() REPRESENTATION_CONTEXT('2D SPACE',''
  ) );
#5144 = PCURVE('',#3574,#5145);
#5145 = DEFINITIONAL_REPRESENTATION('',(#5146),#5150);
#5146 = CIRCLE('',#5147,1.5);
#5147 = AXIS2_PLACEMENT_2D('',#5148,#5149);
#5148 = CARTESIAN_POINT('',(1.5,21.5));
#5149 = DIRECTION('',(1.,0.));
#5150 = ( GEOMETRIC_REPRESENTATION_CONTEXT(2) 
PARAMETRIC_REPRESENTATION_CONTEXT() REPRESENTATION_CONTEXT('2D SPACE',''
  ) );
#5151 = ADVANCED_FACE('',(#5152),#3206,.F.);
#5152 = FACE_BOUND('',#5153,.T.);
#5153 = EDGE_LOOP('',(#5154,#5155,#5176,#5177,#5178,#5179));
#5154 = ORIENTED_EDGE('',*,*,#5095,.F.);
#5155 = ORIENTED_EDGE('',*,*,#5156,.T.);
#5156 = EDGE_CURVE('',#5061,#4173,#5157,.T.);
#5157 = SEAM_CURVE('',#5158,(#5162,#5169),.PCURVE_S1.);
#5158 = LINE('',#5159,#5160);
#5159 = CARTESIAN_POINT('',(10.15,20.,5.6));
#5160 = VECTOR('',#5161,1.);
#5161 = DIRECTION('',(0.,0.,1.));
#5162 = PCURVE('',#3206,#5163);
#5163 = DEFINITIONAL_REPRESENTATION('',(#5164),#5168);
#5164 = LINE('',#5165,#5166);
#5165 = CARTESIAN_POINT('',(-6.28318530718,0.));
#5166 = VECTOR('',#5167,1.);
#5167 = DIRECTION('',(-0.,-1.));
#5168 = ( GEOMETRIC_REPRESENTATION_CONTEXT(2) 
PARAMETRIC_REPRESENTATION_CONTEXT() REPRESENTATION_CONTEXT('2D SPACE',''
  ) );
#5169 = PCURVE('',#3206,#5170);
#5170 = DEFINITIONAL_REPRESENTATION('',(#5171),#5175);
#5171 = LINE('',#5172,#5173);
#5172 = CARTESIAN_POINT('',(-0.,0.));
#5173 = VECTOR('',#5174,1.);
#5174 = DIRECTION('',(-0.,-1.));
#5175 = ( GEOMETRIC_REPRESENTATION_CONTEXT(2) 
PARAMETRIC_REPRESENTATION_CONTEXT() REPRESENTATION_CONTEXT('2D SPACE',''
  ) );
#5176 = ORIENTED_EDGE('',*,*,#4172,.F.);
#5177 = ORIENTED_EDGE('',*,*,#5156,.F.);
#5178 = ORIENTED_EDGE('',*,*,#5060,.F.);
#5179 = ORIENTED_EDGE('',*,*,#3185,.T.);
#5180 = ADVANCED_FACE('',(#5181),#3150,.F.);
#5181 = FACE_BOUND('',#5182,.T.);
#5182 = EDGE_LOOP('',(#5183,#5184,#5205,#5206,#5207,#5208));
#5183 = ORIENTED_EDGE('',*,*,#5026,.F.);
#5184 = ORIENTED_EDGE('',*,*,#5185,.T.);
#5185 = EDGE_CURVE('',#4992,#4143,#5186,.T.);
#5186 = SEAM_CURVE('',#5187,(#5191,#5198),.PCURVE_S1.);
#5187 = LINE('',#5188,#5189);
#5188 = CARTESIAN_POINT('',(10.15,0.,5.6));
#5189 = VECTOR('',#5190,1.);
#5190 = DIRECTION('',(0.,0.,1.));
#5191 = PCURVE('',#3150,#5192);
#5192 = DEFINITIONAL_REPRESENTATION('',(#5193),#5197);
#5193 = LINE('',#5194,#5195);
#5194 = CARTESIAN_POINT('',(-6.28318530718,0.));
#5195 = VECTOR('',#5196,1.);
#5196 = DIRECTION('',(-0.,-1.));
#5197 = ( GEOMETRIC_REPRESENTATION_CONTEXT(2) 
PARAMETRIC_REPRESENTATION_CONTEXT() REPRESENTATION_CONTEXT('2D SPACE',''
  ) );
#5198 = PCURVE('',#3150,#5199);
#5199 = DEFINITIONAL_REPRESENTATION('',(#5200),#5204);
#5200 = LINE('',#5201,#5202);
#5201 = CARTESIAN_POINT('',(-0.,0.));
#5202 = VECTOR('',#5203,1.);
#5203 = DIRECTION('',(-0.,-1.));
#5204 = ( GEOMETRIC_REPRESENTATION_CONTEXT(2) 
PARAMETRIC_REPRESENTATION_CONTEXT() REPRESENTATION_CONTEXT('2D SPACE',''
  ) );
#5205 = ORIENTED_EDGE('',*,*,#4142,.F.);
#5206 = ORIENTED_EDGE('',*,*,#5185,.F.);
#5207 = ORIENTED_EDGE('',*,*,#4991,.F.);
#5208 = ORIENTED_EDGE('',*,*,#3129,.T.);
#5209 = ADVANCED_FACE('',(#5210),#3094,.F.);
#5210 = FACE_BOUND('',#5211,.T.);
#5211 = EDGE_LOOP('',(#5212,#5213,#5234,#5235,#5236,#5237));
#5212 = ORIENTED_EDGE('',*,*,#4957,.F.);
#5213 = ORIENTED_EDGE('',*,*,#5214,.T.);
#5214 = EDGE_CURVE('',#4923,#4113,#5215,.T.);
#5215 = SEAM_CURVE('',#5216,(#5220,#5227),.PCURVE_S1.);
#5216 = LINE('',#5217,#5218);
#5217 = CARTESIAN_POINT('',(10.15,-20.,5.6));
#5218 = VECTOR('',#5219,1.);
#5219 = DIRECTION('',(0.,0.,1.));
#5220 = PCURVE('',#3094,#5221);
#5221 = DEFINITIONAL_REPRESENTATION('',(#5222),#5226);
#5222 = LINE('',#5223,#5224);
#5223 = CARTESIAN_POINT('',(-6.28318530718,0.));
#5224 = VECTOR('',#5225,1.);
#5225 = DIRECTION('',(-0.,-1.));
#5226 = ( GEOMETRIC_REPRESENTATION_CONTEXT(2) 
PARAMETRIC_REPRESENTATION_CONTEXT() REPRESENTATION_CONTEXT('2D SPACE',''
  ) );
#5227 = PCURVE('',#3094,#5228);
#5228 = DEFINITIONAL_REPRESENTATION('',(#5229),#5233);
#5229 = LINE('',#5230,#5231);
#5230 = CARTESIAN_POINT('',(-0.,0.));
#5231 = VECTOR('',#5232,1.);
#5232 = DIRECTION('',(-0.,-1.));
#5233 = ( GEOMETRIC_REPRESENTATION_CONTEXT(2) 
PARAMETRIC_REPRESENTATION_CONTEXT() REPRESENTATION_CONTEXT('2D SPACE',''
  ) );
#5234 = ORIENTED_EDGE('',*,*,#4112,.F.);
#5235 = ORIENTED_EDGE('',*,*,#5214,.F.);
#5236 = ORIENTED_EDGE('',*,*,#4922,.F.);
#5237 = ORIENTED_EDGE('',*,*,#3073,.T.);
#5238 = ADVANCED_FACE('',(#5239),#3308,.F.);
#5239 = FACE_BOUND('',#5240,.F.);
#5240 = EDGE_LOOP('',(#5241));
#5241 = ORIENTED_EDGE('',*,*,#3293,.T.);
#5242 = ADVANCED_FACE('',(#5243),#3481,.F.);
#5243 = FACE_BOUND('',#5244,.T.);
#5244 = EDGE_LOOP('',(#5245,#5269,#5290,#5316,#5317));
#5245 = ORIENTED_EDGE('',*,*,#5246,.F.);
#5246 = EDGE_CURVE('',#5247,#4065,#5249,.T.);
#5247 = VERTEX_POINT('',#5248);
#5248 = CARTESIAN_POINT('',(11.5,22.5,8.817319143909));
#5249 = SURFACE_CURVE('',#5250,(#5255,#5262),.PCURVE_S1.);
#5250 = CIRCLE('',#5251,5.7);
#5251 = AXIS2_PLACEMENT_3D('',#5252,#5253,#5254);
#5252 = CARTESIAN_POINT('',(14.75,22.5,13.5));
#5253 = DIRECTION('',(-0.,1.,1.110223024625E-16));
#5254 = DIRECTION('',(1.,0.,0.));
#5255 = PCURVE('',#3481,#5256);
#5256 = DEFINITIONAL_REPRESENTATION('',(#5257),#5261);
#5257 = LINE('',#5258,#5259);
#5258 = CARTESIAN_POINT('',(-0.,0.));
#5259 = VECTOR('',#5260,1.);
#5260 = DIRECTION('',(-1.,0.));
#5261 = ( GEOMETRIC_REPRESENTATION_CONTEXT(2) 
PARAMETRIC_REPRESENTATION_CONTEXT() REPRESENTATION_CONTEXT('2D SPACE',''
  ) );
#5262 = PCURVE('',#4079,#5263);
#5263 = DEFINITIONAL_REPRESENTATION('',(#5264),#5268);
#5264 = CIRCLE('',#5265,5.7);
#5265 = AXIS2_PLACEMENT_2D('',#5266,#5267);
#5266 = CARTESIAN_POINT('',(0.,0.));
#5267 = DIRECTION('',(1.,0.));
#5268 = ( GEOMETRIC_REPRESENTATION_CONTEXT(2) 
PARAMETRIC_REPRESENTATION_CONTEXT() REPRESENTATION_CONTEXT('2D SPACE',''
  ) );
#5269 = ORIENTED_EDGE('',*,*,#5270,.F.);
#5270 = EDGE_CURVE('',#5271,#5247,#5273,.T.);
#5271 = VERTEX_POINT('',#5272);
#5272 = CARTESIAN_POINT('',(11.5,33.5,8.817319143909));
#5273 = SURFACE_CURVE('',#5274,(#5278,#5284),.PCURVE_S1.);
#5274 = LINE('',#5275,#5276);
#5275 = CARTESIAN_POINT('',(11.5,22.5,8.817319143909));
#5276 = VECTOR('',#5277,1.);
#5277 = DIRECTION('',(-0.,-1.,-1.110223024625E-16));
#5278 = PCURVE('',#3481,#5279);
#5279 = DEFINITIONAL_REPRESENTATION('',(#5280),#5283);
#5280 = B_SPLINE_CURVE_WITH_KNOTS('',1,(#5281,#5282),.UNSPECIFIED.,.F.,
  .F.,(2,2),(-12.0000006,5.999999999062E-07),.PIECEWISE_BEZIER_KNOTS.);
#5281 = CARTESIAN_POINT('',(-2.17751571907,-12.0000006));
#5282 = CARTESIAN_POINT('',(-2.17751571907,6.000000004261E-07));
#5283 = ( GEOMETRIC_REPRESENTATION_CONTEXT(2) 
PARAMETRIC_REPRESENTATION_CONTEXT() REPRESENTATION_CONTEXT('2D SPACE',''
  ) );
#5284 = PCURVE('',#4052,#5285);
#5285 = DEFINITIONAL_REPRESENTATION('',(#5286),#5289);
#5286 = B_SPLINE_CURVE_WITH_KNOTS('',1,(#5287,#5288),.UNSPECIFIED.,.F.,
  .F.,(2,2),(-12.0000006,5.999999999062E-07),.PIECEWISE_BEZIER_KNOTS.);
#5287 = CARTESIAN_POINT('',(2.217319143909,-68.0000006));
#5288 = CARTESIAN_POINT('',(2.217319143909,-55.9999994));
#5289 = ( GEOMETRIC_REPRESENTATION_CONTEXT(2) 
PARAMETRIC_REPRESENTATION_CONTEXT() REPRESENTATION_CONTEXT('2D SPACE',''
  ) );
#5290 = ORIENTED_EDGE('',*,*,#5291,.F.);
#5291 = EDGE_CURVE('',#3352,#5271,#5292,.T.);
#5292 = SURFACE_CURVE('',#5293,(#5298,#5305),.PCURVE_S1.);
#5293 = CIRCLE('',#5294,5.7);
#5294 = AXIS2_PLACEMENT_3D('',#5295,#5296,#5297);
#5295 = CARTESIAN_POINT('',(14.75,33.5,13.5));
#5296 = DIRECTION('',(0.,-1.,-1.110223024625E-16));
#5297 = DIRECTION('',(1.,-0.,0.));
#5298 = PCURVE('',#3481,#5299);
#5299 = DEFINITIONAL_REPRESENTATION('',(#5300),#5304);
#5300 = LINE('',#5301,#5302);
#5301 = CARTESIAN_POINT('',(-6.28318530718,-11.));
#5302 = VECTOR('',#5303,1.);
#5303 = DIRECTION('',(1.,-0.));
#5304 = ( GEOMETRIC_REPRESENTATION_CONTEXT(2) 
PARAMETRIC_REPRESENTATION_CONTEXT() REPRESENTATION_CONTEXT('2D SPACE',''
  ) );
#5305 = PCURVE('',#3574,#5306);
#5306 = DEFINITIONAL_REPRESENTATION('',(#5307),#5315);
#5307 = ( BOUNDED_CURVE() B_SPLINE_CURVE(2,(#5308,#5309,#5310,#5311,
#5312,#5313,#5314),.UNSPECIFIED.,.T.,.F.) B_SPLINE_CURVE_WITH_KNOTS((1,2
    ,2,2,2,1),(-2.094395102393,0.,2.094395102393,4.188790204786,
6.28318530718,8.377580409573),.UNSPECIFIED.) CURVE() 
GEOMETRIC_REPRESENTATION_ITEM() RATIONAL_B_SPLINE_CURVE((1.,0.5,1.,0.5,
1.,0.5,1.)) REPRESENTATION_ITEM('') );
#5308 = CARTESIAN_POINT('',(6.9,31.95));
#5309 = CARTESIAN_POINT('',(16.772689603143,31.95));
#5310 = CARTESIAN_POINT('',(11.836344801571,23.4));
#5311 = CARTESIAN_POINT('',(6.9,14.85));
#5312 = CARTESIAN_POINT('',(1.963655198429,23.4));
#5313 = CARTESIAN_POINT('',(-2.972689603143,31.95));
#5314 = CARTESIAN_POINT('',(6.9,31.95));
#5315 = ( GEOMETRIC_REPRESENTATION_CONTEXT(2) 
PARAMETRIC_REPRESENTATION_CONTEXT() REPRESENTATION_CONTEXT('2D SPACE',''
  ) );
#5316 = ORIENTED_EDGE('',*,*,#3351,.F.);
#5317 = ORIENTED_EDGE('',*,*,#4090,.T.);
#5318 = ADVANCED_FACE('',(#5319),#3574,.T.);
#5319 = FACE_BOUND('',#5320,.T.);
#5320 = EDGE_LOOP('',(#5321,#5322,#5323,#5324));
#5321 = ORIENTED_EDGE('',*,*,#5130,.T.);
#5322 = ORIENTED_EDGE('',*,*,#3559,.F.);
#5323 = ORIENTED_EDGE('',*,*,#5291,.T.);
#5324 = ORIENTED_EDGE('',*,*,#5325,.F.);
#5325 = EDGE_CURVE('',#4876,#5271,#5326,.T.);
#5326 = SURFACE_CURVE('',#5327,(#5331,#5338),.PCURVE_S1.);
#5327 = LINE('',#5328,#5329);
#5328 = CARTESIAN_POINT('',(11.5,33.5,6.6));
#5329 = VECTOR('',#5330,1.);
#5330 = DIRECTION('',(0.,0.,1.));
#5331 = PCURVE('',#3574,#5332);
#5332 = DEFINITIONAL_REPRESENTATION('',(#5333),#5337);
#5333 = LINE('',#5334,#5335);
#5334 = CARTESIAN_POINT('',(0.,23.));
#5335 = VECTOR('',#5336,1.);
#5336 = DIRECTION('',(1.,0.));
#5337 = ( GEOMETRIC_REPRESENTATION_CONTEXT(2) 
PARAMETRIC_REPRESENTATION_CONTEXT() REPRESENTATION_CONTEXT('2D SPACE',''
  ) );
#5338 = PCURVE('',#4052,#5339);
#5339 = DEFINITIONAL_REPRESENTATION('',(#5340),#5344);
#5340 = LINE('',#5341,#5342);
#5341 = CARTESIAN_POINT('',(0.,-67.));
#5342 = VECTOR('',#5343,1.);
#5343 = DIRECTION('',(1.,0.));
#5344 = ( GEOMETRIC_REPRESENTATION_CONTEXT(2) 
PARAMETRIC_REPRESENTATION_CONTEXT() REPRESENTATION_CONTEXT('2D SPACE',''
  ) );
#5345 = ADVANCED_FACE('',(#5346),#3842,.F.);
#5346 = FACE_BOUND('',#5347,.T.);
#5347 = EDGE_LOOP('',(#5348,#5377,#5398,#5399));
#5348 = ORIENTED_EDGE('',*,*,#5349,.F.);
#5349 = EDGE_CURVE('',#5350,#5350,#5352,.T.);
#5350 = VERTEX_POINT('',#5351);
#5351 = CARTESIAN_POINT('',(9.85,26.5,9.));
#5352 = SURFACE_CURVE('',#5353,(#5358,#5365),.PCURVE_S1.);
#5353 = CIRCLE('',#5354,0.85);
#5354 = AXIS2_PLACEMENT_3D('',#5355,#5356,#5357);
#5355 = CARTESIAN_POINT('',(9.,26.5,9.));
#5356 = DIRECTION('',(-0.,1.,1.110223024625E-16));
#5357 = DIRECTION('',(1.,0.,0.));
#5358 = PCURVE('',#3842,#5359);
#5359 = DEFINITIONAL_REPRESENTATION('',(#5360),#5364);
#5360 = LINE('',#5361,#5362);
#5361 = CARTESIAN_POINT('',(-0.,0.));
#5362 = VECTOR('',#5363,1.);
#5363 = DIRECTION('',(-1.,0.));
#5364 = ( GEOMETRIC_REPRESENTATION_CONTEXT(2) 
PARAMETRIC_REPRESENTATION_CONTEXT() REPRESENTATION_CONTEXT('2D SPACE',''
  ) );
#5365 = PCURVE('',#5366,#5371);
#5366 = PLANE('',#5367);
#5367 = AXIS2_PLACEMENT_3D('',#5368,#5369,#5370);
#5368 = CARTESIAN_POINT('',(9.,26.5,9.));
#5369 = DIRECTION('',(0.,1.,1.110223024625E-16));
#5370 = DIRECTION('',(1.,0.,0.));
#5371 = DEFINITIONAL_REPRESENTATION('',(#5372),#5376);
#5372 = CIRCLE('',#5373,0.85);
#5373 = AXIS2_PLACEMENT_2D('',#5374,#5375);
#5374 = CARTESIAN_POINT('',(0.,0.));
#5375 = DIRECTION('',(1.,0.));
#5376 = ( GEOMETRIC_REPRESENTATION_CONTEXT(2) 
PARAMETRIC_REPRESENTATION_CONTEXT() REPRESENTATION_CONTEXT('2D SPACE',''
  ) );
#5377 = ORIENTED_EDGE('',*,*,#5378,.T.);
#5378 = EDGE_CURVE('',#5350,#3669,#5379,.T.);
#5379 = SEAM_CURVE('',#5380,(#5384,#5391),.PCURVE_S1.);
#5380 = LINE('',#5381,#5382);
#5381 = CARTESIAN_POINT('',(9.85,26.5,9.));
#5382 = VECTOR('',#5383,1.);
#5383 = DIRECTION('',(0.,1.,1.110223024625E-16));
#5384 = PCURVE('',#3842,#5385);
#5385 = DEFINITIONAL_REPRESENTATION('',(#5386),#5390);
#5386 = LINE('',#5387,#5388);
#5387 = CARTESIAN_POINT('',(-6.28318530718,0.));
#5388 = VECTOR('',#5389,1.);
#5389 = DIRECTION('',(-0.,-1.));
#5390 = ( GEOMETRIC_REPRESENTATION_CONTEXT(2) 
PARAMETRIC_REPRESENTATION_CONTEXT() REPRESENTATION_CONTEXT('2D SPACE',''
  ) );
#5391 = PCURVE('',#3842,#5392);
#5392 = DEFINITIONAL_REPRESENTATION('',(#5393),#5397);
#5393 = LINE('',#5394,#5395);
#5394 = CARTESIAN_POINT('',(-0.,0.));
#5395 = VECTOR('',#5396,1.);
#5396 = DIRECTION('',(-0.,-1.));
#5397 = ( GEOMETRIC_REPRESENTATION_CONTEXT(2) 
PARAMETRIC_REPRESENTATION_CONTEXT() REPRESENTATION_CONTEXT('2D SPACE',''
  ) );
#5398 = ORIENTED_EDGE('',*,*,#3668,.T.);
#5399 = ORIENTED_EDGE('',*,*,#5378,.F.);
#5400 = ADVANCED_FACE('',(#5401),#4079,.T.);
#5401 = FACE_BOUND('',#5402,.T.);
#5402 = EDGE_LOOP('',(#5403,#5422,#5423));
#5403 = ORIENTED_EDGE('',*,*,#5404,.F.);
#5404 = EDGE_CURVE('',#5247,#4037,#5405,.T.);
#5405 = SURFACE_CURVE('',#5406,(#5410,#5416),.PCURVE_S1.);
#5406 = LINE('',#5407,#5408);
#5407 = CARTESIAN_POINT('',(11.5,22.5,10.05));
#5408 = VECTOR('',#5409,1.);
#5409 = DIRECTION('',(0.,-1.110223024625E-16,1.));
#5410 = PCURVE('',#4079,#5411);
#5411 = DEFINITIONAL_REPRESENTATION('',(#5412),#5415);
#5412 = B_SPLINE_CURVE_WITH_KNOTS('',1,(#5413,#5414),.UNSPECIFIED.,.F.,
  .F.,(2,2),(-1.95,3.45),.PIECEWISE_BEZIER_KNOTS.);
#5413 = CARTESIAN_POINT('',(-3.25,5.4));
#5414 = CARTESIAN_POINT('',(-3.25,0.));
#5415 = ( GEOMETRIC_REPRESENTATION_CONTEXT(2) 
PARAMETRIC_REPRESENTATION_CONTEXT() REPRESENTATION_CONTEXT('2D SPACE',''
  ) );
#5416 = PCURVE('',#4052,#5417);
#5417 = DEFINITIONAL_REPRESENTATION('',(#5418),#5421);
#5418 = B_SPLINE_CURVE_WITH_KNOTS('',1,(#5419,#5420),.UNSPECIFIED.,.F.,
  .F.,(2,2),(-1.95,3.45),.PIECEWISE_BEZIER_KNOTS.);
#5419 = CARTESIAN_POINT('',(1.5,-56.));
#5420 = CARTESIAN_POINT('',(6.9,-56.));
#5421 = ( GEOMETRIC_REPRESENTATION_CONTEXT(2) 
PARAMETRIC_REPRESENTATION_CONTEXT() REPRESENTATION_CONTEXT('2D SPACE',''
  ) );
#5422 = ORIENTED_EDGE('',*,*,#5246,.T.);
#5423 = ORIENTED_EDGE('',*,*,#4064,.F.);
#5424 = ADVANCED_FACE('',(#5425),#4052,.T.);
#5425 = FACE_BOUND('',#5426,.T.);
#5426 = EDGE_LOOP('',(#5427,#5450,#5451,#5452,#5453,#5454,#5455,#5476));
#5427 = ORIENTED_EDGE('',*,*,#5428,.F.);
#5428 = EDGE_CURVE('',#4874,#5429,#5431,.T.);
#5429 = VERTEX_POINT('',#5430);
#5430 = CARTESIAN_POINT('',(11.5,-33.5,8.817319143909));
#5431 = SURFACE_CURVE('',#5432,(#5436,#5443),.PCURVE_S1.);
#5432 = LINE('',#5433,#5434);
#5433 = CARTESIAN_POINT('',(11.5,-33.5,6.6));
#5434 = VECTOR('',#5435,1.);
#5435 = DIRECTION('',(0.,0.,1.));
#5436 = PCURVE('',#4052,#5437);
#5437 = DEFINITIONAL_REPRESENTATION('',(#5438),#5442);
#5438 = LINE('',#5439,#5440);
#5439 = CARTESIAN_POINT('',(0.,0.));
#5440 = VECTOR('',#5441,1.);
#5441 = DIRECTION('',(1.,0.));
#5442 = ( GEOMETRIC_REPRESENTATION_CONTEXT(2) 
PARAMETRIC_REPRESENTATION_CONTEXT() REPRESENTATION_CONTEXT('2D SPACE',''
  ) );
#5443 = PCURVE('',#4388,#5444);
#5444 = DEFINITIONAL_REPRESENTATION('',(#5445),#5449);
#5445 = LINE('',#5446,#5447);
#5446 = CARTESIAN_POINT('',(0.,23.));
#5447 = VECTOR('',#5448,1.);
#5448 = DIRECTION('',(1.,0.));
#5449 = ( GEOMETRIC_REPRESENTATION_CONTEXT(2) 
PARAMETRIC_REPRESENTATION_CONTEXT() REPRESENTATION_CONTEXT('2D SPACE',''
  ) );
#5450 = ORIENTED_EDGE('',*,*,#4873,.T.);
#5451 = ORIENTED_EDGE('',*,*,#5325,.T.);
#5452 = ORIENTED_EDGE('',*,*,#5270,.T.);
#5453 = ORIENTED_EDGE('',*,*,#5404,.T.);
#5454 = ORIENTED_EDGE('',*,*,#4036,.F.);
#5455 = ORIENTED_EDGE('',*,*,#5456,.F.);
#5456 = EDGE_CURVE('',#5457,#4011,#5459,.T.);
#5457 = VERTEX_POINT('',#5458);
#5458 = CARTESIAN_POINT('',(11.5,-22.5,8.817319143909));
#5459 = SURFACE_CURVE('',#5460,(#5464,#5470),.PCURVE_S1.);
#5460 = LINE('',#5461,#5462);
#5461 = CARTESIAN_POINT('',(11.5,-22.5,10.05));
#5462 = VECTOR('',#5463,1.);
#5463 = DIRECTION('',(0.,-1.110223024625E-16,1.));
#5464 = PCURVE('',#4052,#5465);
#5465 = DEFINITIONAL_REPRESENTATION('',(#5466),#5469);
#5466 = B_SPLINE_CURVE_WITH_KNOTS('',1,(#5467,#5468),.UNSPECIFIED.,.F.,
  .F.,(2,2),(-1.95,3.45),.PIECEWISE_BEZIER_KNOTS.);
#5467 = CARTESIAN_POINT('',(1.5,-11.));
#5468 = CARTESIAN_POINT('',(6.9,-11.));
#5469 = ( GEOMETRIC_REPRESENTATION_CONTEXT(2) 
PARAMETRIC_REPRESENTATION_CONTEXT() REPRESENTATION_CONTEXT('2D SPACE',''
  ) );
#5470 = PCURVE('',#4025,#5471);
#5471 = DEFINITIONAL_REPRESENTATION('',(#5472),#5475);
#5472 = B_SPLINE_CURVE_WITH_KNOTS('',1,(#5473,#5474),.UNSPECIFIED.,.F.,
  .F.,(2,2),(-1.95,3.45),.PIECEWISE_BEZIER_KNOTS.);
#5473 = CARTESIAN_POINT('',(-3.25,5.4));
#5474 = CARTESIAN_POINT('',(-3.25,0.));
#5475 = ( GEOMETRIC_REPRESENTATION_CONTEXT(2) 
PARAMETRIC_REPRESENTATION_CONTEXT() REPRESENTATION_CONTEXT('2D SPACE',''
  ) );
#5476 = ORIENTED_EDGE('',*,*,#5477,.T.);
#5477 = EDGE_CURVE('',#5457,#5429,#5478,.T.);
#5478 = SURFACE_CURVE('',#5479,(#5483,#5489),.PCURVE_S1.);
#5479 = LINE('',#5480,#5481);
#5480 = CARTESIAN_POINT('',(11.5,-34.5,8.817319143909));
#5481 = VECTOR('',#5482,1.);
#5482 = DIRECTION('',(-0.,-1.,-1.110223024625E-16));
#5483 = PCURVE('',#4052,#5484);
#5484 = DEFINITIONAL_REPRESENTATION('',(#5485),#5488);
#5485 = B_SPLINE_CURVE_WITH_KNOTS('',1,(#5486,#5487),.UNSPECIFIED.,.F.,
  .F.,(2,2),(-12.0000006,5.999999999062E-07),.PIECEWISE_BEZIER_KNOTS.);
#5486 = CARTESIAN_POINT('',(2.217319143909,-11.0000006));
#5487 = CARTESIAN_POINT('',(2.217319143909,1.0000006));
#5488 = ( GEOMETRIC_REPRESENTATION_CONTEXT(2) 
PARAMETRIC_REPRESENTATION_CONTEXT() REPRESENTATION_CONTEXT('2D SPACE',''
  ) );
#5489 = PCURVE('',#3999,#5490);
#5490 = DEFINITIONAL_REPRESENTATION('',(#5491),#5494);
#5491 = B_SPLINE_CURVE_WITH_KNOTS('',1,(#5492,#5493),.UNSPECIFIED.,.F.,
  .F.,(2,2),(-12.0000006,5.999999999062E-07),.PIECEWISE_BEZIER_KNOTS.);
#5492 = CARTESIAN_POINT('',(-2.17751571907,-12.0000006));
#5493 = CARTESIAN_POINT('',(-2.17751571907,6.000000004261E-07));
#5494 = ( GEOMETRIC_REPRESENTATION_CONTEXT(2) 
PARAMETRIC_REPRESENTATION_CONTEXT() REPRESENTATION_CONTEXT('2D SPACE',''
  ) );
#5495 = ADVANCED_FACE('',(#5496),#4025,.F.);
#5496 = FACE_BOUND('',#5497,.F.);
#5497 = EDGE_LOOP('',(#5498,#5499,#5521));
#5498 = ORIENTED_EDGE('',*,*,#5456,.F.);
#5499 = ORIENTED_EDGE('',*,*,#5500,.T.);
#5500 = EDGE_CURVE('',#5457,#3985,#5501,.T.);
#5501 = SURFACE_CURVE('',#5502,(#5507,#5514),.PCURVE_S1.);
#5502 = CIRCLE('',#5503,5.7);
#5503 = AXIS2_PLACEMENT_3D('',#5504,#5505,#5506);
#5504 = CARTESIAN_POINT('',(14.75,-22.5,13.5));
#5505 = DIRECTION('',(-0.,1.,1.110223024625E-16));
#5506 = DIRECTION('',(1.,0.,0.));
#5507 = PCURVE('',#4025,#5508);
#5508 = DEFINITIONAL_REPRESENTATION('',(#5509),#5513);
#5509 = CIRCLE('',#5510,5.7);
#5510 = AXIS2_PLACEMENT_2D('',#5511,#5512);
#5511 = CARTESIAN_POINT('',(0.,-1.7763568394E-15));
#5512 = DIRECTION('',(1.,0.));
#5513 = ( GEOMETRIC_REPRESENTATION_CONTEXT(2) 
PARAMETRIC_REPRESENTATION_CONTEXT() REPRESENTATION_CONTEXT('2D SPACE',''
  ) );
#5514 = PCURVE('',#3999,#5515);
#5515 = DEFINITIONAL_REPRESENTATION('',(#5516),#5520);
#5516 = LINE('',#5517,#5518);
#5517 = CARTESIAN_POINT('',(-0.,-12.));
#5518 = VECTOR('',#5519,1.);
#5519 = DIRECTION('',(-1.,0.));
#5520 = ( GEOMETRIC_REPRESENTATION_CONTEXT(2) 
PARAMETRIC_REPRESENTATION_CONTEXT() REPRESENTATION_CONTEXT('2D SPACE',''
  ) );
#5521 = ORIENTED_EDGE('',*,*,#4010,.F.);
#5522 = ADVANCED_FACE('',(#5523),#3999,.F.);
#5523 = FACE_BOUND('',#5524,.T.);
#5524 = EDGE_LOOP('',(#5525,#5526,#5527,#5528,#5529));
#5525 = ORIENTED_EDGE('',*,*,#5477,.F.);
#5526 = ORIENTED_EDGE('',*,*,#5500,.T.);
#5527 = ORIENTED_EDGE('',*,*,#3984,.T.);
#5528 = ORIENTED_EDGE('',*,*,#4399,.T.);
#5529 = ORIENTED_EDGE('',*,*,#5530,.T.);
#5530 = EDGE_CURVE('',#4374,#5429,#5531,.T.);
#5531 = SURFACE_CURVE('',#5532,(#5537,#5544),.PCURVE_S1.);
#5532 = CIRCLE('',#5533,5.7);
#5533 = AXIS2_PLACEMENT_3D('',#5534,#5535,#5536);
#5534 = CARTESIAN_POINT('',(14.75,-33.5,13.5));
#5535 = DIRECTION('',(0.,-1.,-1.110223024625E-16));
#5536 = DIRECTION('',(1.,-0.,0.));
#5537 = PCURVE('',#3999,#5538);
#5538 = DEFINITIONAL_REPRESENTATION('',(#5539),#5543);
#5539 = LINE('',#5540,#5541);
#5540 = CARTESIAN_POINT('',(-6.28318530718,-1.));
#5541 = VECTOR('',#5542,1.);
#5542 = DIRECTION('',(1.,-0.));
#5543 = ( GEOMETRIC_REPRESENTATION_CONTEXT(2) 
PARAMETRIC_REPRESENTATION_CONTEXT() REPRESENTATION_CONTEXT('2D SPACE',''
  ) );
#5544 = PCURVE('',#4388,#5545);
#5545 = DEFINITIONAL_REPRESENTATION('',(#5546),#5554);
#5546 = ( BOUNDED_CURVE() B_SPLINE_CURVE(2,(#5547,#5548,#5549,#5550,
#5551,#5552,#5553),.UNSPECIFIED.,.T.,.F.) B_SPLINE_CURVE_WITH_KNOTS((1,2
    ,2,2,2,1),(-2.094395102393,0.,2.094395102393,4.188790204786,
6.28318530718,8.377580409573),.UNSPECIFIED.) CURVE() 
GEOMETRIC_REPRESENTATION_ITEM() RATIONAL_B_SPLINE_CURVE((1.,0.5,1.,0.5,
1.,0.5,1.)) REPRESENTATION_ITEM('') );
#5547 = CARTESIAN_POINT('',(6.9,31.95));
#5548 = CARTESIAN_POINT('',(16.772689603143,31.95));
#5549 = CARTESIAN_POINT('',(11.836344801571,23.4));
#5550 = CARTESIAN_POINT('',(6.9,14.85));
#5551 = CARTESIAN_POINT('',(1.963655198429,23.4));
#5552 = CARTESIAN_POINT('',(-2.972689603143,31.95));
#5553 = CARTESIAN_POINT('',(6.9,31.95));
#5554 = ( GEOMETRIC_REPRESENTATION_CONTEXT(2) 
PARAMETRIC_REPRESENTATION_CONTEXT() REPRESENTATION_CONTEXT('2D SPACE',''
  ) );
#5555 = ADVANCED_FACE('',(#5556),#4254,.T.);
#5556 = FACE_BOUND('',#5557,.T.);
#5557 = EDGE_LOOP('',(#5558));
#5558 = ORIENTED_EDGE('',*,*,#4237,.T.);
#5559 = ADVANCED_FACE('',(#5560),#4388,.F.);
#5560 = FACE_BOUND('',#5561,.F.);
#5561 = EDGE_LOOP('',(#5562,#5563,#5564,#5565));
#5562 = ORIENTED_EDGE('',*,*,#4898,.T.);
#5563 = ORIENTED_EDGE('',*,*,#4373,.F.);
#5564 = ORIENTED_EDGE('',*,*,#5530,.T.);
#5565 = ORIENTED_EDGE('',*,*,#5428,.F.);
#5566 = ADVANCED_FACE('',(#5567),#4779,.F.);
#5567 = FACE_BOUND('',#5568,.T.);
#5568 = EDGE_LOOP('',(#5569,#5570,#5593,#5620));
#5569 = ORIENTED_EDGE('',*,*,#4605,.F.);
#5570 = ORIENTED_EDGE('',*,*,#5571,.T.);
#5571 = EDGE_CURVE('',#4606,#5572,#5574,.T.);
#5572 = VERTEX_POINT('',#5573);
#5573 = CARTESIAN_POINT('',(9.85,-26.5,9.));
#5574 = SEAM_CURVE('',#5575,(#5579,#5586),.PCURVE_S1.);
#5575 = LINE('',#5576,#5577);
#5576 = CARTESIAN_POINT('',(9.85,-34.5,9.));
#5577 = VECTOR('',#5578,1.);
#5578 = DIRECTION('',(0.,1.,1.110223024625E-16));
#5579 = PCURVE('',#4779,#5580);
#5580 = DEFINITIONAL_REPRESENTATION('',(#5581),#5585);
#5581 = LINE('',#5582,#5583);
#5582 = CARTESIAN_POINT('',(-6.28318530718,0.));
#5583 = VECTOR('',#5584,1.);
#5584 = DIRECTION('',(-0.,-1.));
#5585 = ( GEOMETRIC_REPRESENTATION_CONTEXT(2) 
PARAMETRIC_REPRESENTATION_CONTEXT() REPRESENTATION_CONTEXT('2D SPACE',''
  ) );
#5586 = PCURVE('',#4779,#5587);
#5587 = DEFINITIONAL_REPRESENTATION('',(#5588),#5592);
#5588 = LINE('',#5589,#5590);
#5589 = CARTESIAN_POINT('',(-0.,0.));
#5590 = VECTOR('',#5591,1.);
#5591 = DIRECTION('',(-0.,-1.));
#5592 = ( GEOMETRIC_REPRESENTATION_CONTEXT(2) 
PARAMETRIC_REPRESENTATION_CONTEXT() REPRESENTATION_CONTEXT('2D SPACE',''
  ) );
#5593 = ORIENTED_EDGE('',*,*,#5594,.T.);
#5594 = EDGE_CURVE('',#5572,#5572,#5595,.T.);
#5595 = SURFACE_CURVE('',#5596,(#5601,#5608),.PCURVE_S1.);
#5596 = CIRCLE('',#5597,0.85);
#5597 = AXIS2_PLACEMENT_3D('',#5598,#5599,#5600);
#5598 = CARTESIAN_POINT('',(9.,-26.5,9.));
#5599 = DIRECTION('',(-0.,1.,1.110223024625E-16));
#5600 = DIRECTION('',(1.,0.,0.));
#5601 = PCURVE('',#4779,#5602);
#5602 = DEFINITIONAL_REPRESENTATION('',(#5603),#5607);
#5603 = LINE('',#5604,#5605);
#5604 = CARTESIAN_POINT('',(-0.,-8.));
#5605 = VECTOR('',#5606,1.);
#5606 = DIRECTION('',(-1.,0.));
#5607 = ( GEOMETRIC_REPRESENTATION_CONTEXT(2) 
PARAMETRIC_REPRESENTATION_CONTEXT() REPRESENTATION_CONTEXT('2D SPACE',''
  ) );
#5608 = PCURVE('',#5609,#5614);
#5609 = PLANE('',#5610);
#5610 = AXIS2_PLACEMENT_3D('',#5611,#5612,#5613);
#5611 = CARTESIAN_POINT('',(9.,-26.5,9.));
#5612 = DIRECTION('',(0.,1.,1.110223024625E-16));
#5613 = DIRECTION('',(1.,0.,0.));
#5614 = DEFINITIONAL_REPRESENTATION('',(#5615),#5619);
#5615 = CIRCLE('',#5616,0.85);
#5616 = AXIS2_PLACEMENT_2D('',#5617,#5618);
#5617 = CARTESIAN_POINT('',(0.,0.));
#5618 = DIRECTION('',(1.,0.));
#5619 = ( GEOMETRIC_REPRESENTATION_CONTEXT(2) 
PARAMETRIC_REPRESENTATION_CONTEXT() REPRESENTATION_CONTEXT('2D SPACE',''
  ) );
#5620 = ORIENTED_EDGE('',*,*,#5571,.F.);
#5621 = ADVANCED_FACE('',(#5622),#5366,.T.);
#5622 = FACE_BOUND('',#5623,.T.);
#5623 = EDGE_LOOP('',(#5624));
#5624 = ORIENTED_EDGE('',*,*,#5349,.T.);
#5625 = ADVANCED_FACE('',(#5626),#5609,.F.);
#5626 = FACE_BOUND('',#5627,.F.);
#5627 = EDGE_LOOP('',(#5628));
#5628 = ORIENTED_EDGE('',*,*,#5594,.T.);
#5629 = ( GEOMETRIC_REPRESENTATION_CONTEXT(3) 
GLOBAL_UNCERTAINTY_ASSIGNED_CONTEXT((#5633)) 
GLOBAL_UNIT_ASSIGNED_CONTEXT((#5630,#5631,#5632)) REPRESENTATION_CONTEXT
('Context #1','3D Context with UNIT and UNCERTAINTY') );
#5630 = ( LENGTH_UNIT() NAMED_UNIT(*) SI_UNIT(.MILLI.,.METRE.) );
#5631 = ( NAMED_UNIT(*) PLANE_ANGLE_UNIT() SI_UNIT($,.RADIAN.) );
#5632 = ( NAMED_UNIT(*) SI_UNIT($,.STERADIAN.) SOLID_ANGLE_UNIT() );
#5633 = UNCERTAINTY_MEASURE_WITH_UNIT(LENGTH_MEASURE(2.E-07),#5630,
  'distance_accuracy_value','confusion accuracy');
#5634 = PRODUCT_RELATED_PRODUCT_CATEGORY('part',$,(#7));
ENDSEC;
END-ISO-10303-21;
