ISO-10303-21;
HEADER;
FILE_DESCRIPTION(('Open CASCADE Model'),'2;1');
FILE_NAME('Open CASCADE Shape Model','2026-08-10T20:42:27',('Author'),(
    'Open CASCADE'),'Open CASCADE STEP processor 7.9','Open CASCADE 7.9'
  ,'Unknown');
FILE_SCHEMA(('AUTOMOTIVE_DESIGN { 1 0 10303 214 1 1 1 1 }'));
ENDSEC;
DATA;
#1 = APPLICATION_PROTOCOL_DEFINITION('international standard',
  'automotive_design',2000,#2);
#2 = APPLICATION_CONTEXT(
  'core data for automotive mechanical design processes');
#3 = SHAPE_DEFINITION_REPRESENTATION(#4,#10);
#4 = PRODUCT_DEFINITION_SHAPE('','',#5);
#5 = PRODUCT_DEFINITION('design','',#6,#9);
#6 = PRODUCT_DEFINITION_FORMATION('','',#7);
#7 = PRODUCT('Open CASCADE STEP translator 7.9 5',
  'Open CASCADE STEP translator 7.9 5','',(#8));
#8 = PRODUCT_CONTEXT('',#2,'mechanical');
#9 = PRODUCT_DEFINITION_CONTEXT('part definition',#2,'design');
#10 = ADVANCED_BREP_SHAPE_REPRESENTATION('',(#11,#15),#3485);
#11 = AXIS2_PLACEMENT_3D('',#12,#13,#14);
#12 = CARTESIAN_POINT('',(0.,0.,0.));
#13 = DIRECTION('',(0.,0.,1.));
#14 = DIRECTION('',(1.,0.,-0.));
#15 = MANIFOLD_SOLID_BREP('',#16);
#16 = CLOSED_SHELL('',(#17,#241,#679,#1026,#1076,#1100,#1283,#1310,#1342
    ,#1610,#2076,#2105,#2134,#2163,#2523,#2644,#2692,#2867,#2894,#3007,
    #3014,#3069,#3124,#3152,#3207,#3262,#3291,#3320,#3349,#3396,#3423,
    #3450,#3457,#3463,#3469,#3473,#3477,#3481));
#17 = ADVANCED_FACE('',(#18),#32,.F.);
#18 = FACE_BOUND('',#19,.F.);
#19 = EDGE_LOOP('',(#20,#55,#83,#109,#135,#163,#189,#215));
#20 = ORIENTED_EDGE('',*,*,#21,.F.);
#21 = EDGE_CURVE('',#22,#24,#26,.T.);
#22 = VERTEX_POINT('',#23);
#23 = CARTESIAN_POINT('',(-11.5,-33.5,19.));
#24 = VERTEX_POINT('',#25);
#25 = CARTESIAN_POINT('',(-11.5,33.5,19.));
#26 = SURFACE_CURVE('',#27,(#31,#43),.PCURVE_S1.);
#27 = LINE('',#28,#29);
#28 = CARTESIAN_POINT('',(-11.5,-33.5,19.));
#29 = VECTOR('',#30,1.);
#30 = DIRECTION('',(0.,1.,0.));
#31 = PCURVE('',#32,#37);
#32 = PLANE('',#33);
#33 = AXIS2_PLACEMENT_3D('',#34,#35,#36);
#34 = CARTESIAN_POINT('',(-11.5,-33.5,13.5));
#35 = DIRECTION('',(1.,0.,0.));
#36 = DIRECTION('',(0.,0.,1.));
#37 = DEFINITIONAL_REPRESENTATION('',(#38),#42);
#38 = LINE('',#39,#40);
#39 = CARTESIAN_POINT('',(5.5,0.));
#40 = VECTOR('',#41,1.);
#41 = DIRECTION('',(0.,-1.));
#42 = ( GEOMETRIC_REPRESENTATION_CONTEXT(2) 
PARAMETRIC_REPRESENTATION_CONTEXT() REPRESENTATION_CONTEXT('2D SPACE',''
  ) );
#43 = PCURVE('',#44,#49);
#44 = CYLINDRICAL_SURFACE('',#45,1.5);
#45 = AXIS2_PLACEMENT_3D('',#46,#47,#48);
#46 = CARTESIAN_POINT('',(-10.,-33.5,19.));
#47 = DIRECTION('',(0.,1.,0.));
#48 = DIRECTION('',(-1.,0.,0.));
#49 = DEFINITIONAL_REPRESENTATION('',(#50),#54);
#50 = LINE('',#51,#52);
#51 = CARTESIAN_POINT('',(0.,0.));
#52 = VECTOR('',#53,1.);
#53 = DIRECTION('',(0.,1.));
#54 = ( GEOMETRIC_REPRESENTATION_CONTEXT(2) 
PARAMETRIC_REPRESENTATION_CONTEXT() REPRESENTATION_CONTEXT('2D SPACE',''
  ) );
#55 = ORIENTED_EDGE('',*,*,#56,.F.);
#56 = EDGE_CURVE('',#57,#22,#59,.T.);
#57 = VERTEX_POINT('',#58);
#58 = CARTESIAN_POINT('',(-11.5,-33.5,18.182680856091));
#59 = SURFACE_CURVE('',#60,(#64,#71),.PCURVE_S1.);
#60 = LINE('',#61,#62);
#61 = CARTESIAN_POINT('',(-11.5,-33.5,13.5));
#62 = VECTOR('',#63,1.);
#63 = DIRECTION('',(0.,0.,1.));
#64 = PCURVE('',#32,#65);
#65 = DEFINITIONAL_REPRESENTATION('',(#66),#70);
#66 = LINE('',#67,#68);
#67 = CARTESIAN_POINT('',(0.,0.));
#68 = VECTOR('',#69,1.);
#69 = DIRECTION('',(1.,0.));
#70 = ( GEOMETRIC_REPRESENTATION_CONTEXT(2) 
PARAMETRIC_REPRESENTATION_CONTEXT() REPRESENTATION_CONTEXT('2D SPACE',''
  ) );
#71 = PCURVE('',#72,#77);
#72 = PLANE('',#73);
#73 = AXIS2_PLACEMENT_3D('',#74,#75,#76);
#74 = CARTESIAN_POINT('',(-11.5,-33.5,13.5));
#75 = DIRECTION('',(0.,1.,0.));
#76 = DIRECTION('',(0.,0.,1.));
#77 = DEFINITIONAL_REPRESENTATION('',(#78),#82);
#78 = LINE('',#79,#80);
#79 = CARTESIAN_POINT('',(0.,0.));
#80 = VECTOR('',#81,1.);
#81 = DIRECTION('',(1.,0.));
#82 = ( GEOMETRIC_REPRESENTATION_CONTEXT(2) 
PARAMETRIC_REPRESENTATION_CONTEXT() REPRESENTATION_CONTEXT('2D SPACE',''
  ) );
#83 = ORIENTED_EDGE('',*,*,#84,.F.);
#84 = EDGE_CURVE('',#85,#57,#87,.T.);
#85 = VERTEX_POINT('',#86);
#86 = CARTESIAN_POINT('',(-11.5,-22.5,18.182680856091));
#87 = SURFACE_CURVE('',#88,(#92,#98),.PCURVE_S1.);
#88 = LINE('',#89,#90);
#89 = CARTESIAN_POINT('',(-11.5,-34.5,18.182680856091));
#90 = VECTOR('',#91,1.);
#91 = DIRECTION('',(-0.,-1.,-1.110223024625E-16));
#92 = PCURVE('',#32,#93);
#93 = DEFINITIONAL_REPRESENTATION('',(#94),#97);
#94 = B_SPLINE_CURVE_WITH_KNOTS('',1,(#95,#96),.UNSPECIFIED.,.F.,.F.,(2,
    2),(-12.0000006,5.999999999062E-07),.PIECEWISE_BEZIER_KNOTS.);
#95 = CARTESIAN_POINT('',(4.682680856091,-11.0000006));
#96 = CARTESIAN_POINT('',(4.682680856091,1.0000006));
#97 = ( GEOMETRIC_REPRESENTATION_CONTEXT(2) 
PARAMETRIC_REPRESENTATION_CONTEXT() REPRESENTATION_CONTEXT('2D SPACE',''
  ) );
#98 = PCURVE('',#99,#104);
#99 = CYLINDRICAL_SURFACE('',#100,5.7);
#100 = AXIS2_PLACEMENT_3D('',#101,#102,#103);
#101 = CARTESIAN_POINT('',(-14.75,-34.5,13.5));
#102 = DIRECTION('',(-0.,-1.,-1.110223024625E-16));
#103 = DIRECTION('',(1.,0.,0.));
#104 = DEFINITIONAL_REPRESENTATION('',(#105),#108);
#105 = B_SPLINE_CURVE_WITH_KNOTS('',1,(#106,#107),.UNSPECIFIED.,.F.,.F.,
  (2,2),(-12.0000006,5.999999999062E-07),.PIECEWISE_BEZIER_KNOTS.);
#106 = CARTESIAN_POINT('',(-5.319108372659,-12.0000006));
#107 = CARTESIAN_POINT('',(-5.319108372659,5.999999993863E-07));
#108 = ( GEOMETRIC_REPRESENTATION_CONTEXT(2) 
PARAMETRIC_REPRESENTATION_CONTEXT() REPRESENTATION_CONTEXT('2D SPACE',''
  ) );
#109 = ORIENTED_EDGE('',*,*,#110,.F.);
#110 = EDGE_CURVE('',#111,#85,#113,.T.);
#111 = VERTEX_POINT('',#112);
#112 = CARTESIAN_POINT('',(-11.5,-22.5,13.5));
#113 = SURFACE_CURVE('',#114,(#118,#124),.PCURVE_S1.);
#114 = LINE('',#115,#116);
#115 = CARTESIAN_POINT('',(-11.5,-22.5,13.5));
#116 = VECTOR('',#117,1.);
#117 = DIRECTION('',(0.,-1.110223024625E-16,1.));
#118 = PCURVE('',#32,#119);
#119 = DEFINITIONAL_REPRESENTATION('',(#120),#123);
#120 = B_SPLINE_CURVE_WITH_KNOTS('',1,(#121,#122),.UNSPECIFIED.,.F.,.F.,
  (2,2),(0.,5.5),.PIECEWISE_BEZIER_KNOTS.);
#121 = CARTESIAN_POINT('',(0.,-11.));
#122 = CARTESIAN_POINT('',(5.5,-11.));
#123 = ( GEOMETRIC_REPRESENTATION_CONTEXT(2) 
PARAMETRIC_REPRESENTATION_CONTEXT() REPRESENTATION_CONTEXT('2D SPACE',''
  ) );
#124 = PCURVE('',#125,#130);
#125 = PLANE('',#126);
#126 = AXIS2_PLACEMENT_3D('',#127,#128,#129);
#127 = CARTESIAN_POINT('',(-14.75,-22.5,13.5));
#128 = DIRECTION('',(0.,1.,1.110223024625E-16));
#129 = DIRECTION('',(1.,0.,0.));
#130 = DEFINITIONAL_REPRESENTATION('',(#131),#134);
#131 = B_SPLINE_CURVE_WITH_KNOTS('',1,(#132,#133),.UNSPECIFIED.,.F.,.F.,
  (2,2),(0.,5.5),.PIECEWISE_BEZIER_KNOTS.);
#132 = CARTESIAN_POINT('',(3.25,0.));
#133 = CARTESIAN_POINT('',(3.25,-5.5));
#134 = ( GEOMETRIC_REPRESENTATION_CONTEXT(2) 
PARAMETRIC_REPRESENTATION_CONTEXT() REPRESENTATION_CONTEXT('2D SPACE',''
  ) );
#135 = ORIENTED_EDGE('',*,*,#136,.T.);
#136 = EDGE_CURVE('',#111,#137,#139,.T.);
#137 = VERTEX_POINT('',#138);
#138 = CARTESIAN_POINT('',(-11.5,22.5,13.5));
#139 = SURFACE_CURVE('',#140,(#144,#151),.PCURVE_S1.);
#140 = LINE('',#141,#142);
#141 = CARTESIAN_POINT('',(-11.5,-33.5,13.5));
#142 = VECTOR('',#143,1.);
#143 = DIRECTION('',(0.,1.,0.));
#144 = PCURVE('',#32,#145);
#145 = DEFINITIONAL_REPRESENTATION('',(#146),#150);
#146 = LINE('',#147,#148);
#147 = CARTESIAN_POINT('',(0.,0.));
#148 = VECTOR('',#149,1.);
#149 = DIRECTION('',(0.,-1.));
#150 = ( GEOMETRIC_REPRESENTATION_CONTEXT(2) 
PARAMETRIC_REPRESENTATION_CONTEXT() REPRESENTATION_CONTEXT('2D SPACE',''
  ) );
#151 = PCURVE('',#152,#157);
#152 = PLANE('',#153);
#153 = AXIS2_PLACEMENT_3D('',#154,#155,#156);
#154 = CARTESIAN_POINT('',(-11.5,-33.5,13.5));
#155 = DIRECTION('',(0.,0.,1.));
#156 = DIRECTION('',(1.,0.,0.));
#157 = DEFINITIONAL_REPRESENTATION('',(#158),#162);
#158 = LINE('',#159,#160);
#159 = CARTESIAN_POINT('',(0.,0.));
#160 = VECTOR('',#161,1.);
#161 = DIRECTION('',(0.,1.));
#162 = ( GEOMETRIC_REPRESENTATION_CONTEXT(2) 
PARAMETRIC_REPRESENTATION_CONTEXT() REPRESENTATION_CONTEXT('2D SPACE',''
  ) );
#163 = ORIENTED_EDGE('',*,*,#164,.T.);
#164 = EDGE_CURVE('',#137,#165,#167,.T.);
#165 = VERTEX_POINT('',#166);
#166 = CARTESIAN_POINT('',(-11.5,22.5,18.182680856091));
#167 = SURFACE_CURVE('',#168,(#172,#178),.PCURVE_S1.);
#168 = LINE('',#169,#170);
#169 = CARTESIAN_POINT('',(-11.5,22.5,13.5));
#170 = VECTOR('',#171,1.);
#171 = DIRECTION('',(0.,-1.110223024625E-16,1.));
#172 = PCURVE('',#32,#173);
#173 = DEFINITIONAL_REPRESENTATION('',(#174),#177);
#174 = B_SPLINE_CURVE_WITH_KNOTS('',1,(#175,#176),.UNSPECIFIED.,.F.,.F.,
  (2,2),(-3.552713678801E-15,5.5),.PIECEWISE_BEZIER_KNOTS.);
#175 = CARTESIAN_POINT('',(0.,-56.));
#176 = CARTESIAN_POINT('',(5.5,-56.));
#177 = ( GEOMETRIC_REPRESENTATION_CONTEXT(2) 
PARAMETRIC_REPRESENTATION_CONTEXT() REPRESENTATION_CONTEXT('2D SPACE',''
  ) );
#178 = PCURVE('',#179,#184);
#179 = PLANE('',#180);
#180 = AXIS2_PLACEMENT_3D('',#181,#182,#183);
#181 = CARTESIAN_POINT('',(-14.75,22.5,13.5));
#182 = DIRECTION('',(0.,1.,1.110223024625E-16));
#183 = DIRECTION('',(1.,0.,0.));
#184 = DEFINITIONAL_REPRESENTATION('',(#185),#188);
#185 = B_SPLINE_CURVE_WITH_KNOTS('',1,(#186,#187),.UNSPECIFIED.,.F.,.F.,
  (2,2),(-3.552713678801E-15,5.5),.PIECEWISE_BEZIER_KNOTS.);
#186 = CARTESIAN_POINT('',(3.25,0.));
#187 = CARTESIAN_POINT('',(3.25,-5.5));
#188 = ( GEOMETRIC_REPRESENTATION_CONTEXT(2) 
PARAMETRIC_REPRESENTATION_CONTEXT() REPRESENTATION_CONTEXT('2D SPACE',''
  ) );
#189 = ORIENTED_EDGE('',*,*,#190,.F.);
#190 = EDGE_CURVE('',#191,#165,#193,.T.);
#191 = VERTEX_POINT('',#192);
#192 = CARTESIAN_POINT('',(-11.5,33.5,18.182680856091));
#193 = SURFACE_CURVE('',#194,(#198,#204),.PCURVE_S1.);
#194 = LINE('',#195,#196);
#195 = CARTESIAN_POINT('',(-11.5,22.5,18.182680856091));
#196 = VECTOR('',#197,1.);
#197 = DIRECTION('',(-0.,-1.,-1.110223024625E-16));
#198 = PCURVE('',#32,#199);
#199 = DEFINITIONAL_REPRESENTATION('',(#200),#203);
#200 = B_SPLINE_CURVE_WITH_KNOTS('',1,(#201,#202),.UNSPECIFIED.,.F.,.F.,
  (2,2),(-12.0000006,5.999999999062E-07),.PIECEWISE_BEZIER_KNOTS.);
#201 = CARTESIAN_POINT('',(4.682680856091,-68.0000006));
#202 = CARTESIAN_POINT('',(4.682680856091,-55.9999994));
#203 = ( GEOMETRIC_REPRESENTATION_CONTEXT(2) 
PARAMETRIC_REPRESENTATION_CONTEXT() REPRESENTATION_CONTEXT('2D SPACE',''
  ) );
#204 = PCURVE('',#205,#210);
#205 = CYLINDRICAL_SURFACE('',#206,5.7);
#206 = AXIS2_PLACEMENT_3D('',#207,#208,#209);
#207 = CARTESIAN_POINT('',(-14.75,22.5,13.5));
#208 = DIRECTION('',(-0.,-1.,-1.110223024625E-16));
#209 = DIRECTION('',(1.,0.,0.));
#210 = DEFINITIONAL_REPRESENTATION('',(#211),#214);
#211 = B_SPLINE_CURVE_WITH_KNOTS('',1,(#212,#213),.UNSPECIFIED.,.F.,.F.,
  (2,2),(-12.0000006,5.999999999062E-07),.PIECEWISE_BEZIER_KNOTS.);
#212 = CARTESIAN_POINT('',(-5.319108372659,-12.0000006));
#213 = CARTESIAN_POINT('',(-5.319108372659,5.999999993863E-07));
#214 = ( GEOMETRIC_REPRESENTATION_CONTEXT(2) 
PARAMETRIC_REPRESENTATION_CONTEXT() REPRESENTATION_CONTEXT('2D SPACE',''
  ) );
#215 = ORIENTED_EDGE('',*,*,#216,.T.);
#216 = EDGE_CURVE('',#191,#24,#217,.T.);
#217 = SURFACE_CURVE('',#218,(#222,#229),.PCURVE_S1.);
#218 = LINE('',#219,#220);
#219 = CARTESIAN_POINT('',(-11.5,33.5,13.5));
#220 = VECTOR('',#221,1.);
#221 = DIRECTION('',(0.,0.,1.));
#222 = PCURVE('',#32,#223);
#223 = DEFINITIONAL_REPRESENTATION('',(#224),#228);
#224 = LINE('',#225,#226);
#225 = CARTESIAN_POINT('',(0.,-67.));
#226 = VECTOR('',#227,1.);
#227 = DIRECTION('',(1.,0.));
#228 = ( GEOMETRIC_REPRESENTATION_CONTEXT(2) 
PARAMETRIC_REPRESENTATION_CONTEXT() REPRESENTATION_CONTEXT('2D SPACE',''
  ) );
#229 = PCURVE('',#230,#235);
#230 = PLANE('',#231);
#231 = AXIS2_PLACEMENT_3D('',#232,#233,#234);
#232 = CARTESIAN_POINT('',(-11.5,33.5,13.5));
#233 = DIRECTION('',(0.,1.,0.));
#234 = DIRECTION('',(0.,0.,1.));
#235 = DEFINITIONAL_REPRESENTATION('',(#236),#240);
#236 = LINE('',#237,#238);
#237 = CARTESIAN_POINT('',(0.,0.));
#238 = VECTOR('',#239,1.);
#239 = DIRECTION('',(1.,0.));
#240 = ( GEOMETRIC_REPRESENTATION_CONTEXT(2) 
PARAMETRIC_REPRESENTATION_CONTEXT() REPRESENTATION_CONTEXT('2D SPACE',''
  ) );
#241 = ADVANCED_FACE('',(#242),#44,.T.);
#242 = FACE_BOUND('',#243,.T.);
#243 = EDGE_LOOP('',(#244,#245,#269,#297,#394,#417,#514,#537,#634,#657)
  );
#244 = ORIENTED_EDGE('',*,*,#21,.F.);
#245 = ORIENTED_EDGE('',*,*,#246,.T.);
#246 = EDGE_CURVE('',#22,#247,#249,.T.);
#247 = VERTEX_POINT('',#248);
#248 = CARTESIAN_POINT('',(-10.,-33.5,20.5));
#249 = SURFACE_CURVE('',#250,(#255,#262),.PCURVE_S1.);
#250 = CIRCLE('',#251,1.5);
#251 = AXIS2_PLACEMENT_3D('',#252,#253,#254);
#252 = CARTESIAN_POINT('',(-10.,-33.5,19.));
#253 = DIRECTION('',(0.,1.,0.));
#254 = DIRECTION('',(0.,-0.,1.));
#255 = PCURVE('',#44,#256);
#256 = DEFINITIONAL_REPRESENTATION('',(#257),#261);
#257 = LINE('',#258,#259);
#258 = CARTESIAN_POINT('',(-4.712388980385,0.));
#259 = VECTOR('',#260,1.);
#260 = DIRECTION('',(1.,0.));
#261 = ( GEOMETRIC_REPRESENTATION_CONTEXT(2) 
PARAMETRIC_REPRESENTATION_CONTEXT() REPRESENTATION_CONTEXT('2D SPACE',''
  ) );
#262 = PCURVE('',#72,#263);
#263 = DEFINITIONAL_REPRESENTATION('',(#264),#268);
#264 = CIRCLE('',#265,1.5);
#265 = AXIS2_PLACEMENT_2D('',#266,#267);
#266 = CARTESIAN_POINT('',(5.5,1.5));
#267 = DIRECTION('',(1.,0.));
#268 = ( GEOMETRIC_REPRESENTATION_CONTEXT(2) 
PARAMETRIC_REPRESENTATION_CONTEXT() REPRESENTATION_CONTEXT('2D SPACE',''
  ) );
#269 = ORIENTED_EDGE('',*,*,#270,.T.);
#270 = EDGE_CURVE('',#247,#271,#273,.T.);
#271 = VERTEX_POINT('',#272);
#272 = CARTESIAN_POINT('',(-10.,-20.84852813742,20.5));
#273 = SURFACE_CURVE('',#274,(#278,#285),.PCURVE_S1.);
#274 = LINE('',#275,#276);
#275 = CARTESIAN_POINT('',(-10.,-33.5,20.5));
#276 = VECTOR('',#277,1.);
#277 = DIRECTION('',(0.,1.,0.));
#278 = PCURVE('',#44,#279);
#279 = DEFINITIONAL_REPRESENTATION('',(#280),#284);
#280 = LINE('',#281,#282);
#281 = CARTESIAN_POINT('',(1.570796326795,0.));
#282 = VECTOR('',#283,1.);
#283 = DIRECTION('',(0.,1.));
#284 = ( GEOMETRIC_REPRESENTATION_CONTEXT(2) 
PARAMETRIC_REPRESENTATION_CONTEXT() REPRESENTATION_CONTEXT('2D SPACE',''
  ) );
#285 = PCURVE('',#286,#291);
#286 = PLANE('',#287);
#287 = AXIS2_PLACEMENT_3D('',#288,#289,#290);
#288 = CARTESIAN_POINT('',(-11.5,-33.5,20.5));
#289 = DIRECTION('',(0.,0.,1.));
#290 = DIRECTION('',(1.,0.,0.));
#291 = DEFINITIONAL_REPRESENTATION('',(#292),#296);
#292 = LINE('',#293,#294);
#293 = CARTESIAN_POINT('',(1.5,0.));
#294 = VECTOR('',#295,1.);
#295 = DIRECTION('',(0.,1.));
#296 = ( GEOMETRIC_REPRESENTATION_CONTEXT(2) 
PARAMETRIC_REPRESENTATION_CONTEXT() REPRESENTATION_CONTEXT('2D SPACE',''
  ) );
#297 = ORIENTED_EDGE('',*,*,#298,.F.);
#298 = EDGE_CURVE('',#299,#271,#301,.T.);
#299 = VERTEX_POINT('',#300);
#300 = CARTESIAN_POINT('',(-10.,-19.15147186257,20.5));
#301 = SURFACE_CURVE('',#302,(#329,#359),.PCURVE_S1.);
#302 = B_SPLINE_CURVE_WITH_KNOTS('',5,(#303,#304,#305,#306,#307,#308,
    #309,#310,#311,#312,#313,#314,#315,#316,#317,#318,#319,#320,#321,
    #322,#323,#324,#325,#326,#327,#328),.UNSPECIFIED.,.F.,.F.,(6,4,4,4,4
    ,4,6),(0.,8.574629075136E-02,0.31666855889,0.50000001983,
    0.683560488985,0.914620048152,1.),.UNSPECIFIED.);
#303 = CARTESIAN_POINT('',(-10.,-19.15147186257,20.5));
#304 = CARTESIAN_POINT('',(-10.02673380084,-19.17352612308,20.5));
#305 = CARTESIAN_POINT('',(-10.05247851927,-19.19653377113,
    20.499404317862));
#306 = CARTESIAN_POINT('',(-10.07719383109,-19.2204297348,
    20.498301491975));
#307 = CARTESIAN_POINT('',(-10.10084497183,-19.24514593005,
    20.49677740892));
#308 = CARTESIAN_POINT('',(-10.18415277289,-19.33919162571,
    20.489900490458));
#309 = CARTESIAN_POINT('',(-10.23695889304,-19.41318940471,
    20.482435007641));
#310 = CARTESIAN_POINT('',(-10.28149553382,-19.4914743627,20.47411508794
    ));
#311 = CARTESIAN_POINT('',(-10.3175947244,-19.57303402104,
    20.466265512801));
#312 = CARTESIAN_POINT('',(-10.36700248231,-19.72355590465,
    20.454583795873));
#313 = CARTESIAN_POINT('',(-10.38348262721,-19.79167419667,
    20.450254657237));
#314 = CARTESIAN_POINT('',(-10.39449187375,-19.86077917338,
    20.447206872131));
#315 = CARTESIAN_POINT('',(-10.4,-19.9303785832,20.44568322948));
#316 = CARTESIAN_POINT('',(-10.4,-20.06970838428,20.44568322948));
#317 = CARTESIAN_POINT('',(-10.39447810416,-20.1393946269,
    20.447210679282));
#318 = CARTESIAN_POINT('',(-10.38344137012,-20.20858460331,
    20.450266081649));
#319 = CARTESIAN_POINT('',(-10.36692014119,-20.27678424754,
    20.454605423331));
#320 = CARTESIAN_POINT('',(-10.31740782128,-20.42742234747,
    20.466306970113));
#321 = CARTESIAN_POINT('',(-10.28124845424,-20.50901715374,
    20.474164741669));
#322 = CARTESIAN_POINT('',(-10.23664206122,-20.58732986685,
    20.48248940015));
#323 = CARTESIAN_POINT('',(-10.18375725672,-20.66134582579,
    20.489952805952));
#324 = CARTESIAN_POINT('',(-10.10044085728,-20.75527616756,
    20.496803393802));
#325 = CARTESIAN_POINT('',(-10.0768771467,-20.77987634924,
    20.498315593541));
#326 = CARTESIAN_POINT('',(-10.05225860215,-20.80366273478,
    20.499409397263));
#327 = CARTESIAN_POINT('',(-10.02661960307,-20.82656808527,20.5));
#328 = CARTESIAN_POINT('',(-10.,-20.84852813742,20.5));
#329 = PCURVE('',#44,#330);
#330 = DEFINITIONAL_REPRESENTATION('',(#331),#358);
#331 = B_SPLINE_CURVE_WITH_KNOTS('',5,(#332,#333,#334,#335,#336,#337,
    #338,#339,#340,#341,#342,#343,#344,#345,#346,#347,#348,#349,#350,
    #351,#352,#353,#354,#355,#356,#357),.UNSPECIFIED.,.F.,.F.,(6,4,4,4,4
    ,4,6),(0.,8.574629075136E-02,0.31666855889,0.50000001983,
    0.683560488985,0.914620048152,1.),.UNSPECIFIED.);
#332 = CARTESIAN_POINT('',(1.570796326795,14.348528137424));
#333 = CARTESIAN_POINT('',(1.552973792901,14.326473876919));
#334 = CARTESIAN_POINT('',(1.535810577778,14.303466228864));
#335 = CARTESIAN_POINT('',(1.519322045054,14.279570265192));
#336 = CARTESIAN_POINT('',(1.503524412395,14.254854069946));
#337 = CARTESIAN_POINT('',(1.447796973614,14.16080837429));
#338 = CARTESIAN_POINT('',(1.412302598275,14.086810595282));
#339 = CARTESIAN_POINT('',(1.382116795814,14.0085256373));
#340 = CARTESIAN_POINT('',(1.35749254961,13.926965978951));
#341 = CARTESIAN_POINT('',(1.323645908212,13.776444095345));
#342 = CARTESIAN_POINT('',(1.312289693399,13.70832580333));
#343 = CARTESIAN_POINT('',(1.304673336405,13.639220826612));
#344 = CARTESIAN_POINT('',(1.300863530961,13.569621416793));
#345 = CARTESIAN_POINT('',(1.300863530961,13.43029161572));
#346 = CARTESIAN_POINT('',(1.304682859238,13.360605373093));
#347 = CARTESIAN_POINT('',(1.312318237705,13.291415396685));
#348 = CARTESIAN_POINT('',(1.323702646889,13.223215752454));
#349 = CARTESIAN_POINT('',(1.357620167892,13.072577652524));
#350 = CARTESIAN_POINT('',(1.382284753943,12.990982846252));
#351 = CARTESIAN_POINT('',(1.41251674992,12.912670133144));
#352 = CARTESIAN_POINT('',(1.448062624417,12.838654174205));
#353 = CARTESIAN_POINT('',(1.503794334795,12.744723832431));
#354 = CARTESIAN_POINT('',(1.519533317037,12.720123650751));
#355 = CARTESIAN_POINT('',(1.535957190749,12.696337265211));
#356 = CARTESIAN_POINT('',(1.553049924748,12.673431914726));
#357 = CARTESIAN_POINT('',(1.570796326795,12.651471862576));
#358 = ( GEOMETRIC_REPRESENTATION_CONTEXT(2) 
PARAMETRIC_REPRESENTATION_CONTEXT() REPRESENTATION_CONTEXT('2D SPACE',''
  ) );
#359 = PCURVE('',#360,#365);
#360 = CYLINDRICAL_SURFACE('',#361,1.1);
#361 = AXIS2_PLACEMENT_3D('',#362,#363,#364);
#362 = CARTESIAN_POINT('',(-9.3,-20.,12.5));
#363 = DIRECTION('',(-0.,-0.,-1.));
#364 = DIRECTION('',(1.,0.,0.));
#365 = DEFINITIONAL_REPRESENTATION('',(#366),#393);
#366 = B_SPLINE_CURVE_WITH_KNOTS('',5,(#367,#368,#369,#370,#371,#372,
    #373,#374,#375,#376,#377,#378,#379,#380,#381,#382,#383,#384,#385,
    #386,#387,#388,#389,#390,#391,#392),.UNSPECIFIED.,.F.,.F.,(6,4,4,4,4
    ,4,6),(0.,8.574629075136E-02,0.31666855889,0.50000001983,
    0.683560488985,0.914620048152,1.),.UNSPECIFIED.);
#367 = CARTESIAN_POINT('',(-2.26057132758,-8.));
#368 = CARTESIAN_POINT('',(-2.292077414016,-8.));
#369 = CARTESIAN_POINT('',(-2.323441394772,-7.999404317862));
#370 = CARTESIAN_POINT('',(-2.354662678349,-7.998301491975));
#371 = CARTESIAN_POINT('',(-2.38573888067,-7.99677740892));
#372 = CARTESIAN_POINT('',(-2.499954794037,-7.989900490458));
#373 = CARTESIAN_POINT('',(-2.582141691089,-7.982435007641));
#374 = CARTESIAN_POINT('',(-2.663464901358,-7.97411508794));
#375 = CARTESIAN_POINT('',(-2.74414691872,-7.966265512801));
#376 = CARTESIAN_POINT('',(-2.888168163668,-7.954583795873));
#377 = CARTESIAN_POINT('',(-2.951677654604,-7.950254657237));
#378 = CARTESIAN_POINT('',(-3.015028176227,-7.947206872131));
#379 = CARTESIAN_POINT('',(-3.078300456506,-7.94568322948));
#380 = CARTESIAN_POINT('',(-3.204963912026,-7.94568322948));
#381 = CARTESIAN_POINT('',(-3.268315131981,-7.947210679282));
#382 = CARTESIAN_POINT('',(-3.331744904654,-7.950266081649));
#383 = CARTESIAN_POINT('',(-3.395334290025,-7.954605423331));
#384 = CARTESIAN_POINT('',(-3.539485573543,-7.966306970113));
#385 = CARTESIAN_POINT('',(-3.620218227359,-7.974164741669));
#386 = CARTESIAN_POINT('',(-3.70159366379,-7.98248940015));
#387 = CARTESIAN_POINT('',(-3.783834647145,-7.989952805952));
#388 = CARTESIAN_POINT('',(-3.897977270415,-7.996803393802));
#389 = CARTESIAN_POINT('',(-3.928922613264,-7.998315593541));
#390 = CARTESIAN_POINT('',(-3.960011812518,-7.999409397263));
#391 = CARTESIAN_POINT('',(-3.991242476527,-8.));
#392 = CARTESIAN_POINT('',(-4.022613979599,-8.));
#393 = ( GEOMETRIC_REPRESENTATION_CONTEXT(2) 
PARAMETRIC_REPRESENTATION_CONTEXT() REPRESENTATION_CONTEXT('2D SPACE',''
  ) );
#394 = ORIENTED_EDGE('',*,*,#395,.T.);
#395 = EDGE_CURVE('',#299,#396,#398,.T.);
#396 = VERTEX_POINT('',#397);
#397 = CARTESIAN_POINT('',(-10.,-0.848528137424,20.5));
#398 = SURFACE_CURVE('',#399,(#403,#410),.PCURVE_S1.);
#399 = LINE('',#400,#401);
#400 = CARTESIAN_POINT('',(-10.,-33.5,20.5));
#401 = VECTOR('',#402,1.);
#402 = DIRECTION('',(0.,1.,0.));
#403 = PCURVE('',#44,#404);
#404 = DEFINITIONAL_REPRESENTATION('',(#405),#409);
#405 = LINE('',#406,#407);
#406 = CARTESIAN_POINT('',(1.570796326795,0.));
#407 = VECTOR('',#408,1.);
#408 = DIRECTION('',(0.,1.));
#409 = ( GEOMETRIC_REPRESENTATION_CONTEXT(2) 
PARAMETRIC_REPRESENTATION_CONTEXT() REPRESENTATION_CONTEXT('2D SPACE',''
  ) );
#410 = PCURVE('',#286,#411);
#411 = DEFINITIONAL_REPRESENTATION('',(#412),#416);
#412 = LINE('',#413,#414);
#413 = CARTESIAN_POINT('',(1.5,0.));
#414 = VECTOR('',#415,1.);
#415 = DIRECTION('',(0.,1.));
#416 = ( GEOMETRIC_REPRESENTATION_CONTEXT(2) 
PARAMETRIC_REPRESENTATION_CONTEXT() REPRESENTATION_CONTEXT('2D SPACE',''
  ) );
#417 = ORIENTED_EDGE('',*,*,#418,.F.);
#418 = EDGE_CURVE('',#419,#396,#421,.T.);
#419 = VERTEX_POINT('',#420);
#420 = CARTESIAN_POINT('',(-10.,0.848528137424,20.5));
#421 = SURFACE_CURVE('',#422,(#449,#479),.PCURVE_S1.);
#422 = B_SPLINE_CURVE_WITH_KNOTS('',5,(#423,#424,#425,#426,#427,#428,
    #429,#430,#431,#432,#433,#434,#435,#436,#437,#438,#439,#440,#441,
    #442,#443,#444,#445,#446,#447,#448),.UNSPECIFIED.,.F.,.F.,(6,4,4,4,4
    ,4,6),(0.,8.574629075129E-02,0.31666855889,0.50000001983,
    0.683560488985,0.914620048152,1.),.UNSPECIFIED.);
#423 = CARTESIAN_POINT('',(-10.,0.848528137424,20.5));
#424 = CARTESIAN_POINT('',(-10.02673380084,0.826473876919,20.5));
#425 = CARTESIAN_POINT('',(-10.05247851927,0.803466228864,
    20.499404317862));
#426 = CARTESIAN_POINT('',(-10.07719383109,0.779570265192,
    20.498301491975));
#427 = CARTESIAN_POINT('',(-10.10084497183,0.754854069946,20.49677740892
    ));
#428 = CARTESIAN_POINT('',(-10.18415277289,0.66080837429,20.489900490458
    ));
#429 = CARTESIAN_POINT('',(-10.23695889304,0.586810595282,
    20.482435007641));
#430 = CARTESIAN_POINT('',(-10.28149553382,0.5085256373,20.47411508794)
  );
#431 = CARTESIAN_POINT('',(-10.3175947244,0.426965978951,20.466265512801
    ));
#432 = CARTESIAN_POINT('',(-10.36700248231,0.276444095345,
    20.454583795873));
#433 = CARTESIAN_POINT('',(-10.38348262721,0.20832580333,20.450254657237
    ));
#434 = CARTESIAN_POINT('',(-10.39449187375,0.139220826612,
    20.447206872131));
#435 = CARTESIAN_POINT('',(-10.4,6.962141679255E-02,20.44568322948));
#436 = CARTESIAN_POINT('',(-10.4,-6.970838427956E-02,20.44568322948));
#437 = CARTESIAN_POINT('',(-10.39447810416,-0.139394626907,
    20.447210679282));
#438 = CARTESIAN_POINT('',(-10.38344137012,-0.208584603315,
    20.450266081649));
#439 = CARTESIAN_POINT('',(-10.36692014119,-0.276784247546,
    20.454605423331));
#440 = CARTESIAN_POINT('',(-10.31740782128,-0.427422347476,
    20.466306970113));
#441 = CARTESIAN_POINT('',(-10.28124845424,-0.509017153748,
    20.474164741669));
#442 = CARTESIAN_POINT('',(-10.23664206122,-0.587329866856,
    20.48248940015));
#443 = CARTESIAN_POINT('',(-10.18375725672,-0.661345825795,
    20.489952805952));
#444 = CARTESIAN_POINT('',(-10.10044085728,-0.755276167569,
    20.496803393802));
#445 = CARTESIAN_POINT('',(-10.0768771467,-0.779876349249,
    20.498315593541));
#446 = CARTESIAN_POINT('',(-10.05225860215,-0.803662734789,
    20.499409397263));
#447 = CARTESIAN_POINT('',(-10.02661960307,-0.826568085273,20.5));
#448 = CARTESIAN_POINT('',(-10.,-0.848528137424,20.5));
#449 = PCURVE('',#44,#450);
#450 = DEFINITIONAL_REPRESENTATION('',(#451),#478);
#451 = B_SPLINE_CURVE_WITH_KNOTS('',5,(#452,#453,#454,#455,#456,#457,
    #458,#459,#460,#461,#462,#463,#464,#465,#466,#467,#468,#469,#470,
    #471,#472,#473,#474,#475,#476,#477),.UNSPECIFIED.,.F.,.F.,(6,4,4,4,4
    ,4,6),(0.,8.574629075129E-02,0.31666855889,0.50000001983,
    0.683560488985,0.914620048152,1.),.UNSPECIFIED.);
#452 = CARTESIAN_POINT('',(1.570796326795,34.348528137424));
#453 = CARTESIAN_POINT('',(1.552973792901,34.326473876919));
#454 = CARTESIAN_POINT('',(1.535810577778,34.303466228864));
#455 = CARTESIAN_POINT('',(1.519322045054,34.279570265192));
#456 = CARTESIAN_POINT('',(1.503524412395,34.254854069946));
#457 = CARTESIAN_POINT('',(1.447796973614,34.16080837429));
#458 = CARTESIAN_POINT('',(1.412302598275,34.086810595282));
#459 = CARTESIAN_POINT('',(1.382116795814,34.0085256373));
#460 = CARTESIAN_POINT('',(1.35749254961,33.926965978951));
#461 = CARTESIAN_POINT('',(1.323645908212,33.776444095345));
#462 = CARTESIAN_POINT('',(1.312289693399,33.70832580333));
#463 = CARTESIAN_POINT('',(1.304673336405,33.639220826612));
#464 = CARTESIAN_POINT('',(1.300863530961,33.569621416793));
#465 = CARTESIAN_POINT('',(1.300863530961,33.43029161572));
#466 = CARTESIAN_POINT('',(1.304682859238,33.360605373093));
#467 = CARTESIAN_POINT('',(1.312318237705,33.291415396685));
#468 = CARTESIAN_POINT('',(1.323702646889,33.223215752454));
#469 = CARTESIAN_POINT('',(1.357620167892,33.072577652524));
#470 = CARTESIAN_POINT('',(1.382284753943,32.990982846252));
#471 = CARTESIAN_POINT('',(1.41251674992,32.912670133144));
#472 = CARTESIAN_POINT('',(1.448062624417,32.838654174205));
#473 = CARTESIAN_POINT('',(1.503794334795,32.744723832431));
#474 = CARTESIAN_POINT('',(1.519533317037,32.720123650751));
#475 = CARTESIAN_POINT('',(1.535957190749,32.696337265211));
#476 = CARTESIAN_POINT('',(1.553049924748,32.673431914727));
#477 = CARTESIAN_POINT('',(1.570796326795,32.651471862576));
#478 = ( GEOMETRIC_REPRESENTATION_CONTEXT(2) 
PARAMETRIC_REPRESENTATION_CONTEXT() REPRESENTATION_CONTEXT('2D SPACE',''
  ) );
#479 = PCURVE('',#480,#485);
#480 = CYLINDRICAL_SURFACE('',#481,1.1);
#481 = AXIS2_PLACEMENT_3D('',#482,#483,#484);
#482 = CARTESIAN_POINT('',(-9.3,0.,12.5));
#483 = DIRECTION('',(-0.,-0.,-1.));
#484 = DIRECTION('',(1.,0.,0.));
#485 = DEFINITIONAL_REPRESENTATION('',(#486),#513);
#486 = B_SPLINE_CURVE_WITH_KNOTS('',5,(#487,#488,#489,#490,#491,#492,
    #493,#494,#495,#496,#497,#498,#499,#500,#501,#502,#503,#504,#505,
    #506,#507,#508,#509,#510,#511,#512),.UNSPECIFIED.,.F.,.F.,(6,4,4,4,4
    ,4,6),(0.,8.574629075129E-02,0.31666855889,0.50000001983,
    0.683560488985,0.914620048152,1.),.UNSPECIFIED.);
#487 = CARTESIAN_POINT('',(-2.26057132758,-8.));
#488 = CARTESIAN_POINT('',(-2.292077414016,-8.));
#489 = CARTESIAN_POINT('',(-2.323441394772,-7.999404317862));
#490 = CARTESIAN_POINT('',(-2.354662678349,-7.998301491975));
#491 = CARTESIAN_POINT('',(-2.38573888067,-7.99677740892));
#492 = CARTESIAN_POINT('',(-2.499954794037,-7.989900490458));
#493 = CARTESIAN_POINT('',(-2.582141691089,-7.982435007641));
#494 = CARTESIAN_POINT('',(-2.663464901358,-7.97411508794));
#495 = CARTESIAN_POINT('',(-2.74414691872,-7.966265512801));
#496 = CARTESIAN_POINT('',(-2.888168163668,-7.954583795873));
#497 = CARTESIAN_POINT('',(-2.951677654604,-7.950254657237));
#498 = CARTESIAN_POINT('',(-3.015028176227,-7.947206872131));
#499 = CARTESIAN_POINT('',(-3.078300456506,-7.94568322948));
#500 = CARTESIAN_POINT('',(-3.204963912026,-7.94568322948));
#501 = CARTESIAN_POINT('',(-3.268315131981,-7.947210679282));
#502 = CARTESIAN_POINT('',(-3.331744904654,-7.950266081649));
#503 = CARTESIAN_POINT('',(-3.395334290025,-7.954605423331));
#504 = CARTESIAN_POINT('',(-3.539485573543,-7.966306970113));
#505 = CARTESIAN_POINT('',(-3.620218227359,-7.974164741669));
#506 = CARTESIAN_POINT('',(-3.70159366379,-7.98248940015));
#507 = CARTESIAN_POINT('',(-3.783834647145,-7.989952805952));
#508 = CARTESIAN_POINT('',(-3.897977270415,-7.996803393802));
#509 = CARTESIAN_POINT('',(-3.928922613264,-7.998315593541));
#510 = CARTESIAN_POINT('',(-3.960011812518,-7.999409397263));
#511 = CARTESIAN_POINT('',(-3.991242476527,-8.));
#512 = CARTESIAN_POINT('',(-4.022613979599,-8.));
#513 = ( GEOMETRIC_REPRESENTATION_CONTEXT(2) 
PARAMETRIC_REPRESENTATION_CONTEXT() REPRESENTATION_CONTEXT('2D SPACE',''
  ) );
#514 = ORIENTED_EDGE('',*,*,#515,.T.);
#515 = EDGE_CURVE('',#419,#516,#518,.T.);
#516 = VERTEX_POINT('',#517);
#517 = CARTESIAN_POINT('',(-10.,19.151471862576,20.5));
#518 = SURFACE_CURVE('',#519,(#523,#530),.PCURVE_S1.);
#519 = LINE('',#520,#521);
#520 = CARTESIAN_POINT('',(-10.,-33.5,20.5));
#521 = VECTOR('',#522,1.);
#522 = DIRECTION('',(0.,1.,0.));
#523 = PCURVE('',#44,#524);
#524 = DEFINITIONAL_REPRESENTATION('',(#525),#529);
#525 = LINE('',#526,#527);
#526 = CARTESIAN_POINT('',(1.570796326795,0.));
#527 = VECTOR('',#528,1.);
#528 = DIRECTION('',(0.,1.));
#529 = ( GEOMETRIC_REPRESENTATION_CONTEXT(2) 
PARAMETRIC_REPRESENTATION_CONTEXT() REPRESENTATION_CONTEXT('2D SPACE',''
  ) );
#530 = PCURVE('',#286,#531);
#531 = DEFINITIONAL_REPRESENTATION('',(#532),#536);
#532 = LINE('',#533,#534);
#533 = CARTESIAN_POINT('',(1.5,0.));
#534 = VECTOR('',#535,1.);
#535 = DIRECTION('',(0.,1.));
#536 = ( GEOMETRIC_REPRESENTATION_CONTEXT(2) 
PARAMETRIC_REPRESENTATION_CONTEXT() REPRESENTATION_CONTEXT('2D SPACE',''
  ) );
#537 = ORIENTED_EDGE('',*,*,#538,.F.);
#538 = EDGE_CURVE('',#539,#516,#541,.T.);
#539 = VERTEX_POINT('',#540);
#540 = CARTESIAN_POINT('',(-10.,20.848528137424,20.5));
#541 = SURFACE_CURVE('',#542,(#569,#599),.PCURVE_S1.);
#542 = B_SPLINE_CURVE_WITH_KNOTS('',5,(#543,#544,#545,#546,#547,#548,
    #549,#550,#551,#552,#553,#554,#555,#556,#557,#558,#559,#560,#561,
    #562,#563,#564,#565,#566,#567,#568),.UNSPECIFIED.,.F.,.F.,(6,4,4,4,4
    ,4,6),(0.,8.574629075133E-02,0.31666855889,0.50000001983,
    0.683560488985,0.914620048152,1.),.UNSPECIFIED.);
#543 = CARTESIAN_POINT('',(-10.,20.848528137424,20.5));
#544 = CARTESIAN_POINT('',(-10.02673380084,20.826473876919,20.5));
#545 = CARTESIAN_POINT('',(-10.05247851927,20.803466228864,
    20.499404317862));
#546 = CARTESIAN_POINT('',(-10.07719383109,20.779570265192,
    20.498301491975));
#547 = CARTESIAN_POINT('',(-10.10084497183,20.754854069946,
    20.49677740892));
#548 = CARTESIAN_POINT('',(-10.18415277289,20.66080837429,
    20.489900490458));
#549 = CARTESIAN_POINT('',(-10.23695889304,20.586810595282,
    20.482435007641));
#550 = CARTESIAN_POINT('',(-10.28149553382,20.5085256373,20.47411508794)
  );
#551 = CARTESIAN_POINT('',(-10.3175947244,20.426965978951,
    20.466265512801));
#552 = CARTESIAN_POINT('',(-10.36700248231,20.276444095345,
    20.454583795873));
#553 = CARTESIAN_POINT('',(-10.38348262721,20.20832580333,
    20.450254657237));
#554 = CARTESIAN_POINT('',(-10.39449187375,20.139220826612,
    20.447206872131));
#555 = CARTESIAN_POINT('',(-10.4,20.069621416793,20.44568322948));
#556 = CARTESIAN_POINT('',(-10.4,19.93029161572,20.44568322948));
#557 = CARTESIAN_POINT('',(-10.39447810416,19.860605373093,
    20.447210679282));
#558 = CARTESIAN_POINT('',(-10.38344137012,19.791415396685,
    20.450266081649));
#559 = CARTESIAN_POINT('',(-10.36692014119,19.723215752454,
    20.454605423331));
#560 = CARTESIAN_POINT('',(-10.31740782128,19.572577652524,
    20.466306970113));
#561 = CARTESIAN_POINT('',(-10.28124845424,19.490982846252,
    20.474164741669));
#562 = CARTESIAN_POINT('',(-10.23664206122,19.412670133144,
    20.48248940015));
#563 = CARTESIAN_POINT('',(-10.18375725672,19.338654174205,
    20.489952805952));
#564 = CARTESIAN_POINT('',(-10.10044085728,19.244723832431,
    20.496803393802));
#565 = CARTESIAN_POINT('',(-10.0768771467,19.220123650751,
    20.498315593541));
#566 = CARTESIAN_POINT('',(-10.05225860215,19.196337265211,
    20.499409397263));
#567 = CARTESIAN_POINT('',(-10.02661960307,19.173431914726,20.5));
#568 = CARTESIAN_POINT('',(-10.,19.151471862576,20.5));
#569 = PCURVE('',#44,#570);
#570 = DEFINITIONAL_REPRESENTATION('',(#571),#598);
#571 = B_SPLINE_CURVE_WITH_KNOTS('',5,(#572,#573,#574,#575,#576,#577,
    #578,#579,#580,#581,#582,#583,#584,#585,#586,#587,#588,#589,#590,
    #591,#592,#593,#594,#595,#596,#597),.UNSPECIFIED.,.F.,.F.,(6,4,4,4,4
    ,4,6),(0.,8.574629075133E-02,0.31666855889,0.50000001983,
    0.683560488985,0.914620048152,1.),.UNSPECIFIED.);
#572 = CARTESIAN_POINT('',(1.570796326795,54.348528137424));
#573 = CARTESIAN_POINT('',(1.552973792901,54.326473876919));
#574 = CARTESIAN_POINT('',(1.535810577778,54.303466228864));
#575 = CARTESIAN_POINT('',(1.519322045054,54.279570265192));
#576 = CARTESIAN_POINT('',(1.503524412395,54.254854069946));
#577 = CARTESIAN_POINT('',(1.447796973614,54.16080837429));
#578 = CARTESIAN_POINT('',(1.412302598275,54.086810595282));
#579 = CARTESIAN_POINT('',(1.382116795814,54.0085256373));
#580 = CARTESIAN_POINT('',(1.35749254961,53.926965978951));
#581 = CARTESIAN_POINT('',(1.323645908212,53.776444095345));
#582 = CARTESIAN_POINT('',(1.312289693399,53.70832580333));
#583 = CARTESIAN_POINT('',(1.304673336405,53.639220826612));
#584 = CARTESIAN_POINT('',(1.300863530961,53.569621416793));
#585 = CARTESIAN_POINT('',(1.300863530961,53.43029161572));
#586 = CARTESIAN_POINT('',(1.304682859238,53.360605373093));
#587 = CARTESIAN_POINT('',(1.312318237705,53.291415396685));
#588 = CARTESIAN_POINT('',(1.323702646889,53.223215752454));
#589 = CARTESIAN_POINT('',(1.357620167892,53.072577652524));
#590 = CARTESIAN_POINT('',(1.382284753943,52.990982846252));
#591 = CARTESIAN_POINT('',(1.41251674992,52.912670133144));
#592 = CARTESIAN_POINT('',(1.448062624417,52.838654174205));
#593 = CARTESIAN_POINT('',(1.503794334795,52.744723832431));
#594 = CARTESIAN_POINT('',(1.519533317037,52.720123650751));
#595 = CARTESIAN_POINT('',(1.535957190749,52.696337265211));
#596 = CARTESIAN_POINT('',(1.553049924748,52.673431914726));
#597 = CARTESIAN_POINT('',(1.570796326795,52.651471862576));
#598 = ( GEOMETRIC_REPRESENTATION_CONTEXT(2) 
PARAMETRIC_REPRESENTATION_CONTEXT() REPRESENTATION_CONTEXT('2D SPACE',''
  ) );
#599 = PCURVE('',#600,#605);
#600 = CYLINDRICAL_SURFACE('',#601,1.1);
#601 = AXIS2_PLACEMENT_3D('',#602,#603,#604);
#602 = CARTESIAN_POINT('',(-9.3,20.,12.5));
#603 = DIRECTION('',(-0.,-0.,-1.));
#604 = DIRECTION('',(1.,0.,0.));
#605 = DEFINITIONAL_REPRESENTATION('',(#606),#633);
#606 = B_SPLINE_CURVE_WITH_KNOTS('',5,(#607,#608,#609,#610,#611,#612,
    #613,#614,#615,#616,#617,#618,#619,#620,#621,#622,#623,#624,#625,
    #626,#627,#628,#629,#630,#631,#632),.UNSPECIFIED.,.F.,.F.,(6,4,4,4,4
    ,4,6),(0.,8.574629075133E-02,0.31666855889,0.50000001983,
    0.683560488985,0.914620048152,1.),.UNSPECIFIED.);
#607 = CARTESIAN_POINT('',(-2.26057132758,-8.));
#608 = CARTESIAN_POINT('',(-2.292077414016,-8.));
#609 = CARTESIAN_POINT('',(-2.323441394772,-7.999404317862));
#610 = CARTESIAN_POINT('',(-2.354662678349,-7.998301491975));
#611 = CARTESIAN_POINT('',(-2.38573888067,-7.99677740892));
#612 = CARTESIAN_POINT('',(-2.499954794037,-7.989900490458));
#613 = CARTESIAN_POINT('',(-2.582141691089,-7.982435007641));
#614 = CARTESIAN_POINT('',(-2.663464901358,-7.97411508794));
#615 = CARTESIAN_POINT('',(-2.74414691872,-7.966265512801));
#616 = CARTESIAN_POINT('',(-2.888168163668,-7.954583795873));
#617 = CARTESIAN_POINT('',(-2.951677654604,-7.950254657237));
#618 = CARTESIAN_POINT('',(-3.015028176227,-7.947206872131));
#619 = CARTESIAN_POINT('',(-3.078300456506,-7.94568322948));
#620 = CARTESIAN_POINT('',(-3.204963912026,-7.94568322948));
#621 = CARTESIAN_POINT('',(-3.268315131981,-7.947210679282));
#622 = CARTESIAN_POINT('',(-3.331744904654,-7.950266081649));
#623 = CARTESIAN_POINT('',(-3.395334290025,-7.954605423331));
#624 = CARTESIAN_POINT('',(-3.539485573543,-7.966306970113));
#625 = CARTESIAN_POINT('',(-3.620218227359,-7.974164741669));
#626 = CARTESIAN_POINT('',(-3.70159366379,-7.98248940015));
#627 = CARTESIAN_POINT('',(-3.783834647145,-7.989952805952));
#628 = CARTESIAN_POINT('',(-3.897977270415,-7.996803393802));
#629 = CARTESIAN_POINT('',(-3.928922613264,-7.998315593541));
#630 = CARTESIAN_POINT('',(-3.960011812518,-7.999409397263));
#631 = CARTESIAN_POINT('',(-3.991242476527,-8.));
#632 = CARTESIAN_POINT('',(-4.022613979599,-8.));
#633 = ( GEOMETRIC_REPRESENTATION_CONTEXT(2) 
PARAMETRIC_REPRESENTATION_CONTEXT() REPRESENTATION_CONTEXT('2D SPACE',''
  ) );
#634 = ORIENTED_EDGE('',*,*,#635,.T.);
#635 = EDGE_CURVE('',#539,#636,#638,.T.);
#636 = VERTEX_POINT('',#637);
#637 = CARTESIAN_POINT('',(-10.,33.5,20.5));
#638 = SURFACE_CURVE('',#639,(#643,#650),.PCURVE_S1.);
#639 = LINE('',#640,#641);
#640 = CARTESIAN_POINT('',(-10.,-33.5,20.5));
#641 = VECTOR('',#642,1.);
#642 = DIRECTION('',(0.,1.,0.));
#643 = PCURVE('',#44,#644);
#644 = DEFINITIONAL_REPRESENTATION('',(#645),#649);
#645 = LINE('',#646,#647);
#646 = CARTESIAN_POINT('',(1.570796326795,0.));
#647 = VECTOR('',#648,1.);
#648 = DIRECTION('',(0.,1.));
#649 = ( GEOMETRIC_REPRESENTATION_CONTEXT(2) 
PARAMETRIC_REPRESENTATION_CONTEXT() REPRESENTATION_CONTEXT('2D SPACE',''
  ) );
#650 = PCURVE('',#286,#651);
#651 = DEFINITIONAL_REPRESENTATION('',(#652),#656);
#652 = LINE('',#653,#654);
#653 = CARTESIAN_POINT('',(1.5,0.));
#654 = VECTOR('',#655,1.);
#655 = DIRECTION('',(0.,1.));
#656 = ( GEOMETRIC_REPRESENTATION_CONTEXT(2) 
PARAMETRIC_REPRESENTATION_CONTEXT() REPRESENTATION_CONTEXT('2D SPACE',''
  ) );
#657 = ORIENTED_EDGE('',*,*,#658,.F.);
#658 = EDGE_CURVE('',#24,#636,#659,.T.);
#659 = SURFACE_CURVE('',#660,(#665,#672),.PCURVE_S1.);
#660 = CIRCLE('',#661,1.5);
#661 = AXIS2_PLACEMENT_3D('',#662,#663,#664);
#662 = CARTESIAN_POINT('',(-10.,33.5,19.));
#663 = DIRECTION('',(0.,1.,0.));
#664 = DIRECTION('',(0.,-0.,1.));
#665 = PCURVE('',#44,#666);
#666 = DEFINITIONAL_REPRESENTATION('',(#667),#671);
#667 = LINE('',#668,#669);
#668 = CARTESIAN_POINT('',(-4.712388980385,67.));
#669 = VECTOR('',#670,1.);
#670 = DIRECTION('',(1.,0.));
#671 = ( GEOMETRIC_REPRESENTATION_CONTEXT(2) 
PARAMETRIC_REPRESENTATION_CONTEXT() REPRESENTATION_CONTEXT('2D SPACE',''
  ) );
#672 = PCURVE('',#230,#673);
#673 = DEFINITIONAL_REPRESENTATION('',(#674),#678);
#674 = CIRCLE('',#675,1.5);
#675 = AXIS2_PLACEMENT_2D('',#676,#677);
#676 = CARTESIAN_POINT('',(5.5,1.5));
#677 = DIRECTION('',(1.,0.));
#678 = ( GEOMETRIC_REPRESENTATION_CONTEXT(2) 
PARAMETRIC_REPRESENTATION_CONTEXT() REPRESENTATION_CONTEXT('2D SPACE',''
  ) );
#679 = ADVANCED_FACE('',(#680,#956,#991),#230,.T.);
#680 = FACE_BOUND('',#681,.T.);
#681 = EDGE_LOOP('',(#682,#717,#745,#778,#806,#832,#858,#884,#907,#933,
    #934,#935));
#682 = ORIENTED_EDGE('',*,*,#683,.F.);
#683 = EDGE_CURVE('',#684,#686,#688,.T.);
#684 = VERTEX_POINT('',#685);
#685 = CARTESIAN_POINT('',(11.5,33.5,19.));
#686 = VERTEX_POINT('',#687);
#687 = CARTESIAN_POINT('',(10.,33.5,20.5));
#688 = SURFACE_CURVE('',#689,(#694,#705),.PCURVE_S1.);
#689 = CIRCLE('',#690,1.5);
#690 = AXIS2_PLACEMENT_3D('',#691,#692,#693);
#691 = CARTESIAN_POINT('',(10.,33.5,19.));
#692 = DIRECTION('',(-0.,-1.,0.));
#693 = DIRECTION('',(0.,-0.,1.));
#694 = PCURVE('',#230,#695);
#695 = DEFINITIONAL_REPRESENTATION('',(#696),#704);
#696 = ( BOUNDED_CURVE() B_SPLINE_CURVE(2,(#697,#698,#699,#700,#701,#702
,#703),.UNSPECIFIED.,.T.,.F.) B_SPLINE_CURVE_WITH_KNOTS((1,2,2,2,2,1),(
    -2.094395102393,0.,2.094395102393,4.188790204786,6.28318530718,
8.377580409573),.UNSPECIFIED.) CURVE() GEOMETRIC_REPRESENTATION_ITEM() 
RATIONAL_B_SPLINE_CURVE((1.,0.5,1.,0.5,1.,0.5,1.)) REPRESENTATION_ITEM(
  '') );
#697 = CARTESIAN_POINT('',(7.,21.5));
#698 = CARTESIAN_POINT('',(7.,18.901923788647));
#699 = CARTESIAN_POINT('',(4.75,20.200961894323));
#700 = CARTESIAN_POINT('',(2.5,21.5));
#701 = CARTESIAN_POINT('',(4.75,22.799038105677));
#702 = CARTESIAN_POINT('',(7.,24.098076211353));
#703 = CARTESIAN_POINT('',(7.,21.5));
#704 = ( GEOMETRIC_REPRESENTATION_CONTEXT(2) 
PARAMETRIC_REPRESENTATION_CONTEXT() REPRESENTATION_CONTEXT('2D SPACE',''
  ) );
#705 = PCURVE('',#706,#711);
#706 = CYLINDRICAL_SURFACE('',#707,1.5);
#707 = AXIS2_PLACEMENT_3D('',#708,#709,#710);
#708 = CARTESIAN_POINT('',(10.,-33.5,19.));
#709 = DIRECTION('',(0.,1.,0.));
#710 = DIRECTION('',(1.,0.,-0.));
#711 = DEFINITIONAL_REPRESENTATION('',(#712),#716);
#712 = LINE('',#713,#714);
#713 = CARTESIAN_POINT('',(4.712388980385,67.));
#714 = VECTOR('',#715,1.);
#715 = DIRECTION('',(-1.,0.));
#716 = ( GEOMETRIC_REPRESENTATION_CONTEXT(2) 
PARAMETRIC_REPRESENTATION_CONTEXT() REPRESENTATION_CONTEXT('2D SPACE',''
  ) );
#717 = ORIENTED_EDGE('',*,*,#718,.F.);
#718 = EDGE_CURVE('',#719,#684,#721,.T.);
#719 = VERTEX_POINT('',#720);
#720 = CARTESIAN_POINT('',(11.5,33.5,18.182680856091));
#721 = SURFACE_CURVE('',#722,(#726,#733),.PCURVE_S1.);
#722 = LINE('',#723,#724);
#723 = CARTESIAN_POINT('',(11.5,33.5,13.5));
#724 = VECTOR('',#725,1.);
#725 = DIRECTION('',(0.,0.,1.));
#726 = PCURVE('',#230,#727);
#727 = DEFINITIONAL_REPRESENTATION('',(#728),#732);
#728 = LINE('',#729,#730);
#729 = CARTESIAN_POINT('',(0.,23.));
#730 = VECTOR('',#731,1.);
#731 = DIRECTION('',(1.,0.));
#732 = ( GEOMETRIC_REPRESENTATION_CONTEXT(2) 
PARAMETRIC_REPRESENTATION_CONTEXT() REPRESENTATION_CONTEXT('2D SPACE',''
  ) );
#733 = PCURVE('',#734,#739);
#734 = PLANE('',#735);
#735 = AXIS2_PLACEMENT_3D('',#736,#737,#738);
#736 = CARTESIAN_POINT('',(11.5,-33.5,13.5));
#737 = DIRECTION('',(1.,0.,0.));
#738 = DIRECTION('',(0.,0.,1.));
#739 = DEFINITIONAL_REPRESENTATION('',(#740),#744);
#740 = LINE('',#741,#742);
#741 = CARTESIAN_POINT('',(0.,-67.));
#742 = VECTOR('',#743,1.);
#743 = DIRECTION('',(1.,0.));
#744 = ( GEOMETRIC_REPRESENTATION_CONTEXT(2) 
PARAMETRIC_REPRESENTATION_CONTEXT() REPRESENTATION_CONTEXT('2D SPACE',''
  ) );
#745 = ORIENTED_EDGE('',*,*,#746,.T.);
#746 = EDGE_CURVE('',#719,#747,#749,.T.);
#747 = VERTEX_POINT('',#748);
#748 = CARTESIAN_POINT('',(9.05,33.5,13.5));
#749 = SURFACE_CURVE('',#750,(#755,#766),.PCURVE_S1.);
#750 = CIRCLE('',#751,5.7);
#751 = AXIS2_PLACEMENT_3D('',#752,#753,#754);
#752 = CARTESIAN_POINT('',(14.75,33.5,13.5));
#753 = DIRECTION('',(0.,-1.,-1.110223024625E-16));
#754 = DIRECTION('',(1.,-0.,0.));
#755 = PCURVE('',#230,#756);
#756 = DEFINITIONAL_REPRESENTATION('',(#757),#765);
#757 = ( BOUNDED_CURVE() B_SPLINE_CURVE(2,(#758,#759,#760,#761,#762,#763
,#764),.UNSPECIFIED.,.T.,.F.) B_SPLINE_CURVE_WITH_KNOTS((1,2,2,2,2,1),(
    -2.094395102393,0.,2.094395102393,4.188790204786,6.28318530718,
8.377580409573),.UNSPECIFIED.) CURVE() GEOMETRIC_REPRESENTATION_ITEM() 
RATIONAL_B_SPLINE_CURVE((1.,0.5,1.,0.5,1.,0.5,1.)) REPRESENTATION_ITEM(
  '') );
#758 = CARTESIAN_POINT('',(1.7763568394E-15,31.95));
#759 = CARTESIAN_POINT('',(9.872689603143,31.95));
#760 = CARTESIAN_POINT('',(4.936344801571,23.4));
#761 = CARTESIAN_POINT('',(3.172454190428E-15,14.85));
#762 = CARTESIAN_POINT('',(-4.936344801571,23.4));
#763 = CARTESIAN_POINT('',(-9.872689603143,31.95));
#764 = CARTESIAN_POINT('',(1.7763568394E-15,31.95));
#765 = ( GEOMETRIC_REPRESENTATION_CONTEXT(2) 
PARAMETRIC_REPRESENTATION_CONTEXT() REPRESENTATION_CONTEXT('2D SPACE',''
  ) );
#766 = PCURVE('',#767,#772);
#767 = CYLINDRICAL_SURFACE('',#768,5.7);
#768 = AXIS2_PLACEMENT_3D('',#769,#770,#771);
#769 = CARTESIAN_POINT('',(14.75,22.5,13.5));
#770 = DIRECTION('',(-0.,-1.,-1.110223024625E-16));
#771 = DIRECTION('',(1.,0.,0.));
#772 = DEFINITIONAL_REPRESENTATION('',(#773),#777);
#773 = LINE('',#774,#775);
#774 = CARTESIAN_POINT('',(-6.28318530718,-11.));
#775 = VECTOR('',#776,1.);
#776 = DIRECTION('',(1.,-0.));
#777 = ( GEOMETRIC_REPRESENTATION_CONTEXT(2) 
PARAMETRIC_REPRESENTATION_CONTEXT() REPRESENTATION_CONTEXT('2D SPACE',''
  ) );
#778 = ORIENTED_EDGE('',*,*,#779,.F.);
#779 = EDGE_CURVE('',#780,#747,#782,.T.);
#780 = VERTEX_POINT('',#781);
#781 = CARTESIAN_POINT('',(7.2,33.5,13.5));
#782 = SURFACE_CURVE('',#783,(#787,#794),.PCURVE_S1.);
#783 = LINE('',#784,#785);
#784 = CARTESIAN_POINT('',(-11.5,33.5,13.5));
#785 = VECTOR('',#786,1.);
#786 = DIRECTION('',(1.,0.,0.));
#787 = PCURVE('',#230,#788);
#788 = DEFINITIONAL_REPRESENTATION('',(#789),#793);
#789 = LINE('',#790,#791);
#790 = CARTESIAN_POINT('',(0.,0.));
#791 = VECTOR('',#792,1.);
#792 = DIRECTION('',(0.,1.));
#793 = ( GEOMETRIC_REPRESENTATION_CONTEXT(2) 
PARAMETRIC_REPRESENTATION_CONTEXT() REPRESENTATION_CONTEXT('2D SPACE',''
  ) );
#794 = PCURVE('',#795,#800);
#795 = PLANE('',#796);
#796 = AXIS2_PLACEMENT_3D('',#797,#798,#799);
#797 = CARTESIAN_POINT('',(-11.5,-33.5,13.5));
#798 = DIRECTION('',(0.,0.,1.));
#799 = DIRECTION('',(1.,0.,0.));
#800 = DEFINITIONAL_REPRESENTATION('',(#801),#805);
#801 = LINE('',#802,#803);
#802 = CARTESIAN_POINT('',(0.,67.));
#803 = VECTOR('',#804,1.);
#804 = DIRECTION('',(1.,0.));
#805 = ( GEOMETRIC_REPRESENTATION_CONTEXT(2) 
PARAMETRIC_REPRESENTATION_CONTEXT() REPRESENTATION_CONTEXT('2D SPACE',''
  ) );
#806 = ORIENTED_EDGE('',*,*,#807,.F.);
#807 = EDGE_CURVE('',#808,#780,#810,.T.);
#808 = VERTEX_POINT('',#809);
#809 = CARTESIAN_POINT('',(7.2,33.5,19.7));
#810 = SURFACE_CURVE('',#811,(#815,#821),.PCURVE_S1.);
#811 = LINE('',#812,#813);
#812 = CARTESIAN_POINT('',(7.2,33.5,13.));
#813 = VECTOR('',#814,1.);
#814 = DIRECTION('',(0.,0.,-1.));
#815 = PCURVE('',#230,#816);
#816 = DEFINITIONAL_REPRESENTATION('',(#817),#820);
#817 = B_SPLINE_CURVE_WITH_KNOTS('',1,(#818,#819),.UNSPECIFIED.,.F.,.F.,
  (2,2),(-6.7,-0.5),.PIECEWISE_BEZIER_KNOTS.);
#818 = CARTESIAN_POINT('',(6.2,18.7));
#819 = CARTESIAN_POINT('',(0.,18.7));
#820 = ( GEOMETRIC_REPRESENTATION_CONTEXT(2) 
PARAMETRIC_REPRESENTATION_CONTEXT() REPRESENTATION_CONTEXT('2D SPACE',''
  ) );
#821 = PCURVE('',#822,#827);
#822 = PLANE('',#823);
#823 = AXIS2_PLACEMENT_3D('',#824,#825,#826);
#824 = CARTESIAN_POINT('',(7.2,-34.5,12.5));
#825 = DIRECTION('',(1.,0.,0.));
#826 = DIRECTION('',(0.,0.,1.));
#827 = DEFINITIONAL_REPRESENTATION('',(#828),#831);
#828 = B_SPLINE_CURVE_WITH_KNOTS('',1,(#829,#830),.UNSPECIFIED.,.F.,.F.,
  (2,2),(-6.7,-0.5),.PIECEWISE_BEZIER_KNOTS.);
#829 = CARTESIAN_POINT('',(7.2,-68.));
#830 = CARTESIAN_POINT('',(1.,-68.));
#831 = ( GEOMETRIC_REPRESENTATION_CONTEXT(2) 
PARAMETRIC_REPRESENTATION_CONTEXT() REPRESENTATION_CONTEXT('2D SPACE',''
  ) );
#832 = ORIENTED_EDGE('',*,*,#833,.F.);
#833 = EDGE_CURVE('',#834,#808,#836,.T.);
#834 = VERTEX_POINT('',#835);
#835 = CARTESIAN_POINT('',(-7.2,33.5,19.7));
#836 = SURFACE_CURVE('',#837,(#841,#847),.PCURVE_S1.);
#837 = LINE('',#838,#839);
#838 = CARTESIAN_POINT('',(-9.35,33.5,19.7));
#839 = VECTOR('',#840,1.);
#840 = DIRECTION('',(1.,0.,0.));
#841 = PCURVE('',#230,#842);
#842 = DEFINITIONAL_REPRESENTATION('',(#843),#846);
#843 = B_SPLINE_CURVE_WITH_KNOTS('',1,(#844,#845),.UNSPECIFIED.,.F.,.F.,
  (2,2),(2.15,16.55),.PIECEWISE_BEZIER_KNOTS.);
#844 = CARTESIAN_POINT('',(6.2,4.3));
#845 = CARTESIAN_POINT('',(6.2,18.7));
#846 = ( GEOMETRIC_REPRESENTATION_CONTEXT(2) 
PARAMETRIC_REPRESENTATION_CONTEXT() REPRESENTATION_CONTEXT('2D SPACE',''
  ) );
#847 = PCURVE('',#848,#853);
#848 = PLANE('',#849);
#849 = AXIS2_PLACEMENT_3D('',#850,#851,#852);
#850 = CARTESIAN_POINT('',(-7.2,-34.5,19.7));
#851 = DIRECTION('',(0.,0.,1.));
#852 = DIRECTION('',(1.,0.,0.));
#853 = DEFINITIONAL_REPRESENTATION('',(#854),#857);
#854 = B_SPLINE_CURVE_WITH_KNOTS('',1,(#855,#856),.UNSPECIFIED.,.F.,.F.,
  (2,2),(2.15,16.55),.PIECEWISE_BEZIER_KNOTS.);
#855 = CARTESIAN_POINT('',(0.,68.));
#856 = CARTESIAN_POINT('',(14.4,68.));
#857 = ( GEOMETRIC_REPRESENTATION_CONTEXT(2) 
PARAMETRIC_REPRESENTATION_CONTEXT() REPRESENTATION_CONTEXT('2D SPACE',''
  ) );
#858 = ORIENTED_EDGE('',*,*,#859,.T.);
#859 = EDGE_CURVE('',#834,#860,#862,.T.);
#860 = VERTEX_POINT('',#861);
#861 = CARTESIAN_POINT('',(-7.2,33.5,13.5));
#862 = SURFACE_CURVE('',#863,(#867,#873),.PCURVE_S1.);
#863 = LINE('',#864,#865);
#864 = CARTESIAN_POINT('',(-7.2,33.5,13.));
#865 = VECTOR('',#866,1.);
#866 = DIRECTION('',(0.,0.,-1.));
#867 = PCURVE('',#230,#868);
#868 = DEFINITIONAL_REPRESENTATION('',(#869),#872);
#869 = B_SPLINE_CURVE_WITH_KNOTS('',1,(#870,#871),.UNSPECIFIED.,.F.,.F.,
  (2,2),(-6.7,-0.5),.PIECEWISE_BEZIER_KNOTS.);
#870 = CARTESIAN_POINT('',(6.2,4.3));
#871 = CARTESIAN_POINT('',(0.,4.3));
#872 = ( GEOMETRIC_REPRESENTATION_CONTEXT(2) 
PARAMETRIC_REPRESENTATION_CONTEXT() REPRESENTATION_CONTEXT('2D SPACE',''
  ) );
#873 = PCURVE('',#874,#879);
#874 = PLANE('',#875);
#875 = AXIS2_PLACEMENT_3D('',#876,#877,#878);
#876 = CARTESIAN_POINT('',(-7.2,-34.5,12.5));
#877 = DIRECTION('',(1.,0.,0.));
#878 = DIRECTION('',(0.,0.,1.));
#879 = DEFINITIONAL_REPRESENTATION('',(#880),#883);
#880 = B_SPLINE_CURVE_WITH_KNOTS('',1,(#881,#882),.UNSPECIFIED.,.F.,.F.,
  (2,2),(-6.7,-0.5),.PIECEWISE_BEZIER_KNOTS.);
#881 = CARTESIAN_POINT('',(7.2,-68.));
#882 = CARTESIAN_POINT('',(1.,-68.));
#883 = ( GEOMETRIC_REPRESENTATION_CONTEXT(2) 
PARAMETRIC_REPRESENTATION_CONTEXT() REPRESENTATION_CONTEXT('2D SPACE',''
  ) );
#884 = ORIENTED_EDGE('',*,*,#885,.F.);
#885 = EDGE_CURVE('',#886,#860,#888,.T.);
#886 = VERTEX_POINT('',#887);
#887 = CARTESIAN_POINT('',(-9.05,33.5,13.5));
#888 = SURFACE_CURVE('',#889,(#893,#900),.PCURVE_S1.);
#889 = LINE('',#890,#891);
#890 = CARTESIAN_POINT('',(-11.5,33.5,13.5));
#891 = VECTOR('',#892,1.);
#892 = DIRECTION('',(1.,0.,0.));
#893 = PCURVE('',#230,#894);
#894 = DEFINITIONAL_REPRESENTATION('',(#895),#899);
#895 = LINE('',#896,#897);
#896 = CARTESIAN_POINT('',(0.,0.));
#897 = VECTOR('',#898,1.);
#898 = DIRECTION('',(0.,1.));
#899 = ( GEOMETRIC_REPRESENTATION_CONTEXT(2) 
PARAMETRIC_REPRESENTATION_CONTEXT() REPRESENTATION_CONTEXT('2D SPACE',''
  ) );
#900 = PCURVE('',#152,#901);
#901 = DEFINITIONAL_REPRESENTATION('',(#902),#906);
#902 = LINE('',#903,#904);
#903 = CARTESIAN_POINT('',(0.,67.));
#904 = VECTOR('',#905,1.);
#905 = DIRECTION('',(1.,0.));
#906 = ( GEOMETRIC_REPRESENTATION_CONTEXT(2) 
PARAMETRIC_REPRESENTATION_CONTEXT() REPRESENTATION_CONTEXT('2D SPACE',''
  ) );
#907 = ORIENTED_EDGE('',*,*,#908,.T.);
#908 = EDGE_CURVE('',#886,#191,#909,.T.);
#909 = SURFACE_CURVE('',#910,(#915,#926),.PCURVE_S1.);
#910 = CIRCLE('',#911,5.7);
#911 = AXIS2_PLACEMENT_3D('',#912,#913,#914);
#912 = CARTESIAN_POINT('',(-14.75,33.5,13.5));
#913 = DIRECTION('',(0.,-1.,-1.110223024625E-16));
#914 = DIRECTION('',(1.,-0.,0.));
#915 = PCURVE('',#230,#916);
#916 = DEFINITIONAL_REPRESENTATION('',(#917),#925);
#917 = ( BOUNDED_CURVE() B_SPLINE_CURVE(2,(#918,#919,#920,#921,#922,#923
,#924),.UNSPECIFIED.,.T.,.F.) B_SPLINE_CURVE_WITH_KNOTS((1,2,2,2,2,1),(
    -2.094395102393,0.,2.094395102393,4.188790204786,6.28318530718,
8.377580409573),.UNSPECIFIED.) CURVE() GEOMETRIC_REPRESENTATION_ITEM() 
RATIONAL_B_SPLINE_CURVE((1.,0.5,1.,0.5,1.,0.5,1.)) REPRESENTATION_ITEM(
  '') );
#918 = CARTESIAN_POINT('',(1.7763568394E-15,2.45));
#919 = CARTESIAN_POINT('',(9.872689603143,2.45));
#920 = CARTESIAN_POINT('',(4.936344801571,-6.1));
#921 = CARTESIAN_POINT('',(3.172454190428E-15,-14.65));
#922 = CARTESIAN_POINT('',(-4.936344801571,-6.1));
#923 = CARTESIAN_POINT('',(-9.872689603143,2.45));
#924 = CARTESIAN_POINT('',(1.7763568394E-15,2.45));
#925 = ( GEOMETRIC_REPRESENTATION_CONTEXT(2) 
PARAMETRIC_REPRESENTATION_CONTEXT() REPRESENTATION_CONTEXT('2D SPACE',''
  ) );
#926 = PCURVE('',#205,#927);
#927 = DEFINITIONAL_REPRESENTATION('',(#928),#932);
#928 = LINE('',#929,#930);
#929 = CARTESIAN_POINT('',(-6.28318530718,-11.));
#930 = VECTOR('',#931,1.);
#931 = DIRECTION('',(1.,-0.));
#932 = ( GEOMETRIC_REPRESENTATION_CONTEXT(2) 
PARAMETRIC_REPRESENTATION_CONTEXT() REPRESENTATION_CONTEXT('2D SPACE',''
  ) );
#933 = ORIENTED_EDGE('',*,*,#216,.T.);
#934 = ORIENTED_EDGE('',*,*,#658,.T.);
#935 = ORIENTED_EDGE('',*,*,#936,.T.);
#936 = EDGE_CURVE('',#636,#686,#937,.T.);
#937 = SURFACE_CURVE('',#938,(#942,#949),.PCURVE_S1.);
#938 = LINE('',#939,#940);
#939 = CARTESIAN_POINT('',(-11.5,33.5,20.5));
#940 = VECTOR('',#941,1.);
#941 = DIRECTION('',(1.,0.,0.));
#942 = PCURVE('',#230,#943);
#943 = DEFINITIONAL_REPRESENTATION('',(#944),#948);
#944 = LINE('',#945,#946);
#945 = CARTESIAN_POINT('',(7.,0.));
#946 = VECTOR('',#947,1.);
#947 = DIRECTION('',(0.,1.));
#948 = ( GEOMETRIC_REPRESENTATION_CONTEXT(2) 
PARAMETRIC_REPRESENTATION_CONTEXT() REPRESENTATION_CONTEXT('2D SPACE',''
  ) );
#949 = PCURVE('',#286,#950);
#950 = DEFINITIONAL_REPRESENTATION('',(#951),#955);
#951 = LINE('',#952,#953);
#952 = CARTESIAN_POINT('',(0.,67.));
#953 = VECTOR('',#954,1.);
#954 = DIRECTION('',(1.,0.));
#955 = ( GEOMETRIC_REPRESENTATION_CONTEXT(2) 
PARAMETRIC_REPRESENTATION_CONTEXT() REPRESENTATION_CONTEXT('2D SPACE',''
  ) );
#956 = FACE_BOUND('',#957,.T.);
#957 = EDGE_LOOP('',(#958));
#958 = ORIENTED_EDGE('',*,*,#959,.T.);
#959 = EDGE_CURVE('',#960,#960,#962,.T.);
#960 = VERTEX_POINT('',#961);
#961 = CARTESIAN_POINT('',(-8.15,33.5,18.));
#962 = SURFACE_CURVE('',#963,(#968,#979),.PCURVE_S1.);
#963 = CIRCLE('',#964,0.85);
#964 = AXIS2_PLACEMENT_3D('',#965,#966,#967);
#965 = CARTESIAN_POINT('',(-9.,33.5,18.));
#966 = DIRECTION('',(0.,-1.,-1.110223024625E-16));
#967 = DIRECTION('',(1.,-0.,0.));
#968 = PCURVE('',#230,#969);
#969 = DEFINITIONAL_REPRESENTATION('',(#970),#978);
#970 = ( BOUNDED_CURVE() B_SPLINE_CURVE(2,(#971,#972,#973,#974,#975,#976
,#977),.UNSPECIFIED.,.T.,.F.) B_SPLINE_CURVE_WITH_KNOTS((1,2,2,2,2,1),(
    -2.094395102393,0.,2.094395102393,4.188790204786,6.28318530718,
8.377580409573),.UNSPECIFIED.) CURVE() GEOMETRIC_REPRESENTATION_ITEM() 
RATIONAL_B_SPLINE_CURVE((1.,0.5,1.,0.5,1.,0.5,1.)) REPRESENTATION_ITEM(
  '') );
#971 = CARTESIAN_POINT('',(4.5,3.35));
#972 = CARTESIAN_POINT('',(5.972243186434,3.35));
#973 = CARTESIAN_POINT('',(5.236121593217,2.075));
#974 = CARTESIAN_POINT('',(4.5,0.8));
#975 = CARTESIAN_POINT('',(3.763878406783,2.075));
#976 = CARTESIAN_POINT('',(3.027756813566,3.35));
#977 = CARTESIAN_POINT('',(4.5,3.35));
#978 = ( GEOMETRIC_REPRESENTATION_CONTEXT(2) 
PARAMETRIC_REPRESENTATION_CONTEXT() REPRESENTATION_CONTEXT('2D SPACE',''
  ) );
#979 = PCURVE('',#980,#985);
#980 = CYLINDRICAL_SURFACE('',#981,0.85);
#981 = AXIS2_PLACEMENT_3D('',#982,#983,#984);
#982 = CARTESIAN_POINT('',(-9.,26.5,18.));
#983 = DIRECTION('',(-0.,-1.,-1.110223024625E-16));
#984 = DIRECTION('',(1.,0.,0.));
#985 = DEFINITIONAL_REPRESENTATION('',(#986),#990);
#986 = LINE('',#987,#988);
#987 = CARTESIAN_POINT('',(-6.28318530718,-7.));
#988 = VECTOR('',#989,1.);
#989 = DIRECTION('',(1.,-0.));
#990 = ( GEOMETRIC_REPRESENTATION_CONTEXT(2) 
PARAMETRIC_REPRESENTATION_CONTEXT() REPRESENTATION_CONTEXT('2D SPACE',''
  ) );
#991 = FACE_BOUND('',#992,.T.);
#992 = EDGE_LOOP('',(#993));
#993 = ORIENTED_EDGE('',*,*,#994,.T.);
#994 = EDGE_CURVE('',#995,#995,#997,.T.);
#995 = VERTEX_POINT('',#996);
#996 = CARTESIAN_POINT('',(9.85,33.5,18.));
#997 = SURFACE_CURVE('',#998,(#1003,#1014),.PCURVE_S1.);
#998 = CIRCLE('',#999,0.85);
#999 = AXIS2_PLACEMENT_3D('',#1000,#1001,#1002);
#1000 = CARTESIAN_POINT('',(9.,33.5,18.));
#1001 = DIRECTION('',(0.,-1.,-1.110223024625E-16));
#1002 = DIRECTION('',(1.,-0.,0.));
#1003 = PCURVE('',#230,#1004);
#1004 = DEFINITIONAL_REPRESENTATION('',(#1005),#1013);
#1005 = ( BOUNDED_CURVE() B_SPLINE_CURVE(2,(#1006,#1007,#1008,#1009,
#1010,#1011,#1012),.UNSPECIFIED.,.T.,.F.) B_SPLINE_CURVE_WITH_KNOTS((1,2
    ,2,2,2,1),(-2.094395102393,0.,2.094395102393,4.188790204786,
6.28318530718,8.377580409573),.UNSPECIFIED.) CURVE() 
GEOMETRIC_REPRESENTATION_ITEM() RATIONAL_B_SPLINE_CURVE((1.,0.5,1.,0.5,
1.,0.5,1.)) REPRESENTATION_ITEM('') );
#1006 = CARTESIAN_POINT('',(4.5,21.35));
#1007 = CARTESIAN_POINT('',(5.972243186434,21.35));
#1008 = CARTESIAN_POINT('',(5.236121593217,20.075));
#1009 = CARTESIAN_POINT('',(4.5,18.8));
#1010 = CARTESIAN_POINT('',(3.763878406783,20.075));
#1011 = CARTESIAN_POINT('',(3.027756813566,21.35));
#1012 = CARTESIAN_POINT('',(4.5,21.35));
#1013 = ( GEOMETRIC_REPRESENTATION_CONTEXT(2) 
PARAMETRIC_REPRESENTATION_CONTEXT() REPRESENTATION_CONTEXT('2D SPACE',''
  ) );
#1014 = PCURVE('',#1015,#1020);
#1015 = CYLINDRICAL_SURFACE('',#1016,0.85);
#1016 = AXIS2_PLACEMENT_3D('',#1017,#1018,#1019);
#1017 = CARTESIAN_POINT('',(9.,26.5,18.));
#1018 = DIRECTION('',(-0.,-1.,-1.110223024625E-16));
#1019 = DIRECTION('',(1.,0.,0.));
#1020 = DEFINITIONAL_REPRESENTATION('',(#1021),#1025);
#1021 = LINE('',#1022,#1023);
#1022 = CARTESIAN_POINT('',(-6.28318530718,-7.));
#1023 = VECTOR('',#1024,1.);
#1024 = DIRECTION('',(1.,-0.));
#1025 = ( GEOMETRIC_REPRESENTATION_CONTEXT(2) 
PARAMETRIC_REPRESENTATION_CONTEXT() REPRESENTATION_CONTEXT('2D SPACE',''
  ) );
#1026 = ADVANCED_FACE('',(#1027),#205,.F.);
#1027 = FACE_BOUND('',#1028,.T.);
#1028 = EDGE_LOOP('',(#1029,#1052,#1074,#1075));
#1029 = ORIENTED_EDGE('',*,*,#1030,.F.);
#1030 = EDGE_CURVE('',#1031,#886,#1033,.T.);
#1031 = VERTEX_POINT('',#1032);
#1032 = CARTESIAN_POINT('',(-9.05,22.5,13.5));
#1033 = SURFACE_CURVE('',#1034,(#1038,#1045),.PCURVE_S1.);
#1034 = LINE('',#1035,#1036);
#1035 = CARTESIAN_POINT('',(-9.05,22.5,13.5));
#1036 = VECTOR('',#1037,1.);
#1037 = DIRECTION('',(0.,1.,1.110223024625E-16));
#1038 = PCURVE('',#205,#1039);
#1039 = DEFINITIONAL_REPRESENTATION('',(#1040),#1044);
#1040 = LINE('',#1041,#1042);
#1041 = CARTESIAN_POINT('',(-6.28318530718,0.));
#1042 = VECTOR('',#1043,1.);
#1043 = DIRECTION('',(-0.,-1.));
#1044 = ( GEOMETRIC_REPRESENTATION_CONTEXT(2) 
PARAMETRIC_REPRESENTATION_CONTEXT() REPRESENTATION_CONTEXT('2D SPACE',''
  ) );
#1045 = PCURVE('',#152,#1046);
#1046 = DEFINITIONAL_REPRESENTATION('',(#1047),#1051);
#1047 = LINE('',#1048,#1049);
#1048 = CARTESIAN_POINT('',(2.45,56.));
#1049 = VECTOR('',#1050,1.);
#1050 = DIRECTION('',(0.,1.));
#1051 = ( GEOMETRIC_REPRESENTATION_CONTEXT(2) 
PARAMETRIC_REPRESENTATION_CONTEXT() REPRESENTATION_CONTEXT('2D SPACE',''
  ) );
#1052 = ORIENTED_EDGE('',*,*,#1053,.F.);
#1053 = EDGE_CURVE('',#165,#1031,#1054,.T.);
#1054 = SURFACE_CURVE('',#1055,(#1060,#1067),.PCURVE_S1.);
#1055 = CIRCLE('',#1056,5.7);
#1056 = AXIS2_PLACEMENT_3D('',#1057,#1058,#1059);
#1057 = CARTESIAN_POINT('',(-14.75,22.5,13.5));
#1058 = DIRECTION('',(-0.,1.,1.110223024625E-16));
#1059 = DIRECTION('',(1.,0.,0.));
#1060 = PCURVE('',#205,#1061);
#1061 = DEFINITIONAL_REPRESENTATION('',(#1062),#1066);
#1062 = LINE('',#1063,#1064);
#1063 = CARTESIAN_POINT('',(-0.,0.));
#1064 = VECTOR('',#1065,1.);
#1065 = DIRECTION('',(-1.,0.));
#1066 = ( GEOMETRIC_REPRESENTATION_CONTEXT(2) 
PARAMETRIC_REPRESENTATION_CONTEXT() REPRESENTATION_CONTEXT('2D SPACE',''
  ) );
#1067 = PCURVE('',#179,#1068);
#1068 = DEFINITIONAL_REPRESENTATION('',(#1069),#1073);
#1069 = CIRCLE('',#1070,5.7);
#1070 = AXIS2_PLACEMENT_2D('',#1071,#1072);
#1071 = CARTESIAN_POINT('',(0.,0.));
#1072 = DIRECTION('',(1.,0.));
#1073 = ( GEOMETRIC_REPRESENTATION_CONTEXT(2) 
PARAMETRIC_REPRESENTATION_CONTEXT() REPRESENTATION_CONTEXT('2D SPACE',''
  ) );
#1074 = ORIENTED_EDGE('',*,*,#190,.F.);
#1075 = ORIENTED_EDGE('',*,*,#908,.F.);
#1076 = ADVANCED_FACE('',(#1077),#179,.T.);
#1077 = FACE_BOUND('',#1078,.T.);
#1078 = EDGE_LOOP('',(#1079,#1080,#1099));
#1079 = ORIENTED_EDGE('',*,*,#1053,.T.);
#1080 = ORIENTED_EDGE('',*,*,#1081,.T.);
#1081 = EDGE_CURVE('',#1031,#137,#1082,.T.);
#1082 = SURFACE_CURVE('',#1083,(#1087,#1093),.PCURVE_S1.);
#1083 = LINE('',#1084,#1085);
#1084 = CARTESIAN_POINT('',(-13.125,22.5,13.5));
#1085 = VECTOR('',#1086,1.);
#1086 = DIRECTION('',(-1.,0.,0.));
#1087 = PCURVE('',#179,#1088);
#1088 = DEFINITIONAL_REPRESENTATION('',(#1089),#1092);
#1089 = B_SPLINE_CURVE_WITH_KNOTS('',1,(#1090,#1091),.UNSPECIFIED.,.F.,
  .F.,(2,2),(-4.075,-1.625),.PIECEWISE_BEZIER_KNOTS.);
#1090 = CARTESIAN_POINT('',(5.7,0.));
#1091 = CARTESIAN_POINT('',(3.25,0.));
#1092 = ( GEOMETRIC_REPRESENTATION_CONTEXT(2) 
PARAMETRIC_REPRESENTATION_CONTEXT() REPRESENTATION_CONTEXT('2D SPACE',''
  ) );
#1093 = PCURVE('',#152,#1094);
#1094 = DEFINITIONAL_REPRESENTATION('',(#1095),#1098);
#1095 = B_SPLINE_CURVE_WITH_KNOTS('',1,(#1096,#1097),.UNSPECIFIED.,.F.,
  .F.,(2,2),(-4.075,-1.625),.PIECEWISE_BEZIER_KNOTS.);
#1096 = CARTESIAN_POINT('',(2.45,56.));
#1097 = CARTESIAN_POINT('',(0.,56.));
#1098 = ( GEOMETRIC_REPRESENTATION_CONTEXT(2) 
PARAMETRIC_REPRESENTATION_CONTEXT() REPRESENTATION_CONTEXT('2D SPACE',''
  ) );
#1099 = ORIENTED_EDGE('',*,*,#164,.T.);
#1100 = ADVANCED_FACE('',(#1101,#1193,#1223,#1253),#152,.F.);
#1101 = FACE_BOUND('',#1102,.F.);
#1102 = EDGE_LOOP('',(#1103,#1104,#1105,#1106,#1107,#1128,#1151,#1174));
#1103 = ORIENTED_EDGE('',*,*,#885,.F.);
#1104 = ORIENTED_EDGE('',*,*,#1030,.F.);
#1105 = ORIENTED_EDGE('',*,*,#1081,.T.);
#1106 = ORIENTED_EDGE('',*,*,#136,.F.);
#1107 = ORIENTED_EDGE('',*,*,#1108,.F.);
#1108 = EDGE_CURVE('',#1109,#111,#1111,.T.);
#1109 = VERTEX_POINT('',#1110);
#1110 = CARTESIAN_POINT('',(-9.05,-22.5,13.5));
#1111 = SURFACE_CURVE('',#1112,(#1116,#1122),.PCURVE_S1.);
#1112 = LINE('',#1113,#1114);
#1113 = CARTESIAN_POINT('',(-13.125,-22.5,13.5));
#1114 = VECTOR('',#1115,1.);
#1115 = DIRECTION('',(-1.,0.,0.));
#1116 = PCURVE('',#152,#1117);
#1117 = DEFINITIONAL_REPRESENTATION('',(#1118),#1121);
#1118 = B_SPLINE_CURVE_WITH_KNOTS('',1,(#1119,#1120),.UNSPECIFIED.,.F.,
  .F.,(2,2),(-4.075,-1.625),.PIECEWISE_BEZIER_KNOTS.);
#1119 = CARTESIAN_POINT('',(2.45,11.));
#1120 = CARTESIAN_POINT('',(0.,11.));
#1121 = ( GEOMETRIC_REPRESENTATION_CONTEXT(2) 
PARAMETRIC_REPRESENTATION_CONTEXT() REPRESENTATION_CONTEXT('2D SPACE',''
  ) );
#1122 = PCURVE('',#125,#1123);
#1123 = DEFINITIONAL_REPRESENTATION('',(#1124),#1127);
#1124 = B_SPLINE_CURVE_WITH_KNOTS('',1,(#1125,#1126),.UNSPECIFIED.,.F.,
  .F.,(2,2),(-4.075,-1.625),.PIECEWISE_BEZIER_KNOTS.);
#1125 = CARTESIAN_POINT('',(5.7,0.));
#1126 = CARTESIAN_POINT('',(3.25,0.));
#1127 = ( GEOMETRIC_REPRESENTATION_CONTEXT(2) 
PARAMETRIC_REPRESENTATION_CONTEXT() REPRESENTATION_CONTEXT('2D SPACE',''
  ) );
#1128 = ORIENTED_EDGE('',*,*,#1129,.F.);
#1129 = EDGE_CURVE('',#1130,#1109,#1132,.T.);
#1130 = VERTEX_POINT('',#1131);
#1131 = CARTESIAN_POINT('',(-9.05,-33.5,13.5));
#1132 = SURFACE_CURVE('',#1133,(#1137,#1144),.PCURVE_S1.);
#1133 = LINE('',#1134,#1135);
#1134 = CARTESIAN_POINT('',(-9.05,-34.5,13.5));
#1135 = VECTOR('',#1136,1.);
#1136 = DIRECTION('',(0.,1.,1.110223024625E-16));
#1137 = PCURVE('',#152,#1138);
#1138 = DEFINITIONAL_REPRESENTATION('',(#1139),#1143);
#1139 = LINE('',#1140,#1141);
#1140 = CARTESIAN_POINT('',(2.45,-1.));
#1141 = VECTOR('',#1142,1.);
#1142 = DIRECTION('',(0.,1.));
#1143 = ( GEOMETRIC_REPRESENTATION_CONTEXT(2) 
PARAMETRIC_REPRESENTATION_CONTEXT() REPRESENTATION_CONTEXT('2D SPACE',''
  ) );
#1144 = PCURVE('',#99,#1145);
#1145 = DEFINITIONAL_REPRESENTATION('',(#1146),#1150);
#1146 = LINE('',#1147,#1148);
#1147 = CARTESIAN_POINT('',(-6.28318530718,0.));
#1148 = VECTOR('',#1149,1.);
#1149 = DIRECTION('',(-0.,-1.));
#1150 = ( GEOMETRIC_REPRESENTATION_CONTEXT(2) 
PARAMETRIC_REPRESENTATION_CONTEXT() REPRESENTATION_CONTEXT('2D SPACE',''
  ) );
#1151 = ORIENTED_EDGE('',*,*,#1152,.T.);
#1152 = EDGE_CURVE('',#1130,#1153,#1155,.T.);
#1153 = VERTEX_POINT('',#1154);
#1154 = CARTESIAN_POINT('',(-7.2,-33.5,13.5));
#1155 = SURFACE_CURVE('',#1156,(#1160,#1167),.PCURVE_S1.);
#1156 = LINE('',#1157,#1158);
#1157 = CARTESIAN_POINT('',(-11.5,-33.5,13.5));
#1158 = VECTOR('',#1159,1.);
#1159 = DIRECTION('',(1.,0.,0.));
#1160 = PCURVE('',#152,#1161);
#1161 = DEFINITIONAL_REPRESENTATION('',(#1162),#1166);
#1162 = LINE('',#1163,#1164);
#1163 = CARTESIAN_POINT('',(0.,0.));
#1164 = VECTOR('',#1165,1.);
#1165 = DIRECTION('',(1.,0.));
#1166 = ( GEOMETRIC_REPRESENTATION_CONTEXT(2) 
PARAMETRIC_REPRESENTATION_CONTEXT() REPRESENTATION_CONTEXT('2D SPACE',''
  ) );
#1167 = PCURVE('',#72,#1168);
#1168 = DEFINITIONAL_REPRESENTATION('',(#1169),#1173);
#1169 = LINE('',#1170,#1171);
#1170 = CARTESIAN_POINT('',(0.,0.));
#1171 = VECTOR('',#1172,1.);
#1172 = DIRECTION('',(0.,1.));
#1173 = ( GEOMETRIC_REPRESENTATION_CONTEXT(2) 
PARAMETRIC_REPRESENTATION_CONTEXT() REPRESENTATION_CONTEXT('2D SPACE',''
  ) );
#1174 = ORIENTED_EDGE('',*,*,#1175,.T.);
#1175 = EDGE_CURVE('',#1153,#860,#1176,.T.);
#1176 = SURFACE_CURVE('',#1177,(#1181,#1187),.PCURVE_S1.);
#1177 = LINE('',#1178,#1179);
#1178 = CARTESIAN_POINT('',(-7.2,-34.,13.5));
#1179 = VECTOR('',#1180,1.);
#1180 = DIRECTION('',(0.,1.,0.));
#1181 = PCURVE('',#152,#1182);
#1182 = DEFINITIONAL_REPRESENTATION('',(#1183),#1186);
#1183 = B_SPLINE_CURVE_WITH_KNOTS('',1,(#1184,#1185),.UNSPECIFIED.,.F.,
  .F.,(2,2),(0.5,67.5),.PIECEWISE_BEZIER_KNOTS.);
#1184 = CARTESIAN_POINT('',(4.3,0.));
#1185 = CARTESIAN_POINT('',(4.3,67.));
#1186 = ( GEOMETRIC_REPRESENTATION_CONTEXT(2) 
PARAMETRIC_REPRESENTATION_CONTEXT() REPRESENTATION_CONTEXT('2D SPACE',''
  ) );
#1187 = PCURVE('',#874,#1188);
#1188 = DEFINITIONAL_REPRESENTATION('',(#1189),#1192);
#1189 = B_SPLINE_CURVE_WITH_KNOTS('',1,(#1190,#1191),.UNSPECIFIED.,.F.,
  .F.,(2,2),(0.5,67.5),.PIECEWISE_BEZIER_KNOTS.);
#1190 = CARTESIAN_POINT('',(1.,-1.));
#1191 = CARTESIAN_POINT('',(1.,-68.));
#1192 = ( GEOMETRIC_REPRESENTATION_CONTEXT(2) 
PARAMETRIC_REPRESENTATION_CONTEXT() REPRESENTATION_CONTEXT('2D SPACE',''
  ) );
#1193 = FACE_BOUND('',#1194,.F.);
#1194 = EDGE_LOOP('',(#1195));
#1195 = ORIENTED_EDGE('',*,*,#1196,.T.);
#1196 = EDGE_CURVE('',#1197,#1197,#1199,.T.);
#1197 = VERTEX_POINT('',#1198);
#1198 = CARTESIAN_POINT('',(-8.2,-20.,13.5));
#1199 = SURFACE_CURVE('',#1200,(#1205,#1216),.PCURVE_S1.);
#1200 = CIRCLE('',#1201,1.1);
#1201 = AXIS2_PLACEMENT_3D('',#1202,#1203,#1204);
#1202 = CARTESIAN_POINT('',(-9.3,-20.,13.5));
#1203 = DIRECTION('',(0.,0.,-1.));
#1204 = DIRECTION('',(1.,0.,0.));
#1205 = PCURVE('',#152,#1206);
#1206 = DEFINITIONAL_REPRESENTATION('',(#1207),#1215);
#1207 = ( BOUNDED_CURVE() B_SPLINE_CURVE(2,(#1208,#1209,#1210,#1211,
#1212,#1213,#1214),.UNSPECIFIED.,.T.,.F.) B_SPLINE_CURVE_WITH_KNOTS((1,2
    ,2,2,2,1),(-2.094395102393,0.,2.094395102393,4.188790204786,
6.28318530718,8.377580409573),.UNSPECIFIED.) CURVE() 
GEOMETRIC_REPRESENTATION_ITEM() RATIONAL_B_SPLINE_CURVE((1.,0.5,1.,0.5,
1.,0.5,1.)) REPRESENTATION_ITEM('') );
#1208 = CARTESIAN_POINT('',(3.3,13.5));
#1209 = CARTESIAN_POINT('',(3.3,11.594744111674));
#1210 = CARTESIAN_POINT('',(1.65,12.547372055837));
#1211 = CARTESIAN_POINT('',(-4.440892098501E-16,13.5));
#1212 = CARTESIAN_POINT('',(1.65,14.452627944163));
#1213 = CARTESIAN_POINT('',(3.3,15.405255888326));
#1214 = CARTESIAN_POINT('',(3.3,13.5));
#1215 = ( GEOMETRIC_REPRESENTATION_CONTEXT(2) 
PARAMETRIC_REPRESENTATION_CONTEXT() REPRESENTATION_CONTEXT('2D SPACE',''
  ) );
#1216 = PCURVE('',#360,#1217);
#1217 = DEFINITIONAL_REPRESENTATION('',(#1218),#1222);
#1218 = LINE('',#1219,#1220);
#1219 = CARTESIAN_POINT('',(-6.28318530718,-1.));
#1220 = VECTOR('',#1221,1.);
#1221 = DIRECTION('',(1.,-0.));
#1222 = ( GEOMETRIC_REPRESENTATION_CONTEXT(2) 
PARAMETRIC_REPRESENTATION_CONTEXT() REPRESENTATION_CONTEXT('2D SPACE',''
  ) );
#1223 = FACE_BOUND('',#1224,.F.);
#1224 = EDGE_LOOP('',(#1225));
#1225 = ORIENTED_EDGE('',*,*,#1226,.T.);
#1226 = EDGE_CURVE('',#1227,#1227,#1229,.T.);
#1227 = VERTEX_POINT('',#1228);
#1228 = CARTESIAN_POINT('',(-8.2,0.,13.5));
#1229 = SURFACE_CURVE('',#1230,(#1235,#1246),.PCURVE_S1.);
#1230 = CIRCLE('',#1231,1.1);
#1231 = AXIS2_PLACEMENT_3D('',#1232,#1233,#1234);
#1232 = CARTESIAN_POINT('',(-9.3,0.,13.5));
#1233 = DIRECTION('',(0.,0.,-1.));
#1234 = DIRECTION('',(1.,0.,0.));
#1235 = PCURVE('',#152,#1236);
#1236 = DEFINITIONAL_REPRESENTATION('',(#1237),#1245);
#1237 = ( BOUNDED_CURVE() B_SPLINE_CURVE(2,(#1238,#1239,#1240,#1241,
#1242,#1243,#1244),.UNSPECIFIED.,.T.,.F.) B_SPLINE_CURVE_WITH_KNOTS((1,2
    ,2,2,2,1),(-2.094395102393,0.,2.094395102393,4.188790204786,
6.28318530718,8.377580409573),.UNSPECIFIED.) CURVE() 
GEOMETRIC_REPRESENTATION_ITEM() RATIONAL_B_SPLINE_CURVE((1.,0.5,1.,0.5,
1.,0.5,1.)) REPRESENTATION_ITEM('') );
#1238 = CARTESIAN_POINT('',(3.3,33.5));
#1239 = CARTESIAN_POINT('',(3.3,31.594744111674));
#1240 = CARTESIAN_POINT('',(1.65,32.547372055837));
#1241 = CARTESIAN_POINT('',(-4.440892098501E-16,33.5));
#1242 = CARTESIAN_POINT('',(1.65,34.452627944163));
#1243 = CARTESIAN_POINT('',(3.3,35.405255888326));
#1244 = CARTESIAN_POINT('',(3.3,33.5));
#1245 = ( GEOMETRIC_REPRESENTATION_CONTEXT(2) 
PARAMETRIC_REPRESENTATION_CONTEXT() REPRESENTATION_CONTEXT('2D SPACE',''
  ) );
#1246 = PCURVE('',#480,#1247);
#1247 = DEFINITIONAL_REPRESENTATION('',(#1248),#1252);
#1248 = LINE('',#1249,#1250);
#1249 = CARTESIAN_POINT('',(-6.28318530718,-1.));
#1250 = VECTOR('',#1251,1.);
#1251 = DIRECTION('',(1.,-0.));
#1252 = ( GEOMETRIC_REPRESENTATION_CONTEXT(2) 
PARAMETRIC_REPRESENTATION_CONTEXT() REPRESENTATION_CONTEXT('2D SPACE',''
  ) );
#1253 = FACE_BOUND('',#1254,.F.);
#1254 = EDGE_LOOP('',(#1255));
#1255 = ORIENTED_EDGE('',*,*,#1256,.T.);
#1256 = EDGE_CURVE('',#1257,#1257,#1259,.T.);
#1257 = VERTEX_POINT('',#1258);
#1258 = CARTESIAN_POINT('',(-8.2,20.,13.5));
#1259 = SURFACE_CURVE('',#1260,(#1265,#1276),.PCURVE_S1.);
#1260 = CIRCLE('',#1261,1.1);
#1261 = AXIS2_PLACEMENT_3D('',#1262,#1263,#1264);
#1262 = CARTESIAN_POINT('',(-9.3,20.,13.5));
#1263 = DIRECTION('',(0.,0.,-1.));
#1264 = DIRECTION('',(1.,0.,0.));
#1265 = PCURVE('',#152,#1266);
#1266 = DEFINITIONAL_REPRESENTATION('',(#1267),#1275);
#1267 = ( BOUNDED_CURVE() B_SPLINE_CURVE(2,(#1268,#1269,#1270,#1271,
#1272,#1273,#1274),.UNSPECIFIED.,.T.,.F.) B_SPLINE_CURVE_WITH_KNOTS((1,2
    ,2,2,2,1),(-2.094395102393,0.,2.094395102393,4.188790204786,
6.28318530718,8.377580409573),.UNSPECIFIED.) CURVE() 
GEOMETRIC_REPRESENTATION_ITEM() RATIONAL_B_SPLINE_CURVE((1.,0.5,1.,0.5,
1.,0.5,1.)) REPRESENTATION_ITEM('') );
#1268 = CARTESIAN_POINT('',(3.3,53.5));
#1269 = CARTESIAN_POINT('',(3.3,51.594744111674));
#1270 = CARTESIAN_POINT('',(1.65,52.547372055837));
#1271 = CARTESIAN_POINT('',(-4.440892098501E-16,53.5));
#1272 = CARTESIAN_POINT('',(1.65,54.452627944163));
#1273 = CARTESIAN_POINT('',(3.3,55.405255888326));
#1274 = CARTESIAN_POINT('',(3.3,53.5));
#1275 = ( GEOMETRIC_REPRESENTATION_CONTEXT(2) 
PARAMETRIC_REPRESENTATION_CONTEXT() REPRESENTATION_CONTEXT('2D SPACE',''
  ) );
#1276 = PCURVE('',#600,#1277);
#1277 = DEFINITIONAL_REPRESENTATION('',(#1278),#1282);
#1278 = LINE('',#1279,#1280);
#1279 = CARTESIAN_POINT('',(-6.28318530718,-1.));
#1280 = VECTOR('',#1281,1.);
#1281 = DIRECTION('',(1.,-0.));
#1282 = ( GEOMETRIC_REPRESENTATION_CONTEXT(2) 
PARAMETRIC_REPRESENTATION_CONTEXT() REPRESENTATION_CONTEXT('2D SPACE',''
  ) );
#1283 = ADVANCED_FACE('',(#1284),#125,.F.);
#1284 = FACE_BOUND('',#1285,.F.);
#1285 = EDGE_LOOP('',(#1286,#1308,#1309));
#1286 = ORIENTED_EDGE('',*,*,#1287,.T.);
#1287 = EDGE_CURVE('',#85,#1109,#1288,.T.);
#1288 = SURFACE_CURVE('',#1289,(#1294,#1301),.PCURVE_S1.);
#1289 = CIRCLE('',#1290,5.7);
#1290 = AXIS2_PLACEMENT_3D('',#1291,#1292,#1293);
#1291 = CARTESIAN_POINT('',(-14.75,-22.5,13.5));
#1292 = DIRECTION('',(-0.,1.,1.110223024625E-16));
#1293 = DIRECTION('',(1.,0.,0.));
#1294 = PCURVE('',#125,#1295);
#1295 = DEFINITIONAL_REPRESENTATION('',(#1296),#1300);
#1296 = CIRCLE('',#1297,5.7);
#1297 = AXIS2_PLACEMENT_2D('',#1298,#1299);
#1298 = CARTESIAN_POINT('',(0.,-1.7763568394E-15));
#1299 = DIRECTION('',(1.,0.));
#1300 = ( GEOMETRIC_REPRESENTATION_CONTEXT(2) 
PARAMETRIC_REPRESENTATION_CONTEXT() REPRESENTATION_CONTEXT('2D SPACE',''
  ) );
#1301 = PCURVE('',#99,#1302);
#1302 = DEFINITIONAL_REPRESENTATION('',(#1303),#1307);
#1303 = LINE('',#1304,#1305);
#1304 = CARTESIAN_POINT('',(-0.,-12.));
#1305 = VECTOR('',#1306,1.);
#1306 = DIRECTION('',(-1.,0.));
#1307 = ( GEOMETRIC_REPRESENTATION_CONTEXT(2) 
PARAMETRIC_REPRESENTATION_CONTEXT() REPRESENTATION_CONTEXT('2D SPACE',''
  ) );
#1308 = ORIENTED_EDGE('',*,*,#1108,.T.);
#1309 = ORIENTED_EDGE('',*,*,#110,.T.);
#1310 = ADVANCED_FACE('',(#1311),#99,.F.);
#1311 = FACE_BOUND('',#1312,.T.);
#1312 = EDGE_LOOP('',(#1313,#1314,#1340,#1341));
#1313 = ORIENTED_EDGE('',*,*,#1129,.F.);
#1314 = ORIENTED_EDGE('',*,*,#1315,.T.);
#1315 = EDGE_CURVE('',#1130,#57,#1316,.T.);
#1316 = SURFACE_CURVE('',#1317,(#1322,#1329),.PCURVE_S1.);
#1317 = CIRCLE('',#1318,5.7);
#1318 = AXIS2_PLACEMENT_3D('',#1319,#1320,#1321);
#1319 = CARTESIAN_POINT('',(-14.75,-33.5,13.5));
#1320 = DIRECTION('',(0.,-1.,-1.110223024625E-16));
#1321 = DIRECTION('',(1.,-0.,0.));
#1322 = PCURVE('',#99,#1323);
#1323 = DEFINITIONAL_REPRESENTATION('',(#1324),#1328);
#1324 = LINE('',#1325,#1326);
#1325 = CARTESIAN_POINT('',(-6.28318530718,-1.));
#1326 = VECTOR('',#1327,1.);
#1327 = DIRECTION('',(1.,-0.));
#1328 = ( GEOMETRIC_REPRESENTATION_CONTEXT(2) 
PARAMETRIC_REPRESENTATION_CONTEXT() REPRESENTATION_CONTEXT('2D SPACE',''
  ) );
#1329 = PCURVE('',#72,#1330);
#1330 = DEFINITIONAL_REPRESENTATION('',(#1331),#1339);
#1331 = ( BOUNDED_CURVE() B_SPLINE_CURVE(2,(#1332,#1333,#1334,#1335,
#1336,#1337,#1338),.UNSPECIFIED.,.T.,.F.) B_SPLINE_CURVE_WITH_KNOTS((1,2
    ,2,2,2,1),(-2.094395102393,0.,2.094395102393,4.188790204786,
6.28318530718,8.377580409573),.UNSPECIFIED.) CURVE() 
GEOMETRIC_REPRESENTATION_ITEM() RATIONAL_B_SPLINE_CURVE((1.,0.5,1.,0.5,
1.,0.5,1.)) REPRESENTATION_ITEM('') );
#1332 = CARTESIAN_POINT('',(0.,2.45));
#1333 = CARTESIAN_POINT('',(9.872689603143,2.45));
#1334 = CARTESIAN_POINT('',(4.936344801571,-6.1));
#1335 = CARTESIAN_POINT('',(1.396097351028E-15,-14.65));
#1336 = CARTESIAN_POINT('',(-4.936344801571,-6.1));
#1337 = CARTESIAN_POINT('',(-9.872689603143,2.45));
#1338 = CARTESIAN_POINT('',(0.,2.45));
#1339 = ( GEOMETRIC_REPRESENTATION_CONTEXT(2) 
PARAMETRIC_REPRESENTATION_CONTEXT() REPRESENTATION_CONTEXT('2D SPACE',''
  ) );
#1340 = ORIENTED_EDGE('',*,*,#84,.F.);
#1341 = ORIENTED_EDGE('',*,*,#1287,.T.);
#1342 = ADVANCED_FACE('',(#1343,#1540,#1575),#72,.F.);
#1343 = FACE_BOUND('',#1344,.F.);
#1344 = EDGE_LOOP('',(#1345,#1375,#1398,#1431,#1454,#1475,#1496,#1515,
    #1516,#1517,#1518,#1519));
#1345 = ORIENTED_EDGE('',*,*,#1346,.F.);
#1346 = EDGE_CURVE('',#1347,#1349,#1351,.T.);
#1347 = VERTEX_POINT('',#1348);
#1348 = CARTESIAN_POINT('',(11.5,-33.5,19.));
#1349 = VERTEX_POINT('',#1350);
#1350 = CARTESIAN_POINT('',(10.,-33.5,20.5));
#1351 = SURFACE_CURVE('',#1352,(#1357,#1368),.PCURVE_S1.);
#1352 = CIRCLE('',#1353,1.5);
#1353 = AXIS2_PLACEMENT_3D('',#1354,#1355,#1356);
#1354 = CARTESIAN_POINT('',(10.,-33.5,19.));
#1355 = DIRECTION('',(-0.,-1.,0.));
#1356 = DIRECTION('',(0.,-0.,1.));
#1357 = PCURVE('',#72,#1358);
#1358 = DEFINITIONAL_REPRESENTATION('',(#1359),#1367);
#1359 = ( BOUNDED_CURVE() B_SPLINE_CURVE(2,(#1360,#1361,#1362,#1363,
#1364,#1365,#1366),.UNSPECIFIED.,.T.,.F.) B_SPLINE_CURVE_WITH_KNOTS((1,2
    ,2,2,2,1),(-2.094395102393,0.,2.094395102393,4.188790204786,
6.28318530718,8.377580409573),.UNSPECIFIED.) CURVE() 
GEOMETRIC_REPRESENTATION_ITEM() RATIONAL_B_SPLINE_CURVE((1.,0.5,1.,0.5,
1.,0.5,1.)) REPRESENTATION_ITEM('') );
#1360 = CARTESIAN_POINT('',(7.,21.5));
#1361 = CARTESIAN_POINT('',(7.,18.901923788647));
#1362 = CARTESIAN_POINT('',(4.75,20.200961894323));
#1363 = CARTESIAN_POINT('',(2.5,21.5));
#1364 = CARTESIAN_POINT('',(4.75,22.799038105677));
#1365 = CARTESIAN_POINT('',(7.,24.098076211353));
#1366 = CARTESIAN_POINT('',(7.,21.5));
#1367 = ( GEOMETRIC_REPRESENTATION_CONTEXT(2) 
PARAMETRIC_REPRESENTATION_CONTEXT() REPRESENTATION_CONTEXT('2D SPACE',''
  ) );
#1368 = PCURVE('',#706,#1369);
#1369 = DEFINITIONAL_REPRESENTATION('',(#1370),#1374);
#1370 = LINE('',#1371,#1372);
#1371 = CARTESIAN_POINT('',(4.712388980385,-0.));
#1372 = VECTOR('',#1373,1.);
#1373 = DIRECTION('',(-1.,0.));
#1374 = ( GEOMETRIC_REPRESENTATION_CONTEXT(2) 
PARAMETRIC_REPRESENTATION_CONTEXT() REPRESENTATION_CONTEXT('2D SPACE',''
  ) );
#1375 = ORIENTED_EDGE('',*,*,#1376,.F.);
#1376 = EDGE_CURVE('',#1377,#1347,#1379,.T.);
#1377 = VERTEX_POINT('',#1378);
#1378 = CARTESIAN_POINT('',(11.5,-33.5,18.182680856091));
#1379 = SURFACE_CURVE('',#1380,(#1384,#1391),.PCURVE_S1.);
#1380 = LINE('',#1381,#1382);
#1381 = CARTESIAN_POINT('',(11.5,-33.5,13.5));
#1382 = VECTOR('',#1383,1.);
#1383 = DIRECTION('',(0.,0.,1.));
#1384 = PCURVE('',#72,#1385);
#1385 = DEFINITIONAL_REPRESENTATION('',(#1386),#1390);
#1386 = LINE('',#1387,#1388);
#1387 = CARTESIAN_POINT('',(0.,23.));
#1388 = VECTOR('',#1389,1.);
#1389 = DIRECTION('',(1.,0.));
#1390 = ( GEOMETRIC_REPRESENTATION_CONTEXT(2) 
PARAMETRIC_REPRESENTATION_CONTEXT() REPRESENTATION_CONTEXT('2D SPACE',''
  ) );
#1391 = PCURVE('',#734,#1392);
#1392 = DEFINITIONAL_REPRESENTATION('',(#1393),#1397);
#1393 = LINE('',#1394,#1395);
#1394 = CARTESIAN_POINT('',(0.,0.));
#1395 = VECTOR('',#1396,1.);
#1396 = DIRECTION('',(1.,0.));
#1397 = ( GEOMETRIC_REPRESENTATION_CONTEXT(2) 
PARAMETRIC_REPRESENTATION_CONTEXT() REPRESENTATION_CONTEXT('2D SPACE',''
  ) );
#1398 = ORIENTED_EDGE('',*,*,#1399,.T.);
#1399 = EDGE_CURVE('',#1377,#1400,#1402,.T.);
#1400 = VERTEX_POINT('',#1401);
#1401 = CARTESIAN_POINT('',(9.05,-33.5,13.5));
#1402 = SURFACE_CURVE('',#1403,(#1408,#1419),.PCURVE_S1.);
#1403 = CIRCLE('',#1404,5.7);
#1404 = AXIS2_PLACEMENT_3D('',#1405,#1406,#1407);
#1405 = CARTESIAN_POINT('',(14.75,-33.5,13.5));
#1406 = DIRECTION('',(0.,-1.,-1.110223024625E-16));
#1407 = DIRECTION('',(1.,-0.,0.));
#1408 = PCURVE('',#72,#1409);
#1409 = DEFINITIONAL_REPRESENTATION('',(#1410),#1418);
#1410 = ( BOUNDED_CURVE() B_SPLINE_CURVE(2,(#1411,#1412,#1413,#1414,
#1415,#1416,#1417),.UNSPECIFIED.,.T.,.F.) B_SPLINE_CURVE_WITH_KNOTS((1,2
    ,2,2,2,1),(-2.094395102393,0.,2.094395102393,4.188790204786,
6.28318530718,8.377580409573),.UNSPECIFIED.) CURVE() 
GEOMETRIC_REPRESENTATION_ITEM() RATIONAL_B_SPLINE_CURVE((1.,0.5,1.,0.5,
1.,0.5,1.)) REPRESENTATION_ITEM('') );
#1411 = CARTESIAN_POINT('',(0.,31.95));
#1412 = CARTESIAN_POINT('',(9.872689603143,31.95));
#1413 = CARTESIAN_POINT('',(4.936344801571,23.4));
#1414 = CARTESIAN_POINT('',(1.396097351028E-15,14.85));
#1415 = CARTESIAN_POINT('',(-4.936344801571,23.4));
#1416 = CARTESIAN_POINT('',(-9.872689603143,31.95));
#1417 = CARTESIAN_POINT('',(0.,31.95));
#1418 = ( GEOMETRIC_REPRESENTATION_CONTEXT(2) 
PARAMETRIC_REPRESENTATION_CONTEXT() REPRESENTATION_CONTEXT('2D SPACE',''
  ) );
#1419 = PCURVE('',#1420,#1425);
#1420 = CYLINDRICAL_SURFACE('',#1421,5.7);
#1421 = AXIS2_PLACEMENT_3D('',#1422,#1423,#1424);
#1422 = CARTESIAN_POINT('',(14.75,-34.5,13.5));
#1423 = DIRECTION('',(-0.,-1.,-1.110223024625E-16));
#1424 = DIRECTION('',(1.,0.,0.));
#1425 = DEFINITIONAL_REPRESENTATION('',(#1426),#1430);
#1426 = LINE('',#1427,#1428);
#1427 = CARTESIAN_POINT('',(-6.28318530718,-1.));
#1428 = VECTOR('',#1429,1.);
#1429 = DIRECTION('',(1.,-0.));
#1430 = ( GEOMETRIC_REPRESENTATION_CONTEXT(2) 
PARAMETRIC_REPRESENTATION_CONTEXT() REPRESENTATION_CONTEXT('2D SPACE',''
  ) );
#1431 = ORIENTED_EDGE('',*,*,#1432,.F.);
#1432 = EDGE_CURVE('',#1433,#1400,#1435,.T.);
#1433 = VERTEX_POINT('',#1434);
#1434 = CARTESIAN_POINT('',(7.2,-33.5,13.5));
#1435 = SURFACE_CURVE('',#1436,(#1440,#1447),.PCURVE_S1.);
#1436 = LINE('',#1437,#1438);
#1437 = CARTESIAN_POINT('',(-11.5,-33.5,13.5));
#1438 = VECTOR('',#1439,1.);
#1439 = DIRECTION('',(1.,0.,0.));
#1440 = PCURVE('',#72,#1441);
#1441 = DEFINITIONAL_REPRESENTATION('',(#1442),#1446);
#1442 = LINE('',#1443,#1444);
#1443 = CARTESIAN_POINT('',(0.,0.));
#1444 = VECTOR('',#1445,1.);
#1445 = DIRECTION('',(0.,1.));
#1446 = ( GEOMETRIC_REPRESENTATION_CONTEXT(2) 
PARAMETRIC_REPRESENTATION_CONTEXT() REPRESENTATION_CONTEXT('2D SPACE',''
  ) );
#1447 = PCURVE('',#795,#1448);
#1448 = DEFINITIONAL_REPRESENTATION('',(#1449),#1453);
#1449 = LINE('',#1450,#1451);
#1450 = CARTESIAN_POINT('',(0.,0.));
#1451 = VECTOR('',#1452,1.);
#1452 = DIRECTION('',(1.,0.));
#1453 = ( GEOMETRIC_REPRESENTATION_CONTEXT(2) 
PARAMETRIC_REPRESENTATION_CONTEXT() REPRESENTATION_CONTEXT('2D SPACE',''
  ) );
#1454 = ORIENTED_EDGE('',*,*,#1455,.F.);
#1455 = EDGE_CURVE('',#1456,#1433,#1458,.T.);
#1456 = VERTEX_POINT('',#1457);
#1457 = CARTESIAN_POINT('',(7.2,-33.5,19.7));
#1458 = SURFACE_CURVE('',#1459,(#1463,#1469),.PCURVE_S1.);
#1459 = LINE('',#1460,#1461);
#1460 = CARTESIAN_POINT('',(7.2,-33.5,13.));
#1461 = VECTOR('',#1462,1.);
#1462 = DIRECTION('',(0.,0.,-1.));
#1463 = PCURVE('',#72,#1464);
#1464 = DEFINITIONAL_REPRESENTATION('',(#1465),#1468);
#1465 = B_SPLINE_CURVE_WITH_KNOTS('',1,(#1466,#1467),.UNSPECIFIED.,.F.,
  .F.,(2,2),(-6.7,-0.5),.PIECEWISE_BEZIER_KNOTS.);
#1466 = CARTESIAN_POINT('',(6.2,18.7));
#1467 = CARTESIAN_POINT('',(0.,18.7));
#1468 = ( GEOMETRIC_REPRESENTATION_CONTEXT(2) 
PARAMETRIC_REPRESENTATION_CONTEXT() REPRESENTATION_CONTEXT('2D SPACE',''
  ) );
#1469 = PCURVE('',#822,#1470);
#1470 = DEFINITIONAL_REPRESENTATION('',(#1471),#1474);
#1471 = B_SPLINE_CURVE_WITH_KNOTS('',1,(#1472,#1473),.UNSPECIFIED.,.F.,
  .F.,(2,2),(-6.7,-0.5),.PIECEWISE_BEZIER_KNOTS.);
#1472 = CARTESIAN_POINT('',(7.2,-1.));
#1473 = CARTESIAN_POINT('',(1.,-1.));
#1474 = ( GEOMETRIC_REPRESENTATION_CONTEXT(2) 
PARAMETRIC_REPRESENTATION_CONTEXT() REPRESENTATION_CONTEXT('2D SPACE',''
  ) );
#1475 = ORIENTED_EDGE('',*,*,#1476,.F.);
#1476 = EDGE_CURVE('',#1477,#1456,#1479,.T.);
#1477 = VERTEX_POINT('',#1478);
#1478 = CARTESIAN_POINT('',(-7.2,-33.5,19.7));
#1479 = SURFACE_CURVE('',#1480,(#1484,#1490),.PCURVE_S1.);
#1480 = LINE('',#1481,#1482);
#1481 = CARTESIAN_POINT('',(-9.35,-33.5,19.7));
#1482 = VECTOR('',#1483,1.);
#1483 = DIRECTION('',(1.,0.,0.));
#1484 = PCURVE('',#72,#1485);
#1485 = DEFINITIONAL_REPRESENTATION('',(#1486),#1489);
#1486 = B_SPLINE_CURVE_WITH_KNOTS('',1,(#1487,#1488),.UNSPECIFIED.,.F.,
  .F.,(2,2),(2.15,16.55),.PIECEWISE_BEZIER_KNOTS.);
#1487 = CARTESIAN_POINT('',(6.2,4.3));
#1488 = CARTESIAN_POINT('',(6.2,18.7));
#1489 = ( GEOMETRIC_REPRESENTATION_CONTEXT(2) 
PARAMETRIC_REPRESENTATION_CONTEXT() REPRESENTATION_CONTEXT('2D SPACE',''
  ) );
#1490 = PCURVE('',#848,#1491);
#1491 = DEFINITIONAL_REPRESENTATION('',(#1492),#1495);
#1492 = B_SPLINE_CURVE_WITH_KNOTS('',1,(#1493,#1494),.UNSPECIFIED.,.F.,
  .F.,(2,2),(2.15,16.55),.PIECEWISE_BEZIER_KNOTS.);
#1493 = CARTESIAN_POINT('',(0.,1.));
#1494 = CARTESIAN_POINT('',(14.4,1.));
#1495 = ( GEOMETRIC_REPRESENTATION_CONTEXT(2) 
PARAMETRIC_REPRESENTATION_CONTEXT() REPRESENTATION_CONTEXT('2D SPACE',''
  ) );
#1496 = ORIENTED_EDGE('',*,*,#1497,.T.);
#1497 = EDGE_CURVE('',#1477,#1153,#1498,.T.);
#1498 = SURFACE_CURVE('',#1499,(#1503,#1509),.PCURVE_S1.);
#1499 = LINE('',#1500,#1501);
#1500 = CARTESIAN_POINT('',(-7.2,-33.5,13.));
#1501 = VECTOR('',#1502,1.);
#1502 = DIRECTION('',(0.,0.,-1.));
#1503 = PCURVE('',#72,#1504);
#1504 = DEFINITIONAL_REPRESENTATION('',(#1505),#1508);
#1505 = B_SPLINE_CURVE_WITH_KNOTS('',1,(#1506,#1507),.UNSPECIFIED.,.F.,
  .F.,(2,2),(-6.7,-0.5),.PIECEWISE_BEZIER_KNOTS.);
#1506 = CARTESIAN_POINT('',(6.2,4.3));
#1507 = CARTESIAN_POINT('',(0.,4.3));
#1508 = ( GEOMETRIC_REPRESENTATION_CONTEXT(2) 
PARAMETRIC_REPRESENTATION_CONTEXT() REPRESENTATION_CONTEXT('2D SPACE',''
  ) );
#1509 = PCURVE('',#874,#1510);
#1510 = DEFINITIONAL_REPRESENTATION('',(#1511),#1514);
#1511 = B_SPLINE_CURVE_WITH_KNOTS('',1,(#1512,#1513),.UNSPECIFIED.,.F.,
  .F.,(2,2),(-6.7,-0.5),.PIECEWISE_BEZIER_KNOTS.);
#1512 = CARTESIAN_POINT('',(7.2,-1.));
#1513 = CARTESIAN_POINT('',(1.,-1.));
#1514 = ( GEOMETRIC_REPRESENTATION_CONTEXT(2) 
PARAMETRIC_REPRESENTATION_CONTEXT() REPRESENTATION_CONTEXT('2D SPACE',''
  ) );
#1515 = ORIENTED_EDGE('',*,*,#1152,.F.);
#1516 = ORIENTED_EDGE('',*,*,#1315,.T.);
#1517 = ORIENTED_EDGE('',*,*,#56,.T.);
#1518 = ORIENTED_EDGE('',*,*,#246,.T.);
#1519 = ORIENTED_EDGE('',*,*,#1520,.T.);
#1520 = EDGE_CURVE('',#247,#1349,#1521,.T.);
#1521 = SURFACE_CURVE('',#1522,(#1526,#1533),.PCURVE_S1.);
#1522 = LINE('',#1523,#1524);
#1523 = CARTESIAN_POINT('',(-11.5,-33.5,20.5));
#1524 = VECTOR('',#1525,1.);
#1525 = DIRECTION('',(1.,0.,0.));
#1526 = PCURVE('',#72,#1527);
#1527 = DEFINITIONAL_REPRESENTATION('',(#1528),#1532);
#1528 = LINE('',#1529,#1530);
#1529 = CARTESIAN_POINT('',(7.,0.));
#1530 = VECTOR('',#1531,1.);
#1531 = DIRECTION('',(0.,1.));
#1532 = ( GEOMETRIC_REPRESENTATION_CONTEXT(2) 
PARAMETRIC_REPRESENTATION_CONTEXT() REPRESENTATION_CONTEXT('2D SPACE',''
  ) );
#1533 = PCURVE('',#286,#1534);
#1534 = DEFINITIONAL_REPRESENTATION('',(#1535),#1539);
#1535 = LINE('',#1536,#1537);
#1536 = CARTESIAN_POINT('',(0.,0.));
#1537 = VECTOR('',#1538,1.);
#1538 = DIRECTION('',(1.,0.));
#1539 = ( GEOMETRIC_REPRESENTATION_CONTEXT(2) 
PARAMETRIC_REPRESENTATION_CONTEXT() REPRESENTATION_CONTEXT('2D SPACE',''
  ) );
#1540 = FACE_BOUND('',#1541,.F.);
#1541 = EDGE_LOOP('',(#1542));
#1542 = ORIENTED_EDGE('',*,*,#1543,.T.);
#1543 = EDGE_CURVE('',#1544,#1544,#1546,.T.);
#1544 = VERTEX_POINT('',#1545);
#1545 = CARTESIAN_POINT('',(-8.15,-33.5,18.));
#1546 = SURFACE_CURVE('',#1547,(#1552,#1563),.PCURVE_S1.);
#1547 = CIRCLE('',#1548,0.85);
#1548 = AXIS2_PLACEMENT_3D('',#1549,#1550,#1551);
#1549 = CARTESIAN_POINT('',(-9.,-33.5,18.));
#1550 = DIRECTION('',(0.,-1.,-1.110223024625E-16));
#1551 = DIRECTION('',(1.,-0.,0.));
#1552 = PCURVE('',#72,#1553);
#1553 = DEFINITIONAL_REPRESENTATION('',(#1554),#1562);
#1554 = ( BOUNDED_CURVE() B_SPLINE_CURVE(2,(#1555,#1556,#1557,#1558,
#1559,#1560,#1561),.UNSPECIFIED.,.T.,.F.) B_SPLINE_CURVE_WITH_KNOTS((1,2
    ,2,2,2,1),(-2.094395102393,0.,2.094395102393,4.188790204786,
6.28318530718,8.377580409573),.UNSPECIFIED.) CURVE() 
GEOMETRIC_REPRESENTATION_ITEM() RATIONAL_B_SPLINE_CURVE((1.,0.5,1.,0.5,
1.,0.5,1.)) REPRESENTATION_ITEM('') );
#1555 = CARTESIAN_POINT('',(4.5,3.35));
#1556 = CARTESIAN_POINT('',(5.972243186434,3.35));
#1557 = CARTESIAN_POINT('',(5.236121593217,2.075));
#1558 = CARTESIAN_POINT('',(4.5,0.8));
#1559 = CARTESIAN_POINT('',(3.763878406783,2.075));
#1560 = CARTESIAN_POINT('',(3.027756813566,3.35));
#1561 = CARTESIAN_POINT('',(4.5,3.35));
#1562 = ( GEOMETRIC_REPRESENTATION_CONTEXT(2) 
PARAMETRIC_REPRESENTATION_CONTEXT() REPRESENTATION_CONTEXT('2D SPACE',''
  ) );
#1563 = PCURVE('',#1564,#1569);
#1564 = CYLINDRICAL_SURFACE('',#1565,0.85);
#1565 = AXIS2_PLACEMENT_3D('',#1566,#1567,#1568);
#1566 = CARTESIAN_POINT('',(-9.,-34.5,18.));
#1567 = DIRECTION('',(-0.,-1.,-1.110223024625E-16));
#1568 = DIRECTION('',(1.,0.,0.));
#1569 = DEFINITIONAL_REPRESENTATION('',(#1570),#1574);
#1570 = LINE('',#1571,#1572);
#1571 = CARTESIAN_POINT('',(-6.28318530718,-1.));
#1572 = VECTOR('',#1573,1.);
#1573 = DIRECTION('',(1.,-0.));
#1574 = ( GEOMETRIC_REPRESENTATION_CONTEXT(2) 
PARAMETRIC_REPRESENTATION_CONTEXT() REPRESENTATION_CONTEXT('2D SPACE',''
  ) );
#1575 = FACE_BOUND('',#1576,.F.);
#1576 = EDGE_LOOP('',(#1577));
#1577 = ORIENTED_EDGE('',*,*,#1578,.T.);
#1578 = EDGE_CURVE('',#1579,#1579,#1581,.T.);
#1579 = VERTEX_POINT('',#1580);
#1580 = CARTESIAN_POINT('',(9.85,-33.5,18.));
#1581 = SURFACE_CURVE('',#1582,(#1587,#1598),.PCURVE_S1.);
#1582 = CIRCLE('',#1583,0.85);
#1583 = AXIS2_PLACEMENT_3D('',#1584,#1585,#1586);
#1584 = CARTESIAN_POINT('',(9.,-33.5,18.));
#1585 = DIRECTION('',(0.,-1.,-1.110223024625E-16));
#1586 = DIRECTION('',(1.,-0.,0.));
#1587 = PCURVE('',#72,#1588);
#1588 = DEFINITIONAL_REPRESENTATION('',(#1589),#1597);
#1589 = ( BOUNDED_CURVE() B_SPLINE_CURVE(2,(#1590,#1591,#1592,#1593,
#1594,#1595,#1596),.UNSPECIFIED.,.T.,.F.) B_SPLINE_CURVE_WITH_KNOTS((1,2
    ,2,2,2,1),(-2.094395102393,0.,2.094395102393,4.188790204786,
6.28318530718,8.377580409573),.UNSPECIFIED.) CURVE() 
GEOMETRIC_REPRESENTATION_ITEM() RATIONAL_B_SPLINE_CURVE((1.,0.5,1.,0.5,
1.,0.5,1.)) REPRESENTATION_ITEM('') );
#1590 = CARTESIAN_POINT('',(4.5,21.35));
#1591 = CARTESIAN_POINT('',(5.972243186434,21.35));
#1592 = CARTESIAN_POINT('',(5.236121593217,20.075));
#1593 = CARTESIAN_POINT('',(4.5,18.8));
#1594 = CARTESIAN_POINT('',(3.763878406783,20.075));
#1595 = CARTESIAN_POINT('',(3.027756813566,21.35));
#1596 = CARTESIAN_POINT('',(4.5,21.35));
#1597 = ( GEOMETRIC_REPRESENTATION_CONTEXT(2) 
PARAMETRIC_REPRESENTATION_CONTEXT() REPRESENTATION_CONTEXT('2D SPACE',''
  ) );
#1598 = PCURVE('',#1599,#1604);
#1599 = CYLINDRICAL_SURFACE('',#1600,0.85);
#1600 = AXIS2_PLACEMENT_3D('',#1601,#1602,#1603);
#1601 = CARTESIAN_POINT('',(9.,-34.5,18.));
#1602 = DIRECTION('',(-0.,-1.,-1.110223024625E-16));
#1603 = DIRECTION('',(1.,0.,0.));
#1604 = DEFINITIONAL_REPRESENTATION('',(#1605),#1609);
#1605 = LINE('',#1606,#1607);
#1606 = CARTESIAN_POINT('',(-6.28318530718,-1.));
#1607 = VECTOR('',#1608,1.);
#1608 = DIRECTION('',(1.,-0.));
#1609 = ( GEOMETRIC_REPRESENTATION_CONTEXT(2) 
PARAMETRIC_REPRESENTATION_CONTEXT() REPRESENTATION_CONTEXT('2D SPACE',''
  ) );
#1610 = ADVANCED_FACE('',(#1611,#1970),#286,.T.);
#1611 = FACE_BOUND('',#1612,.T.);
#1612 = EDGE_LOOP('',(#1613,#1614,#1615,#1643,#1669,#1670,#1698,#1724,
    #1725,#1753,#1779,#1780,#1781,#1804,#1837,#1860,#1893,#1916,#1949));
#1613 = ORIENTED_EDGE('',*,*,#936,.F.);
#1614 = ORIENTED_EDGE('',*,*,#635,.F.);
#1615 = ORIENTED_EDGE('',*,*,#1616,.T.);
#1616 = EDGE_CURVE('',#539,#1617,#1619,.T.);
#1617 = VERTEX_POINT('',#1618);
#1618 = CARTESIAN_POINT('',(-8.2,20.,20.5));
#1619 = SURFACE_CURVE('',#1620,(#1625,#1636),.PCURVE_S1.);
#1620 = CIRCLE('',#1621,1.1);
#1621 = AXIS2_PLACEMENT_3D('',#1622,#1623,#1624);
#1622 = CARTESIAN_POINT('',(-9.3,20.,20.5));
#1623 = DIRECTION('',(0.,0.,-1.));
#1624 = DIRECTION('',(1.,0.,0.));
#1625 = PCURVE('',#286,#1626);
#1626 = DEFINITIONAL_REPRESENTATION('',(#1627),#1635);
#1627 = ( BOUNDED_CURVE() B_SPLINE_CURVE(2,(#1628,#1629,#1630,#1631,
#1632,#1633,#1634),.UNSPECIFIED.,.T.,.F.) B_SPLINE_CURVE_WITH_KNOTS((1,2
    ,2,2,2,1),(-2.094395102393,0.,2.094395102393,4.188790204786,
6.28318530718,8.377580409573),.UNSPECIFIED.) CURVE() 
GEOMETRIC_REPRESENTATION_ITEM() RATIONAL_B_SPLINE_CURVE((1.,0.5,1.,0.5,
1.,0.5,1.)) REPRESENTATION_ITEM('') );
#1628 = CARTESIAN_POINT('',(3.3,53.5));
#1629 = CARTESIAN_POINT('',(3.3,51.594744111674));
#1630 = CARTESIAN_POINT('',(1.65,52.547372055837));
#1631 = CARTESIAN_POINT('',(-4.440892098501E-16,53.5));
#1632 = CARTESIAN_POINT('',(1.65,54.452627944163));
#1633 = CARTESIAN_POINT('',(3.3,55.405255888326));
#1634 = CARTESIAN_POINT('',(3.3,53.5));
#1635 = ( GEOMETRIC_REPRESENTATION_CONTEXT(2) 
PARAMETRIC_REPRESENTATION_CONTEXT() REPRESENTATION_CONTEXT('2D SPACE',''
  ) );
#1636 = PCURVE('',#600,#1637);
#1637 = DEFINITIONAL_REPRESENTATION('',(#1638),#1642);
#1638 = LINE('',#1639,#1640);
#1639 = CARTESIAN_POINT('',(-6.28318530718,-8.));
#1640 = VECTOR('',#1641,1.);
#1641 = DIRECTION('',(1.,-0.));
#1642 = ( GEOMETRIC_REPRESENTATION_CONTEXT(2) 
PARAMETRIC_REPRESENTATION_CONTEXT() REPRESENTATION_CONTEXT('2D SPACE',''
  ) );
#1643 = ORIENTED_EDGE('',*,*,#1644,.T.);
#1644 = EDGE_CURVE('',#1617,#516,#1645,.T.);
#1645 = SURFACE_CURVE('',#1646,(#1651,#1662),.PCURVE_S1.);
#1646 = CIRCLE('',#1647,1.1);
#1647 = AXIS2_PLACEMENT_3D('',#1648,#1649,#1650);
#1648 = CARTESIAN_POINT('',(-9.3,20.,20.5));
#1649 = DIRECTION('',(0.,0.,-1.));
#1650 = DIRECTION('',(1.,0.,0.));
#1651 = PCURVE('',#286,#1652);
#1652 = DEFINITIONAL_REPRESENTATION('',(#1653),#1661);
#1653 = ( BOUNDED_CURVE() B_SPLINE_CURVE(2,(#1654,#1655,#1656,#1657,
#1658,#1659,#1660),.UNSPECIFIED.,.T.,.F.) B_SPLINE_CURVE_WITH_KNOTS((1,2
    ,2,2,2,1),(-2.094395102393,0.,2.094395102393,4.188790204786,
6.28318530718,8.377580409573),.UNSPECIFIED.) CURVE() 
GEOMETRIC_REPRESENTATION_ITEM() RATIONAL_B_SPLINE_CURVE((1.,0.5,1.,0.5,
1.,0.5,1.)) REPRESENTATION_ITEM('') );
#1654 = CARTESIAN_POINT('',(3.3,53.5));
#1655 = CARTESIAN_POINT('',(3.3,51.594744111674));
#1656 = CARTESIAN_POINT('',(1.65,52.547372055837));
#1657 = CARTESIAN_POINT('',(-4.440892098501E-16,53.5));
#1658 = CARTESIAN_POINT('',(1.65,54.452627944163));
#1659 = CARTESIAN_POINT('',(3.3,55.405255888326));
#1660 = CARTESIAN_POINT('',(3.3,53.5));
#1661 = ( GEOMETRIC_REPRESENTATION_CONTEXT(2) 
PARAMETRIC_REPRESENTATION_CONTEXT() REPRESENTATION_CONTEXT('2D SPACE',''
  ) );
#1662 = PCURVE('',#600,#1663);
#1663 = DEFINITIONAL_REPRESENTATION('',(#1664),#1668);
#1664 = LINE('',#1665,#1666);
#1665 = CARTESIAN_POINT('',(-6.28318530718,-8.));
#1666 = VECTOR('',#1667,1.);
#1667 = DIRECTION('',(1.,-0.));
#1668 = ( GEOMETRIC_REPRESENTATION_CONTEXT(2) 
PARAMETRIC_REPRESENTATION_CONTEXT() REPRESENTATION_CONTEXT('2D SPACE',''
  ) );
#1669 = ORIENTED_EDGE('',*,*,#515,.F.);
#1670 = ORIENTED_EDGE('',*,*,#1671,.T.);
#1671 = EDGE_CURVE('',#419,#1672,#1674,.T.);
#1672 = VERTEX_POINT('',#1673);
#1673 = CARTESIAN_POINT('',(-8.2,0.,20.5));
#1674 = SURFACE_CURVE('',#1675,(#1680,#1691),.PCURVE_S1.);
#1675 = CIRCLE('',#1676,1.1);
#1676 = AXIS2_PLACEMENT_3D('',#1677,#1678,#1679);
#1677 = CARTESIAN_POINT('',(-9.3,0.,20.5));
#1678 = DIRECTION('',(0.,0.,-1.));
#1679 = DIRECTION('',(1.,0.,0.));
#1680 = PCURVE('',#286,#1681);
#1681 = DEFINITIONAL_REPRESENTATION('',(#1682),#1690);
#1682 = ( BOUNDED_CURVE() B_SPLINE_CURVE(2,(#1683,#1684,#1685,#1686,
#1687,#1688,#1689),.UNSPECIFIED.,.T.,.F.) B_SPLINE_CURVE_WITH_KNOTS((1,2
    ,2,2,2,1),(-2.094395102393,0.,2.094395102393,4.188790204786,
6.28318530718,8.377580409573),.UNSPECIFIED.) CURVE() 
GEOMETRIC_REPRESENTATION_ITEM() RATIONAL_B_SPLINE_CURVE((1.,0.5,1.,0.5,
1.,0.5,1.)) REPRESENTATION_ITEM('') );
#1683 = CARTESIAN_POINT('',(3.3,33.5));
#1684 = CARTESIAN_POINT('',(3.3,31.594744111674));
#1685 = CARTESIAN_POINT('',(1.65,32.547372055837));
#1686 = CARTESIAN_POINT('',(-4.440892098501E-16,33.5));
#1687 = CARTESIAN_POINT('',(1.65,34.452627944163));
#1688 = CARTESIAN_POINT('',(3.3,35.405255888326));
#1689 = CARTESIAN_POINT('',(3.3,33.5));
#1690 = ( GEOMETRIC_REPRESENTATION_CONTEXT(2) 
PARAMETRIC_REPRESENTATION_CONTEXT() REPRESENTATION_CONTEXT('2D SPACE',''
  ) );
#1691 = PCURVE('',#480,#1692);
#1692 = DEFINITIONAL_REPRESENTATION('',(#1693),#1697);
#1693 = LINE('',#1694,#1695);
#1694 = CARTESIAN_POINT('',(-6.28318530718,-8.));
#1695 = VECTOR('',#1696,1.);
#1696 = DIRECTION('',(1.,-0.));
#1697 = ( GEOMETRIC_REPRESENTATION_CONTEXT(2) 
PARAMETRIC_REPRESENTATION_CONTEXT() REPRESENTATION_CONTEXT('2D SPACE',''
  ) );
#1698 = ORIENTED_EDGE('',*,*,#1699,.T.);
#1699 = EDGE_CURVE('',#1672,#396,#1700,.T.);
#1700 = SURFACE_CURVE('',#1701,(#1706,#1717),.PCURVE_S1.);
#1701 = CIRCLE('',#1702,1.1);
#1702 = AXIS2_PLACEMENT_3D('',#1703,#1704,#1705);
#1703 = CARTESIAN_POINT('',(-9.3,0.,20.5));
#1704 = DIRECTION('',(0.,0.,-1.));
#1705 = DIRECTION('',(1.,0.,0.));
#1706 = PCURVE('',#286,#1707);
#1707 = DEFINITIONAL_REPRESENTATION('',(#1708),#1716);
#1708 = ( BOUNDED_CURVE() B_SPLINE_CURVE(2,(#1709,#1710,#1711,#1712,
#1713,#1714,#1715),.UNSPECIFIED.,.T.,.F.) B_SPLINE_CURVE_WITH_KNOTS((1,2
    ,2,2,2,1),(-2.094395102393,0.,2.094395102393,4.188790204786,
6.28318530718,8.377580409573),.UNSPECIFIED.) CURVE() 
GEOMETRIC_REPRESENTATION_ITEM() RATIONAL_B_SPLINE_CURVE((1.,0.5,1.,0.5,
1.,0.5,1.)) REPRESENTATION_ITEM('') );
#1709 = CARTESIAN_POINT('',(3.3,33.5));
#1710 = CARTESIAN_POINT('',(3.3,31.594744111674));
#1711 = CARTESIAN_POINT('',(1.65,32.547372055837));
#1712 = CARTESIAN_POINT('',(-4.440892098501E-16,33.5));
#1713 = CARTESIAN_POINT('',(1.65,34.452627944163));
#1714 = CARTESIAN_POINT('',(3.3,35.405255888326));
#1715 = CARTESIAN_POINT('',(3.3,33.5));
#1716 = ( GEOMETRIC_REPRESENTATION_CONTEXT(2) 
PARAMETRIC_REPRESENTATION_CONTEXT() REPRESENTATION_CONTEXT('2D SPACE',''
  ) );
#1717 = PCURVE('',#480,#1718);
#1718 = DEFINITIONAL_REPRESENTATION('',(#1719),#1723);
#1719 = LINE('',#1720,#1721);
#1720 = CARTESIAN_POINT('',(-6.28318530718,-8.));
#1721 = VECTOR('',#1722,1.);
#1722 = DIRECTION('',(1.,-0.));
#1723 = ( GEOMETRIC_REPRESENTATION_CONTEXT(2) 
PARAMETRIC_REPRESENTATION_CONTEXT() REPRESENTATION_CONTEXT('2D SPACE',''
  ) );
#1724 = ORIENTED_EDGE('',*,*,#395,.F.);
#1725 = ORIENTED_EDGE('',*,*,#1726,.T.);
#1726 = EDGE_CURVE('',#299,#1727,#1729,.T.);
#1727 = VERTEX_POINT('',#1728);
#1728 = CARTESIAN_POINT('',(-8.2,-20.,20.5));
#1729 = SURFACE_CURVE('',#1730,(#1735,#1746),.PCURVE_S1.);
#1730 = CIRCLE('',#1731,1.1);
#1731 = AXIS2_PLACEMENT_3D('',#1732,#1733,#1734);
#1732 = CARTESIAN_POINT('',(-9.3,-20.,20.5));
#1733 = DIRECTION('',(0.,0.,-1.));
#1734 = DIRECTION('',(1.,0.,0.));
#1735 = PCURVE('',#286,#1736);
#1736 = DEFINITIONAL_REPRESENTATION('',(#1737),#1745);
#1737 = ( BOUNDED_CURVE() B_SPLINE_CURVE(2,(#1738,#1739,#1740,#1741,
#1742,#1743,#1744),.UNSPECIFIED.,.T.,.F.) B_SPLINE_CURVE_WITH_KNOTS((1,2
    ,2,2,2,1),(-2.094395102393,0.,2.094395102393,4.188790204786,
6.28318530718,8.377580409573),.UNSPECIFIED.) CURVE() 
GEOMETRIC_REPRESENTATION_ITEM() RATIONAL_B_SPLINE_CURVE((1.,0.5,1.,0.5,
1.,0.5,1.)) REPRESENTATION_ITEM('') );
#1738 = CARTESIAN_POINT('',(3.3,13.5));
#1739 = CARTESIAN_POINT('',(3.3,11.594744111674));
#1740 = CARTESIAN_POINT('',(1.65,12.547372055837));
#1741 = CARTESIAN_POINT('',(-4.440892098501E-16,13.5));
#1742 = CARTESIAN_POINT('',(1.65,14.452627944163));
#1743 = CARTESIAN_POINT('',(3.3,15.405255888326));
#1744 = CARTESIAN_POINT('',(3.3,13.5));
#1745 = ( GEOMETRIC_REPRESENTATION_CONTEXT(2) 
PARAMETRIC_REPRESENTATION_CONTEXT() REPRESENTATION_CONTEXT('2D SPACE',''
  ) );
#1746 = PCURVE('',#360,#1747);
#1747 = DEFINITIONAL_REPRESENTATION('',(#1748),#1752);
#1748 = LINE('',#1749,#1750);
#1749 = CARTESIAN_POINT('',(-6.28318530718,-8.));
#1750 = VECTOR('',#1751,1.);
#1751 = DIRECTION('',(1.,-0.));
#1752 = ( GEOMETRIC_REPRESENTATION_CONTEXT(2) 
PARAMETRIC_REPRESENTATION_CONTEXT() REPRESENTATION_CONTEXT('2D SPACE',''
  ) );
#1753 = ORIENTED_EDGE('',*,*,#1754,.T.);
#1754 = EDGE_CURVE('',#1727,#271,#1755,.T.);
#1755 = SURFACE_CURVE('',#1756,(#1761,#1772),.PCURVE_S1.);
#1756 = CIRCLE('',#1757,1.1);
#1757 = AXIS2_PLACEMENT_3D('',#1758,#1759,#1760);
#1758 = CARTESIAN_POINT('',(-9.3,-20.,20.5));
#1759 = DIRECTION('',(0.,0.,-1.));
#1760 = DIRECTION('',(1.,0.,0.));
#1761 = PCURVE('',#286,#1762);
#1762 = DEFINITIONAL_REPRESENTATION('',(#1763),#1771);
#1763 = ( BOUNDED_CURVE() B_SPLINE_CURVE(2,(#1764,#1765,#1766,#1767,
#1768,#1769,#1770),.UNSPECIFIED.,.T.,.F.) B_SPLINE_CURVE_WITH_KNOTS((1,2
    ,2,2,2,1),(-2.094395102393,0.,2.094395102393,4.188790204786,
6.28318530718,8.377580409573),.UNSPECIFIED.) CURVE() 
GEOMETRIC_REPRESENTATION_ITEM() RATIONAL_B_SPLINE_CURVE((1.,0.5,1.,0.5,
1.,0.5,1.)) REPRESENTATION_ITEM('') );
#1764 = CARTESIAN_POINT('',(3.3,13.5));
#1765 = CARTESIAN_POINT('',(3.3,11.594744111674));
#1766 = CARTESIAN_POINT('',(1.65,12.547372055837));
#1767 = CARTESIAN_POINT('',(-4.440892098501E-16,13.5));
#1768 = CARTESIAN_POINT('',(1.65,14.452627944163));
#1769 = CARTESIAN_POINT('',(3.3,15.405255888326));
#1770 = CARTESIAN_POINT('',(3.3,13.5));
#1771 = ( GEOMETRIC_REPRESENTATION_CONTEXT(2) 
PARAMETRIC_REPRESENTATION_CONTEXT() REPRESENTATION_CONTEXT('2D SPACE',''
  ) );
#1772 = PCURVE('',#360,#1773);
#1773 = DEFINITIONAL_REPRESENTATION('',(#1774),#1778);
#1774 = LINE('',#1775,#1776);
#1775 = CARTESIAN_POINT('',(-6.28318530718,-8.));
#1776 = VECTOR('',#1777,1.);
#1777 = DIRECTION('',(1.,-0.));
#1778 = ( GEOMETRIC_REPRESENTATION_CONTEXT(2) 
PARAMETRIC_REPRESENTATION_CONTEXT() REPRESENTATION_CONTEXT('2D SPACE',''
  ) );
#1779 = ORIENTED_EDGE('',*,*,#270,.F.);
#1780 = ORIENTED_EDGE('',*,*,#1520,.T.);
#1781 = ORIENTED_EDGE('',*,*,#1782,.T.);
#1782 = EDGE_CURVE('',#1349,#1783,#1785,.T.);
#1783 = VERTEX_POINT('',#1784);
#1784 = CARTESIAN_POINT('',(10.,-20.84852813742,20.5));
#1785 = SURFACE_CURVE('',#1786,(#1790,#1797),.PCURVE_S1.);
#1786 = LINE('',#1787,#1788);
#1787 = CARTESIAN_POINT('',(10.,-33.5,20.5));
#1788 = VECTOR('',#1789,1.);
#1789 = DIRECTION('',(0.,1.,0.));
#1790 = PCURVE('',#286,#1791);
#1791 = DEFINITIONAL_REPRESENTATION('',(#1792),#1796);
#1792 = LINE('',#1793,#1794);
#1793 = CARTESIAN_POINT('',(21.5,0.));
#1794 = VECTOR('',#1795,1.);
#1795 = DIRECTION('',(0.,1.));
#1796 = ( GEOMETRIC_REPRESENTATION_CONTEXT(2) 
PARAMETRIC_REPRESENTATION_CONTEXT() REPRESENTATION_CONTEXT('2D SPACE',''
  ) );
#1797 = PCURVE('',#706,#1798);
#1798 = DEFINITIONAL_REPRESENTATION('',(#1799),#1803);
#1799 = LINE('',#1800,#1801);
#1800 = CARTESIAN_POINT('',(-1.570796326795,0.));
#1801 = VECTOR('',#1802,1.);
#1802 = DIRECTION('',(-0.,1.));
#1803 = ( GEOMETRIC_REPRESENTATION_CONTEXT(2) 
PARAMETRIC_REPRESENTATION_CONTEXT() REPRESENTATION_CONTEXT('2D SPACE',''
  ) );
#1804 = ORIENTED_EDGE('',*,*,#1805,.T.);
#1805 = EDGE_CURVE('',#1783,#1806,#1808,.T.);
#1806 = VERTEX_POINT('',#1807);
#1807 = CARTESIAN_POINT('',(10.,-19.15147186257,20.5));
#1808 = SURFACE_CURVE('',#1809,(#1814,#1825),.PCURVE_S1.);
#1809 = CIRCLE('',#1810,1.1);
#1810 = AXIS2_PLACEMENT_3D('',#1811,#1812,#1813);
#1811 = CARTESIAN_POINT('',(9.3,-20.,20.5));
#1812 = DIRECTION('',(0.,0.,-1.));
#1813 = DIRECTION('',(1.,0.,0.));
#1814 = PCURVE('',#286,#1815);
#1815 = DEFINITIONAL_REPRESENTATION('',(#1816),#1824);
#1816 = ( BOUNDED_CURVE() B_SPLINE_CURVE(2,(#1817,#1818,#1819,#1820,
#1821,#1822,#1823),.UNSPECIFIED.,.T.,.F.) B_SPLINE_CURVE_WITH_KNOTS((1,2
    ,2,2,2,1),(-2.094395102393,0.,2.094395102393,4.188790204786,
6.28318530718,8.377580409573),.UNSPECIFIED.) CURVE() 
GEOMETRIC_REPRESENTATION_ITEM() RATIONAL_B_SPLINE_CURVE((1.,0.5,1.,0.5,
1.,0.5,1.)) REPRESENTATION_ITEM('') );
#1817 = CARTESIAN_POINT('',(21.9,13.5));
#1818 = CARTESIAN_POINT('',(21.9,11.594744111674));
#1819 = CARTESIAN_POINT('',(20.25,12.547372055837));
#1820 = CARTESIAN_POINT('',(18.6,13.5));
#1821 = CARTESIAN_POINT('',(20.25,14.452627944163));
#1822 = CARTESIAN_POINT('',(21.9,15.405255888326));
#1823 = CARTESIAN_POINT('',(21.9,13.5));
#1824 = ( GEOMETRIC_REPRESENTATION_CONTEXT(2) 
PARAMETRIC_REPRESENTATION_CONTEXT() REPRESENTATION_CONTEXT('2D SPACE',''
  ) );
#1825 = PCURVE('',#1826,#1831);
#1826 = CYLINDRICAL_SURFACE('',#1827,1.1);
#1827 = AXIS2_PLACEMENT_3D('',#1828,#1829,#1830);
#1828 = CARTESIAN_POINT('',(9.3,-20.,12.5));
#1829 = DIRECTION('',(-0.,-0.,-1.));
#1830 = DIRECTION('',(1.,0.,0.));
#1831 = DEFINITIONAL_REPRESENTATION('',(#1832),#1836);
#1832 = LINE('',#1833,#1834);
#1833 = CARTESIAN_POINT('',(-6.28318530718,-8.));
#1834 = VECTOR('',#1835,1.);
#1835 = DIRECTION('',(1.,-0.));
#1836 = ( GEOMETRIC_REPRESENTATION_CONTEXT(2) 
PARAMETRIC_REPRESENTATION_CONTEXT() REPRESENTATION_CONTEXT('2D SPACE',''
  ) );
#1837 = ORIENTED_EDGE('',*,*,#1838,.T.);
#1838 = EDGE_CURVE('',#1806,#1839,#1841,.T.);
#1839 = VERTEX_POINT('',#1840);
#1840 = CARTESIAN_POINT('',(10.,-0.848528137424,20.5));
#1841 = SURFACE_CURVE('',#1842,(#1846,#1853),.PCURVE_S1.);
#1842 = LINE('',#1843,#1844);
#1843 = CARTESIAN_POINT('',(10.,-33.5,20.5));
#1844 = VECTOR('',#1845,1.);
#1845 = DIRECTION('',(0.,1.,0.));
#1846 = PCURVE('',#286,#1847);
#1847 = DEFINITIONAL_REPRESENTATION('',(#1848),#1852);
#1848 = LINE('',#1849,#1850);
#1849 = CARTESIAN_POINT('',(21.5,0.));
#1850 = VECTOR('',#1851,1.);
#1851 = DIRECTION('',(0.,1.));
#1852 = ( GEOMETRIC_REPRESENTATION_CONTEXT(2) 
PARAMETRIC_REPRESENTATION_CONTEXT() REPRESENTATION_CONTEXT('2D SPACE',''
  ) );
#1853 = PCURVE('',#706,#1854);
#1854 = DEFINITIONAL_REPRESENTATION('',(#1855),#1859);
#1855 = LINE('',#1856,#1857);
#1856 = CARTESIAN_POINT('',(-1.570796326795,0.));
#1857 = VECTOR('',#1858,1.);
#1858 = DIRECTION('',(-0.,1.));
#1859 = ( GEOMETRIC_REPRESENTATION_CONTEXT(2) 
PARAMETRIC_REPRESENTATION_CONTEXT() REPRESENTATION_CONTEXT('2D SPACE',''
  ) );
#1860 = ORIENTED_EDGE('',*,*,#1861,.T.);
#1861 = EDGE_CURVE('',#1839,#1862,#1864,.T.);
#1862 = VERTEX_POINT('',#1863);
#1863 = CARTESIAN_POINT('',(10.,0.848528137424,20.5));
#1864 = SURFACE_CURVE('',#1865,(#1870,#1881),.PCURVE_S1.);
#1865 = CIRCLE('',#1866,1.1);
#1866 = AXIS2_PLACEMENT_3D('',#1867,#1868,#1869);
#1867 = CARTESIAN_POINT('',(9.3,0.,20.5));
#1868 = DIRECTION('',(0.,0.,-1.));
#1869 = DIRECTION('',(1.,0.,0.));
#1870 = PCURVE('',#286,#1871);
#1871 = DEFINITIONAL_REPRESENTATION('',(#1872),#1880);
#1872 = ( BOUNDED_CURVE() B_SPLINE_CURVE(2,(#1873,#1874,#1875,#1876,
#1877,#1878,#1879),.UNSPECIFIED.,.T.,.F.) B_SPLINE_CURVE_WITH_KNOTS((1,2
    ,2,2,2,1),(-2.094395102393,0.,2.094395102393,4.188790204786,
6.28318530718,8.377580409573),.UNSPECIFIED.) CURVE() 
GEOMETRIC_REPRESENTATION_ITEM() RATIONAL_B_SPLINE_CURVE((1.,0.5,1.,0.5,
1.,0.5,1.)) REPRESENTATION_ITEM('') );
#1873 = CARTESIAN_POINT('',(21.9,33.5));
#1874 = CARTESIAN_POINT('',(21.9,31.594744111674));
#1875 = CARTESIAN_POINT('',(20.25,32.547372055837));
#1876 = CARTESIAN_POINT('',(18.6,33.5));
#1877 = CARTESIAN_POINT('',(20.25,34.452627944163));
#1878 = CARTESIAN_POINT('',(21.9,35.405255888326));
#1879 = CARTESIAN_POINT('',(21.9,33.5));
#1880 = ( GEOMETRIC_REPRESENTATION_CONTEXT(2) 
PARAMETRIC_REPRESENTATION_CONTEXT() REPRESENTATION_CONTEXT('2D SPACE',''
  ) );
#1881 = PCURVE('',#1882,#1887);
#1882 = CYLINDRICAL_SURFACE('',#1883,1.1);
#1883 = AXIS2_PLACEMENT_3D('',#1884,#1885,#1886);
#1884 = CARTESIAN_POINT('',(9.3,0.,12.5));
#1885 = DIRECTION('',(-0.,-0.,-1.));
#1886 = DIRECTION('',(1.,0.,0.));
#1887 = DEFINITIONAL_REPRESENTATION('',(#1888),#1892);
#1888 = LINE('',#1889,#1890);
#1889 = CARTESIAN_POINT('',(-6.28318530718,-8.));
#1890 = VECTOR('',#1891,1.);
#1891 = DIRECTION('',(1.,-0.));
#1892 = ( GEOMETRIC_REPRESENTATION_CONTEXT(2) 
PARAMETRIC_REPRESENTATION_CONTEXT() REPRESENTATION_CONTEXT('2D SPACE',''
  ) );
#1893 = ORIENTED_EDGE('',*,*,#1894,.T.);
#1894 = EDGE_CURVE('',#1862,#1895,#1897,.T.);
#1895 = VERTEX_POINT('',#1896);
#1896 = CARTESIAN_POINT('',(10.,19.151471862576,20.5));
#1897 = SURFACE_CURVE('',#1898,(#1902,#1909),.PCURVE_S1.);
#1898 = LINE('',#1899,#1900);
#1899 = CARTESIAN_POINT('',(10.,-33.5,20.5));
#1900 = VECTOR('',#1901,1.);
#1901 = DIRECTION('',(0.,1.,0.));
#1902 = PCURVE('',#286,#1903);
#1903 = DEFINITIONAL_REPRESENTATION('',(#1904),#1908);
#1904 = LINE('',#1905,#1906);
#1905 = CARTESIAN_POINT('',(21.5,0.));
#1906 = VECTOR('',#1907,1.);
#1907 = DIRECTION('',(0.,1.));
#1908 = ( GEOMETRIC_REPRESENTATION_CONTEXT(2) 
PARAMETRIC_REPRESENTATION_CONTEXT() REPRESENTATION_CONTEXT('2D SPACE',''
  ) );
#1909 = PCURVE('',#706,#1910);
#1910 = DEFINITIONAL_REPRESENTATION('',(#1911),#1915);
#1911 = LINE('',#1912,#1913);
#1912 = CARTESIAN_POINT('',(-1.570796326795,0.));
#1913 = VECTOR('',#1914,1.);
#1914 = DIRECTION('',(-0.,1.));
#1915 = ( GEOMETRIC_REPRESENTATION_CONTEXT(2) 
PARAMETRIC_REPRESENTATION_CONTEXT() REPRESENTATION_CONTEXT('2D SPACE',''
  ) );
#1916 = ORIENTED_EDGE('',*,*,#1917,.T.);
#1917 = EDGE_CURVE('',#1895,#1918,#1920,.T.);
#1918 = VERTEX_POINT('',#1919);
#1919 = CARTESIAN_POINT('',(10.,20.848528137424,20.5));
#1920 = SURFACE_CURVE('',#1921,(#1926,#1937),.PCURVE_S1.);
#1921 = CIRCLE('',#1922,1.1);
#1922 = AXIS2_PLACEMENT_3D('',#1923,#1924,#1925);
#1923 = CARTESIAN_POINT('',(9.3,20.,20.5));
#1924 = DIRECTION('',(0.,0.,-1.));
#1925 = DIRECTION('',(1.,0.,0.));
#1926 = PCURVE('',#286,#1927);
#1927 = DEFINITIONAL_REPRESENTATION('',(#1928),#1936);
#1928 = ( BOUNDED_CURVE() B_SPLINE_CURVE(2,(#1929,#1930,#1931,#1932,
#1933,#1934,#1935),.UNSPECIFIED.,.T.,.F.) B_SPLINE_CURVE_WITH_KNOTS((1,2
    ,2,2,2,1),(-2.094395102393,0.,2.094395102393,4.188790204786,
6.28318530718,8.377580409573),.UNSPECIFIED.) CURVE() 
GEOMETRIC_REPRESENTATION_ITEM() RATIONAL_B_SPLINE_CURVE((1.,0.5,1.,0.5,
1.,0.5,1.)) REPRESENTATION_ITEM('') );
#1929 = CARTESIAN_POINT('',(21.9,53.5));
#1930 = CARTESIAN_POINT('',(21.9,51.594744111674));
#1931 = CARTESIAN_POINT('',(20.25,52.547372055837));
#1932 = CARTESIAN_POINT('',(18.6,53.5));
#1933 = CARTESIAN_POINT('',(20.25,54.452627944163));
#1934 = CARTESIAN_POINT('',(21.9,55.405255888326));
#1935 = CARTESIAN_POINT('',(21.9,53.5));
#1936 = ( GEOMETRIC_REPRESENTATION_CONTEXT(2) 
PARAMETRIC_REPRESENTATION_CONTEXT() REPRESENTATION_CONTEXT('2D SPACE',''
  ) );
#1937 = PCURVE('',#1938,#1943);
#1938 = CYLINDRICAL_SURFACE('',#1939,1.1);
#1939 = AXIS2_PLACEMENT_3D('',#1940,#1941,#1942);
#1940 = CARTESIAN_POINT('',(9.3,20.,12.5));
#1941 = DIRECTION('',(-0.,-0.,-1.));
#1942 = DIRECTION('',(1.,0.,0.));
#1943 = DEFINITIONAL_REPRESENTATION('',(#1944),#1948);
#1944 = LINE('',#1945,#1946);
#1945 = CARTESIAN_POINT('',(-6.28318530718,-8.));
#1946 = VECTOR('',#1947,1.);
#1947 = DIRECTION('',(1.,-0.));
#1948 = ( GEOMETRIC_REPRESENTATION_CONTEXT(2) 
PARAMETRIC_REPRESENTATION_CONTEXT() REPRESENTATION_CONTEXT('2D SPACE',''
  ) );
#1949 = ORIENTED_EDGE('',*,*,#1950,.T.);
#1950 = EDGE_CURVE('',#1918,#686,#1951,.T.);
#1951 = SURFACE_CURVE('',#1952,(#1956,#1963),.PCURVE_S1.);
#1952 = LINE('',#1953,#1954);
#1953 = CARTESIAN_POINT('',(10.,-33.5,20.5));
#1954 = VECTOR('',#1955,1.);
#1955 = DIRECTION('',(0.,1.,0.));
#1956 = PCURVE('',#286,#1957);
#1957 = DEFINITIONAL_REPRESENTATION('',(#1958),#1962);
#1958 = LINE('',#1959,#1960);
#1959 = CARTESIAN_POINT('',(21.5,0.));
#1960 = VECTOR('',#1961,1.);
#1961 = DIRECTION('',(0.,1.));
#1962 = ( GEOMETRIC_REPRESENTATION_CONTEXT(2) 
PARAMETRIC_REPRESENTATION_CONTEXT() REPRESENTATION_CONTEXT('2D SPACE',''
  ) );
#1963 = PCURVE('',#706,#1964);
#1964 = DEFINITIONAL_REPRESENTATION('',(#1965),#1969);
#1965 = LINE('',#1966,#1967);
#1966 = CARTESIAN_POINT('',(-1.570796326795,0.));
#1967 = VECTOR('',#1968,1.);
#1968 = DIRECTION('',(-0.,1.));
#1969 = ( GEOMETRIC_REPRESENTATION_CONTEXT(2) 
PARAMETRIC_REPRESENTATION_CONTEXT() REPRESENTATION_CONTEXT('2D SPACE',''
  ) );
#1970 = FACE_BOUND('',#1971,.T.);
#1971 = EDGE_LOOP('',(#1972,#2000,#2026,#2052));
#1972 = ORIENTED_EDGE('',*,*,#1973,.T.);
#1973 = EDGE_CURVE('',#1974,#1976,#1978,.T.);
#1974 = VERTEX_POINT('',#1975);
#1975 = CARTESIAN_POINT('',(6.,-4.3,20.5));
#1976 = VERTEX_POINT('',#1977);
#1977 = CARTESIAN_POINT('',(-6.,-4.3,20.5));
#1978 = SURFACE_CURVE('',#1979,(#1983,#1989),.PCURVE_S1.);
#1979 = LINE('',#1980,#1981);
#1980 = CARTESIAN_POINT('',(-8.75,-4.3,20.5));
#1981 = VECTOR('',#1982,1.);
#1982 = DIRECTION('',(-1.,0.,0.));
#1983 = PCURVE('',#286,#1984);
#1984 = DEFINITIONAL_REPRESENTATION('',(#1985),#1988);
#1985 = B_SPLINE_CURVE_WITH_KNOTS('',1,(#1986,#1987),.UNSPECIFIED.,.F.,
  .F.,(2,2),(-14.75,-2.75),.PIECEWISE_BEZIER_KNOTS.);
#1986 = CARTESIAN_POINT('',(17.5,29.2));
#1987 = CARTESIAN_POINT('',(5.5,29.2));
#1988 = ( GEOMETRIC_REPRESENTATION_CONTEXT(2) 
PARAMETRIC_REPRESENTATION_CONTEXT() REPRESENTATION_CONTEXT('2D SPACE',''
  ) );
#1989 = PCURVE('',#1990,#1995);
#1990 = PLANE('',#1991);
#1991 = AXIS2_PLACEMENT_3D('',#1992,#1993,#1994);
#1992 = CARTESIAN_POINT('',(-6.,-4.3,19.69));
#1993 = DIRECTION('',(0.,1.,0.));
#1994 = DIRECTION('',(0.,0.,1.));
#1995 = DEFINITIONAL_REPRESENTATION('',(#1996),#1999);
#1996 = B_SPLINE_CURVE_WITH_KNOTS('',1,(#1997,#1998),.UNSPECIFIED.,.F.,
  .F.,(2,2),(-14.75,-2.75),.PIECEWISE_BEZIER_KNOTS.);
#1997 = CARTESIAN_POINT('',(0.81,12.));
#1998 = CARTESIAN_POINT('',(0.81,0.));
#1999 = ( GEOMETRIC_REPRESENTATION_CONTEXT(2) 
PARAMETRIC_REPRESENTATION_CONTEXT() REPRESENTATION_CONTEXT('2D SPACE',''
  ) );
#2000 = ORIENTED_EDGE('',*,*,#2001,.T.);
#2001 = EDGE_CURVE('',#1976,#2002,#2004,.T.);
#2002 = VERTEX_POINT('',#2003);
#2003 = CARTESIAN_POINT('',(-6.,4.3,20.5));
#2004 = SURFACE_CURVE('',#2005,(#2009,#2015),.PCURVE_S1.);
#2005 = LINE('',#2006,#2007);
#2006 = CARTESIAN_POINT('',(-6.,-18.9,20.5));
#2007 = VECTOR('',#2008,1.);
#2008 = DIRECTION('',(0.,1.,0.));
#2009 = PCURVE('',#286,#2010);
#2010 = DEFINITIONAL_REPRESENTATION('',(#2011),#2014);
#2011 = B_SPLINE_CURVE_WITH_KNOTS('',1,(#2012,#2013),.UNSPECIFIED.,.F.,
  .F.,(2,2),(14.6,23.2),.PIECEWISE_BEZIER_KNOTS.);
#2012 = CARTESIAN_POINT('',(5.5,29.2));
#2013 = CARTESIAN_POINT('',(5.5,37.8));
#2014 = ( GEOMETRIC_REPRESENTATION_CONTEXT(2) 
PARAMETRIC_REPRESENTATION_CONTEXT() REPRESENTATION_CONTEXT('2D SPACE',''
  ) );
#2015 = PCURVE('',#2016,#2021);
#2016 = PLANE('',#2017);
#2017 = AXIS2_PLACEMENT_3D('',#2018,#2019,#2020);
#2018 = CARTESIAN_POINT('',(-6.,-4.3,19.69));
#2019 = DIRECTION('',(1.,0.,0.));
#2020 = DIRECTION('',(0.,0.,1.));
#2021 = DEFINITIONAL_REPRESENTATION('',(#2022),#2025);
#2022 = B_SPLINE_CURVE_WITH_KNOTS('',1,(#2023,#2024),.UNSPECIFIED.,.F.,
  .F.,(2,2),(14.6,23.2),.PIECEWISE_BEZIER_KNOTS.);
#2023 = CARTESIAN_POINT('',(0.81,0.));
#2024 = CARTESIAN_POINT('',(0.81,-8.6));
#2025 = ( GEOMETRIC_REPRESENTATION_CONTEXT(2) 
PARAMETRIC_REPRESENTATION_CONTEXT() REPRESENTATION_CONTEXT('2D SPACE',''
  ) );
#2026 = ORIENTED_EDGE('',*,*,#2027,.F.);
#2027 = EDGE_CURVE('',#2028,#2002,#2030,.T.);
#2028 = VERTEX_POINT('',#2029);
#2029 = CARTESIAN_POINT('',(6.,4.3,20.5));
#2030 = SURFACE_CURVE('',#2031,(#2035,#2041),.PCURVE_S1.);
#2031 = LINE('',#2032,#2033);
#2032 = CARTESIAN_POINT('',(-8.75,4.3,20.5));
#2033 = VECTOR('',#2034,1.);
#2034 = DIRECTION('',(-1.,0.,0.));
#2035 = PCURVE('',#286,#2036);
#2036 = DEFINITIONAL_REPRESENTATION('',(#2037),#2040);
#2037 = B_SPLINE_CURVE_WITH_KNOTS('',1,(#2038,#2039),.UNSPECIFIED.,.F.,
  .F.,(2,2),(-14.75,-2.75),.PIECEWISE_BEZIER_KNOTS.);
#2038 = CARTESIAN_POINT('',(17.5,37.8));
#2039 = CARTESIAN_POINT('',(5.5,37.8));
#2040 = ( GEOMETRIC_REPRESENTATION_CONTEXT(2) 
PARAMETRIC_REPRESENTATION_CONTEXT() REPRESENTATION_CONTEXT('2D SPACE',''
  ) );
#2041 = PCURVE('',#2042,#2047);
#2042 = PLANE('',#2043);
#2043 = AXIS2_PLACEMENT_3D('',#2044,#2045,#2046);
#2044 = CARTESIAN_POINT('',(-6.,4.3,19.69));
#2045 = DIRECTION('',(0.,1.,0.));
#2046 = DIRECTION('',(0.,0.,1.));
#2047 = DEFINITIONAL_REPRESENTATION('',(#2048),#2051);
#2048 = B_SPLINE_CURVE_WITH_KNOTS('',1,(#2049,#2050),.UNSPECIFIED.,.F.,
  .F.,(2,2),(-14.75,-2.75),.PIECEWISE_BEZIER_KNOTS.);
#2049 = CARTESIAN_POINT('',(0.81,12.));
#2050 = CARTESIAN_POINT('',(0.81,0.));
#2051 = ( GEOMETRIC_REPRESENTATION_CONTEXT(2) 
PARAMETRIC_REPRESENTATION_CONTEXT() REPRESENTATION_CONTEXT('2D SPACE',''
  ) );
#2052 = ORIENTED_EDGE('',*,*,#2053,.F.);
#2053 = EDGE_CURVE('',#1974,#2028,#2054,.T.);
#2054 = SURFACE_CURVE('',#2055,(#2059,#2065),.PCURVE_S1.);
#2055 = LINE('',#2056,#2057);
#2056 = CARTESIAN_POINT('',(6.,-18.9,20.5));
#2057 = VECTOR('',#2058,1.);
#2058 = DIRECTION('',(0.,1.,0.));
#2059 = PCURVE('',#286,#2060);
#2060 = DEFINITIONAL_REPRESENTATION('',(#2061),#2064);
#2061 = B_SPLINE_CURVE_WITH_KNOTS('',1,(#2062,#2063),.UNSPECIFIED.,.F.,
  .F.,(2,2),(14.6,23.2),.PIECEWISE_BEZIER_KNOTS.);
#2062 = CARTESIAN_POINT('',(17.5,29.2));
#2063 = CARTESIAN_POINT('',(17.5,37.8));
#2064 = ( GEOMETRIC_REPRESENTATION_CONTEXT(2) 
PARAMETRIC_REPRESENTATION_CONTEXT() REPRESENTATION_CONTEXT('2D SPACE',''
  ) );
#2065 = PCURVE('',#2066,#2071);
#2066 = PLANE('',#2067);
#2067 = AXIS2_PLACEMENT_3D('',#2068,#2069,#2070);
#2068 = CARTESIAN_POINT('',(6.,-4.3,19.69));
#2069 = DIRECTION('',(1.,0.,0.));
#2070 = DIRECTION('',(0.,0.,1.));
#2071 = DEFINITIONAL_REPRESENTATION('',(#2072),#2075);
#2072 = B_SPLINE_CURVE_WITH_KNOTS('',1,(#2073,#2074),.UNSPECIFIED.,.F.,
  .F.,(2,2),(14.6,23.2),.PIECEWISE_BEZIER_KNOTS.);
#2073 = CARTESIAN_POINT('',(0.81,0.));
#2074 = CARTESIAN_POINT('',(0.81,-8.6));
#2075 = ( GEOMETRIC_REPRESENTATION_CONTEXT(2) 
PARAMETRIC_REPRESENTATION_CONTEXT() REPRESENTATION_CONTEXT('2D SPACE',''
  ) );
#2076 = ADVANCED_FACE('',(#2077),#600,.F.);
#2077 = FACE_BOUND('',#2078,.T.);
#2078 = EDGE_LOOP('',(#2079,#2080,#2101,#2102,#2103,#2104));
#2079 = ORIENTED_EDGE('',*,*,#1256,.T.);
#2080 = ORIENTED_EDGE('',*,*,#2081,.T.);
#2081 = EDGE_CURVE('',#1257,#1617,#2082,.T.);
#2082 = SEAM_CURVE('',#2083,(#2087,#2094),.PCURVE_S1.);
#2083 = LINE('',#2084,#2085);
#2084 = CARTESIAN_POINT('',(-8.2,20.,12.5));
#2085 = VECTOR('',#2086,1.);
#2086 = DIRECTION('',(0.,0.,1.));
#2087 = PCURVE('',#600,#2088);
#2088 = DEFINITIONAL_REPRESENTATION('',(#2089),#2093);
#2089 = LINE('',#2090,#2091);
#2090 = CARTESIAN_POINT('',(-6.28318530718,0.));
#2091 = VECTOR('',#2092,1.);
#2092 = DIRECTION('',(-0.,-1.));
#2093 = ( GEOMETRIC_REPRESENTATION_CONTEXT(2) 
PARAMETRIC_REPRESENTATION_CONTEXT() REPRESENTATION_CONTEXT('2D SPACE',''
  ) );
#2094 = PCURVE('',#600,#2095);
#2095 = DEFINITIONAL_REPRESENTATION('',(#2096),#2100);
#2096 = LINE('',#2097,#2098);
#2097 = CARTESIAN_POINT('',(-0.,0.));
#2098 = VECTOR('',#2099,1.);
#2099 = DIRECTION('',(-0.,-1.));
#2100 = ( GEOMETRIC_REPRESENTATION_CONTEXT(2) 
PARAMETRIC_REPRESENTATION_CONTEXT() REPRESENTATION_CONTEXT('2D SPACE',''
  ) );
#2101 = ORIENTED_EDGE('',*,*,#1616,.F.);
#2102 = ORIENTED_EDGE('',*,*,#538,.T.);
#2103 = ORIENTED_EDGE('',*,*,#1644,.F.);
#2104 = ORIENTED_EDGE('',*,*,#2081,.F.);
#2105 = ADVANCED_FACE('',(#2106),#480,.F.);
#2106 = FACE_BOUND('',#2107,.T.);
#2107 = EDGE_LOOP('',(#2108,#2109,#2130,#2131,#2132,#2133));
#2108 = ORIENTED_EDGE('',*,*,#1226,.T.);
#2109 = ORIENTED_EDGE('',*,*,#2110,.T.);
#2110 = EDGE_CURVE('',#1227,#1672,#2111,.T.);
#2111 = SEAM_CURVE('',#2112,(#2116,#2123),.PCURVE_S1.);
#2112 = LINE('',#2113,#2114);
#2113 = CARTESIAN_POINT('',(-8.2,0.,12.5));
#2114 = VECTOR('',#2115,1.);
#2115 = DIRECTION('',(0.,0.,1.));
#2116 = PCURVE('',#480,#2117);
#2117 = DEFINITIONAL_REPRESENTATION('',(#2118),#2122);
#2118 = LINE('',#2119,#2120);
#2119 = CARTESIAN_POINT('',(-6.28318530718,0.));
#2120 = VECTOR('',#2121,1.);
#2121 = DIRECTION('',(-0.,-1.));
#2122 = ( GEOMETRIC_REPRESENTATION_CONTEXT(2) 
PARAMETRIC_REPRESENTATION_CONTEXT() REPRESENTATION_CONTEXT('2D SPACE',''
  ) );
#2123 = PCURVE('',#480,#2124);
#2124 = DEFINITIONAL_REPRESENTATION('',(#2125),#2129);
#2125 = LINE('',#2126,#2127);
#2126 = CARTESIAN_POINT('',(-0.,0.));
#2127 = VECTOR('',#2128,1.);
#2128 = DIRECTION('',(-0.,-1.));
#2129 = ( GEOMETRIC_REPRESENTATION_CONTEXT(2) 
PARAMETRIC_REPRESENTATION_CONTEXT() REPRESENTATION_CONTEXT('2D SPACE',''
  ) );
#2130 = ORIENTED_EDGE('',*,*,#1671,.F.);
#2131 = ORIENTED_EDGE('',*,*,#418,.T.);
#2132 = ORIENTED_EDGE('',*,*,#1699,.F.);
#2133 = ORIENTED_EDGE('',*,*,#2110,.F.);
#2134 = ADVANCED_FACE('',(#2135),#360,.F.);
#2135 = FACE_BOUND('',#2136,.T.);
#2136 = EDGE_LOOP('',(#2137,#2138,#2159,#2160,#2161,#2162));
#2137 = ORIENTED_EDGE('',*,*,#1196,.T.);
#2138 = ORIENTED_EDGE('',*,*,#2139,.T.);
#2139 = EDGE_CURVE('',#1197,#1727,#2140,.T.);
#2140 = SEAM_CURVE('',#2141,(#2145,#2152),.PCURVE_S1.);
#2141 = LINE('',#2142,#2143);
#2142 = CARTESIAN_POINT('',(-8.2,-20.,12.5));
#2143 = VECTOR('',#2144,1.);
#2144 = DIRECTION('',(0.,0.,1.));
#2145 = PCURVE('',#360,#2146);
#2146 = DEFINITIONAL_REPRESENTATION('',(#2147),#2151);
#2147 = LINE('',#2148,#2149);
#2148 = CARTESIAN_POINT('',(-6.28318530718,0.));
#2149 = VECTOR('',#2150,1.);
#2150 = DIRECTION('',(-0.,-1.));
#2151 = ( GEOMETRIC_REPRESENTATION_CONTEXT(2) 
PARAMETRIC_REPRESENTATION_CONTEXT() REPRESENTATION_CONTEXT('2D SPACE',''
  ) );
#2152 = PCURVE('',#360,#2153);
#2153 = DEFINITIONAL_REPRESENTATION('',(#2154),#2158);
#2154 = LINE('',#2155,#2156);
#2155 = CARTESIAN_POINT('',(-0.,0.));
#2156 = VECTOR('',#2157,1.);
#2157 = DIRECTION('',(-0.,-1.));
#2158 = ( GEOMETRIC_REPRESENTATION_CONTEXT(2) 
PARAMETRIC_REPRESENTATION_CONTEXT() REPRESENTATION_CONTEXT('2D SPACE',''
  ) );
#2159 = ORIENTED_EDGE('',*,*,#1726,.F.);
#2160 = ORIENTED_EDGE('',*,*,#298,.T.);
#2161 = ORIENTED_EDGE('',*,*,#1754,.F.);
#2162 = ORIENTED_EDGE('',*,*,#2139,.F.);
#2163 = ADVANCED_FACE('',(#2164),#706,.T.);
#2164 = FACE_BOUND('',#2165,.F.);
#2165 = EDGE_LOOP('',(#2166,#2187,#2188,#2189,#2245,#2299,#2300,#2356,
    #2410,#2411,#2467,#2521,#2522));
#2166 = ORIENTED_EDGE('',*,*,#2167,.F.);
#2167 = EDGE_CURVE('',#1347,#684,#2168,.T.);
#2168 = SURFACE_CURVE('',#2169,(#2173,#2180),.PCURVE_S1.);
#2169 = LINE('',#2170,#2171);
#2170 = CARTESIAN_POINT('',(11.5,-33.5,19.));
#2171 = VECTOR('',#2172,1.);
#2172 = DIRECTION('',(0.,1.,0.));
#2173 = PCURVE('',#706,#2174);
#2174 = DEFINITIONAL_REPRESENTATION('',(#2175),#2179);
#2175 = LINE('',#2176,#2177);
#2176 = CARTESIAN_POINT('',(-0.,0.));
#2177 = VECTOR('',#2178,1.);
#2178 = DIRECTION('',(-0.,1.));
#2179 = ( GEOMETRIC_REPRESENTATION_CONTEXT(2) 
PARAMETRIC_REPRESENTATION_CONTEXT() REPRESENTATION_CONTEXT('2D SPACE',''
  ) );
#2180 = PCURVE('',#734,#2181);
#2181 = DEFINITIONAL_REPRESENTATION('',(#2182),#2186);
#2182 = LINE('',#2183,#2184);
#2183 = CARTESIAN_POINT('',(5.5,0.));
#2184 = VECTOR('',#2185,1.);
#2185 = DIRECTION('',(0.,-1.));
#2186 = ( GEOMETRIC_REPRESENTATION_CONTEXT(2) 
PARAMETRIC_REPRESENTATION_CONTEXT() REPRESENTATION_CONTEXT('2D SPACE',''
  ) );
#2187 = ORIENTED_EDGE('',*,*,#1346,.T.);
#2188 = ORIENTED_EDGE('',*,*,#1782,.T.);
#2189 = ORIENTED_EDGE('',*,*,#2190,.T.);
#2190 = EDGE_CURVE('',#1783,#2191,#2193,.T.);
#2191 = VERTEX_POINT('',#2192);
#2192 = CARTESIAN_POINT('',(10.4,-20.,20.44568322948));
#2193 = SURFACE_CURVE('',#2194,(#2209,#2227),.PCURVE_S1.);
#2194 = B_SPLINE_CURVE_WITH_KNOTS('',5,(#2195,#2196,#2197,#2198,#2199,
    #2200,#2201,#2202,#2203,#2204,#2205,#2206,#2207,#2208),
  .UNSPECIFIED.,.F.,.F.,(6,4,4,6),(0.,0.171492574701,0.633337092663,1.),
  .UNSPECIFIED.);
#2195 = CARTESIAN_POINT('',(10.,-20.84852813742,20.5));
#2196 = CARTESIAN_POINT('',(10.026733800841,-20.82647387691,20.5));
#2197 = CARTESIAN_POINT('',(10.052478519278,-20.80346622886,
    20.499404317862));
#2198 = CARTESIAN_POINT('',(10.077193831092,-20.77957026519,
    20.498301491975));
#2199 = CARTESIAN_POINT('',(10.100844971835,-20.75485406994,
    20.49677740892));
#2200 = CARTESIAN_POINT('',(10.184152772892,-20.66080837429,
    20.489900490458));
#2201 = CARTESIAN_POINT('',(10.236958893047,-20.58681059528,
    20.482435007641));
#2202 = CARTESIAN_POINT('',(10.281495533823,-20.5085256373,
    20.47411508794));
#2203 = CARTESIAN_POINT('',(10.317594724406,-20.42696597895,
    20.466265512801));
#2204 = CARTESIAN_POINT('',(10.36700248231,-20.27644409534,
    20.454583795873));
#2205 = CARTESIAN_POINT('',(10.383482627219,-20.20832580333,
    20.450254657237));
#2206 = CARTESIAN_POINT('',(10.394491873757,-20.13922082661,
    20.447206872131));
#2207 = CARTESIAN_POINT('',(10.4,-20.06962141679,20.44568322948));
#2208 = CARTESIAN_POINT('',(10.4,-20.,20.44568322948));
#2209 = PCURVE('',#706,#2210);
#2210 = DEFINITIONAL_REPRESENTATION('',(#2211),#2226);
#2211 = B_SPLINE_CURVE_WITH_KNOTS('',5,(#2212,#2213,#2214,#2215,#2216,
    #2217,#2218,#2219,#2220,#2221,#2222,#2223,#2224,#2225),
  .UNSPECIFIED.,.F.,.F.,(6,4,4,6),(0.,0.171492574701,0.633337092663,1.),
  .UNSPECIFIED.);
#2212 = CARTESIAN_POINT('',(-1.570796326795,12.651471862576));
#2213 = CARTESIAN_POINT('',(-1.552973792901,12.673526123081));
#2214 = CARTESIAN_POINT('',(-1.535810577778,12.696533771136));
#2215 = CARTESIAN_POINT('',(-1.519322045054,12.720429734808));
#2216 = CARTESIAN_POINT('',(-1.503524412395,12.745145930054));
#2217 = CARTESIAN_POINT('',(-1.447796973614,12.83919162571));
#2218 = CARTESIAN_POINT('',(-1.412302598275,12.913189404718));
#2219 = CARTESIAN_POINT('',(-1.382116795814,12.9914743627));
#2220 = CARTESIAN_POINT('',(-1.35749254961,13.073034021049));
#2221 = CARTESIAN_POINT('',(-1.323645908212,13.223555904655));
#2222 = CARTESIAN_POINT('',(-1.312289693399,13.29167419667));
#2223 = CARTESIAN_POINT('',(-1.304673336405,13.360779173388));
#2224 = CARTESIAN_POINT('',(-1.300863530961,13.430378583207));
#2225 = CARTESIAN_POINT('',(-1.300863530961,13.5));
#2226 = ( GEOMETRIC_REPRESENTATION_CONTEXT(2) 
PARAMETRIC_REPRESENTATION_CONTEXT() REPRESENTATION_CONTEXT('2D SPACE',''
  ) );
#2227 = PCURVE('',#1826,#2228);
#2228 = DEFINITIONAL_REPRESENTATION('',(#2229),#2244);
#2229 = B_SPLINE_CURVE_WITH_KNOTS('',5,(#2230,#2231,#2232,#2233,#2234,
    #2235,#2236,#2237,#2238,#2239,#2240,#2241,#2242,#2243),
  .UNSPECIFIED.,.F.,.F.,(6,4,4,6),(0.,0.171492574701,0.633337092663,1.),
  .UNSPECIFIED.);
#2230 = CARTESIAN_POINT('',(-5.40216398117,-8.));
#2231 = CARTESIAN_POINT('',(-5.433670067606,-8.));
#2232 = CARTESIAN_POINT('',(-5.465034048362,-7.999404317862));
#2233 = CARTESIAN_POINT('',(-5.496255331939,-7.998301491975));
#2234 = CARTESIAN_POINT('',(-5.52733153426,-7.99677740892));
#2235 = CARTESIAN_POINT('',(-5.641547447627,-7.989900490458));
#2236 = CARTESIAN_POINT('',(-5.723734344679,-7.982435007641));
#2237 = CARTESIAN_POINT('',(-5.805057554948,-7.97411508794));
#2238 = CARTESIAN_POINT('',(-5.88573957231,-7.966265512801));
#2239 = CARTESIAN_POINT('',(-6.029760817257,-7.954583795873));
#2240 = CARTESIAN_POINT('',(-6.093270308194,-7.950254657237));
#2241 = CARTESIAN_POINT('',(-6.156620829816,-7.947206872131));
#2242 = CARTESIAN_POINT('',(-6.219893110095,-7.94568322948));
#2243 = CARTESIAN_POINT('',(-6.28318530718,-7.94568322948));
#2244 = ( GEOMETRIC_REPRESENTATION_CONTEXT(2) 
PARAMETRIC_REPRESENTATION_CONTEXT() REPRESENTATION_CONTEXT('2D SPACE',''
  ) );
#2245 = ORIENTED_EDGE('',*,*,#2246,.T.);
#2246 = EDGE_CURVE('',#2191,#1806,#2247,.T.);
#2247 = SURFACE_CURVE('',#2248,(#2263,#2281),.PCURVE_S1.);
#2248 = B_SPLINE_CURVE_WITH_KNOTS('',5,(#2249,#2250,#2251,#2252,#2253,
    #2254,#2255,#2256,#2257,#2258,#2259,#2260,#2261,#2262),
  .UNSPECIFIED.,.F.,.F.,(6,4,4,6),(0.,0.36712095287,0.829240089532,1.),
  .UNSPECIFIED.);
#2249 = CARTESIAN_POINT('',(10.4,-20.,20.44568322948));
#2250 = CARTESIAN_POINT('',(10.4,-19.93029161572,20.44568322948));
#2251 = CARTESIAN_POINT('',(10.394478104163,-19.86060537309,
    20.447210679282));
#2252 = CARTESIAN_POINT('',(10.383441370126,-19.79141539668,
    20.450266081649));
#2253 = CARTESIAN_POINT('',(10.366920141194,-19.72321575245,
    20.454605423331));
#2254 = CARTESIAN_POINT('',(10.317407821286,-19.57257765252,
    20.466306970113));
#2255 = CARTESIAN_POINT('',(10.281248454242,-19.49098284625,
    20.474164741669));
#2256 = CARTESIAN_POINT('',(10.236642061227,-19.41267013314,
    20.48248940015));
#2257 = CARTESIAN_POINT('',(10.183757256722,-19.3386541742,
    20.489952805952));
#2258 = CARTESIAN_POINT('',(10.100440857286,-19.24472383243,
    20.496803393802));
#2259 = CARTESIAN_POINT('',(10.076877146702,-19.22012365075,
    20.498315593541));
#2260 = CARTESIAN_POINT('',(10.052258602151,-19.19633726521,
    20.499409397263));
#2261 = CARTESIAN_POINT('',(10.02661960307,-19.17343191472,20.5));
#2262 = CARTESIAN_POINT('',(10.,-19.15147186257,20.5));
#2263 = PCURVE('',#706,#2264);
#2264 = DEFINITIONAL_REPRESENTATION('',(#2265),#2280);
#2265 = B_SPLINE_CURVE_WITH_KNOTS('',5,(#2266,#2267,#2268,#2269,#2270,
    #2271,#2272,#2273,#2274,#2275,#2276,#2277,#2278,#2279),
  .UNSPECIFIED.,.F.,.F.,(6,4,4,6),(0.,0.36712095287,0.829240089532,1.),
  .UNSPECIFIED.);
#2266 = CARTESIAN_POINT('',(-1.300863530961,13.5));
#2267 = CARTESIAN_POINT('',(-1.300863530961,13.56970838428));
#2268 = CARTESIAN_POINT('',(-1.304682859238,13.639394626907));
#2269 = CARTESIAN_POINT('',(-1.312318237705,13.708584603315));
#2270 = CARTESIAN_POINT('',(-1.323702646889,13.776784247546));
#2271 = CARTESIAN_POINT('',(-1.357620167892,13.927422347476));
#2272 = CARTESIAN_POINT('',(-1.382284753943,14.009017153748));
#2273 = CARTESIAN_POINT('',(-1.41251674992,14.087329866856));
#2274 = CARTESIAN_POINT('',(-1.448062624417,14.161345825795));
#2275 = CARTESIAN_POINT('',(-1.503794334795,14.255276167569));
#2276 = CARTESIAN_POINT('',(-1.519533317037,14.279876349249));
#2277 = CARTESIAN_POINT('',(-1.535957190749,14.303662734789));
#2278 = CARTESIAN_POINT('',(-1.553049924748,14.326568085273));
#2279 = CARTESIAN_POINT('',(-1.570796326795,14.348528137424));
#2280 = ( GEOMETRIC_REPRESENTATION_CONTEXT(2) 
PARAMETRIC_REPRESENTATION_CONTEXT() REPRESENTATION_CONTEXT('2D SPACE',''
  ) );
#2281 = PCURVE('',#1826,#2282);
#2282 = DEFINITIONAL_REPRESENTATION('',(#2283),#2298);
#2283 = B_SPLINE_CURVE_WITH_KNOTS('',5,(#2284,#2285,#2286,#2287,#2288,
    #2289,#2290,#2291,#2292,#2293,#2294,#2295,#2296,#2297),
  .UNSPECIFIED.,.F.,.F.,(6,4,4,6),(0.,0.36712095287,0.829240089532,1.),
  .UNSPECIFIED.);
#2284 = CARTESIAN_POINT('',(0.,-7.94568322948));
#2285 = CARTESIAN_POINT('',(-6.337125843596E-02,-7.94568322948));
#2286 = CARTESIAN_POINT('',(-0.126722478391,-7.947210679282));
#2287 = CARTESIAN_POINT('',(-0.190152251065,-7.950266081649));
#2288 = CARTESIAN_POINT('',(-0.253741636435,-7.954605423331));
#2289 = CARTESIAN_POINT('',(-0.397892919953,-7.966306970113));
#2290 = CARTESIAN_POINT('',(-0.47862557377,-7.974164741669));
#2291 = CARTESIAN_POINT('',(-0.560001010201,-7.98248940015));
#2292 = CARTESIAN_POINT('',(-0.642241993555,-7.989952805952));
#2293 = CARTESIAN_POINT('',(-0.756384616825,-7.996803393802));
#2294 = CARTESIAN_POINT('',(-0.787329959674,-7.998315593541));
#2295 = CARTESIAN_POINT('',(-0.818419158928,-7.999409397263));
#2296 = CARTESIAN_POINT('',(-0.849649822937,-8.));
#2297 = CARTESIAN_POINT('',(-0.881021326009,-8.));
#2298 = ( GEOMETRIC_REPRESENTATION_CONTEXT(2) 
PARAMETRIC_REPRESENTATION_CONTEXT() REPRESENTATION_CONTEXT('2D SPACE',''
  ) );
#2299 = ORIENTED_EDGE('',*,*,#1838,.T.);
#2300 = ORIENTED_EDGE('',*,*,#2301,.T.);
#2301 = EDGE_CURVE('',#1839,#2302,#2304,.T.);
#2302 = VERTEX_POINT('',#2303);
#2303 = CARTESIAN_POINT('',(10.4,0.,20.44568322948));
#2304 = SURFACE_CURVE('',#2305,(#2320,#2338),.PCURVE_S1.);
#2305 = B_SPLINE_CURVE_WITH_KNOTS('',5,(#2306,#2307,#2308,#2309,#2310,
    #2311,#2312,#2313,#2314,#2315,#2316,#2317,#2318,#2319),
  .UNSPECIFIED.,.F.,.F.,(6,4,4,6),(0.,0.171492574701,0.633337092663,1.),
  .UNSPECIFIED.);
#2306 = CARTESIAN_POINT('',(10.,-0.848528137424,20.5));
#2307 = CARTESIAN_POINT('',(10.026733800841,-0.826473876919,20.5));
#2308 = CARTESIAN_POINT('',(10.052478519278,-0.803466228864,
    20.499404317862));
#2309 = CARTESIAN_POINT('',(10.077193831092,-0.779570265192,
    20.498301491975));
#2310 = CARTESIAN_POINT('',(10.100844971835,-0.754854069946,
    20.49677740892));
#2311 = CARTESIAN_POINT('',(10.184152772892,-0.66080837429,
    20.489900490458));
#2312 = CARTESIAN_POINT('',(10.236958893047,-0.586810595282,
    20.482435007641));
#2313 = CARTESIAN_POINT('',(10.281495533823,-0.5085256373,20.47411508794
    ));
#2314 = CARTESIAN_POINT('',(10.317594724406,-0.426965978951,
    20.466265512801));
#2315 = CARTESIAN_POINT('',(10.36700248231,-0.276444095345,
    20.454583795873));
#2316 = CARTESIAN_POINT('',(10.383482627219,-0.20832580333,
    20.450254657237));
#2317 = CARTESIAN_POINT('',(10.394491873757,-0.139220826612,
    20.447206872131));
#2318 = CARTESIAN_POINT('',(10.4,-6.962141679261E-02,20.44568322948));
#2319 = CARTESIAN_POINT('',(10.4,-1.110223024625E-16,20.44568322948));
#2320 = PCURVE('',#706,#2321);
#2321 = DEFINITIONAL_REPRESENTATION('',(#2322),#2337);
#2322 = B_SPLINE_CURVE_WITH_KNOTS('',5,(#2323,#2324,#2325,#2326,#2327,
    #2328,#2329,#2330,#2331,#2332,#2333,#2334,#2335,#2336),
  .UNSPECIFIED.,.F.,.F.,(6,4,4,6),(0.,0.171492574701,0.633337092663,1.),
  .UNSPECIFIED.);
#2323 = CARTESIAN_POINT('',(-1.570796326795,32.651471862576));
#2324 = CARTESIAN_POINT('',(-1.552973792901,32.673526123081));
#2325 = CARTESIAN_POINT('',(-1.535810577778,32.696533771136));
#2326 = CARTESIAN_POINT('',(-1.519322045054,32.720429734808));
#2327 = CARTESIAN_POINT('',(-1.503524412395,32.745145930054));
#2328 = CARTESIAN_POINT('',(-1.447796973614,32.83919162571));
#2329 = CARTESIAN_POINT('',(-1.412302598275,32.913189404718));
#2330 = CARTESIAN_POINT('',(-1.382116795814,32.9914743627));
#2331 = CARTESIAN_POINT('',(-1.35749254961,33.073034021049));
#2332 = CARTESIAN_POINT('',(-1.323645908212,33.223555904655));
#2333 = CARTESIAN_POINT('',(-1.312289693399,33.29167419667));
#2334 = CARTESIAN_POINT('',(-1.304673336405,33.360779173388));
#2335 = CARTESIAN_POINT('',(-1.300863530961,33.430378583207));
#2336 = CARTESIAN_POINT('',(-1.300863530961,33.5));
#2337 = ( GEOMETRIC_REPRESENTATION_CONTEXT(2) 
PARAMETRIC_REPRESENTATION_CONTEXT() REPRESENTATION_CONTEXT('2D SPACE',''
  ) );
#2338 = PCURVE('',#1882,#2339);
#2339 = DEFINITIONAL_REPRESENTATION('',(#2340),#2355);
#2340 = B_SPLINE_CURVE_WITH_KNOTS('',5,(#2341,#2342,#2343,#2344,#2345,
    #2346,#2347,#2348,#2349,#2350,#2351,#2352,#2353,#2354),
  .UNSPECIFIED.,.F.,.F.,(6,4,4,6),(0.,0.171492574701,0.633337092663,1.),
  .UNSPECIFIED.);
#2341 = CARTESIAN_POINT('',(-5.40216398117,-8.));
#2342 = CARTESIAN_POINT('',(-5.433670067606,-8.));
#2343 = CARTESIAN_POINT('',(-5.465034048362,-7.999404317862));
#2344 = CARTESIAN_POINT('',(-5.496255331939,-7.998301491975));
#2345 = CARTESIAN_POINT('',(-5.52733153426,-7.99677740892));
#2346 = CARTESIAN_POINT('',(-5.641547447627,-7.989900490458));
#2347 = CARTESIAN_POINT('',(-5.723734344679,-7.982435007641));
#2348 = CARTESIAN_POINT('',(-5.805057554948,-7.97411508794));
#2349 = CARTESIAN_POINT('',(-5.88573957231,-7.966265512801));
#2350 = CARTESIAN_POINT('',(-6.029760817257,-7.954583795873));
#2351 = CARTESIAN_POINT('',(-6.093270308194,-7.950254657237));
#2352 = CARTESIAN_POINT('',(-6.156620829816,-7.947206872131));
#2353 = CARTESIAN_POINT('',(-6.219893110095,-7.94568322948));
#2354 = CARTESIAN_POINT('',(-6.28318530718,-7.94568322948));
#2355 = ( GEOMETRIC_REPRESENTATION_CONTEXT(2) 
PARAMETRIC_REPRESENTATION_CONTEXT() REPRESENTATION_CONTEXT('2D SPACE',''
  ) );
#2356 = ORIENTED_EDGE('',*,*,#2357,.T.);
#2357 = EDGE_CURVE('',#2302,#1862,#2358,.T.);
#2358 = SURFACE_CURVE('',#2359,(#2374,#2392),.PCURVE_S1.);
#2359 = B_SPLINE_CURVE_WITH_KNOTS('',5,(#2360,#2361,#2362,#2363,#2364,
    #2365,#2366,#2367,#2368,#2369,#2370,#2371,#2372,#2373),
  .UNSPECIFIED.,.F.,.F.,(6,4,4,6),(0.,0.36712095287,0.829240089532,1.),
  .UNSPECIFIED.);
#2360 = CARTESIAN_POINT('',(10.4,-1.347111479062E-16,20.44568322948));
#2361 = CARTESIAN_POINT('',(10.4,6.970838427955E-02,20.44568322948));
#2362 = CARTESIAN_POINT('',(10.394478104163,0.139394626907,
    20.447210679282));
#2363 = CARTESIAN_POINT('',(10.383441370126,0.208584603315,
    20.450266081649));
#2364 = CARTESIAN_POINT('',(10.366920141194,0.276784247546,
    20.454605423331));
#2365 = CARTESIAN_POINT('',(10.317407821287,0.427422347476,
    20.466306970113));
#2366 = CARTESIAN_POINT('',(10.281248454242,0.509017153748,
    20.474164741669));
#2367 = CARTESIAN_POINT('',(10.236642061227,0.587329866856,
    20.48248940015));
#2368 = CARTESIAN_POINT('',(10.183757256722,0.661345825795,
    20.489952805952));
#2369 = CARTESIAN_POINT('',(10.100440857286,0.755276167569,
    20.496803393802));
#2370 = CARTESIAN_POINT('',(10.076877146702,0.779876349249,
    20.498315593541));
#2371 = CARTESIAN_POINT('',(10.052258602151,0.803662734789,
    20.499409397263));
#2372 = CARTESIAN_POINT('',(10.02661960307,0.826568085273,20.5));
#2373 = CARTESIAN_POINT('',(10.,0.848528137424,20.5));
#2374 = PCURVE('',#706,#2375);
#2375 = DEFINITIONAL_REPRESENTATION('',(#2376),#2391);
#2376 = B_SPLINE_CURVE_WITH_KNOTS('',5,(#2377,#2378,#2379,#2380,#2381,
    #2382,#2383,#2384,#2385,#2386,#2387,#2388,#2389,#2390),
  .UNSPECIFIED.,.F.,.F.,(6,4,4,6),(0.,0.36712095287,0.829240089532,1.),
  .UNSPECIFIED.);
#2377 = CARTESIAN_POINT('',(-1.300863530961,33.5));
#2378 = CARTESIAN_POINT('',(-1.300863530961,33.56970838428));
#2379 = CARTESIAN_POINT('',(-1.304682859238,33.639394626907));
#2380 = CARTESIAN_POINT('',(-1.312318237705,33.708584603315));
#2381 = CARTESIAN_POINT('',(-1.323702646889,33.776784247546));
#2382 = CARTESIAN_POINT('',(-1.357620167892,33.927422347476));
#2383 = CARTESIAN_POINT('',(-1.382284753943,34.009017153748));
#2384 = CARTESIAN_POINT('',(-1.41251674992,34.087329866856));
#2385 = CARTESIAN_POINT('',(-1.448062624417,34.161345825795));
#2386 = CARTESIAN_POINT('',(-1.503794334795,34.255276167569));
#2387 = CARTESIAN_POINT('',(-1.519533317037,34.279876349249));
#2388 = CARTESIAN_POINT('',(-1.535957190749,34.303662734789));
#2389 = CARTESIAN_POINT('',(-1.553049924748,34.326568085273));
#2390 = CARTESIAN_POINT('',(-1.570796326795,34.348528137424));
#2391 = ( GEOMETRIC_REPRESENTATION_CONTEXT(2) 
PARAMETRIC_REPRESENTATION_CONTEXT() REPRESENTATION_CONTEXT('2D SPACE',''
  ) );
#2392 = PCURVE('',#1882,#2393);
#2393 = DEFINITIONAL_REPRESENTATION('',(#2394),#2409);
#2394 = B_SPLINE_CURVE_WITH_KNOTS('',5,(#2395,#2396,#2397,#2398,#2399,
    #2400,#2401,#2402,#2403,#2404,#2405,#2406,#2407,#2408),
  .UNSPECIFIED.,.F.,.F.,(6,4,4,6),(0.,0.36712095287,0.829240089532,1.),
  .UNSPECIFIED.);
#2395 = CARTESIAN_POINT('',(0.,-7.94568322948));
#2396 = CARTESIAN_POINT('',(-6.337125843596E-02,-7.94568322948));
#2397 = CARTESIAN_POINT('',(-0.126722478391,-7.947210679282));
#2398 = CARTESIAN_POINT('',(-0.190152251065,-7.950266081649));
#2399 = CARTESIAN_POINT('',(-0.253741636435,-7.954605423331));
#2400 = CARTESIAN_POINT('',(-0.397892919953,-7.966306970113));
#2401 = CARTESIAN_POINT('',(-0.47862557377,-7.974164741669));
#2402 = CARTESIAN_POINT('',(-0.560001010201,-7.98248940015));
#2403 = CARTESIAN_POINT('',(-0.642241993555,-7.989952805952));
#2404 = CARTESIAN_POINT('',(-0.756384616825,-7.996803393802));
#2405 = CARTESIAN_POINT('',(-0.787329959674,-7.998315593541));
#2406 = CARTESIAN_POINT('',(-0.818419158928,-7.999409397263));
#2407 = CARTESIAN_POINT('',(-0.849649822937,-8.));
#2408 = CARTESIAN_POINT('',(-0.881021326009,-8.));
#2409 = ( GEOMETRIC_REPRESENTATION_CONTEXT(2) 
PARAMETRIC_REPRESENTATION_CONTEXT() REPRESENTATION_CONTEXT('2D SPACE',''
  ) );
#2410 = ORIENTED_EDGE('',*,*,#1894,.T.);
#2411 = ORIENTED_EDGE('',*,*,#2412,.T.);
#2412 = EDGE_CURVE('',#1895,#2413,#2415,.T.);
#2413 = VERTEX_POINT('',#2414);
#2414 = CARTESIAN_POINT('',(10.4,20.,20.44568322948));
#2415 = SURFACE_CURVE('',#2416,(#2431,#2449),.PCURVE_S1.);
#2416 = B_SPLINE_CURVE_WITH_KNOTS('',5,(#2417,#2418,#2419,#2420,#2421,
    #2422,#2423,#2424,#2425,#2426,#2427,#2428,#2429,#2430),
  .UNSPECIFIED.,.F.,.F.,(6,4,4,6),(0.,0.171492574701,0.633337092663,1.),
  .UNSPECIFIED.);
#2417 = CARTESIAN_POINT('',(10.,19.151471862576,20.5));
#2418 = CARTESIAN_POINT('',(10.026733800841,19.173526123081,20.5));
#2419 = CARTESIAN_POINT('',(10.052478519278,19.196533771136,
    20.499404317862));
#2420 = CARTESIAN_POINT('',(10.077193831092,19.220429734808,
    20.498301491975));
#2421 = CARTESIAN_POINT('',(10.100844971835,19.245145930054,
    20.49677740892));
#2422 = CARTESIAN_POINT('',(10.184152772892,19.33919162571,
    20.489900490458));
#2423 = CARTESIAN_POINT('',(10.236958893047,19.413189404718,
    20.482435007641));
#2424 = CARTESIAN_POINT('',(10.281495533823,19.4914743627,20.47411508794
    ));
#2425 = CARTESIAN_POINT('',(10.317594724406,19.573034021049,
    20.466265512801));
#2426 = CARTESIAN_POINT('',(10.36700248231,19.723555904655,
    20.454583795873));
#2427 = CARTESIAN_POINT('',(10.383482627219,19.79167419667,
    20.450254657237));
#2428 = CARTESIAN_POINT('',(10.394491873757,19.860779173388,
    20.447206872131));
#2429 = CARTESIAN_POINT('',(10.4,19.930378583207,20.44568322948));
#2430 = CARTESIAN_POINT('',(10.4,20.,20.44568322948));
#2431 = PCURVE('',#706,#2432);
#2432 = DEFINITIONAL_REPRESENTATION('',(#2433),#2448);
#2433 = B_SPLINE_CURVE_WITH_KNOTS('',5,(#2434,#2435,#2436,#2437,#2438,
    #2439,#2440,#2441,#2442,#2443,#2444,#2445,#2446,#2447),
  .UNSPECIFIED.,.F.,.F.,(6,4,4,6),(0.,0.171492574701,0.633337092663,1.),
  .UNSPECIFIED.);
#2434 = CARTESIAN_POINT('',(-1.570796326795,52.651471862576));
#2435 = CARTESIAN_POINT('',(-1.552973792901,52.673526123081));
#2436 = CARTESIAN_POINT('',(-1.535810577778,52.696533771136));
#2437 = CARTESIAN_POINT('',(-1.519322045054,52.720429734808));
#2438 = CARTESIAN_POINT('',(-1.503524412395,52.745145930054));
#2439 = CARTESIAN_POINT('',(-1.447796973614,52.83919162571));
#2440 = CARTESIAN_POINT('',(-1.412302598275,52.913189404718));
#2441 = CARTESIAN_POINT('',(-1.382116795814,52.9914743627));
#2442 = CARTESIAN_POINT('',(-1.35749254961,53.073034021049));
#2443 = CARTESIAN_POINT('',(-1.323645908212,53.223555904655));
#2444 = CARTESIAN_POINT('',(-1.312289693399,53.29167419667));
#2445 = CARTESIAN_POINT('',(-1.304673336405,53.360779173388));
#2446 = CARTESIAN_POINT('',(-1.300863530961,53.430378583207));
#2447 = CARTESIAN_POINT('',(-1.300863530961,53.5));
#2448 = ( GEOMETRIC_REPRESENTATION_CONTEXT(2) 
PARAMETRIC_REPRESENTATION_CONTEXT() REPRESENTATION_CONTEXT('2D SPACE',''
  ) );
#2449 = PCURVE('',#1938,#2450);
#2450 = DEFINITIONAL_REPRESENTATION('',(#2451),#2466);
#2451 = B_SPLINE_CURVE_WITH_KNOTS('',5,(#2452,#2453,#2454,#2455,#2456,
    #2457,#2458,#2459,#2460,#2461,#2462,#2463,#2464,#2465),
  .UNSPECIFIED.,.F.,.F.,(6,4,4,6),(0.,0.171492574701,0.633337092663,1.),
  .UNSPECIFIED.);
#2452 = CARTESIAN_POINT('',(-5.40216398117,-8.));
#2453 = CARTESIAN_POINT('',(-5.433670067606,-8.));
#2454 = CARTESIAN_POINT('',(-5.465034048362,-7.999404317862));
#2455 = CARTESIAN_POINT('',(-5.496255331939,-7.998301491975));
#2456 = CARTESIAN_POINT('',(-5.52733153426,-7.99677740892));
#2457 = CARTESIAN_POINT('',(-5.641547447627,-7.989900490458));
#2458 = CARTESIAN_POINT('',(-5.723734344679,-7.982435007641));
#2459 = CARTESIAN_POINT('',(-5.805057554948,-7.97411508794));
#2460 = CARTESIAN_POINT('',(-5.88573957231,-7.966265512801));
#2461 = CARTESIAN_POINT('',(-6.029760817257,-7.954583795873));
#2462 = CARTESIAN_POINT('',(-6.093270308194,-7.950254657237));
#2463 = CARTESIAN_POINT('',(-6.156620829816,-7.947206872131));
#2464 = CARTESIAN_POINT('',(-6.219893110095,-7.94568322948));
#2465 = CARTESIAN_POINT('',(-6.28318530718,-7.94568322948));
#2466 = ( GEOMETRIC_REPRESENTATION_CONTEXT(2) 
PARAMETRIC_REPRESENTATION_CONTEXT() REPRESENTATION_CONTEXT('2D SPACE',''
  ) );
#2467 = ORIENTED_EDGE('',*,*,#2468,.T.);
#2468 = EDGE_CURVE('',#2413,#1918,#2469,.T.);
#2469 = SURFACE_CURVE('',#2470,(#2485,#2503),.PCURVE_S1.);
#2470 = B_SPLINE_CURVE_WITH_KNOTS('',5,(#2471,#2472,#2473,#2474,#2475,
    #2476,#2477,#2478,#2479,#2480,#2481,#2482,#2483,#2484),
  .UNSPECIFIED.,.F.,.F.,(6,4,4,6),(0.,0.36712095287,0.829240089532,1.),
  .UNSPECIFIED.);
#2471 = CARTESIAN_POINT('',(10.4,20.,20.44568322948));
#2472 = CARTESIAN_POINT('',(10.4,20.06970838428,20.44568322948));
#2473 = CARTESIAN_POINT('',(10.394478104163,20.139394626907,
    20.447210679282));
#2474 = CARTESIAN_POINT('',(10.383441370126,20.208584603315,
    20.450266081649));
#2475 = CARTESIAN_POINT('',(10.366920141194,20.276784247546,
    20.454605423331));
#2476 = CARTESIAN_POINT('',(10.317407821286,20.427422347476,
    20.466306970113));
#2477 = CARTESIAN_POINT('',(10.281248454242,20.509017153748,
    20.474164741669));
#2478 = CARTESIAN_POINT('',(10.236642061227,20.587329866856,
    20.48248940015));
#2479 = CARTESIAN_POINT('',(10.183757256722,20.661345825795,
    20.489952805952));
#2480 = CARTESIAN_POINT('',(10.100440857286,20.755276167569,
    20.496803393802));
#2481 = CARTESIAN_POINT('',(10.076877146702,20.779876349249,
    20.498315593541));
#2482 = CARTESIAN_POINT('',(10.052258602151,20.803662734789,
    20.499409397263));
#2483 = CARTESIAN_POINT('',(10.02661960307,20.826568085273,20.5));
#2484 = CARTESIAN_POINT('',(10.,20.848528137424,20.5));
#2485 = PCURVE('',#706,#2486);
#2486 = DEFINITIONAL_REPRESENTATION('',(#2487),#2502);
#2487 = B_SPLINE_CURVE_WITH_KNOTS('',5,(#2488,#2489,#2490,#2491,#2492,
    #2493,#2494,#2495,#2496,#2497,#2498,#2499,#2500,#2501),
  .UNSPECIFIED.,.F.,.F.,(6,4,4,6),(0.,0.36712095287,0.829240089532,1.),
  .UNSPECIFIED.);
#2488 = CARTESIAN_POINT('',(-1.300863530961,53.5));
#2489 = CARTESIAN_POINT('',(-1.300863530961,53.56970838428));
#2490 = CARTESIAN_POINT('',(-1.304682859238,53.639394626907));
#2491 = CARTESIAN_POINT('',(-1.312318237705,53.708584603315));
#2492 = CARTESIAN_POINT('',(-1.323702646889,53.776784247546));
#2493 = CARTESIAN_POINT('',(-1.357620167892,53.927422347476));
#2494 = CARTESIAN_POINT('',(-1.382284753943,54.009017153748));
#2495 = CARTESIAN_POINT('',(-1.41251674992,54.087329866856));
#2496 = CARTESIAN_POINT('',(-1.448062624417,54.161345825795));
#2497 = CARTESIAN_POINT('',(-1.503794334795,54.255276167569));
#2498 = CARTESIAN_POINT('',(-1.519533317037,54.279876349249));
#2499 = CARTESIAN_POINT('',(-1.535957190749,54.303662734789));
#2500 = CARTESIAN_POINT('',(-1.553049924748,54.326568085273));
#2501 = CARTESIAN_POINT('',(-1.570796326795,54.348528137424));
#2502 = ( GEOMETRIC_REPRESENTATION_CONTEXT(2) 
PARAMETRIC_REPRESENTATION_CONTEXT() REPRESENTATION_CONTEXT('2D SPACE',''
  ) );
#2503 = PCURVE('',#1938,#2504);
#2504 = DEFINITIONAL_REPRESENTATION('',(#2505),#2520);
#2505 = B_SPLINE_CURVE_WITH_KNOTS('',5,(#2506,#2507,#2508,#2509,#2510,
    #2511,#2512,#2513,#2514,#2515,#2516,#2517,#2518,#2519),
  .UNSPECIFIED.,.F.,.F.,(6,4,4,6),(0.,0.36712095287,0.829240089532,1.),
  .UNSPECIFIED.);
#2506 = CARTESIAN_POINT('',(0.,-7.94568322948));
#2507 = CARTESIAN_POINT('',(-6.337125843596E-02,-7.94568322948));
#2508 = CARTESIAN_POINT('',(-0.126722478391,-7.947210679282));
#2509 = CARTESIAN_POINT('',(-0.190152251065,-7.950266081649));
#2510 = CARTESIAN_POINT('',(-0.253741636435,-7.954605423331));
#2511 = CARTESIAN_POINT('',(-0.397892919953,-7.966306970113));
#2512 = CARTESIAN_POINT('',(-0.47862557377,-7.974164741669));
#2513 = CARTESIAN_POINT('',(-0.560001010201,-7.98248940015));
#2514 = CARTESIAN_POINT('',(-0.642241993555,-7.989952805952));
#2515 = CARTESIAN_POINT('',(-0.756384616825,-7.996803393802));
#2516 = CARTESIAN_POINT('',(-0.787329959674,-7.998315593541));
#2517 = CARTESIAN_POINT('',(-0.818419158928,-7.999409397263));
#2518 = CARTESIAN_POINT('',(-0.849649822937,-8.));
#2519 = CARTESIAN_POINT('',(-0.881021326009,-8.));
#2520 = ( GEOMETRIC_REPRESENTATION_CONTEXT(2) 
PARAMETRIC_REPRESENTATION_CONTEXT() REPRESENTATION_CONTEXT('2D SPACE',''
  ) );
#2521 = ORIENTED_EDGE('',*,*,#1950,.T.);
#2522 = ORIENTED_EDGE('',*,*,#683,.F.);
#2523 = ADVANCED_FACE('',(#2524),#734,.T.);
#2524 = FACE_BOUND('',#2525,.T.);
#2525 = EDGE_LOOP('',(#2526,#2527,#2528,#2549,#2575,#2598,#2624,#2643));
#2526 = ORIENTED_EDGE('',*,*,#2167,.F.);
#2527 = ORIENTED_EDGE('',*,*,#1376,.F.);
#2528 = ORIENTED_EDGE('',*,*,#2529,.F.);
#2529 = EDGE_CURVE('',#2530,#1377,#2532,.T.);
#2530 = VERTEX_POINT('',#2531);
#2531 = CARTESIAN_POINT('',(11.5,-22.5,18.182680856091));
#2532 = SURFACE_CURVE('',#2533,(#2537,#2543),.PCURVE_S1.);
#2533 = LINE('',#2534,#2535);
#2534 = CARTESIAN_POINT('',(11.5,-34.5,18.182680856091));
#2535 = VECTOR('',#2536,1.);
#2536 = DIRECTION('',(-0.,-1.,-1.110223024625E-16));
#2537 = PCURVE('',#734,#2538);
#2538 = DEFINITIONAL_REPRESENTATION('',(#2539),#2542);
#2539 = B_SPLINE_CURVE_WITH_KNOTS('',1,(#2540,#2541),.UNSPECIFIED.,.F.,
  .F.,(2,2),(-12.0000006,5.999999999062E-07),.PIECEWISE_BEZIER_KNOTS.);
#2540 = CARTESIAN_POINT('',(4.682680856091,-11.0000006));
#2541 = CARTESIAN_POINT('',(4.682680856091,1.0000006));
#2542 = ( GEOMETRIC_REPRESENTATION_CONTEXT(2) 
PARAMETRIC_REPRESENTATION_CONTEXT() REPRESENTATION_CONTEXT('2D SPACE',''
  ) );
#2543 = PCURVE('',#1420,#2544);
#2544 = DEFINITIONAL_REPRESENTATION('',(#2545),#2548);
#2545 = B_SPLINE_CURVE_WITH_KNOTS('',1,(#2546,#2547),.UNSPECIFIED.,.F.,
  .F.,(2,2),(-12.0000006,5.999999999062E-07),.PIECEWISE_BEZIER_KNOTS.);
#2546 = CARTESIAN_POINT('',(-4.10566958811,-12.0000006));
#2547 = CARTESIAN_POINT('',(-4.10566958811,5.999999993863E-07));
#2548 = ( GEOMETRIC_REPRESENTATION_CONTEXT(2) 
PARAMETRIC_REPRESENTATION_CONTEXT() REPRESENTATION_CONTEXT('2D SPACE',''
  ) );
#2549 = ORIENTED_EDGE('',*,*,#2550,.F.);
#2550 = EDGE_CURVE('',#2551,#2530,#2553,.T.);
#2551 = VERTEX_POINT('',#2552);
#2552 = CARTESIAN_POINT('',(11.5,-22.5,13.5));
#2553 = SURFACE_CURVE('',#2554,(#2558,#2564),.PCURVE_S1.);
#2554 = LINE('',#2555,#2556);
#2555 = CARTESIAN_POINT('',(11.5,-22.5,13.5));
#2556 = VECTOR('',#2557,1.);
#2557 = DIRECTION('',(0.,-1.110223024625E-16,1.));
#2558 = PCURVE('',#734,#2559);
#2559 = DEFINITIONAL_REPRESENTATION('',(#2560),#2563);
#2560 = B_SPLINE_CURVE_WITH_KNOTS('',1,(#2561,#2562),.UNSPECIFIED.,.F.,
  .F.,(2,2),(0.,5.5),.PIECEWISE_BEZIER_KNOTS.);
#2561 = CARTESIAN_POINT('',(0.,-11.));
#2562 = CARTESIAN_POINT('',(5.5,-11.));
#2563 = ( GEOMETRIC_REPRESENTATION_CONTEXT(2) 
PARAMETRIC_REPRESENTATION_CONTEXT() REPRESENTATION_CONTEXT('2D SPACE',''
  ) );
#2564 = PCURVE('',#2565,#2570);
#2565 = PLANE('',#2566);
#2566 = AXIS2_PLACEMENT_3D('',#2567,#2568,#2569);
#2567 = CARTESIAN_POINT('',(14.75,-22.5,13.5));
#2568 = DIRECTION('',(0.,1.,1.110223024625E-16));
#2569 = DIRECTION('',(1.,0.,0.));
#2570 = DEFINITIONAL_REPRESENTATION('',(#2571),#2574);
#2571 = B_SPLINE_CURVE_WITH_KNOTS('',1,(#2572,#2573),.UNSPECIFIED.,.F.,
  .F.,(2,2),(0.,5.5),.PIECEWISE_BEZIER_KNOTS.);
#2572 = CARTESIAN_POINT('',(-3.25,0.));
#2573 = CARTESIAN_POINT('',(-3.25,-5.5));
#2574 = ( GEOMETRIC_REPRESENTATION_CONTEXT(2) 
PARAMETRIC_REPRESENTATION_CONTEXT() REPRESENTATION_CONTEXT('2D SPACE',''
  ) );
#2575 = ORIENTED_EDGE('',*,*,#2576,.T.);
#2576 = EDGE_CURVE('',#2551,#2577,#2579,.T.);
#2577 = VERTEX_POINT('',#2578);
#2578 = CARTESIAN_POINT('',(11.5,22.5,13.5));
#2579 = SURFACE_CURVE('',#2580,(#2584,#2591),.PCURVE_S1.);
#2580 = LINE('',#2581,#2582);
#2581 = CARTESIAN_POINT('',(11.5,-33.5,13.5));
#2582 = VECTOR('',#2583,1.);
#2583 = DIRECTION('',(0.,1.,0.));
#2584 = PCURVE('',#734,#2585);
#2585 = DEFINITIONAL_REPRESENTATION('',(#2586),#2590);
#2586 = LINE('',#2587,#2588);
#2587 = CARTESIAN_POINT('',(0.,0.));
#2588 = VECTOR('',#2589,1.);
#2589 = DIRECTION('',(0.,-1.));
#2590 = ( GEOMETRIC_REPRESENTATION_CONTEXT(2) 
PARAMETRIC_REPRESENTATION_CONTEXT() REPRESENTATION_CONTEXT('2D SPACE',''
  ) );
#2591 = PCURVE('',#795,#2592);
#2592 = DEFINITIONAL_REPRESENTATION('',(#2593),#2597);
#2593 = LINE('',#2594,#2595);
#2594 = CARTESIAN_POINT('',(23.,0.));
#2595 = VECTOR('',#2596,1.);
#2596 = DIRECTION('',(0.,1.));
#2597 = ( GEOMETRIC_REPRESENTATION_CONTEXT(2) 
PARAMETRIC_REPRESENTATION_CONTEXT() REPRESENTATION_CONTEXT('2D SPACE',''
  ) );
#2598 = ORIENTED_EDGE('',*,*,#2599,.T.);
#2599 = EDGE_CURVE('',#2577,#2600,#2602,.T.);
#2600 = VERTEX_POINT('',#2601);
#2601 = CARTESIAN_POINT('',(11.5,22.5,18.182680856091));
#2602 = SURFACE_CURVE('',#2603,(#2607,#2613),.PCURVE_S1.);
#2603 = LINE('',#2604,#2605);
#2604 = CARTESIAN_POINT('',(11.5,22.5,13.5));
#2605 = VECTOR('',#2606,1.);
#2606 = DIRECTION('',(0.,-1.110223024625E-16,1.));
#2607 = PCURVE('',#734,#2608);
#2608 = DEFINITIONAL_REPRESENTATION('',(#2609),#2612);
#2609 = B_SPLINE_CURVE_WITH_KNOTS('',1,(#2610,#2611),.UNSPECIFIED.,.F.,
  .F.,(2,2),(-3.552713678801E-15,5.5),.PIECEWISE_BEZIER_KNOTS.);
#2610 = CARTESIAN_POINT('',(0.,-56.));
#2611 = CARTESIAN_POINT('',(5.5,-56.));
#2612 = ( GEOMETRIC_REPRESENTATION_CONTEXT(2) 
PARAMETRIC_REPRESENTATION_CONTEXT() REPRESENTATION_CONTEXT('2D SPACE',''
  ) );
#2613 = PCURVE('',#2614,#2619);
#2614 = PLANE('',#2615);
#2615 = AXIS2_PLACEMENT_3D('',#2616,#2617,#2618);
#2616 = CARTESIAN_POINT('',(14.75,22.5,13.5));
#2617 = DIRECTION('',(0.,1.,1.110223024625E-16));
#2618 = DIRECTION('',(1.,0.,0.));
#2619 = DEFINITIONAL_REPRESENTATION('',(#2620),#2623);
#2620 = B_SPLINE_CURVE_WITH_KNOTS('',1,(#2621,#2622),.UNSPECIFIED.,.F.,
  .F.,(2,2),(-3.552713678801E-15,5.5),.PIECEWISE_BEZIER_KNOTS.);
#2621 = CARTESIAN_POINT('',(-3.25,0.));
#2622 = CARTESIAN_POINT('',(-3.25,-5.5));
#2623 = ( GEOMETRIC_REPRESENTATION_CONTEXT(2) 
PARAMETRIC_REPRESENTATION_CONTEXT() REPRESENTATION_CONTEXT('2D SPACE',''
  ) );
#2624 = ORIENTED_EDGE('',*,*,#2625,.F.);
#2625 = EDGE_CURVE('',#719,#2600,#2626,.T.);
#2626 = SURFACE_CURVE('',#2627,(#2631,#2637),.PCURVE_S1.);
#2627 = LINE('',#2628,#2629);
#2628 = CARTESIAN_POINT('',(11.5,22.5,18.182680856091));
#2629 = VECTOR('',#2630,1.);
#2630 = DIRECTION('',(-0.,-1.,-1.110223024625E-16));
#2631 = PCURVE('',#734,#2632);
#2632 = DEFINITIONAL_REPRESENTATION('',(#2633),#2636);
#2633 = B_SPLINE_CURVE_WITH_KNOTS('',1,(#2634,#2635),.UNSPECIFIED.,.F.,
  .F.,(2,2),(-12.0000006,5.999999999062E-07),.PIECEWISE_BEZIER_KNOTS.);
#2634 = CARTESIAN_POINT('',(4.682680856091,-68.0000006));
#2635 = CARTESIAN_POINT('',(4.682680856091,-55.9999994));
#2636 = ( GEOMETRIC_REPRESENTATION_CONTEXT(2) 
PARAMETRIC_REPRESENTATION_CONTEXT() REPRESENTATION_CONTEXT('2D SPACE',''
  ) );
#2637 = PCURVE('',#767,#2638);
#2638 = DEFINITIONAL_REPRESENTATION('',(#2639),#2642);
#2639 = B_SPLINE_CURVE_WITH_KNOTS('',1,(#2640,#2641),.UNSPECIFIED.,.F.,
  .F.,(2,2),(-12.0000006,5.999999999062E-07),.PIECEWISE_BEZIER_KNOTS.);
#2640 = CARTESIAN_POINT('',(-4.10566958811,-12.0000006));
#2641 = CARTESIAN_POINT('',(-4.10566958811,5.999999993863E-07));
#2642 = ( GEOMETRIC_REPRESENTATION_CONTEXT(2) 
PARAMETRIC_REPRESENTATION_CONTEXT() REPRESENTATION_CONTEXT('2D SPACE',''
  ) );
#2643 = ORIENTED_EDGE('',*,*,#718,.T.);
#2644 = ADVANCED_FACE('',(#2645),#767,.F.);
#2645 = FACE_BOUND('',#2646,.T.);
#2646 = EDGE_LOOP('',(#2647,#2671,#2690,#2691));
#2647 = ORIENTED_EDGE('',*,*,#2648,.F.);
#2648 = EDGE_CURVE('',#2649,#2600,#2651,.T.);
#2649 = VERTEX_POINT('',#2650);
#2650 = CARTESIAN_POINT('',(9.05,22.5,13.5));
#2651 = SURFACE_CURVE('',#2652,(#2657,#2664),.PCURVE_S1.);
#2652 = CIRCLE('',#2653,5.7);
#2653 = AXIS2_PLACEMENT_3D('',#2654,#2655,#2656);
#2654 = CARTESIAN_POINT('',(14.75,22.5,13.5));
#2655 = DIRECTION('',(-0.,1.,1.110223024625E-16));
#2656 = DIRECTION('',(1.,0.,0.));
#2657 = PCURVE('',#767,#2658);
#2658 = DEFINITIONAL_REPRESENTATION('',(#2659),#2663);
#2659 = LINE('',#2660,#2661);
#2660 = CARTESIAN_POINT('',(-0.,0.));
#2661 = VECTOR('',#2662,1.);
#2662 = DIRECTION('',(-1.,0.));
#2663 = ( GEOMETRIC_REPRESENTATION_CONTEXT(2) 
PARAMETRIC_REPRESENTATION_CONTEXT() REPRESENTATION_CONTEXT('2D SPACE',''
  ) );
#2664 = PCURVE('',#2614,#2665);
#2665 = DEFINITIONAL_REPRESENTATION('',(#2666),#2670);
#2666 = CIRCLE('',#2667,5.7);
#2667 = AXIS2_PLACEMENT_2D('',#2668,#2669);
#2668 = CARTESIAN_POINT('',(0.,0.));
#2669 = DIRECTION('',(1.,0.));
#2670 = ( GEOMETRIC_REPRESENTATION_CONTEXT(2) 
PARAMETRIC_REPRESENTATION_CONTEXT() REPRESENTATION_CONTEXT('2D SPACE',''
  ) );
#2671 = ORIENTED_EDGE('',*,*,#2672,.F.);
#2672 = EDGE_CURVE('',#747,#2649,#2673,.T.);
#2673 = SURFACE_CURVE('',#2674,(#2678,#2684),.PCURVE_S1.);
#2674 = LINE('',#2675,#2676);
#2675 = CARTESIAN_POINT('',(9.05,22.5,13.5));
#2676 = VECTOR('',#2677,1.);
#2677 = DIRECTION('',(-0.,-1.,-1.110223024625E-16));
#2678 = PCURVE('',#767,#2679);
#2679 = DEFINITIONAL_REPRESENTATION('',(#2680),#2683);
#2680 = B_SPLINE_CURVE_WITH_KNOTS('',1,(#2681,#2682),.UNSPECIFIED.,.F.,
  .F.,(2,2),(-12.0000006,5.999999999062E-07),.PIECEWISE_BEZIER_KNOTS.);
#2681 = CARTESIAN_POINT('',(-3.14159265359,-12.0000006));
#2682 = CARTESIAN_POINT('',(-3.14159265359,5.999999999062E-07));
#2683 = ( GEOMETRIC_REPRESENTATION_CONTEXT(2) 
PARAMETRIC_REPRESENTATION_CONTEXT() REPRESENTATION_CONTEXT('2D SPACE',''
  ) );
#2684 = PCURVE('',#795,#2685);
#2685 = DEFINITIONAL_REPRESENTATION('',(#2686),#2689);
#2686 = B_SPLINE_CURVE_WITH_KNOTS('',1,(#2687,#2688),.UNSPECIFIED.,.F.,
  .F.,(2,2),(-12.0000006,5.999999999062E-07),.PIECEWISE_BEZIER_KNOTS.);
#2687 = CARTESIAN_POINT('',(20.55,68.0000006));
#2688 = CARTESIAN_POINT('',(20.55,55.9999994));
#2689 = ( GEOMETRIC_REPRESENTATION_CONTEXT(2) 
PARAMETRIC_REPRESENTATION_CONTEXT() REPRESENTATION_CONTEXT('2D SPACE',''
  ) );
#2690 = ORIENTED_EDGE('',*,*,#746,.F.);
#2691 = ORIENTED_EDGE('',*,*,#2625,.T.);
#2692 = ADVANCED_FACE('',(#2693,#2777,#2807,#2837),#795,.F.);
#2693 = FACE_BOUND('',#2694,.F.);
#2694 = EDGE_LOOP('',(#2695,#2696,#2715,#2716,#2737,#2756,#2757,#2776));
#2695 = ORIENTED_EDGE('',*,*,#779,.F.);
#2696 = ORIENTED_EDGE('',*,*,#2697,.F.);
#2697 = EDGE_CURVE('',#1433,#780,#2698,.T.);
#2698 = SURFACE_CURVE('',#2699,(#2703,#2709),.PCURVE_S1.);
#2699 = LINE('',#2700,#2701);
#2700 = CARTESIAN_POINT('',(7.2,-34.,13.5));
#2701 = VECTOR('',#2702,1.);
#2702 = DIRECTION('',(0.,1.,0.));
#2703 = PCURVE('',#795,#2704);
#2704 = DEFINITIONAL_REPRESENTATION('',(#2705),#2708);
#2705 = B_SPLINE_CURVE_WITH_KNOTS('',1,(#2706,#2707),.UNSPECIFIED.,.F.,
  .F.,(2,2),(0.5,67.5),.PIECEWISE_BEZIER_KNOTS.);
#2706 = CARTESIAN_POINT('',(18.7,0.));
#2707 = CARTESIAN_POINT('',(18.7,67.));
#2708 = ( GEOMETRIC_REPRESENTATION_CONTEXT(2) 
PARAMETRIC_REPRESENTATION_CONTEXT() REPRESENTATION_CONTEXT('2D SPACE',''
  ) );
#2709 = PCURVE('',#822,#2710);
#2710 = DEFINITIONAL_REPRESENTATION('',(#2711),#2714);
#2711 = B_SPLINE_CURVE_WITH_KNOTS('',1,(#2712,#2713),.UNSPECIFIED.,.F.,
  .F.,(2,2),(0.5,67.5),.PIECEWISE_BEZIER_KNOTS.);
#2712 = CARTESIAN_POINT('',(1.,-1.));
#2713 = CARTESIAN_POINT('',(1.,-68.));
#2714 = ( GEOMETRIC_REPRESENTATION_CONTEXT(2) 
PARAMETRIC_REPRESENTATION_CONTEXT() REPRESENTATION_CONTEXT('2D SPACE',''
  ) );
#2715 = ORIENTED_EDGE('',*,*,#1432,.T.);
#2716 = ORIENTED_EDGE('',*,*,#2717,.F.);
#2717 = EDGE_CURVE('',#2718,#1400,#2720,.T.);
#2718 = VERTEX_POINT('',#2719);
#2719 = CARTESIAN_POINT('',(9.05,-22.5,13.5));
#2720 = SURFACE_CURVE('',#2721,(#2725,#2731),.PCURVE_S1.);
#2721 = LINE('',#2722,#2723);
#2722 = CARTESIAN_POINT('',(9.05,-34.5,13.5));
#2723 = VECTOR('',#2724,1.);
#2724 = DIRECTION('',(-0.,-1.,-1.110223024625E-16));
#2725 = PCURVE('',#795,#2726);
#2726 = DEFINITIONAL_REPRESENTATION('',(#2727),#2730);
#2727 = B_SPLINE_CURVE_WITH_KNOTS('',1,(#2728,#2729),.UNSPECIFIED.,.F.,
  .F.,(2,2),(-12.0000006,5.999999999062E-07),.PIECEWISE_BEZIER_KNOTS.);
#2728 = CARTESIAN_POINT('',(20.55,11.0000006));
#2729 = CARTESIAN_POINT('',(20.55,-1.0000006));
#2730 = ( GEOMETRIC_REPRESENTATION_CONTEXT(2) 
PARAMETRIC_REPRESENTATION_CONTEXT() REPRESENTATION_CONTEXT('2D SPACE',''
  ) );
#2731 = PCURVE('',#1420,#2732);
#2732 = DEFINITIONAL_REPRESENTATION('',(#2733),#2736);
#2733 = B_SPLINE_CURVE_WITH_KNOTS('',1,(#2734,#2735),.UNSPECIFIED.,.F.,
  .F.,(2,2),(-12.0000006,5.999999999062E-07),.PIECEWISE_BEZIER_KNOTS.);
#2734 = CARTESIAN_POINT('',(-3.14159265359,-12.0000006));
#2735 = CARTESIAN_POINT('',(-3.14159265359,5.999999999062E-07));
#2736 = ( GEOMETRIC_REPRESENTATION_CONTEXT(2) 
PARAMETRIC_REPRESENTATION_CONTEXT() REPRESENTATION_CONTEXT('2D SPACE',''
  ) );
#2737 = ORIENTED_EDGE('',*,*,#2738,.F.);
#2738 = EDGE_CURVE('',#2551,#2718,#2739,.T.);
#2739 = SURFACE_CURVE('',#2740,(#2744,#2750),.PCURVE_S1.);
#2740 = LINE('',#2741,#2742);
#2741 = CARTESIAN_POINT('',(1.625,-22.5,13.5));
#2742 = VECTOR('',#2743,1.);
#2743 = DIRECTION('',(-1.,0.,0.));
#2744 = PCURVE('',#795,#2745);
#2745 = DEFINITIONAL_REPRESENTATION('',(#2746),#2749);
#2746 = B_SPLINE_CURVE_WITH_KNOTS('',1,(#2747,#2748),.UNSPECIFIED.,.F.,
  .F.,(2,2),(-9.875,-7.425),.PIECEWISE_BEZIER_KNOTS.);
#2747 = CARTESIAN_POINT('',(23.,11.));
#2748 = CARTESIAN_POINT('',(20.55,11.));
#2749 = ( GEOMETRIC_REPRESENTATION_CONTEXT(2) 
PARAMETRIC_REPRESENTATION_CONTEXT() REPRESENTATION_CONTEXT('2D SPACE',''
  ) );
#2750 = PCURVE('',#2565,#2751);
#2751 = DEFINITIONAL_REPRESENTATION('',(#2752),#2755);
#2752 = B_SPLINE_CURVE_WITH_KNOTS('',1,(#2753,#2754),.UNSPECIFIED.,.F.,
  .F.,(2,2),(-9.875,-7.425),.PIECEWISE_BEZIER_KNOTS.);
#2753 = CARTESIAN_POINT('',(-3.25,0.));
#2754 = CARTESIAN_POINT('',(-5.7,0.));
#2755 = ( GEOMETRIC_REPRESENTATION_CONTEXT(2) 
PARAMETRIC_REPRESENTATION_CONTEXT() REPRESENTATION_CONTEXT('2D SPACE',''
  ) );
#2756 = ORIENTED_EDGE('',*,*,#2576,.T.);
#2757 = ORIENTED_EDGE('',*,*,#2758,.T.);
#2758 = EDGE_CURVE('',#2577,#2649,#2759,.T.);
#2759 = SURFACE_CURVE('',#2760,(#2764,#2770),.PCURVE_S1.);
#2760 = LINE('',#2761,#2762);
#2761 = CARTESIAN_POINT('',(1.625,22.5,13.5));
#2762 = VECTOR('',#2763,1.);
#2763 = DIRECTION('',(-1.,0.,0.));
#2764 = PCURVE('',#795,#2765);
#2765 = DEFINITIONAL_REPRESENTATION('',(#2766),#2769);
#2766 = B_SPLINE_CURVE_WITH_KNOTS('',1,(#2767,#2768),.UNSPECIFIED.,.F.,
  .F.,(2,2),(-9.875,-7.425),.PIECEWISE_BEZIER_KNOTS.);
#2767 = CARTESIAN_POINT('',(23.,56.));
#2768 = CARTESIAN_POINT('',(20.55,56.));
#2769 = ( GEOMETRIC_REPRESENTATION_CONTEXT(2) 
PARAMETRIC_REPRESENTATION_CONTEXT() REPRESENTATION_CONTEXT('2D SPACE',''
  ) );
#2770 = PCURVE('',#2614,#2771);
#2771 = DEFINITIONAL_REPRESENTATION('',(#2772),#2775);
#2772 = B_SPLINE_CURVE_WITH_KNOTS('',1,(#2773,#2774),.UNSPECIFIED.,.F.,
  .F.,(2,2),(-9.875,-7.425),.PIECEWISE_BEZIER_KNOTS.);
#2773 = CARTESIAN_POINT('',(-3.25,0.));
#2774 = CARTESIAN_POINT('',(-5.7,0.));
#2775 = ( GEOMETRIC_REPRESENTATION_CONTEXT(2) 
PARAMETRIC_REPRESENTATION_CONTEXT() REPRESENTATION_CONTEXT('2D SPACE',''
  ) );
#2776 = ORIENTED_EDGE('',*,*,#2672,.F.);
#2777 = FACE_BOUND('',#2778,.F.);
#2778 = EDGE_LOOP('',(#2779));
#2779 = ORIENTED_EDGE('',*,*,#2780,.T.);
#2780 = EDGE_CURVE('',#2781,#2781,#2783,.T.);
#2781 = VERTEX_POINT('',#2782);
#2782 = CARTESIAN_POINT('',(10.4,-20.,13.5));
#2783 = SURFACE_CURVE('',#2784,(#2789,#2800),.PCURVE_S1.);
#2784 = CIRCLE('',#2785,1.1);
#2785 = AXIS2_PLACEMENT_3D('',#2786,#2787,#2788);
#2786 = CARTESIAN_POINT('',(9.3,-20.,13.5));
#2787 = DIRECTION('',(0.,0.,-1.));
#2788 = DIRECTION('',(1.,0.,0.));
#2789 = PCURVE('',#795,#2790);
#2790 = DEFINITIONAL_REPRESENTATION('',(#2791),#2799);
#2791 = ( BOUNDED_CURVE() B_SPLINE_CURVE(2,(#2792,#2793,#2794,#2795,
#2796,#2797,#2798),.UNSPECIFIED.,.T.,.F.) B_SPLINE_CURVE_WITH_KNOTS((1,2
    ,2,2,2,1),(-2.094395102393,0.,2.094395102393,4.188790204786,
6.28318530718,8.377580409573),.UNSPECIFIED.) CURVE() 
GEOMETRIC_REPRESENTATION_ITEM() RATIONAL_B_SPLINE_CURVE((1.,0.5,1.,0.5,
1.,0.5,1.)) REPRESENTATION_ITEM('') );
#2792 = CARTESIAN_POINT('',(21.9,13.5));
#2793 = CARTESIAN_POINT('',(21.9,11.594744111674));
#2794 = CARTESIAN_POINT('',(20.25,12.547372055837));
#2795 = CARTESIAN_POINT('',(18.6,13.5));
#2796 = CARTESIAN_POINT('',(20.25,14.452627944163));
#2797 = CARTESIAN_POINT('',(21.9,15.405255888326));
#2798 = CARTESIAN_POINT('',(21.9,13.5));
#2799 = ( GEOMETRIC_REPRESENTATION_CONTEXT(2) 
PARAMETRIC_REPRESENTATION_CONTEXT() REPRESENTATION_CONTEXT('2D SPACE',''
  ) );
#2800 = PCURVE('',#1826,#2801);
#2801 = DEFINITIONAL_REPRESENTATION('',(#2802),#2806);
#2802 = LINE('',#2803,#2804);
#2803 = CARTESIAN_POINT('',(-6.28318530718,-1.));
#2804 = VECTOR('',#2805,1.);
#2805 = DIRECTION('',(1.,-0.));
#2806 = ( GEOMETRIC_REPRESENTATION_CONTEXT(2) 
PARAMETRIC_REPRESENTATION_CONTEXT() REPRESENTATION_CONTEXT('2D SPACE',''
  ) );
#2807 = FACE_BOUND('',#2808,.F.);
#2808 = EDGE_LOOP('',(#2809));
#2809 = ORIENTED_EDGE('',*,*,#2810,.T.);
#2810 = EDGE_CURVE('',#2811,#2811,#2813,.T.);
#2811 = VERTEX_POINT('',#2812);
#2812 = CARTESIAN_POINT('',(10.4,0.,13.5));
#2813 = SURFACE_CURVE('',#2814,(#2819,#2830),.PCURVE_S1.);
#2814 = CIRCLE('',#2815,1.1);
#2815 = AXIS2_PLACEMENT_3D('',#2816,#2817,#2818);
#2816 = CARTESIAN_POINT('',(9.3,0.,13.5));
#2817 = DIRECTION('',(0.,0.,-1.));
#2818 = DIRECTION('',(1.,0.,0.));
#2819 = PCURVE('',#795,#2820);
#2820 = DEFINITIONAL_REPRESENTATION('',(#2821),#2829);
#2821 = ( BOUNDED_CURVE() B_SPLINE_CURVE(2,(#2822,#2823,#2824,#2825,
#2826,#2827,#2828),.UNSPECIFIED.,.T.,.F.) B_SPLINE_CURVE_WITH_KNOTS((1,2
    ,2,2,2,1),(-2.094395102393,0.,2.094395102393,4.188790204786,
6.28318530718,8.377580409573),.UNSPECIFIED.) CURVE() 
GEOMETRIC_REPRESENTATION_ITEM() RATIONAL_B_SPLINE_CURVE((1.,0.5,1.,0.5,
1.,0.5,1.)) REPRESENTATION_ITEM('') );
#2822 = CARTESIAN_POINT('',(21.9,33.5));
#2823 = CARTESIAN_POINT('',(21.9,31.594744111674));
#2824 = CARTESIAN_POINT('',(20.25,32.547372055837));
#2825 = CARTESIAN_POINT('',(18.6,33.5));
#2826 = CARTESIAN_POINT('',(20.25,34.452627944163));
#2827 = CARTESIAN_POINT('',(21.9,35.405255888326));
#2828 = CARTESIAN_POINT('',(21.9,33.5));
#2829 = ( GEOMETRIC_REPRESENTATION_CONTEXT(2) 
PARAMETRIC_REPRESENTATION_CONTEXT() REPRESENTATION_CONTEXT('2D SPACE',''
  ) );
#2830 = PCURVE('',#1882,#2831);
#2831 = DEFINITIONAL_REPRESENTATION('',(#2832),#2836);
#2832 = LINE('',#2833,#2834);
#2833 = CARTESIAN_POINT('',(-6.28318530718,-1.));
#2834 = VECTOR('',#2835,1.);
#2835 = DIRECTION('',(1.,-0.));
#2836 = ( GEOMETRIC_REPRESENTATION_CONTEXT(2) 
PARAMETRIC_REPRESENTATION_CONTEXT() REPRESENTATION_CONTEXT('2D SPACE',''
  ) );
#2837 = FACE_BOUND('',#2838,.F.);
#2838 = EDGE_LOOP('',(#2839));
#2839 = ORIENTED_EDGE('',*,*,#2840,.T.);
#2840 = EDGE_CURVE('',#2841,#2841,#2843,.T.);
#2841 = VERTEX_POINT('',#2842);
#2842 = CARTESIAN_POINT('',(10.4,20.,13.5));
#2843 = SURFACE_CURVE('',#2844,(#2849,#2860),.PCURVE_S1.);
#2844 = CIRCLE('',#2845,1.1);
#2845 = AXIS2_PLACEMENT_3D('',#2846,#2847,#2848);
#2846 = CARTESIAN_POINT('',(9.3,20.,13.5));
#2847 = DIRECTION('',(0.,0.,-1.));
#2848 = DIRECTION('',(1.,0.,0.));
#2849 = PCURVE('',#795,#2850);
#2850 = DEFINITIONAL_REPRESENTATION('',(#2851),#2859);
#2851 = ( BOUNDED_CURVE() B_SPLINE_CURVE(2,(#2852,#2853,#2854,#2855,
#2856,#2857,#2858),.UNSPECIFIED.,.T.,.F.) B_SPLINE_CURVE_WITH_KNOTS((1,2
    ,2,2,2,1),(-2.094395102393,0.,2.094395102393,4.188790204786,
6.28318530718,8.377580409573),.UNSPECIFIED.) CURVE() 
GEOMETRIC_REPRESENTATION_ITEM() RATIONAL_B_SPLINE_CURVE((1.,0.5,1.,0.5,
1.,0.5,1.)) REPRESENTATION_ITEM('') );
#2852 = CARTESIAN_POINT('',(21.9,53.5));
#2853 = CARTESIAN_POINT('',(21.9,51.594744111674));
#2854 = CARTESIAN_POINT('',(20.25,52.547372055837));
#2855 = CARTESIAN_POINT('',(18.6,53.5));
#2856 = CARTESIAN_POINT('',(20.25,54.452627944163));
#2857 = CARTESIAN_POINT('',(21.9,55.405255888326));
#2858 = CARTESIAN_POINT('',(21.9,53.5));
#2859 = ( GEOMETRIC_REPRESENTATION_CONTEXT(2) 
PARAMETRIC_REPRESENTATION_CONTEXT() REPRESENTATION_CONTEXT('2D SPACE',''
  ) );
#2860 = PCURVE('',#1938,#2861);
#2861 = DEFINITIONAL_REPRESENTATION('',(#2862),#2866);
#2862 = LINE('',#2863,#2864);
#2863 = CARTESIAN_POINT('',(-6.28318530718,-1.));
#2864 = VECTOR('',#2865,1.);
#2865 = DIRECTION('',(1.,-0.));
#2866 = ( GEOMETRIC_REPRESENTATION_CONTEXT(2) 
PARAMETRIC_REPRESENTATION_CONTEXT() REPRESENTATION_CONTEXT('2D SPACE',''
  ) );
#2867 = ADVANCED_FACE('',(#2868),#822,.F.);
#2868 = FACE_BOUND('',#2869,.F.);
#2869 = EDGE_LOOP('',(#2870,#2891,#2892,#2893));
#2870 = ORIENTED_EDGE('',*,*,#2871,.F.);
#2871 = EDGE_CURVE('',#1456,#808,#2872,.T.);
#2872 = SURFACE_CURVE('',#2873,(#2877,#2884),.PCURVE_S1.);
#2873 = LINE('',#2874,#2875);
#2874 = CARTESIAN_POINT('',(7.2,-34.5,19.7));
#2875 = VECTOR('',#2876,1.);
#2876 = DIRECTION('',(0.,1.,0.));
#2877 = PCURVE('',#822,#2878);
#2878 = DEFINITIONAL_REPRESENTATION('',(#2879),#2883);
#2879 = LINE('',#2880,#2881);
#2880 = CARTESIAN_POINT('',(7.2,0.));
#2881 = VECTOR('',#2882,1.);
#2882 = DIRECTION('',(0.,-1.));
#2883 = ( GEOMETRIC_REPRESENTATION_CONTEXT(2) 
PARAMETRIC_REPRESENTATION_CONTEXT() REPRESENTATION_CONTEXT('2D SPACE',''
  ) );
#2884 = PCURVE('',#848,#2885);
#2885 = DEFINITIONAL_REPRESENTATION('',(#2886),#2890);
#2886 = LINE('',#2887,#2888);
#2887 = CARTESIAN_POINT('',(14.4,0.));
#2888 = VECTOR('',#2889,1.);
#2889 = DIRECTION('',(0.,1.));
#2890 = ( GEOMETRIC_REPRESENTATION_CONTEXT(2) 
PARAMETRIC_REPRESENTATION_CONTEXT() REPRESENTATION_CONTEXT('2D SPACE',''
  ) );
#2891 = ORIENTED_EDGE('',*,*,#1455,.T.);
#2892 = ORIENTED_EDGE('',*,*,#2697,.T.);
#2893 = ORIENTED_EDGE('',*,*,#807,.F.);
#2894 = ADVANCED_FACE('',(#2895,#2921),#848,.F.);
#2895 = FACE_BOUND('',#2896,.F.);
#2896 = EDGE_LOOP('',(#2897,#2918,#2919,#2920));
#2897 = ORIENTED_EDGE('',*,*,#2898,.F.);
#2898 = EDGE_CURVE('',#1477,#834,#2899,.T.);
#2899 = SURFACE_CURVE('',#2900,(#2904,#2911),.PCURVE_S1.);
#2900 = LINE('',#2901,#2902);
#2901 = CARTESIAN_POINT('',(-7.2,-34.5,19.7));
#2902 = VECTOR('',#2903,1.);
#2903 = DIRECTION('',(0.,1.,0.));
#2904 = PCURVE('',#848,#2905);
#2905 = DEFINITIONAL_REPRESENTATION('',(#2906),#2910);
#2906 = LINE('',#2907,#2908);
#2907 = CARTESIAN_POINT('',(0.,0.));
#2908 = VECTOR('',#2909,1.);
#2909 = DIRECTION('',(0.,1.));
#2910 = ( GEOMETRIC_REPRESENTATION_CONTEXT(2) 
PARAMETRIC_REPRESENTATION_CONTEXT() REPRESENTATION_CONTEXT('2D SPACE',''
  ) );
#2911 = PCURVE('',#874,#2912);
#2912 = DEFINITIONAL_REPRESENTATION('',(#2913),#2917);
#2913 = LINE('',#2914,#2915);
#2914 = CARTESIAN_POINT('',(7.2,0.));
#2915 = VECTOR('',#2916,1.);
#2916 = DIRECTION('',(0.,-1.));
#2917 = ( GEOMETRIC_REPRESENTATION_CONTEXT(2) 
PARAMETRIC_REPRESENTATION_CONTEXT() REPRESENTATION_CONTEXT('2D SPACE',''
  ) );
#2918 = ORIENTED_EDGE('',*,*,#1476,.T.);
#2919 = ORIENTED_EDGE('',*,*,#2871,.T.);
#2920 = ORIENTED_EDGE('',*,*,#833,.F.);
#2921 = FACE_BOUND('',#2922,.F.);
#2922 = EDGE_LOOP('',(#2923,#2946,#2967,#2988));
#2923 = ORIENTED_EDGE('',*,*,#2924,.T.);
#2924 = EDGE_CURVE('',#2925,#2927,#2929,.T.);
#2925 = VERTEX_POINT('',#2926);
#2926 = CARTESIAN_POINT('',(6.,-4.3,19.7));
#2927 = VERTEX_POINT('',#2928);
#2928 = CARTESIAN_POINT('',(-6.,-4.3,19.7));
#2929 = SURFACE_CURVE('',#2930,(#2934,#2940),.PCURVE_S1.);
#2930 = LINE('',#2931,#2932);
#2931 = CARTESIAN_POINT('',(-6.6,-4.3,19.7));
#2932 = VECTOR('',#2933,1.);
#2933 = DIRECTION('',(-1.,0.,0.));
#2934 = PCURVE('',#848,#2935);
#2935 = DEFINITIONAL_REPRESENTATION('',(#2936),#2939);
#2936 = B_SPLINE_CURVE_WITH_KNOTS('',1,(#2937,#2938),.UNSPECIFIED.,.F.,
  .F.,(2,2),(-12.6,-0.6),.PIECEWISE_BEZIER_KNOTS.);
#2937 = CARTESIAN_POINT('',(13.2,30.2));
#2938 = CARTESIAN_POINT('',(1.2,30.2));
#2939 = ( GEOMETRIC_REPRESENTATION_CONTEXT(2) 
PARAMETRIC_REPRESENTATION_CONTEXT() REPRESENTATION_CONTEXT('2D SPACE',''
  ) );
#2940 = PCURVE('',#1990,#2941);
#2941 = DEFINITIONAL_REPRESENTATION('',(#2942),#2945);
#2942 = B_SPLINE_CURVE_WITH_KNOTS('',1,(#2943,#2944),.UNSPECIFIED.,.F.,
  .F.,(2,2),(-12.6,-0.6),.PIECEWISE_BEZIER_KNOTS.);
#2943 = CARTESIAN_POINT('',(1.E-02,12.));
#2944 = CARTESIAN_POINT('',(1.E-02,0.));
#2945 = ( GEOMETRIC_REPRESENTATION_CONTEXT(2) 
PARAMETRIC_REPRESENTATION_CONTEXT() REPRESENTATION_CONTEXT('2D SPACE',''
  ) );
#2946 = ORIENTED_EDGE('',*,*,#2947,.T.);
#2947 = EDGE_CURVE('',#2927,#2948,#2950,.T.);
#2948 = VERTEX_POINT('',#2949);
#2949 = CARTESIAN_POINT('',(-6.,4.3,19.7));
#2950 = SURFACE_CURVE('',#2951,(#2955,#2961),.PCURVE_S1.);
#2951 = LINE('',#2952,#2953);
#2952 = CARTESIAN_POINT('',(-6.,-19.4,19.7));
#2953 = VECTOR('',#2954,1.);
#2954 = DIRECTION('',(0.,1.,0.));
#2955 = PCURVE('',#848,#2956);
#2956 = DEFINITIONAL_REPRESENTATION('',(#2957),#2960);
#2957 = B_SPLINE_CURVE_WITH_KNOTS('',1,(#2958,#2959),.UNSPECIFIED.,.F.,
  .F.,(2,2),(15.1,23.7),.PIECEWISE_BEZIER_KNOTS.);
#2958 = CARTESIAN_POINT('',(1.2,30.2));
#2959 = CARTESIAN_POINT('',(1.2,38.8));
#2960 = ( GEOMETRIC_REPRESENTATION_CONTEXT(2) 
PARAMETRIC_REPRESENTATION_CONTEXT() REPRESENTATION_CONTEXT('2D SPACE',''
  ) );
#2961 = PCURVE('',#2016,#2962);
#2962 = DEFINITIONAL_REPRESENTATION('',(#2963),#2966);
#2963 = B_SPLINE_CURVE_WITH_KNOTS('',1,(#2964,#2965),.UNSPECIFIED.,.F.,
  .F.,(2,2),(15.1,23.7),.PIECEWISE_BEZIER_KNOTS.);
#2964 = CARTESIAN_POINT('',(1.E-02,0.));
#2965 = CARTESIAN_POINT('',(1.E-02,-8.6));
#2966 = ( GEOMETRIC_REPRESENTATION_CONTEXT(2) 
PARAMETRIC_REPRESENTATION_CONTEXT() REPRESENTATION_CONTEXT('2D SPACE',''
  ) );
#2967 = ORIENTED_EDGE('',*,*,#2968,.F.);
#2968 = EDGE_CURVE('',#2969,#2948,#2971,.T.);
#2969 = VERTEX_POINT('',#2970);
#2970 = CARTESIAN_POINT('',(6.,4.3,19.7));
#2971 = SURFACE_CURVE('',#2972,(#2976,#2982),.PCURVE_S1.);
#2972 = LINE('',#2973,#2974);
#2973 = CARTESIAN_POINT('',(-6.6,4.3,19.7));
#2974 = VECTOR('',#2975,1.);
#2975 = DIRECTION('',(-1.,0.,0.));
#2976 = PCURVE('',#848,#2977);
#2977 = DEFINITIONAL_REPRESENTATION('',(#2978),#2981);
#2978 = B_SPLINE_CURVE_WITH_KNOTS('',1,(#2979,#2980),.UNSPECIFIED.,.F.,
  .F.,(2,2),(-12.6,-0.6),.PIECEWISE_BEZIER_KNOTS.);
#2979 = CARTESIAN_POINT('',(13.2,38.8));
#2980 = CARTESIAN_POINT('',(1.2,38.8));
#2981 = ( GEOMETRIC_REPRESENTATION_CONTEXT(2) 
PARAMETRIC_REPRESENTATION_CONTEXT() REPRESENTATION_CONTEXT('2D SPACE',''
  ) );
#2982 = PCURVE('',#2042,#2983);
#2983 = DEFINITIONAL_REPRESENTATION('',(#2984),#2987);
#2984 = B_SPLINE_CURVE_WITH_KNOTS('',1,(#2985,#2986),.UNSPECIFIED.,.F.,
  .F.,(2,2),(-12.6,-0.6),.PIECEWISE_BEZIER_KNOTS.);
#2985 = CARTESIAN_POINT('',(1.E-02,12.));
#2986 = CARTESIAN_POINT('',(1.E-02,0.));
#2987 = ( GEOMETRIC_REPRESENTATION_CONTEXT(2) 
PARAMETRIC_REPRESENTATION_CONTEXT() REPRESENTATION_CONTEXT('2D SPACE',''
  ) );
#2988 = ORIENTED_EDGE('',*,*,#2989,.F.);
#2989 = EDGE_CURVE('',#2925,#2969,#2990,.T.);
#2990 = SURFACE_CURVE('',#2991,(#2995,#3001),.PCURVE_S1.);
#2991 = LINE('',#2992,#2993);
#2992 = CARTESIAN_POINT('',(6.,-19.4,19.7));
#2993 = VECTOR('',#2994,1.);
#2994 = DIRECTION('',(0.,1.,0.));
#2995 = PCURVE('',#848,#2996);
#2996 = DEFINITIONAL_REPRESENTATION('',(#2997),#3000);
#2997 = B_SPLINE_CURVE_WITH_KNOTS('',1,(#2998,#2999),.UNSPECIFIED.,.F.,
  .F.,(2,2),(15.1,23.7),.PIECEWISE_BEZIER_KNOTS.);
#2998 = CARTESIAN_POINT('',(13.2,30.2));
#2999 = CARTESIAN_POINT('',(13.2,38.8));
#3000 = ( GEOMETRIC_REPRESENTATION_CONTEXT(2) 
PARAMETRIC_REPRESENTATION_CONTEXT() REPRESENTATION_CONTEXT('2D SPACE',''
  ) );
#3001 = PCURVE('',#2066,#3002);
#3002 = DEFINITIONAL_REPRESENTATION('',(#3003),#3006);
#3003 = B_SPLINE_CURVE_WITH_KNOTS('',1,(#3004,#3005),.UNSPECIFIED.,.F.,
  .F.,(2,2),(15.1,23.7),.PIECEWISE_BEZIER_KNOTS.);
#3004 = CARTESIAN_POINT('',(1.E-02,0.));
#3005 = CARTESIAN_POINT('',(1.E-02,-8.6));
#3006 = ( GEOMETRIC_REPRESENTATION_CONTEXT(2) 
PARAMETRIC_REPRESENTATION_CONTEXT() REPRESENTATION_CONTEXT('2D SPACE',''
  ) );
#3007 = ADVANCED_FACE('',(#3008),#874,.T.);
#3008 = FACE_BOUND('',#3009,.T.);
#3009 = EDGE_LOOP('',(#3010,#3011,#3012,#3013));
#3010 = ORIENTED_EDGE('',*,*,#2898,.F.);
#3011 = ORIENTED_EDGE('',*,*,#1497,.T.);
#3012 = ORIENTED_EDGE('',*,*,#1175,.T.);
#3013 = ORIENTED_EDGE('',*,*,#859,.F.);
#3014 = ADVANCED_FACE('',(#3015),#980,.F.);
#3015 = FACE_BOUND('',#3016,.T.);
#3016 = EDGE_LOOP('',(#3017,#3046,#3067,#3068));
#3017 = ORIENTED_EDGE('',*,*,#3018,.F.);
#3018 = EDGE_CURVE('',#3019,#3019,#3021,.T.);
#3019 = VERTEX_POINT('',#3020);
#3020 = CARTESIAN_POINT('',(-8.15,26.5,18.));
#3021 = SURFACE_CURVE('',#3022,(#3027,#3034),.PCURVE_S1.);
#3022 = CIRCLE('',#3023,0.85);
#3023 = AXIS2_PLACEMENT_3D('',#3024,#3025,#3026);
#3024 = CARTESIAN_POINT('',(-9.,26.5,18.));
#3025 = DIRECTION('',(-0.,1.,1.110223024625E-16));
#3026 = DIRECTION('',(1.,0.,0.));
#3027 = PCURVE('',#980,#3028);
#3028 = DEFINITIONAL_REPRESENTATION('',(#3029),#3033);
#3029 = LINE('',#3030,#3031);
#3030 = CARTESIAN_POINT('',(-0.,0.));
#3031 = VECTOR('',#3032,1.);
#3032 = DIRECTION('',(-1.,0.));
#3033 = ( GEOMETRIC_REPRESENTATION_CONTEXT(2) 
PARAMETRIC_REPRESENTATION_CONTEXT() REPRESENTATION_CONTEXT('2D SPACE',''
  ) );
#3034 = PCURVE('',#3035,#3040);
#3035 = PLANE('',#3036);
#3036 = AXIS2_PLACEMENT_3D('',#3037,#3038,#3039);
#3037 = CARTESIAN_POINT('',(-9.,26.5,18.));
#3038 = DIRECTION('',(0.,1.,1.110223024625E-16));
#3039 = DIRECTION('',(1.,0.,0.));
#3040 = DEFINITIONAL_REPRESENTATION('',(#3041),#3045);
#3041 = CIRCLE('',#3042,0.85);
#3042 = AXIS2_PLACEMENT_2D('',#3043,#3044);
#3043 = CARTESIAN_POINT('',(0.,0.));
#3044 = DIRECTION('',(1.,0.));
#3045 = ( GEOMETRIC_REPRESENTATION_CONTEXT(2) 
PARAMETRIC_REPRESENTATION_CONTEXT() REPRESENTATION_CONTEXT('2D SPACE',''
  ) );
#3046 = ORIENTED_EDGE('',*,*,#3047,.T.);
#3047 = EDGE_CURVE('',#3019,#960,#3048,.T.);
#3048 = SEAM_CURVE('',#3049,(#3053,#3060),.PCURVE_S1.);
#3049 = LINE('',#3050,#3051);
#3050 = CARTESIAN_POINT('',(-8.15,26.5,18.));
#3051 = VECTOR('',#3052,1.);
#3052 = DIRECTION('',(0.,1.,1.110223024625E-16));
#3053 = PCURVE('',#980,#3054);
#3054 = DEFINITIONAL_REPRESENTATION('',(#3055),#3059);
#3055 = LINE('',#3056,#3057);
#3056 = CARTESIAN_POINT('',(-6.28318530718,0.));
#3057 = VECTOR('',#3058,1.);
#3058 = DIRECTION('',(-0.,-1.));
#3059 = ( GEOMETRIC_REPRESENTATION_CONTEXT(2) 
PARAMETRIC_REPRESENTATION_CONTEXT() REPRESENTATION_CONTEXT('2D SPACE',''
  ) );
#3060 = PCURVE('',#980,#3061);
#3061 = DEFINITIONAL_REPRESENTATION('',(#3062),#3066);
#3062 = LINE('',#3063,#3064);
#3063 = CARTESIAN_POINT('',(-0.,0.));
#3064 = VECTOR('',#3065,1.);
#3065 = DIRECTION('',(-0.,-1.));
#3066 = ( GEOMETRIC_REPRESENTATION_CONTEXT(2) 
PARAMETRIC_REPRESENTATION_CONTEXT() REPRESENTATION_CONTEXT('2D SPACE',''
  ) );
#3067 = ORIENTED_EDGE('',*,*,#959,.F.);
#3068 = ORIENTED_EDGE('',*,*,#3047,.F.);
#3069 = ADVANCED_FACE('',(#3070),#1015,.F.);
#3070 = FACE_BOUND('',#3071,.T.);
#3071 = EDGE_LOOP('',(#3072,#3101,#3122,#3123));
#3072 = ORIENTED_EDGE('',*,*,#3073,.F.);
#3073 = EDGE_CURVE('',#3074,#3074,#3076,.T.);
#3074 = VERTEX_POINT('',#3075);
#3075 = CARTESIAN_POINT('',(9.85,26.5,18.));
#3076 = SURFACE_CURVE('',#3077,(#3082,#3089),.PCURVE_S1.);
#3077 = CIRCLE('',#3078,0.85);
#3078 = AXIS2_PLACEMENT_3D('',#3079,#3080,#3081);
#3079 = CARTESIAN_POINT('',(9.,26.5,18.));
#3080 = DIRECTION('',(-0.,1.,1.110223024625E-16));
#3081 = DIRECTION('',(1.,0.,0.));
#3082 = PCURVE('',#1015,#3083);
#3083 = DEFINITIONAL_REPRESENTATION('',(#3084),#3088);
#3084 = LINE('',#3085,#3086);
#3085 = CARTESIAN_POINT('',(-0.,0.));
#3086 = VECTOR('',#3087,1.);
#3087 = DIRECTION('',(-1.,0.));
#3088 = ( GEOMETRIC_REPRESENTATION_CONTEXT(2) 
PARAMETRIC_REPRESENTATION_CONTEXT() REPRESENTATION_CONTEXT('2D SPACE',''
  ) );
#3089 = PCURVE('',#3090,#3095);
#3090 = PLANE('',#3091);
#3091 = AXIS2_PLACEMENT_3D('',#3092,#3093,#3094);
#3092 = CARTESIAN_POINT('',(9.,26.5,18.));
#3093 = DIRECTION('',(0.,1.,1.110223024625E-16));
#3094 = DIRECTION('',(1.,0.,0.));
#3095 = DEFINITIONAL_REPRESENTATION('',(#3096),#3100);
#3096 = CIRCLE('',#3097,0.85);
#3097 = AXIS2_PLACEMENT_2D('',#3098,#3099);
#3098 = CARTESIAN_POINT('',(0.,0.));
#3099 = DIRECTION('',(1.,0.));
#3100 = ( GEOMETRIC_REPRESENTATION_CONTEXT(2) 
PARAMETRIC_REPRESENTATION_CONTEXT() REPRESENTATION_CONTEXT('2D SPACE',''
  ) );
#3101 = ORIENTED_EDGE('',*,*,#3102,.T.);
#3102 = EDGE_CURVE('',#3074,#995,#3103,.T.);
#3103 = SEAM_CURVE('',#3104,(#3108,#3115),.PCURVE_S1.);
#3104 = LINE('',#3105,#3106);
#3105 = CARTESIAN_POINT('',(9.85,26.5,18.));
#3106 = VECTOR('',#3107,1.);
#3107 = DIRECTION('',(0.,1.,1.110223024625E-16));
#3108 = PCURVE('',#1015,#3109);
#3109 = DEFINITIONAL_REPRESENTATION('',(#3110),#3114);
#3110 = LINE('',#3111,#3112);
#3111 = CARTESIAN_POINT('',(-6.28318530718,0.));
#3112 = VECTOR('',#3113,1.);
#3113 = DIRECTION('',(-0.,-1.));
#3114 = ( GEOMETRIC_REPRESENTATION_CONTEXT(2) 
PARAMETRIC_REPRESENTATION_CONTEXT() REPRESENTATION_CONTEXT('2D SPACE',''
  ) );
#3115 = PCURVE('',#1015,#3116);
#3116 = DEFINITIONAL_REPRESENTATION('',(#3117),#3121);
#3117 = LINE('',#3118,#3119);
#3118 = CARTESIAN_POINT('',(-0.,0.));
#3119 = VECTOR('',#3120,1.);
#3120 = DIRECTION('',(-0.,-1.));
#3121 = ( GEOMETRIC_REPRESENTATION_CONTEXT(2) 
PARAMETRIC_REPRESENTATION_CONTEXT() REPRESENTATION_CONTEXT('2D SPACE',''
  ) );
#3122 = ORIENTED_EDGE('',*,*,#994,.F.);
#3123 = ORIENTED_EDGE('',*,*,#3102,.F.);
#3124 = ADVANCED_FACE('',(#3125),#1420,.F.);
#3125 = FACE_BOUND('',#3126,.T.);
#3126 = EDGE_LOOP('',(#3127,#3128,#3150,#3151));
#3127 = ORIENTED_EDGE('',*,*,#2717,.F.);
#3128 = ORIENTED_EDGE('',*,*,#3129,.T.);
#3129 = EDGE_CURVE('',#2718,#2530,#3130,.T.);
#3130 = SURFACE_CURVE('',#3131,(#3136,#3143),.PCURVE_S1.);
#3131 = CIRCLE('',#3132,5.7);
#3132 = AXIS2_PLACEMENT_3D('',#3133,#3134,#3135);
#3133 = CARTESIAN_POINT('',(14.75,-22.5,13.5));
#3134 = DIRECTION('',(-0.,1.,1.110223024625E-16));
#3135 = DIRECTION('',(1.,0.,0.));
#3136 = PCURVE('',#1420,#3137);
#3137 = DEFINITIONAL_REPRESENTATION('',(#3138),#3142);
#3138 = LINE('',#3139,#3140);
#3139 = CARTESIAN_POINT('',(-0.,-12.));
#3140 = VECTOR('',#3141,1.);
#3141 = DIRECTION('',(-1.,0.));
#3142 = ( GEOMETRIC_REPRESENTATION_CONTEXT(2) 
PARAMETRIC_REPRESENTATION_CONTEXT() REPRESENTATION_CONTEXT('2D SPACE',''
  ) );
#3143 = PCURVE('',#2565,#3144);
#3144 = DEFINITIONAL_REPRESENTATION('',(#3145),#3149);
#3145 = CIRCLE('',#3146,5.7);
#3146 = AXIS2_PLACEMENT_2D('',#3147,#3148);
#3147 = CARTESIAN_POINT('',(0.,-1.7763568394E-15));
#3148 = DIRECTION('',(1.,0.));
#3149 = ( GEOMETRIC_REPRESENTATION_CONTEXT(2) 
PARAMETRIC_REPRESENTATION_CONTEXT() REPRESENTATION_CONTEXT('2D SPACE',''
  ) );
#3150 = ORIENTED_EDGE('',*,*,#2529,.T.);
#3151 = ORIENTED_EDGE('',*,*,#1399,.T.);
#3152 = ADVANCED_FACE('',(#3153),#1564,.F.);
#3153 = FACE_BOUND('',#3154,.T.);
#3154 = EDGE_LOOP('',(#3155,#3156,#3179,#3206));
#3155 = ORIENTED_EDGE('',*,*,#1543,.T.);
#3156 = ORIENTED_EDGE('',*,*,#3157,.T.);
#3157 = EDGE_CURVE('',#1544,#3158,#3160,.T.);
#3158 = VERTEX_POINT('',#3159);
#3159 = CARTESIAN_POINT('',(-8.15,-26.5,18.));
#3160 = SEAM_CURVE('',#3161,(#3165,#3172),.PCURVE_S1.);
#3161 = LINE('',#3162,#3163);
#3162 = CARTESIAN_POINT('',(-8.15,-34.5,18.));
#3163 = VECTOR('',#3164,1.);
#3164 = DIRECTION('',(0.,1.,1.110223024625E-16));
#3165 = PCURVE('',#1564,#3166);
#3166 = DEFINITIONAL_REPRESENTATION('',(#3167),#3171);
#3167 = LINE('',#3168,#3169);
#3168 = CARTESIAN_POINT('',(-6.28318530718,0.));
#3169 = VECTOR('',#3170,1.);
#3170 = DIRECTION('',(-0.,-1.));
#3171 = ( GEOMETRIC_REPRESENTATION_CONTEXT(2) 
PARAMETRIC_REPRESENTATION_CONTEXT() REPRESENTATION_CONTEXT('2D SPACE',''
  ) );
#3172 = PCURVE('',#1564,#3173);
#3173 = DEFINITIONAL_REPRESENTATION('',(#3174),#3178);
#3174 = LINE('',#3175,#3176);
#3175 = CARTESIAN_POINT('',(-0.,0.));
#3176 = VECTOR('',#3177,1.);
#3177 = DIRECTION('',(-0.,-1.));
#3178 = ( GEOMETRIC_REPRESENTATION_CONTEXT(2) 
PARAMETRIC_REPRESENTATION_CONTEXT() REPRESENTATION_CONTEXT('2D SPACE',''
  ) );
#3179 = ORIENTED_EDGE('',*,*,#3180,.T.);
#3180 = EDGE_CURVE('',#3158,#3158,#3181,.T.);
#3181 = SURFACE_CURVE('',#3182,(#3187,#3194),.PCURVE_S1.);
#3182 = CIRCLE('',#3183,0.85);
#3183 = AXIS2_PLACEMENT_3D('',#3184,#3185,#3186);
#3184 = CARTESIAN_POINT('',(-9.,-26.5,18.));
#3185 = DIRECTION('',(-0.,1.,1.110223024625E-16));
#3186 = DIRECTION('',(1.,0.,0.));
#3187 = PCURVE('',#1564,#3188);
#3188 = DEFINITIONAL_REPRESENTATION('',(#3189),#3193);
#3189 = LINE('',#3190,#3191);
#3190 = CARTESIAN_POINT('',(-0.,-8.));
#3191 = VECTOR('',#3192,1.);
#3192 = DIRECTION('',(-1.,0.));
#3193 = ( GEOMETRIC_REPRESENTATION_CONTEXT(2) 
PARAMETRIC_REPRESENTATION_CONTEXT() REPRESENTATION_CONTEXT('2D SPACE',''
  ) );
#3194 = PCURVE('',#3195,#3200);
#3195 = PLANE('',#3196);
#3196 = AXIS2_PLACEMENT_3D('',#3197,#3198,#3199);
#3197 = CARTESIAN_POINT('',(-9.,-26.5,18.));
#3198 = DIRECTION('',(0.,1.,1.110223024625E-16));
#3199 = DIRECTION('',(1.,0.,0.));
#3200 = DEFINITIONAL_REPRESENTATION('',(#3201),#3205);
#3201 = CIRCLE('',#3202,0.85);
#3202 = AXIS2_PLACEMENT_2D('',#3203,#3204);
#3203 = CARTESIAN_POINT('',(0.,0.));
#3204 = DIRECTION('',(1.,0.));
#3205 = ( GEOMETRIC_REPRESENTATION_CONTEXT(2) 
PARAMETRIC_REPRESENTATION_CONTEXT() REPRESENTATION_CONTEXT('2D SPACE',''
  ) );
#3206 = ORIENTED_EDGE('',*,*,#3157,.F.);
#3207 = ADVANCED_FACE('',(#3208),#1599,.F.);
#3208 = FACE_BOUND('',#3209,.T.);
#3209 = EDGE_LOOP('',(#3210,#3211,#3234,#3261));
#3210 = ORIENTED_EDGE('',*,*,#1578,.T.);
#3211 = ORIENTED_EDGE('',*,*,#3212,.T.);
#3212 = EDGE_CURVE('',#1579,#3213,#3215,.T.);
#3213 = VERTEX_POINT('',#3214);
#3214 = CARTESIAN_POINT('',(9.85,-26.5,18.));
#3215 = SEAM_CURVE('',#3216,(#3220,#3227),.PCURVE_S1.);
#3216 = LINE('',#3217,#3218);
#3217 = CARTESIAN_POINT('',(9.85,-34.5,18.));
#3218 = VECTOR('',#3219,1.);
#3219 = DIRECTION('',(0.,1.,1.110223024625E-16));
#3220 = PCURVE('',#1599,#3221);
#3221 = DEFINITIONAL_REPRESENTATION('',(#3222),#3226);
#3222 = LINE('',#3223,#3224);
#3223 = CARTESIAN_POINT('',(-6.28318530718,0.));
#3224 = VECTOR('',#3225,1.);
#3225 = DIRECTION('',(-0.,-1.));
#3226 = ( GEOMETRIC_REPRESENTATION_CONTEXT(2) 
PARAMETRIC_REPRESENTATION_CONTEXT() REPRESENTATION_CONTEXT('2D SPACE',''
  ) );
#3227 = PCURVE('',#1599,#3228);
#3228 = DEFINITIONAL_REPRESENTATION('',(#3229),#3233);
#3229 = LINE('',#3230,#3231);
#3230 = CARTESIAN_POINT('',(-0.,0.));
#3231 = VECTOR('',#3232,1.);
#3232 = DIRECTION('',(-0.,-1.));
#3233 = ( GEOMETRIC_REPRESENTATION_CONTEXT(2) 
PARAMETRIC_REPRESENTATION_CONTEXT() REPRESENTATION_CONTEXT('2D SPACE',''
  ) );
#3234 = ORIENTED_EDGE('',*,*,#3235,.T.);
#3235 = EDGE_CURVE('',#3213,#3213,#3236,.T.);
#3236 = SURFACE_CURVE('',#3237,(#3242,#3249),.PCURVE_S1.);
#3237 = CIRCLE('',#3238,0.85);
#3238 = AXIS2_PLACEMENT_3D('',#3239,#3240,#3241);
#3239 = CARTESIAN_POINT('',(9.,-26.5,18.));
#3240 = DIRECTION('',(-0.,1.,1.110223024625E-16));
#3241 = DIRECTION('',(1.,0.,0.));
#3242 = PCURVE('',#1599,#3243);
#3243 = DEFINITIONAL_REPRESENTATION('',(#3244),#3248);
#3244 = LINE('',#3245,#3246);
#3245 = CARTESIAN_POINT('',(-0.,-8.));
#3246 = VECTOR('',#3247,1.);
#3247 = DIRECTION('',(-1.,0.));
#3248 = ( GEOMETRIC_REPRESENTATION_CONTEXT(2) 
PARAMETRIC_REPRESENTATION_CONTEXT() REPRESENTATION_CONTEXT('2D SPACE',''
  ) );
#3249 = PCURVE('',#3250,#3255);
#3250 = PLANE('',#3251);
#3251 = AXIS2_PLACEMENT_3D('',#3252,#3253,#3254);
#3252 = CARTESIAN_POINT('',(9.,-26.5,18.));
#3253 = DIRECTION('',(0.,1.,1.110223024625E-16));
#3254 = DIRECTION('',(1.,0.,0.));
#3255 = DEFINITIONAL_REPRESENTATION('',(#3256),#3260);
#3256 = CIRCLE('',#3257,0.85);
#3257 = AXIS2_PLACEMENT_2D('',#3258,#3259);
#3258 = CARTESIAN_POINT('',(0.,0.));
#3259 = DIRECTION('',(1.,0.));
#3260 = ( GEOMETRIC_REPRESENTATION_CONTEXT(2) 
PARAMETRIC_REPRESENTATION_CONTEXT() REPRESENTATION_CONTEXT('2D SPACE',''
  ) );
#3261 = ORIENTED_EDGE('',*,*,#3212,.F.);
#3262 = ADVANCED_FACE('',(#3263),#1938,.F.);
#3263 = FACE_BOUND('',#3264,.T.);
#3264 = EDGE_LOOP('',(#3265,#3266,#3287,#3288,#3289,#3290));
#3265 = ORIENTED_EDGE('',*,*,#2840,.T.);
#3266 = ORIENTED_EDGE('',*,*,#3267,.T.);
#3267 = EDGE_CURVE('',#2841,#2413,#3268,.T.);
#3268 = SEAM_CURVE('',#3269,(#3273,#3280),.PCURVE_S1.);
#3269 = LINE('',#3270,#3271);
#3270 = CARTESIAN_POINT('',(10.4,20.,12.5));
#3271 = VECTOR('',#3272,1.);
#3272 = DIRECTION('',(0.,0.,1.));
#3273 = PCURVE('',#1938,#3274);
#3274 = DEFINITIONAL_REPRESENTATION('',(#3275),#3279);
#3275 = LINE('',#3276,#3277);
#3276 = CARTESIAN_POINT('',(-6.28318530718,0.));
#3277 = VECTOR('',#3278,1.);
#3278 = DIRECTION('',(-0.,-1.));
#3279 = ( GEOMETRIC_REPRESENTATION_CONTEXT(2) 
PARAMETRIC_REPRESENTATION_CONTEXT() REPRESENTATION_CONTEXT('2D SPACE',''
  ) );
#3280 = PCURVE('',#1938,#3281);
#3281 = DEFINITIONAL_REPRESENTATION('',(#3282),#3286);
#3282 = LINE('',#3283,#3284);
#3283 = CARTESIAN_POINT('',(-0.,0.));
#3284 = VECTOR('',#3285,1.);
#3285 = DIRECTION('',(-0.,-1.));
#3286 = ( GEOMETRIC_REPRESENTATION_CONTEXT(2) 
PARAMETRIC_REPRESENTATION_CONTEXT() REPRESENTATION_CONTEXT('2D SPACE',''
  ) );
#3287 = ORIENTED_EDGE('',*,*,#2468,.T.);
#3288 = ORIENTED_EDGE('',*,*,#1917,.F.);
#3289 = ORIENTED_EDGE('',*,*,#2412,.T.);
#3290 = ORIENTED_EDGE('',*,*,#3267,.F.);
#3291 = ADVANCED_FACE('',(#3292),#1882,.F.);
#3292 = FACE_BOUND('',#3293,.T.);
#3293 = EDGE_LOOP('',(#3294,#3295,#3316,#3317,#3318,#3319));
#3294 = ORIENTED_EDGE('',*,*,#2810,.T.);
#3295 = ORIENTED_EDGE('',*,*,#3296,.T.);
#3296 = EDGE_CURVE('',#2811,#2302,#3297,.T.);
#3297 = SEAM_CURVE('',#3298,(#3302,#3309),.PCURVE_S1.);
#3298 = LINE('',#3299,#3300);
#3299 = CARTESIAN_POINT('',(10.4,0.,12.5));
#3300 = VECTOR('',#3301,1.);
#3301 = DIRECTION('',(0.,0.,1.));
#3302 = PCURVE('',#1882,#3303);
#3303 = DEFINITIONAL_REPRESENTATION('',(#3304),#3308);
#3304 = LINE('',#3305,#3306);
#3305 = CARTESIAN_POINT('',(-6.28318530718,0.));
#3306 = VECTOR('',#3307,1.);
#3307 = DIRECTION('',(-0.,-1.));
#3308 = ( GEOMETRIC_REPRESENTATION_CONTEXT(2) 
PARAMETRIC_REPRESENTATION_CONTEXT() REPRESENTATION_CONTEXT('2D SPACE',''
  ) );
#3309 = PCURVE('',#1882,#3310);
#3310 = DEFINITIONAL_REPRESENTATION('',(#3311),#3315);
#3311 = LINE('',#3312,#3313);
#3312 = CARTESIAN_POINT('',(-0.,0.));
#3313 = VECTOR('',#3314,1.);
#3314 = DIRECTION('',(-0.,-1.));
#3315 = ( GEOMETRIC_REPRESENTATION_CONTEXT(2) 
PARAMETRIC_REPRESENTATION_CONTEXT() REPRESENTATION_CONTEXT('2D SPACE',''
  ) );
#3316 = ORIENTED_EDGE('',*,*,#2357,.T.);
#3317 = ORIENTED_EDGE('',*,*,#1861,.F.);
#3318 = ORIENTED_EDGE('',*,*,#2301,.T.);
#3319 = ORIENTED_EDGE('',*,*,#3296,.F.);
#3320 = ADVANCED_FACE('',(#3321),#1826,.F.);
#3321 = FACE_BOUND('',#3322,.T.);
#3322 = EDGE_LOOP('',(#3323,#3324,#3345,#3346,#3347,#3348));
#3323 = ORIENTED_EDGE('',*,*,#2780,.T.);
#3324 = ORIENTED_EDGE('',*,*,#3325,.T.);
#3325 = EDGE_CURVE('',#2781,#2191,#3326,.T.);
#3326 = SEAM_CURVE('',#3327,(#3331,#3338),.PCURVE_S1.);
#3327 = LINE('',#3328,#3329);
#3328 = CARTESIAN_POINT('',(10.4,-20.,12.5));
#3329 = VECTOR('',#3330,1.);
#3330 = DIRECTION('',(0.,0.,1.));
#3331 = PCURVE('',#1826,#3332);
#3332 = DEFINITIONAL_REPRESENTATION('',(#3333),#3337);
#3333 = LINE('',#3334,#3335);
#3334 = CARTESIAN_POINT('',(-6.28318530718,0.));
#3335 = VECTOR('',#3336,1.);
#3336 = DIRECTION('',(-0.,-1.));
#3337 = ( GEOMETRIC_REPRESENTATION_CONTEXT(2) 
PARAMETRIC_REPRESENTATION_CONTEXT() REPRESENTATION_CONTEXT('2D SPACE',''
  ) );
#3338 = PCURVE('',#1826,#3339);
#3339 = DEFINITIONAL_REPRESENTATION('',(#3340),#3344);
#3340 = LINE('',#3341,#3342);
#3341 = CARTESIAN_POINT('',(-0.,0.));
#3342 = VECTOR('',#3343,1.);
#3343 = DIRECTION('',(-0.,-1.));
#3344 = ( GEOMETRIC_REPRESENTATION_CONTEXT(2) 
PARAMETRIC_REPRESENTATION_CONTEXT() REPRESENTATION_CONTEXT('2D SPACE',''
  ) );
#3345 = ORIENTED_EDGE('',*,*,#2246,.T.);
#3346 = ORIENTED_EDGE('',*,*,#1805,.F.);
#3347 = ORIENTED_EDGE('',*,*,#2190,.T.);
#3348 = ORIENTED_EDGE('',*,*,#3325,.F.);
#3349 = ADVANCED_FACE('',(#3350),#1990,.T.);
#3350 = FACE_BOUND('',#3351,.T.);
#3351 = EDGE_LOOP('',(#3352,#3373,#3374,#3395));
#3352 = ORIENTED_EDGE('',*,*,#3353,.F.);
#3353 = EDGE_CURVE('',#2925,#1974,#3354,.T.);
#3354 = SURFACE_CURVE('',#3355,(#3359,#3366),.PCURVE_S1.);
#3355 = LINE('',#3356,#3357);
#3356 = CARTESIAN_POINT('',(6.,-4.3,19.69));
#3357 = VECTOR('',#3358,1.);
#3358 = DIRECTION('',(0.,0.,1.));
#3359 = PCURVE('',#1990,#3360);
#3360 = DEFINITIONAL_REPRESENTATION('',(#3361),#3365);
#3361 = LINE('',#3362,#3363);
#3362 = CARTESIAN_POINT('',(0.,12.));
#3363 = VECTOR('',#3364,1.);
#3364 = DIRECTION('',(1.,0.));
#3365 = ( GEOMETRIC_REPRESENTATION_CONTEXT(2) 
PARAMETRIC_REPRESENTATION_CONTEXT() REPRESENTATION_CONTEXT('2D SPACE',''
  ) );
#3366 = PCURVE('',#2066,#3367);
#3367 = DEFINITIONAL_REPRESENTATION('',(#3368),#3372);
#3368 = LINE('',#3369,#3370);
#3369 = CARTESIAN_POINT('',(0.,0.));
#3370 = VECTOR('',#3371,1.);
#3371 = DIRECTION('',(1.,0.));
#3372 = ( GEOMETRIC_REPRESENTATION_CONTEXT(2) 
PARAMETRIC_REPRESENTATION_CONTEXT() REPRESENTATION_CONTEXT('2D SPACE',''
  ) );
#3373 = ORIENTED_EDGE('',*,*,#2924,.T.);
#3374 = ORIENTED_EDGE('',*,*,#3375,.T.);
#3375 = EDGE_CURVE('',#2927,#1976,#3376,.T.);
#3376 = SURFACE_CURVE('',#3377,(#3381,#3388),.PCURVE_S1.);
#3377 = LINE('',#3378,#3379);
#3378 = CARTESIAN_POINT('',(-6.,-4.3,19.69));
#3379 = VECTOR('',#3380,1.);
#3380 = DIRECTION('',(0.,0.,1.));
#3381 = PCURVE('',#1990,#3382);
#3382 = DEFINITIONAL_REPRESENTATION('',(#3383),#3387);
#3383 = LINE('',#3384,#3385);
#3384 = CARTESIAN_POINT('',(0.,0.));
#3385 = VECTOR('',#3386,1.);
#3386 = DIRECTION('',(1.,0.));
#3387 = ( GEOMETRIC_REPRESENTATION_CONTEXT(2) 
PARAMETRIC_REPRESENTATION_CONTEXT() REPRESENTATION_CONTEXT('2D SPACE',''
  ) );
#3388 = PCURVE('',#2016,#3389);
#3389 = DEFINITIONAL_REPRESENTATION('',(#3390),#3394);
#3390 = LINE('',#3391,#3392);
#3391 = CARTESIAN_POINT('',(0.,0.));
#3392 = VECTOR('',#3393,1.);
#3393 = DIRECTION('',(1.,0.));
#3394 = ( GEOMETRIC_REPRESENTATION_CONTEXT(2) 
PARAMETRIC_REPRESENTATION_CONTEXT() REPRESENTATION_CONTEXT('2D SPACE',''
  ) );
#3395 = ORIENTED_EDGE('',*,*,#1973,.F.);
#3396 = ADVANCED_FACE('',(#3397),#2066,.F.);
#3397 = FACE_BOUND('',#3398,.F.);
#3398 = EDGE_LOOP('',(#3399,#3400,#3401,#3422));
#3399 = ORIENTED_EDGE('',*,*,#3353,.F.);
#3400 = ORIENTED_EDGE('',*,*,#2989,.T.);
#3401 = ORIENTED_EDGE('',*,*,#3402,.T.);
#3402 = EDGE_CURVE('',#2969,#2028,#3403,.T.);
#3403 = SURFACE_CURVE('',#3404,(#3408,#3415),.PCURVE_S1.);
#3404 = LINE('',#3405,#3406);
#3405 = CARTESIAN_POINT('',(6.,4.3,19.69));
#3406 = VECTOR('',#3407,1.);
#3407 = DIRECTION('',(0.,0.,1.));
#3408 = PCURVE('',#2066,#3409);
#3409 = DEFINITIONAL_REPRESENTATION('',(#3410),#3414);
#3410 = LINE('',#3411,#3412);
#3411 = CARTESIAN_POINT('',(0.,-8.6));
#3412 = VECTOR('',#3413,1.);
#3413 = DIRECTION('',(1.,0.));
#3414 = ( GEOMETRIC_REPRESENTATION_CONTEXT(2) 
PARAMETRIC_REPRESENTATION_CONTEXT() REPRESENTATION_CONTEXT('2D SPACE',''
  ) );
#3415 = PCURVE('',#2042,#3416);
#3416 = DEFINITIONAL_REPRESENTATION('',(#3417),#3421);
#3417 = LINE('',#3418,#3419);
#3418 = CARTESIAN_POINT('',(0.,12.));
#3419 = VECTOR('',#3420,1.);
#3420 = DIRECTION('',(1.,0.));
#3421 = ( GEOMETRIC_REPRESENTATION_CONTEXT(2) 
PARAMETRIC_REPRESENTATION_CONTEXT() REPRESENTATION_CONTEXT('2D SPACE',''
  ) );
#3422 = ORIENTED_EDGE('',*,*,#2053,.F.);
#3423 = ADVANCED_FACE('',(#3424),#2016,.T.);
#3424 = FACE_BOUND('',#3425,.T.);
#3425 = EDGE_LOOP('',(#3426,#3427,#3428,#3449));
#3426 = ORIENTED_EDGE('',*,*,#3375,.F.);
#3427 = ORIENTED_EDGE('',*,*,#2947,.T.);
#3428 = ORIENTED_EDGE('',*,*,#3429,.T.);
#3429 = EDGE_CURVE('',#2948,#2002,#3430,.T.);
#3430 = SURFACE_CURVE('',#3431,(#3435,#3442),.PCURVE_S1.);
#3431 = LINE('',#3432,#3433);
#3432 = CARTESIAN_POINT('',(-6.,4.3,19.69));
#3433 = VECTOR('',#3434,1.);
#3434 = DIRECTION('',(0.,0.,1.));
#3435 = PCURVE('',#2016,#3436);
#3436 = DEFINITIONAL_REPRESENTATION('',(#3437),#3441);
#3437 = LINE('',#3438,#3439);
#3438 = CARTESIAN_POINT('',(0.,-8.6));
#3439 = VECTOR('',#3440,1.);
#3440 = DIRECTION('',(1.,0.));
#3441 = ( GEOMETRIC_REPRESENTATION_CONTEXT(2) 
PARAMETRIC_REPRESENTATION_CONTEXT() REPRESENTATION_CONTEXT('2D SPACE',''
  ) );
#3442 = PCURVE('',#2042,#3443);
#3443 = DEFINITIONAL_REPRESENTATION('',(#3444),#3448);
#3444 = LINE('',#3445,#3446);
#3445 = CARTESIAN_POINT('',(0.,0.));
#3446 = VECTOR('',#3447,1.);
#3447 = DIRECTION('',(1.,0.));
#3448 = ( GEOMETRIC_REPRESENTATION_CONTEXT(2) 
PARAMETRIC_REPRESENTATION_CONTEXT() REPRESENTATION_CONTEXT('2D SPACE',''
  ) );
#3449 = ORIENTED_EDGE('',*,*,#2001,.F.);
#3450 = ADVANCED_FACE('',(#3451),#2042,.F.);
#3451 = FACE_BOUND('',#3452,.F.);
#3452 = EDGE_LOOP('',(#3453,#3454,#3455,#3456));
#3453 = ORIENTED_EDGE('',*,*,#3402,.F.);
#3454 = ORIENTED_EDGE('',*,*,#2968,.T.);
#3455 = ORIENTED_EDGE('',*,*,#3429,.T.);
#3456 = ORIENTED_EDGE('',*,*,#2027,.F.);
#3457 = ADVANCED_FACE('',(#3458),#2614,.T.);
#3458 = FACE_BOUND('',#3459,.T.);
#3459 = EDGE_LOOP('',(#3460,#3461,#3462));
#3460 = ORIENTED_EDGE('',*,*,#2758,.T.);
#3461 = ORIENTED_EDGE('',*,*,#2648,.T.);
#3462 = ORIENTED_EDGE('',*,*,#2599,.F.);
#3463 = ADVANCED_FACE('',(#3464),#2565,.F.);
#3464 = FACE_BOUND('',#3465,.F.);
#3465 = EDGE_LOOP('',(#3466,#3467,#3468));
#3466 = ORIENTED_EDGE('',*,*,#2738,.T.);
#3467 = ORIENTED_EDGE('',*,*,#3129,.T.);
#3468 = ORIENTED_EDGE('',*,*,#2550,.F.);
#3469 = ADVANCED_FACE('',(#3470),#3035,.T.);
#3470 = FACE_BOUND('',#3471,.T.);
#3471 = EDGE_LOOP('',(#3472));
#3472 = ORIENTED_EDGE('',*,*,#3018,.T.);
#3473 = ADVANCED_FACE('',(#3474),#3090,.T.);
#3474 = FACE_BOUND('',#3475,.T.);
#3475 = EDGE_LOOP('',(#3476));
#3476 = ORIENTED_EDGE('',*,*,#3073,.T.);
#3477 = ADVANCED_FACE('',(#3478),#3195,.F.);
#3478 = FACE_BOUND('',#3479,.F.);
#3479 = EDGE_LOOP('',(#3480));
#3480 = ORIENTED_EDGE('',*,*,#3180,.T.);
#3481 = ADVANCED_FACE('',(#3482),#3250,.F.);
#3482 = FACE_BOUND('',#3483,.F.);
#3483 = EDGE_LOOP('',(#3484));
#3484 = ORIENTED_EDGE('',*,*,#3235,.T.);
#3485 = ( GEOMETRIC_REPRESENTATION_CONTEXT(3) 
GLOBAL_UNCERTAINTY_ASSIGNED_CONTEXT((#3489)) 
GLOBAL_UNIT_ASSIGNED_CONTEXT((#3486,#3487,#3488)) REPRESENTATION_CONTEXT
('Context #1','3D Context with UNIT and UNCERTAINTY') );
#3486 = ( LENGTH_UNIT() NAMED_UNIT(*) SI_UNIT(.MILLI.,.METRE.) );
#3487 = ( NAMED_UNIT(*) PLANE_ANGLE_UNIT() SI_UNIT($,.RADIAN.) );
#3488 = ( NAMED_UNIT(*) SI_UNIT($,.STERADIAN.) SOLID_ANGLE_UNIT() );
#3489 = UNCERTAINTY_MEASURE_WITH_UNIT(LENGTH_MEASURE(1.E-07),#3486,
  'distance_accuracy_value','confusion accuracy');
#3490 = PRODUCT_RELATED_PRODUCT_CATEGORY('part',$,(#7));
ENDSEC;
END-ISO-10303-21;
