ISO-10303-21;
HEADER;
FILE_DESCRIPTION(('Open CASCADE Model'),'2;1');
FILE_NAME('Open CASCADE Shape Model','2026-08-12T14:55:22',('Author'),(
    'Open CASCADE'),'Open CASCADE STEP processor 7.9','Open CASCADE 7.9'
  ,'Unknown');
FILE_SCHEMA(('AUTOMOTIVE_DESIGN { 1 0 10303 214 1 1 1 1 }'));
ENDSEC;
DATA;
#1 = APPLICATION_PROTOCOL_DEFINITION('international standard',
  'automotive_design',2000,#2);
#2 = APPLICATION_CONTEXT(
  'core data for automotive mechanical design processes');
#3 = SHAPE_DEFINITION_REPRESENTATION(#4,#10);
#4 = PRODUCT_DEFINITION_SHAPE('','',#5);
#5 = PRODUCT_DEFINITION('design','',#6,#9);
#6 = PRODUCT_DEFINITION_FORMATION('','',#7);
#7 = PRODUCT('Open CASCADE STEP translator 7.9 1',
  'Open CASCADE STEP translator 7.9 1','',(#8));
#8 = PRODUCT_CONTEXT('',#2,'mechanical');
#9 = PRODUCT_DEFINITION_CONTEXT('part definition',#2,'design');
#10 = ADVANCED_BREP_SHAPE_REPRESENTATION('',(#11,#15),#3081);
#11 = AXIS2_PLACEMENT_3D('',#12,#13,#14);
#12 = CARTESIAN_POINT('',(0.,0.,0.));
#13 = DIRECTION('',(0.,0.,1.));
#14 = DIRECTION('',(1.,0.,-0.));
#15 = MANIFOLD_SOLID_BREP('',#16);
#16 = CLOSED_SHELL('',(#17,#104,#159,#198,#1171,#2177,#2212,#2239,#2266,
    #2293,#2320,#2347,#2374,#2623,#2678,#2732,#2786,#2840,#2894,#2948,
    #3002,#3056));
#17 = ADVANCED_FACE('',(#18),#32,.T.);
#18 = FACE_BOUND('',#19,.F.);
#19 = EDGE_LOOP('',(#20,#50,#77,#78));
#20 = ORIENTED_EDGE('',*,*,#21,.T.);
#21 = EDGE_CURVE('',#22,#24,#26,.T.);
#22 = VERTEX_POINT('',#23);
#23 = CARTESIAN_POINT('',(13.26,-1.623881651258E-15,17.56));
#24 = VERTEX_POINT('',#25);
#25 = CARTESIAN_POINT('',(13.26,0.,19.06));
#26 = SEAM_CURVE('',#27,(#31,#43),.PCURVE_S1.);
#27 = LINE('',#28,#29);
#28 = CARTESIAN_POINT('',(13.26,0.,17.56));
#29 = VECTOR('',#30,1.);
#30 = DIRECTION('',(0.,0.,1.));
#31 = PCURVE('',#32,#37);
#32 = CYLINDRICAL_SURFACE('',#33,13.26);
#33 = AXIS2_PLACEMENT_3D('',#34,#35,#36);
#34 = CARTESIAN_POINT('',(0.,0.,17.56));
#35 = DIRECTION('',(-0.,-0.,-1.));
#36 = DIRECTION('',(1.,0.,0.));
#37 = DEFINITIONAL_REPRESENTATION('',(#38),#42);
#38 = LINE('',#39,#40);
#39 = CARTESIAN_POINT('',(-0.,0.));
#40 = VECTOR('',#41,1.);
#41 = DIRECTION('',(-0.,-1.));
#42 = ( GEOMETRIC_REPRESENTATION_CONTEXT(2) 
PARAMETRIC_REPRESENTATION_CONTEXT() REPRESENTATION_CONTEXT('2D SPACE',''
  ) );
#43 = PCURVE('',#32,#44);
#44 = DEFINITIONAL_REPRESENTATION('',(#45),#49);
#45 = LINE('',#46,#47);
#46 = CARTESIAN_POINT('',(-6.28318530718,0.));
#47 = VECTOR('',#48,1.);
#48 = DIRECTION('',(-0.,-1.));
#49 = ( GEOMETRIC_REPRESENTATION_CONTEXT(2) 
PARAMETRIC_REPRESENTATION_CONTEXT() REPRESENTATION_CONTEXT('2D SPACE',''
  ) );
#50 = ORIENTED_EDGE('',*,*,#51,.T.);
#51 = EDGE_CURVE('',#24,#24,#52,.T.);
#52 = SURFACE_CURVE('',#53,(#58,#65),.PCURVE_S1.);
#53 = CIRCLE('',#54,13.26);
#54 = AXIS2_PLACEMENT_3D('',#55,#56,#57);
#55 = CARTESIAN_POINT('',(0.,0.,19.06));
#56 = DIRECTION('',(0.,0.,1.));
#57 = DIRECTION('',(1.,0.,0.));
#58 = PCURVE('',#32,#59);
#59 = DEFINITIONAL_REPRESENTATION('',(#60),#64);
#60 = LINE('',#61,#62);
#61 = CARTESIAN_POINT('',(-0.,-1.5));
#62 = VECTOR('',#63,1.);
#63 = DIRECTION('',(-1.,0.));
#64 = ( GEOMETRIC_REPRESENTATION_CONTEXT(2) 
PARAMETRIC_REPRESENTATION_CONTEXT() REPRESENTATION_CONTEXT('2D SPACE',''
  ) );
#65 = PCURVE('',#66,#71);
#66 = PLANE('',#67);
#67 = AXIS2_PLACEMENT_3D('',#68,#69,#70);
#68 = CARTESIAN_POINT('',(-8.250015882591E-16,2.837077030359E-16,19.06)
  );
#69 = DIRECTION('',(0.,0.,1.));
#70 = DIRECTION('',(1.,0.,-0.));
#71 = DEFINITIONAL_REPRESENTATION('',(#72),#76);
#72 = CIRCLE('',#73,13.26);
#73 = AXIS2_PLACEMENT_2D('',#74,#75);
#74 = CARTESIAN_POINT('',(8.250015882591E-16,-2.837077030359E-16));
#75 = DIRECTION('',(1.,0.));
#76 = ( GEOMETRIC_REPRESENTATION_CONTEXT(2) 
PARAMETRIC_REPRESENTATION_CONTEXT() REPRESENTATION_CONTEXT('2D SPACE',''
  ) );
#77 = ORIENTED_EDGE('',*,*,#21,.F.);
#78 = ORIENTED_EDGE('',*,*,#79,.F.);
#79 = EDGE_CURVE('',#22,#22,#80,.T.);
#80 = SURFACE_CURVE('',#81,(#86,#93),.PCURVE_S1.);
#81 = CIRCLE('',#82,13.26);
#82 = AXIS2_PLACEMENT_3D('',#83,#84,#85);
#83 = CARTESIAN_POINT('',(0.,0.,17.56));
#84 = DIRECTION('',(0.,0.,1.));
#85 = DIRECTION('',(1.,0.,0.));
#86 = PCURVE('',#32,#87);
#87 = DEFINITIONAL_REPRESENTATION('',(#88),#92);
#88 = LINE('',#89,#90);
#89 = CARTESIAN_POINT('',(-0.,0.));
#90 = VECTOR('',#91,1.);
#91 = DIRECTION('',(-1.,0.));
#92 = ( GEOMETRIC_REPRESENTATION_CONTEXT(2) 
PARAMETRIC_REPRESENTATION_CONTEXT() REPRESENTATION_CONTEXT('2D SPACE',''
  ) );
#93 = PCURVE('',#94,#99);
#94 = CONICAL_SURFACE('',#95,11.655,0.785398163397);
#95 = AXIS2_PLACEMENT_3D('',#96,#97,#98);
#96 = CARTESIAN_POINT('',(0.,0.,15.955));
#97 = DIRECTION('',(0.,0.,1.));
#98 = DIRECTION('',(1.,0.,-0.));
#99 = DEFINITIONAL_REPRESENTATION('',(#100),#103);
#100 = B_SPLINE_CURVE_WITH_KNOTS('',1,(#101,#102),.UNSPECIFIED.,.F.,.F.,
  (2,2),(0.,6.28318530718),.PIECEWISE_BEZIER_KNOTS.);
#101 = CARTESIAN_POINT('',(0.,1.605));
#102 = CARTESIAN_POINT('',(6.28318530718,1.605));
#103 = ( GEOMETRIC_REPRESENTATION_CONTEXT(2) 
PARAMETRIC_REPRESENTATION_CONTEXT() REPRESENTATION_CONTEXT('2D SPACE',''
  ) );
#104 = ADVANCED_FACE('',(#105),#94,.T.);
#105 = FACE_BOUND('',#106,.T.);
#106 = EDGE_LOOP('',(#107,#108,#131,#158));
#107 = ORIENTED_EDGE('',*,*,#79,.F.);
#108 = ORIENTED_EDGE('',*,*,#109,.F.);
#109 = EDGE_CURVE('',#110,#22,#112,.T.);
#110 = VERTEX_POINT('',#111);
#111 = CARTESIAN_POINT('',(11.655,-2.854651688812E-15,15.955));
#112 = SEAM_CURVE('',#113,(#117,#124),.PCURVE_S1.);
#113 = LINE('',#114,#115);
#114 = CARTESIAN_POINT('',(11.655,-2.854651688812E-15,15.955));
#115 = VECTOR('',#116,1.);
#116 = DIRECTION('',(0.707106781187,-1.731912112471E-16,0.707106781187)
  );
#117 = PCURVE('',#94,#118);
#118 = DEFINITIONAL_REPRESENTATION('',(#119),#123);
#119 = LINE('',#120,#121);
#120 = CARTESIAN_POINT('',(6.28318530718,-0.));
#121 = VECTOR('',#122,1.);
#122 = DIRECTION('',(0.,1.));
#123 = ( GEOMETRIC_REPRESENTATION_CONTEXT(2) 
PARAMETRIC_REPRESENTATION_CONTEXT() REPRESENTATION_CONTEXT('2D SPACE',''
  ) );
#124 = PCURVE('',#94,#125);
#125 = DEFINITIONAL_REPRESENTATION('',(#126),#130);
#126 = LINE('',#127,#128);
#127 = CARTESIAN_POINT('',(0.,-0.));
#128 = VECTOR('',#129,1.);
#129 = DIRECTION('',(0.,1.));
#130 = ( GEOMETRIC_REPRESENTATION_CONTEXT(2) 
PARAMETRIC_REPRESENTATION_CONTEXT() REPRESENTATION_CONTEXT('2D SPACE',''
  ) );
#131 = ORIENTED_EDGE('',*,*,#132,.T.);
#132 = EDGE_CURVE('',#110,#110,#133,.T.);
#133 = SURFACE_CURVE('',#134,(#139,#146),.PCURVE_S1.);
#134 = CIRCLE('',#135,11.655);
#135 = AXIS2_PLACEMENT_3D('',#136,#137,#138);
#136 = CARTESIAN_POINT('',(0.,0.,15.955));
#137 = DIRECTION('',(0.,0.,1.));
#138 = DIRECTION('',(1.,0.,-0.));
#139 = PCURVE('',#94,#140);
#140 = DEFINITIONAL_REPRESENTATION('',(#141),#145);
#141 = LINE('',#142,#143);
#142 = CARTESIAN_POINT('',(0.,0.));
#143 = VECTOR('',#144,1.);
#144 = DIRECTION('',(1.,0.));
#145 = ( GEOMETRIC_REPRESENTATION_CONTEXT(2) 
PARAMETRIC_REPRESENTATION_CONTEXT() REPRESENTATION_CONTEXT('2D SPACE',''
  ) );
#146 = PCURVE('',#147,#152);
#147 = CYLINDRICAL_SURFACE('',#148,11.655);
#148 = AXIS2_PLACEMENT_3D('',#149,#150,#151);
#149 = CARTESIAN_POINT('',(0.,0.,1.5));
#150 = DIRECTION('',(-0.,-0.,-1.));
#151 = DIRECTION('',(1.,0.,0.));
#152 = DEFINITIONAL_REPRESENTATION('',(#153),#157);
#153 = LINE('',#154,#155);
#154 = CARTESIAN_POINT('',(-0.,-14.455));
#155 = VECTOR('',#156,1.);
#156 = DIRECTION('',(-1.,0.));
#157 = ( GEOMETRIC_REPRESENTATION_CONTEXT(2) 
PARAMETRIC_REPRESENTATION_CONTEXT() REPRESENTATION_CONTEXT('2D SPACE',''
  ) );
#158 = ORIENTED_EDGE('',*,*,#109,.T.);
#159 = ADVANCED_FACE('',(#160,#163),#66,.T.);
#160 = FACE_BOUND('',#161,.T.);
#161 = EDGE_LOOP('',(#162));
#162 = ORIENTED_EDGE('',*,*,#51,.T.);
#163 = FACE_BOUND('',#164,.T.);
#164 = EDGE_LOOP('',(#165));
#165 = ORIENTED_EDGE('',*,*,#166,.T.);
#166 = EDGE_CURVE('',#167,#167,#169,.T.);
#167 = VERTEX_POINT('',#168);
#168 = CARTESIAN_POINT('',(10.155,0.,19.06));
#169 = SURFACE_CURVE('',#170,(#175,#186),.PCURVE_S1.);
#170 = CIRCLE('',#171,10.155);
#171 = AXIS2_PLACEMENT_3D('',#172,#173,#174);
#172 = CARTESIAN_POINT('',(0.,0.,19.06));
#173 = DIRECTION('',(0.,0.,-1.));
#174 = DIRECTION('',(1.,0.,0.));
#175 = PCURVE('',#66,#176);
#176 = DEFINITIONAL_REPRESENTATION('',(#177),#185);
#177 = ( BOUNDED_CURVE() B_SPLINE_CURVE(2,(#178,#179,#180,#181,#182,#183
,#184),.UNSPECIFIED.,.T.,.F.) B_SPLINE_CURVE_WITH_KNOTS((1,2,2,2,2,1),(
    -2.094395102393,0.,2.094395102393,4.188790204786,6.28318530718,
8.377580409573),.UNSPECIFIED.) CURVE() GEOMETRIC_REPRESENTATION_ITEM() 
RATIONAL_B_SPLINE_CURVE((1.,0.5,1.,0.5,1.,0.5,1.)) REPRESENTATION_ITEM(
  '') );
#178 = CARTESIAN_POINT('',(10.155,-2.837077030359E-16));
#179 = CARTESIAN_POINT('',(10.155,-17.58897595086));
#180 = CARTESIAN_POINT('',(-5.0775,-8.794487975431));
#181 = CARTESIAN_POINT('',(-20.31,-2.770965352104E-15));
#182 = CARTESIAN_POINT('',(-5.0775,8.794487975431));
#183 = CARTESIAN_POINT('',(10.155,17.588975950862));
#184 = CARTESIAN_POINT('',(10.155,-2.837077030359E-16));
#185 = ( GEOMETRIC_REPRESENTATION_CONTEXT(2) 
PARAMETRIC_REPRESENTATION_CONTEXT() REPRESENTATION_CONTEXT('2D SPACE',''
  ) );
#186 = PCURVE('',#187,#192);
#187 = CYLINDRICAL_SURFACE('',#188,10.155);
#188 = AXIS2_PLACEMENT_3D('',#189,#190,#191);
#189 = CARTESIAN_POINT('',(0.,0.,4.5));
#190 = DIRECTION('',(-0.,-0.,-1.));
#191 = DIRECTION('',(1.,0.,0.));
#192 = DEFINITIONAL_REPRESENTATION('',(#193),#197);
#193 = LINE('',#194,#195);
#194 = CARTESIAN_POINT('',(-6.28318530718,-14.56));
#195 = VECTOR('',#196,1.);
#196 = DIRECTION('',(1.,-0.));
#197 = ( GEOMETRIC_REPRESENTATION_CONTEXT(2) 
PARAMETRIC_REPRESENTATION_CONTEXT() REPRESENTATION_CONTEXT('2D SPACE',''
  ) );
#198 = ADVANCED_FACE('',(#199,#253,#406,#559,#712,#865,#1018),#147,.T.);
#199 = FACE_BOUND('',#200,.F.);
#200 = EDGE_LOOP('',(#201,#230,#251,#252));
#201 = ORIENTED_EDGE('',*,*,#202,.F.);
#202 = EDGE_CURVE('',#203,#203,#205,.T.);
#203 = VERTEX_POINT('',#204);
#204 = CARTESIAN_POINT('',(11.655,0.,1.5));
#205 = SURFACE_CURVE('',#206,(#211,#218),.PCURVE_S1.);
#206 = CIRCLE('',#207,11.655);
#207 = AXIS2_PLACEMENT_3D('',#208,#209,#210);
#208 = CARTESIAN_POINT('',(0.,0.,1.5));
#209 = DIRECTION('',(0.,0.,1.));
#210 = DIRECTION('',(1.,0.,0.));
#211 = PCURVE('',#147,#212);
#212 = DEFINITIONAL_REPRESENTATION('',(#213),#217);
#213 = LINE('',#214,#215);
#214 = CARTESIAN_POINT('',(-0.,0.));
#215 = VECTOR('',#216,1.);
#216 = DIRECTION('',(-1.,0.));
#217 = ( GEOMETRIC_REPRESENTATION_CONTEXT(2) 
PARAMETRIC_REPRESENTATION_CONTEXT() REPRESENTATION_CONTEXT('2D SPACE',''
  ) );
#218 = PCURVE('',#219,#224);
#219 = PLANE('',#220);
#220 = AXIS2_PLACEMENT_3D('',#221,#222,#223);
#221 = CARTESIAN_POINT('',(-8.250015882591E-16,2.837077030359E-16,1.5));
#222 = DIRECTION('',(0.,0.,1.));
#223 = DIRECTION('',(1.,0.,-0.));
#224 = DEFINITIONAL_REPRESENTATION('',(#225),#229);
#225 = CIRCLE('',#226,11.655);
#226 = AXIS2_PLACEMENT_2D('',#227,#228);
#227 = CARTESIAN_POINT('',(8.250015882591E-16,-2.837077030359E-16));
#228 = DIRECTION('',(1.,0.));
#229 = ( GEOMETRIC_REPRESENTATION_CONTEXT(2) 
PARAMETRIC_REPRESENTATION_CONTEXT() REPRESENTATION_CONTEXT('2D SPACE',''
  ) );
#230 = ORIENTED_EDGE('',*,*,#231,.T.);
#231 = EDGE_CURVE('',#203,#110,#232,.T.);
#232 = SEAM_CURVE('',#233,(#237,#244),.PCURVE_S1.);
#233 = LINE('',#234,#235);
#234 = CARTESIAN_POINT('',(11.655,0.,1.5));
#235 = VECTOR('',#236,1.);
#236 = DIRECTION('',(0.,0.,1.));
#237 = PCURVE('',#147,#238);
#238 = DEFINITIONAL_REPRESENTATION('',(#239),#243);
#239 = LINE('',#240,#241);
#240 = CARTESIAN_POINT('',(-6.28318530718,0.));
#241 = VECTOR('',#242,1.);
#242 = DIRECTION('',(-0.,-1.));
#243 = ( GEOMETRIC_REPRESENTATION_CONTEXT(2) 
PARAMETRIC_REPRESENTATION_CONTEXT() REPRESENTATION_CONTEXT('2D SPACE',''
  ) );
#244 = PCURVE('',#147,#245);
#245 = DEFINITIONAL_REPRESENTATION('',(#246),#250);
#246 = LINE('',#247,#248);
#247 = CARTESIAN_POINT('',(-0.,0.));
#248 = VECTOR('',#249,1.);
#249 = DIRECTION('',(-0.,-1.));
#250 = ( GEOMETRIC_REPRESENTATION_CONTEXT(2) 
PARAMETRIC_REPRESENTATION_CONTEXT() REPRESENTATION_CONTEXT('2D SPACE',''
  ) );
#251 = ORIENTED_EDGE('',*,*,#132,.T.);
#252 = ORIENTED_EDGE('',*,*,#231,.F.);
#253 = FACE_BOUND('',#254,.F.);
#254 = EDGE_LOOP('',(#255));
#255 = ORIENTED_EDGE('',*,*,#256,.F.);
#256 = EDGE_CURVE('',#257,#257,#259,.T.);
#257 = VERTEX_POINT('',#258);
#258 = CARTESIAN_POINT('',(10.598470965774,4.848859472871,
    12.206666666667));
#259 = SURFACE_CURVE('',#260,(#305,#353),.PCURVE_S1.);
#260 = B_SPLINE_CURVE_WITH_KNOTS('',7,(#261,#262,#263,#264,#265,#266,
    #267,#268,#269,#270,#271,#272,#273,#274,#275,#276,#277,#278,#279,
    #280,#281,#282,#283,#284,#285,#286,#287,#288,#289,#290,#291,#292,
    #293,#294,#295,#296,#297,#298,#299,#300,#301,#302,#303,#304),
  .UNSPECIFIED.,.T.,.F.,(8,6,6,6,6,6,6,8),(0.,0.150174258524,
    0.287196611947,0.424756261895,0.587382328606,0.714003493342,
    0.840836319502,1.),.UNSPECIFIED.);
#261 = CARTESIAN_POINT('',(10.598470965774,4.848859472871,
    12.206666666667));
#262 = CARTESIAN_POINT('',(10.598470965774,4.848859472871,
    12.339305352451));
#263 = CARTESIAN_POINT('',(10.590673357394,4.865903075327,
    12.472063760578));
#264 = CARTESIAN_POINT('',(10.575052373334,4.900047624526,
    12.602881535699));
#265 = CARTESIAN_POINT('',(10.551312412057,4.951479308916,
    12.729523734811));
#266 = CARTESIAN_POINT('',(10.518968246058,5.020345286389,
    12.849339887467));
#267 = CARTESIAN_POINT('',(10.477349763524,5.106608738515,
    12.959048965022));
#268 = CARTESIAN_POINT('',(10.37881697877,5.303795226662,13.141077665254
    ));
#269 = CARTESIAN_POINT('',(10.322514478488,5.413991398393,
    13.217764700169));
#270 = CARTESIAN_POINT('',(10.25746767408,5.537641565349,13.276840520431
    ));
#271 = CARTESIAN_POINT('',(10.185244218388,5.669961052386,
    13.313210135896));
#272 = CARTESIAN_POINT('',(10.10833178829,5.805241526248,13.324209078947
    ));
#273 = CARTESIAN_POINT('',(10.030098541915,5.937808366291,
    13.309675517231));
#274 = CARTESIAN_POINT('',(9.877534866364,6.188288796889,13.234393460175
    ));
#275 = CARTESIAN_POINT('',(9.80517826135,6.302930227648,13.17442943235)
  );
#276 = CARTESIAN_POINT('',(9.738874307501,6.404638934292,13.096242336535
    ));
#277 = CARTESIAN_POINT('',(9.680212148681,6.492300262514,13.00360037214)
  );
#278 = CARTESIAN_POINT('',(9.630351815831,6.565377903241,12.900162351545
    ));
#279 = CARTESIAN_POINT('',(9.58992937585,6.62383591587,12.789491292046)
  );
#280 = CARTESIAN_POINT('',(9.522432464947,6.720594454647,12.539697984821
    ));
#281 = CARTESIAN_POINT('',(9.498274339186,6.754511051995,12.39589055304)
  );
#282 = CARTESIAN_POINT('',(9.487380034693,6.769595591435,12.247514169262
    ));
#283 = CARTESIAN_POINT('',(9.490046155283,6.765901779585,12.098173006624
    ));
#284 = CARTESIAN_POINT('',(9.506122931581,6.743545585534,11.951132383506
    ));
#285 = CARTESIAN_POINT('',(9.535247496464,6.702495167693,11.809469540008
    ));
#286 = CARTESIAN_POINT('',(9.609467657468,6.59548379405,11.573392140656)
  );
#287 = CARTESIAN_POINT('',(9.650034511432,6.536423155215,11.474079048085
    ));
#288 = CARTESIAN_POINT('',(9.698527966887,6.464835638312,11.381719714275
    ));
#289 = CARTESIAN_POINT('',(9.754334793376,6.380862922253,11.299269138871
    ));
#290 = CARTESIAN_POINT('',(9.816444594278,6.28505829971,11.22969358465)
  );
#291 = CARTESIAN_POINT('',(9.883519346026,6.178463423732,11.175986850837
    ));
#292 = CARTESIAN_POINT('',(10.024530355182,5.946950265932,
    11.106405420012));
#293 = CARTESIAN_POINT('',(10.097090812854,5.824278266129,
    11.091278998977));
#294 = CARTESIAN_POINT('',(10.168828442532,5.698775379793,
    11.098083748002));
#295 = CARTESIAN_POINT('',(10.236932412811,5.575105021963,
    11.126929175731));
#296 = CARTESIAN_POINT('',(10.299219599878,5.458013809931,11.1759020959)
  );
#297 = CARTESIAN_POINT('',(10.354223595125,5.351630498604,
    11.241114936798));
#298 = CARTESIAN_POINT('',(10.460296754382,5.141822172218,
    11.411660565677));
#299 = CARTESIAN_POINT('',(10.507931379406,5.043804659593,
    11.524819733578));
#300 = CARTESIAN_POINT('',(10.544846465323,4.965479658655,
    11.650534133142));
#301 = CARTESIAN_POINT('',(10.571873908062,4.906995518666,
    11.784651231331));
#302 = CARTESIAN_POINT('',(10.589620478894,4.868204297471,
    11.923846397973));
#303 = CARTESIAN_POINT('',(10.598470965774,4.848859472871,12.0653566242)
  );
#304 = CARTESIAN_POINT('',(10.598470965774,4.848859472871,
    12.206666666667));
#305 = PCURVE('',#147,#306);
#306 = DEFINITIONAL_REPRESENTATION('',(#307),#352);
#307 = B_SPLINE_CURVE_WITH_KNOTS('',7,(#308,#309,#310,#311,#312,#313,
    #314,#315,#316,#317,#318,#319,#320,#321,#322,#323,#324,#325,#326,
    #327,#328,#329,#330,#331,#332,#333,#334,#335,#336,#337,#338,#339,
    #340,#341,#342,#343,#344,#345,#346,#347,#348,#349,#350,#351),
  .UNSPECIFIED.,.T.,.F.,(8,6,6,6,6,6,6,8),(0.,0.150174258524,
    0.287196611947,0.424756261895,0.587382328606,0.714003493342,
    0.840836319502,1.),.UNSPECIFIED.);
#308 = CARTESIAN_POINT('',(-0.429077999852,-10.70666666666));
#309 = CARTESIAN_POINT('',(-0.429077999852,-10.83930535245));
#310 = CARTESIAN_POINT('',(-0.430686122095,-10.97206376057));
#311 = CARTESIAN_POINT('',(-0.433907754124,-11.10288153569));
#312 = CARTESIAN_POINT('',(-0.438767995175,-11.22952373481));
#313 = CARTESIAN_POINT('',(-0.445295605796,-11.34933988746));
#314 = CARTESIAN_POINT('',(-0.453512598016,-11.45904896502));
#315 = CARTESIAN_POINT('',(-0.472425868224,-11.64107766525));
#316 = CARTESIAN_POINT('',(-0.483042881178,-11.71776470016));
#317 = CARTESIAN_POINT('',(-0.495029149458,-11.77684052043));
#318 = CARTESIAN_POINT('',(-0.507960074327,-11.81321013589));
#319 = CARTESIAN_POINT('',(-0.521309057702,-11.82420907894));
#320 = CARTESIAN_POINT('',(-0.534514985053,-11.80967551723));
#321 = CARTESIAN_POINT('',(-0.559678867603,-11.73439346017));
#322 = CARTESIAN_POINT('',(-0.571308961592,-11.67442943235));
#323 = CARTESIAN_POINT('',(-0.581724511724,-11.59624233653));
#324 = CARTESIAN_POINT('',(-0.59077387368,-11.50360037214));
#325 = CARTESIAN_POINT('',(-0.598364089882,-11.40016235154));
#326 = CARTESIAN_POINT('',(-0.604462073926,-11.28949129204));
#327 = CARTESIAN_POINT('',(-0.614584319842,-11.03969798482));
#328 = CARTESIAN_POINT('',(-0.618156925044,-10.89589055304));
#329 = CARTESIAN_POINT('',(-0.619753488583,-10.74751416926));
#330 = CARTESIAN_POINT('',(-0.619362620393,-10.59817300662));
#331 = CARTESIAN_POINT('',(-0.616999918256,-10.4511323835));
#332 = CARTESIAN_POINT('',(-0.612681617166,-10.30946954));
#333 = CARTESIAN_POINT('',(-0.601507801666,-10.07339214065));
#334 = CARTESIAN_POINT('',(-0.595360239621,-9.974079048085));
#335 = CARTESIAN_POINT('',(-0.587941649203,-9.881719714275));
#336 = CARTESIAN_POINT('',(-0.579291548246,-9.799269138871));
#337 = CARTESIAN_POINT('',(-0.56949649275,-9.72969358465));
#338 = CARTESIAN_POINT('',(-0.558691786355,-9.675986850837));
#339 = CARTESIAN_POINT('',(-0.535433402865,-9.606405420012));
#340 = CARTESIAN_POINT('',(-0.523205741288,-9.591278998977));
#341 = CARTESIAN_POINT('',(-0.510804829497,-9.598083748002));
#342 = CARTESIAN_POINT('',(-0.498693938185,-9.626929175731));
#343 = CARTESIAN_POINT('',(-0.487315741193,-9.6759020959));
#344 = CARTESIAN_POINT('',(-0.477040614025,-9.741114936798));
#345 = CARTESIAN_POINT('',(-0.456869189225,-9.911660565677));
#346 = CARTESIAN_POINT('',(-0.447519913519,-10.02481973357));
#347 = CARTESIAN_POINT('',(-0.440091149875,-10.15053413314));
#348 = CARTESIAN_POINT('',(-0.434563297503,-10.28465123133));
#349 = CARTESIAN_POINT('',(-0.430903252977,-10.42384639797));
#350 = CARTESIAN_POINT('',(-0.429077999852,-10.5653566242));
#351 = CARTESIAN_POINT('',(-0.429077999852,-10.70666666666));
#352 = ( GEOMETRIC_REPRESENTATION_CONTEXT(2) 
PARAMETRIC_REPRESENTATION_CONTEXT() REPRESENTATION_CONTEXT('2D SPACE',''
  ) );
#353 = PCURVE('',#354,#359);
#354 = CYLINDRICAL_SURFACE('',#355,1.1);
#355 = AXIS2_PLACEMENT_3D('',#356,#357,#358);
#356 = CARTESIAN_POINT('',(0.,0.,12.206666666667));
#357 = DIRECTION('',(-0.866025403784,-0.5,0.));
#358 = DIRECTION('',(0.5,-0.866025403784,0.));
#359 = DEFINITIONAL_REPRESENTATION('',(#360),#405);
#360 = B_SPLINE_CURVE_WITH_KNOTS('',7,(#361,#362,#363,#364,#365,#366,
    #367,#368,#369,#370,#371,#372,#373,#374,#375,#376,#377,#378,#379,
    #380,#381,#382,#383,#384,#385,#386,#387,#388,#389,#390,#391,#392,
    #393,#394,#395,#396,#397,#398,#399,#400,#401,#402,#403,#404),
  .UNSPECIFIED.,.F.,.F.,(8,6,6,6,6,6,6,8),(0.,0.150174258524,
    0.287196611947,0.424756261895,0.587382328606,0.714003493342,
    0.840836319502,1.),.UNSPECIFIED.);
#361 = CARTESIAN_POINT('',(0.,-11.60297483406));
#362 = CARTESIAN_POINT('',(0.12058062344,-11.60297483406));
#363 = CARTESIAN_POINT('',(0.241269725441,-11.60474370835));
#364 = CARTESIAN_POINT('',(0.363060193281,-11.60828781392));
#365 = CARTESIAN_POINT('',(0.486800253109,-11.61344424656));
#366 = CARTESIAN_POINT('',(0.613417785288,-11.61986636588));
#367 = CARTESIAN_POINT('',(0.743897466996,-11.6269554288));
#368 = CARTESIAN_POINT('',(1.003505889704,-11.64021677817));
#369 = CARTESIAN_POINT('',(1.13451115455,-11.6465554685));
#370 = CARTESIAN_POINT('',(1.269634854963,-11.65204836692));
#371 = CARTESIAN_POINT('',(1.407208549052,-11.65566076306));
#372 = CARTESIAN_POINT('',(1.545976562834,-11.65669288166));
#373 = CARTESIAN_POINT('',(1.684795446583,-11.6552243229));
#374 = CARTESIAN_POINT('',(1.959990527765,-11.64834051948));
#375 = CARTESIAN_POINT('',(2.09282497863,-11.64299857678));
#376 = CARTESIAN_POINT('',(2.221529502162,-11.6364320217));
#377 = CARTESIAN_POINT('',(2.346591445664,-11.62945976603));
#378 = CARTESIAN_POINT('',(2.468309397386,-11.62281827151));
#379 = CARTESIAN_POINT('',(2.586762867605,-11.61704041792));
#380 = CARTESIAN_POINT('',(2.837733286903,-11.60696564779));
#381 = CARTESIAN_POINT('',(2.972069137897,-11.60300239584));
#382 = CARTESIAN_POINT('',(3.105392519322,-11.60110992111));
#383 = CARTESIAN_POINT('',(3.238347944833,-11.60157194335));
#384 = CARTESIAN_POINT('',(3.371747201912,-11.60431674301));
#385 = CARTESIAN_POINT('',(3.506549820612,-11.60901414715));
#386 = CARTESIAN_POINT('',(3.751459305476,-11.61978500523));
#387 = CARTESIAN_POINT('',(3.861861244972,-11.6253866119));
#388 = CARTESIAN_POINT('',(3.975219554962,-11.63158941779));
#389 = CARTESIAN_POINT('',(4.091552597227,-11.6379331892));
#390 = CARTESIAN_POINT('',(4.211030508609,-11.64381954334));
#391 = CARTESIAN_POINT('',(4.333989612196,-11.64861054431));
#392 = CARTESIAN_POINT('',(4.58834593897,-11.65497308156));
#393 = CARTESIAN_POINT('',(4.717256158329,-11.65647628131));
#394 = CARTESIAN_POINT('',(4.846374923471,-11.65585144785));
#395 = CARTESIAN_POINT('',(4.974631704665,-11.6529960373));
#396 = CARTESIAN_POINT('',(5.100897569666,-11.64839271761));
#397 = CARTESIAN_POINT('',(5.223730596086,-11.64283591914));
#398 = CARTESIAN_POINT('',(5.487502918025,-11.62979380652));
#399 = CARTESIAN_POINT('',(5.627918024457,-11.62203784558));
#400 = CARTESIAN_POINT('',(5.763718621254,-11.6148447473));
#401 = CARTESIAN_POINT('',(5.896069958206,-11.60900912932));
#402 = CARTESIAN_POINT('',(6.026076597689,-11.60498249989));
#403 = CARTESIAN_POINT('',(6.15472163221,-11.60297483406));
#404 = CARTESIAN_POINT('',(6.28318530718,-11.60297483406));
#405 = ( GEOMETRIC_REPRESENTATION_CONTEXT(2) 
PARAMETRIC_REPRESENTATION_CONTEXT() REPRESENTATION_CONTEXT('2D SPACE',''
  ) );
#406 = FACE_BOUND('',#407,.F.);
#407 = EDGE_LOOP('',(#408));
#408 = ORIENTED_EDGE('',*,*,#409,.F.);
#409 = EDGE_CURVE('',#410,#410,#412,.T.);
#410 = VERTEX_POINT('',#411);
#411 = CARTESIAN_POINT('',(-9.498470965774,6.754115361197,
    12.206666666667));
#412 = SURFACE_CURVE('',#413,(#458,#506),.PCURVE_S1.);
#413 = B_SPLINE_CURVE_WITH_KNOTS('',7,(#414,#415,#416,#417,#418,#419,
    #420,#421,#422,#423,#424,#425,#426,#427,#428,#429,#430,#431,#432,
    #433,#434,#435,#436,#437,#438,#439,#440,#441,#442,#443,#444,#445,
    #446,#447,#448,#449,#450,#451,#452,#453,#454,#455,#456,#457),
  .UNSPECIFIED.,.T.,.F.,(8,6,6,6,6,6,6,8),(0.,0.150174258517,
    0.287196611934,0.424756261891,0.587382328633,0.714003493373,
    0.84083631952,1.),.UNSPECIFIED.);
#414 = CARTESIAN_POINT('',(-9.498470965774,6.754115361197,
    12.206666666667));
#415 = CARTESIAN_POINT('',(-9.498470965774,6.754115361197,
    12.339305352451));
#416 = CARTESIAN_POINT('',(-9.509332354283,6.738840633023,
    12.472063760578));
#417 = CARTESIAN_POINT('',(-9.531091909259,6.708240189395,
    12.602881535699));
#418 = CARTESIAN_POINT('',(-9.563763073862,6.661964937649,
    12.729523734811));
#419 = CARTESIAN_POINT('',(-9.607230676811,6.599521079494,
    12.849339887467));
#420 = CARTESIAN_POINT('',(-9.661127776504,6.520346690289,
    12.959048965022));
#421 = CARTESIAN_POINT('',(-9.782629892145,6.336421551513,
    13.141077665254));
#422 = CARTESIAN_POINT('',(-9.849911326123,6.232564070107,
    13.217764700169));
#423 = CARTESIAN_POINT('',(-9.924472109685,6.114406801576,
    13.276840520431));
#424 = CARTESIAN_POINT('',(-10.00295241902,5.98569971068,13.313210135896
    ));
#425 = CARTESIAN_POINT('',(-10.08165253098,5.851451355417,
    13.324209078947));
#426 = CARTESIAN_POINT('',(-10.15734215897,5.717415956614,
    13.309675517231));
#427 = CARTESIAN_POINT('',(-10.29798273725,5.46005172258,13.234393460171
    ));
#428 = CARTESIAN_POINT('',(-10.36108682609,5.340068349138,
    13.174429432344));
#429 = CARTESIAN_POINT('',(-10.4160171729,5.231793087424,13.09624233654)
  );
#430 = CARTESIAN_POINT('',(-10.46260303067,5.137159503531,
    13.003600372152));
#431 = CARTESIAN_POINT('',(-10.50095995756,5.057440368267,
    12.900162351547));
#432 = CARTESIAN_POINT('',(-10.53137486157,4.993204502044,
    12.789491292031));
#433 = CARTESIAN_POINT('',(-10.58142175873,4.886371193142,
    12.539697984821));
#434 = CARTESIAN_POINT('',(-10.59871533076,4.848491343851,12.39589055304
    ));
#435 = CARTESIAN_POINT('',(-10.60633177287,4.831514329684,
    12.247514169261));
#436 = CARTESIAN_POINT('',(-10.60446589827,4.835670163769,
    12.098173006625));
#437 = CARTESIAN_POINT('',(-10.59314325444,4.86077115748,11.951132383506
    ));
#438 = CARTESIAN_POINT('',(-10.57215483219,4.906518979463,
    11.809469540008));
#439 = CARTESIAN_POINT('',(-10.51659034463,5.024301211179,
    11.573392140673));
#440 = CARTESIAN_POINT('',(-10.48572575801,5.088963456686,
    11.474079048083));
#441 = CARTESIAN_POINT('',(-10.4479758775,5.166753779491,11.381719714262
    ));
#442 = CARTESIAN_POINT('',(-10.40315678541,5.257070266968,
    11.299269138865));
#443 = CARTESIAN_POINT('',(-10.35124244895,5.358761243631,
    11.229693584655));
#444 = CARTESIAN_POINT('',(-10.29246595432,5.470147120571,
    11.175986850842));
#445 = CARTESIAN_POINT('',(-10.16247518293,5.70802281563,11.106405420012
    ));
#446 = CARTESIAN_POINT('',(-10.0925183436,5.832198015184,11.091278998977
    ));
#447 = CARTESIAN_POINT('',(-10.01969847062,5.957076068063,
    11.098083748002));
#448 = CARTESIAN_POINT('',(-9.946648784192,6.077891015336,
    11.126929175731));
#449 = CARTESIAN_POINT('',(-9.876388413545,6.190378907684,11.1759020959)
  );
#450 = CARTESIAN_POINT('',(-9.811759761021,6.29120542054,11.241114936798
    ));
#451 = CARTESIAN_POINT('',(-9.683097000074,6.487971634309,
    11.411660565677));
#452 = CARTESIAN_POINT('',(-9.622028656637,6.578233185993,
    11.524819733578));
#453 = CARTESIAN_POINT('',(-9.572654759032,6.649365088649,
    11.650534133141));
#454 = CARTESIAN_POINT('',(-9.535519729453,6.702013610655,
    11.784651231331));
#455 = CARTESIAN_POINT('',(-9.510798831869,6.736778202422,
    11.923846397972));
#456 = CARTESIAN_POINT('',(-9.498470965774,6.754115361197,
    12.065356624201));
#457 = CARTESIAN_POINT('',(-9.498470965774,6.754115361197,
    12.206666666667));
#458 = PCURVE('',#147,#459);
#459 = DEFINITIONAL_REPRESENTATION('',(#460),#505);
#460 = B_SPLINE_CURVE_WITH_KNOTS('',7,(#461,#462,#463,#464,#465,#466,
    #467,#468,#469,#470,#471,#472,#473,#474,#475,#476,#477,#478,#479,
    #480,#481,#482,#483,#484,#485,#486,#487,#488,#489,#490,#491,#492,
    #493,#494,#495,#496,#497,#498,#499,#500,#501,#502,#503,#504),
  .UNSPECIFIED.,.T.,.F.,(8,6,6,6,6,6,6,8),(0.,0.150174258517,
    0.287196611934,0.424756261891,0.587382328633,0.714003493373,
    0.84083631952,1.),.UNSPECIFIED.);
#461 = CARTESIAN_POINT('',(-2.523473102246,-10.70666666666));
#462 = CARTESIAN_POINT('',(-2.523473102246,-10.83930535245));
#463 = CARTESIAN_POINT('',(-2.525081224488,-10.97206376057));
#464 = CARTESIAN_POINT('',(-2.528302856517,-11.10288153569));
#465 = CARTESIAN_POINT('',(-2.533163097569,-11.22952373481));
#466 = CARTESIAN_POINT('',(-2.53969070819,-11.34933988746));
#467 = CARTESIAN_POINT('',(-2.547907700409,-11.45904896502));
#468 = CARTESIAN_POINT('',(-2.566820970617,-11.64107766525));
#469 = CARTESIAN_POINT('',(-2.577437983572,-11.71776470016));
#470 = CARTESIAN_POINT('',(-2.589424251851,-11.77684052043));
#471 = CARTESIAN_POINT('',(-2.60235517672,-11.81321013589));
#472 = CARTESIAN_POINT('',(-2.615704160095,-11.82420907894));
#473 = CARTESIAN_POINT('',(-2.628910087447,-11.80967551723));
#474 = CARTESIAN_POINT('',(-2.654073969998,-11.73439346017));
#475 = CARTESIAN_POINT('',(-2.665704063986,-11.67442943234));
#476 = CARTESIAN_POINT('',(-2.676119614116,-11.59624233654));
#477 = CARTESIAN_POINT('',(-2.685168976072,-11.50360037215));
#478 = CARTESIAN_POINT('',(-2.692759192275,-11.40016235154));
#479 = CARTESIAN_POINT('',(-2.69885717632,-11.28949129203));
#480 = CARTESIAN_POINT('',(-2.708979422235,-11.03969798482));
#481 = CARTESIAN_POINT('',(-2.712552027437,-10.89589055304));
#482 = CARTESIAN_POINT('',(-2.714148590976,-10.74751416926));
#483 = CARTESIAN_POINT('',(-2.713757722787,-10.59817300662));
#484 = CARTESIAN_POINT('',(-2.711395020649,-10.4511323835));
#485 = CARTESIAN_POINT('',(-2.707076719559,-10.30946954));
#486 = CARTESIAN_POINT('',(-2.69590290406,-10.07339214067));
#487 = CARTESIAN_POINT('',(-2.689755342015,-9.974079048083));
#488 = CARTESIAN_POINT('',(-2.682336751595,-9.881719714262));
#489 = CARTESIAN_POINT('',(-2.673686650638,-9.799269138865));
#490 = CARTESIAN_POINT('',(-2.663891595143,-9.729693584655));
#491 = CARTESIAN_POINT('',(-2.65308688875,-9.675986850842));
#492 = CARTESIAN_POINT('',(-2.629828505258,-9.606405420012));
#493 = CARTESIAN_POINT('',(-2.617600843681,-9.591278998977));
#494 = CARTESIAN_POINT('',(-2.605199931891,-9.598083748002));
#495 = CARTESIAN_POINT('',(-2.593089040578,-9.626929175732));
#496 = CARTESIAN_POINT('',(-2.581710843586,-9.6759020959));
#497 = CARTESIAN_POINT('',(-2.571435716418,-9.741114936798));
#498 = CARTESIAN_POINT('',(-2.551264291618,-9.911660565677));
#499 = CARTESIAN_POINT('',(-2.541915015912,-10.02481973357));
#500 = CARTESIAN_POINT('',(-2.534486252268,-10.15053413314));
#501 = CARTESIAN_POINT('',(-2.528958399897,-10.28465123133));
#502 = CARTESIAN_POINT('',(-2.52529835537,-10.42384639797));
#503 = CARTESIAN_POINT('',(-2.523473102246,-10.5653566242));
#504 = CARTESIAN_POINT('',(-2.523473102246,-10.70666666666));
#505 = ( GEOMETRIC_REPRESENTATION_CONTEXT(2) 
PARAMETRIC_REPRESENTATION_CONTEXT() REPRESENTATION_CONTEXT('2D SPACE',''
  ) );
#506 = PCURVE('',#507,#512);
#507 = CYLINDRICAL_SURFACE('',#508,1.1);
#508 = AXIS2_PLACEMENT_3D('',#509,#510,#511);
#509 = CARTESIAN_POINT('',(0.,0.,12.206666666667));
#510 = DIRECTION('',(0.866025403784,-0.5,0.));
#511 = DIRECTION('',(0.5,0.866025403784,0.));
#512 = DEFINITIONAL_REPRESENTATION('',(#513),#558);
#513 = B_SPLINE_CURVE_WITH_KNOTS('',7,(#514,#515,#516,#517,#518,#519,
    #520,#521,#522,#523,#524,#525,#526,#527,#528,#529,#530,#531,#532,
    #533,#534,#535,#536,#537,#538,#539,#540,#541,#542,#543,#544,#545,
    #546,#547,#548,#549,#550,#551,#552,#553,#554,#555,#556,#557),
  .UNSPECIFIED.,.F.,.F.,(8,6,6,6,6,6,6,8),(0.,0.150174258517,
    0.287196611934,0.424756261891,0.587382328633,0.714003493373,
    0.84083631952,1.),.UNSPECIFIED.);
#514 = CARTESIAN_POINT('',(0.,-11.60297483406));
#515 = CARTESIAN_POINT('',(0.12058062344,-11.60297483406));
#516 = CARTESIAN_POINT('',(0.241269725441,-11.60474370835));
#517 = CARTESIAN_POINT('',(0.363060193281,-11.60828781392));
#518 = CARTESIAN_POINT('',(0.486800253109,-11.61344424656));
#519 = CARTESIAN_POINT('',(0.613417785288,-11.61986636588));
#520 = CARTESIAN_POINT('',(0.743897466996,-11.6269554288));
#521 = CARTESIAN_POINT('',(1.003505889704,-11.64021677817));
#522 = CARTESIAN_POINT('',(1.13451115455,-11.6465554685));
#523 = CARTESIAN_POINT('',(1.269634854963,-11.65204836692));
#524 = CARTESIAN_POINT('',(1.407208549051,-11.65566076306));
#525 = CARTESIAN_POINT('',(1.545976562834,-11.65669288166));
#526 = CARTESIAN_POINT('',(1.684795446583,-11.6552243229));
#527 = CARTESIAN_POINT('',(1.959990527779,-11.64834051948));
#528 = CARTESIAN_POINT('',(2.092824978632,-11.64299857678));
#529 = CARTESIAN_POINT('',(2.221529502152,-11.6364320217));
#530 = CARTESIAN_POINT('',(2.346591445652,-11.62945976603));
#531 = CARTESIAN_POINT('',(2.468309397386,-11.62281827151));
#532 = CARTESIAN_POINT('',(2.58676286762,-11.61704041791));
#533 = CARTESIAN_POINT('',(2.837733286903,-11.60696564779));
#534 = CARTESIAN_POINT('',(2.972069137897,-11.60300239584));
#535 = CARTESIAN_POINT('',(3.105392519322,-11.60110992111));
#536 = CARTESIAN_POINT('',(3.238347944833,-11.60157194335));
#537 = CARTESIAN_POINT('',(3.371747201912,-11.60431674301));
#538 = CARTESIAN_POINT('',(3.506549820612,-11.60901414715));
#539 = CARTESIAN_POINT('',(3.751459305459,-11.61978500523));
#540 = CARTESIAN_POINT('',(3.861861244973,-11.6253866119));
#541 = CARTESIAN_POINT('',(3.975219554976,-11.63158941779));
#542 = CARTESIAN_POINT('',(4.091552597239,-11.6379331892));
#543 = CARTESIAN_POINT('',(4.211030508607,-11.64381954334));
#544 = CARTESIAN_POINT('',(4.333989612179,-11.64861054431));
#545 = CARTESIAN_POINT('',(4.58834593897,-11.65497308156));
#546 = CARTESIAN_POINT('',(4.717256158328,-11.65647628131));
#547 = CARTESIAN_POINT('',(4.846374923473,-11.65585144785));
#548 = CARTESIAN_POINT('',(4.974631704664,-11.6529960373));
#549 = CARTESIAN_POINT('',(5.100897569667,-11.64839271761));
#550 = CARTESIAN_POINT('',(5.223730596086,-11.64283591914));
#551 = CARTESIAN_POINT('',(5.487502918025,-11.62979380652));
#552 = CARTESIAN_POINT('',(5.627918024457,-11.62203784558));
#553 = CARTESIAN_POINT('',(5.763718621253,-11.6148447473));
#554 = CARTESIAN_POINT('',(5.896069958207,-11.60900912932));
#555 = CARTESIAN_POINT('',(6.026076597688,-11.60498249989));
#556 = CARTESIAN_POINT('',(6.15472163221,-11.60297483406));
#557 = CARTESIAN_POINT('',(6.28318530718,-11.60297483406));
#558 = ( GEOMETRIC_REPRESENTATION_CONTEXT(2) 
PARAMETRIC_REPRESENTATION_CONTEXT() REPRESENTATION_CONTEXT('2D SPACE',''
  ) );
#559 = FACE_BOUND('',#560,.F.);
#560 = EDGE_LOOP('',(#561));
#561 = ORIENTED_EDGE('',*,*,#562,.F.);
#562 = EDGE_CURVE('',#563,#563,#565,.T.);
#563 = VERTEX_POINT('',#564);
#564 = CARTESIAN_POINT('',(-1.1,-11.60297483406,12.206666666667));
#565 = SURFACE_CURVE('',#566,(#611,#659),.PCURVE_S1.);
#566 = B_SPLINE_CURVE_WITH_KNOTS('',7,(#567,#568,#569,#570,#571,#572,
    #573,#574,#575,#576,#577,#578,#579,#580,#581,#582,#583,#584,#585,
    #586,#587,#588,#589,#590,#591,#592,#593,#594,#595,#596,#597,#598,
    #599,#600,#601,#602,#603,#604,#605,#606,#607,#608,#609,#610),
  .UNSPECIFIED.,.T.,.F.,(8,6,6,6,6,6,6,8),(0.,0.150174258534,
    0.287196611965,0.424756261922,0.587382328644,0.714003493376,
    0.840836319521,1.),.UNSPECIFIED.);
#567 = CARTESIAN_POINT('',(-1.1,-11.60297483406,12.206666666667));
#568 = CARTESIAN_POINT('',(-1.1,-11.60297483406,12.339305352451));
#569 = CARTESIAN_POINT('',(-1.081341003111,-11.60474370835,
    12.472063760578));
#570 = CARTESIAN_POINT('',(-1.043960464074,-11.60828781392,
    12.602881535699));
#571 = CARTESIAN_POINT('',(-0.987549338194,-11.61344424656,
    12.729523734811));
#572 = CARTESIAN_POINT('',(-0.911737569247,-11.61986636588,
    12.849339887467));
#573 = CARTESIAN_POINT('',(-0.81622198702,-11.6269554288,12.959048965022
    ));
#574 = CARTESIAN_POINT('',(-0.596187086625,-11.64021677817,
    13.141077665254));
#575 = CARTESIAN_POINT('',(-0.472603152365,-11.6465554685,
    13.217764700169));
#576 = CARTESIAN_POINT('',(-0.332995564395,-11.65204836692,
    13.27684052043));
#577 = CARTESIAN_POINT('',(-0.182291799359,-11.65566076306,
    13.313210135896));
#578 = CARTESIAN_POINT('',(-2.667925731007E-02,-11.65669288166,
    13.324209078947));
#579 = CARTESIAN_POINT('',(0.127243617054,-11.6552243229,13.309675517231
    ));
#580 = CARTESIAN_POINT('',(0.420447870878,-11.64834051948,
    13.234393460175));
#581 = CARTESIAN_POINT('',(0.555908564749,-11.64299857678,13.17442943235
    ));
#582 = CARTESIAN_POINT('',(0.677142865413,-11.6364320217,13.096242336535
    ));
#583 = CARTESIAN_POINT('',(0.782390881993,-11.62945976603,13.00360037214
    ));
#584 = CARTESIAN_POINT('',(0.870608141736,-11.62281827151,
    12.900162351545));
#585 = CARTESIAN_POINT('',(0.941445485718,-11.61704041792,
    12.789491292046));
#586 = CARTESIAN_POINT('',(1.058989293784,-11.60696564779,
    12.539697984821));
#587 = CARTESIAN_POINT('',(1.100440991578,-11.60300239584,12.39589055304
    ));
#588 = CARTESIAN_POINT('',(1.118951738183,-11.60110992111,
    12.247514169261));
#589 = CARTESIAN_POINT('',(1.11441974299,-11.60157194335,12.098173006625
    ));
#590 = CARTESIAN_POINT('',(1.08702032286,-11.60431674301,11.951132383506
    ));
#591 = CARTESIAN_POINT('',(1.036907335733,-11.60901414715,
    11.809469540008));
#592 = CARTESIAN_POINT('',(0.907122687168,-11.61978500523,
    11.573392140667));
#593 = CARTESIAN_POINT('',(0.835691246587,-11.6253866119,11.474079048084
    ));
#594 = CARTESIAN_POINT('',(0.749447910619,-11.63158941779,
    11.381719714267));
#595 = CARTESIAN_POINT('',(0.648821992041,-11.6379331892,11.299269138867
    ));
#596 = CARTESIAN_POINT('',(0.534797854677,-11.64381954334,
    11.229693584653));
#597 = CARTESIAN_POINT('',(0.408946608304,-11.64861054431,11.17598685084
    ));
#598 = CARTESIAN_POINT('',(0.137944827749,-11.65497308156,
    11.106405420012));
#599 = CARTESIAN_POINT('',(-4.572469248942E-03,-11.65647628131,
    11.091278998977));
#600 = CARTESIAN_POINT('',(-0.149129971905,-11.65585144785,
    11.098083748002));
#601 = CARTESIAN_POINT('',(-0.290283628619,-11.6529960373,
    11.126929175731));
#602 = CARTESIAN_POINT('',(-0.422831186333,-11.64839271761,11.1759020959
    ));
#603 = CARTESIAN_POINT('',(-0.542463834104,-11.64283591914,
    11.241114936798));
#604 = CARTESIAN_POINT('',(-0.777199754308,-11.62979380652,
    11.411660565677));
#605 = CARTESIAN_POINT('',(-0.885902722769,-11.62203784558,
    11.524819733577));
#606 = CARTESIAN_POINT('',(-0.972191706292,-11.6148447473,
    11.650534133142));
#607 = CARTESIAN_POINT('',(-1.03635417861,-11.60900912932,
    11.784651231331));
#608 = CARTESIAN_POINT('',(-1.078821647024,-11.60498249989,
    11.923846397973));
#609 = CARTESIAN_POINT('',(-1.1,-11.60297483406,12.0653566242));
#610 = CARTESIAN_POINT('',(-1.1,-11.60297483406,12.206666666667));
#611 = PCURVE('',#147,#612);
#612 = DEFINITIONAL_REPRESENTATION('',(#613),#658);
#613 = B_SPLINE_CURVE_WITH_KNOTS('',7,(#614,#615,#616,#617,#618,#619,
    #620,#621,#622,#623,#624,#625,#626,#627,#628,#629,#630,#631,#632,
    #633,#634,#635,#636,#637,#638,#639,#640,#641,#642,#643,#644,#645,
    #646,#647,#648,#649,#650,#651,#652,#653,#654,#655,#656,#657),
  .UNSPECIFIED.,.T.,.F.,(8,6,6,6,6,6,6,8),(0.,0.150174258534,
    0.287196611965,0.424756261922,0.587382328644,0.714003493376,
    0.840836319521,1.),.UNSPECIFIED.);
#614 = CARTESIAN_POINT('',(-4.617868204639,-10.70666666666));
#615 = CARTESIAN_POINT('',(-4.617868204639,-10.83930535245));
#616 = CARTESIAN_POINT('',(-4.619476326881,-10.97206376057));
#617 = CARTESIAN_POINT('',(-4.62269795891,-11.10288153569));
#618 = CARTESIAN_POINT('',(-4.627558199962,-11.22952373481));
#619 = CARTESIAN_POINT('',(-4.634085810583,-11.34933988746));
#620 = CARTESIAN_POINT('',(-4.642302802802,-11.45904896502));
#621 = CARTESIAN_POINT('',(-4.66121607301,-11.64107766525));
#622 = CARTESIAN_POINT('',(-4.671833085965,-11.71776470016));
#623 = CARTESIAN_POINT('',(-4.683819354245,-11.77684052043));
#624 = CARTESIAN_POINT('',(-4.696750279113,-11.81321013589));
#625 = CARTESIAN_POINT('',(-4.710099262489,-11.82420907894));
#626 = CARTESIAN_POINT('',(-4.72330518984,-11.80967551723));
#627 = CARTESIAN_POINT('',(-4.74846907239,-11.73439346017));
#628 = CARTESIAN_POINT('',(-4.760099166379,-11.67442943235));
#629 = CARTESIAN_POINT('',(-4.770514716511,-11.59624233653));
#630 = CARTESIAN_POINT('',(-4.779564078466,-11.50360037214));
#631 = CARTESIAN_POINT('',(-4.787154294668,-11.40016235154));
#632 = CARTESIAN_POINT('',(-4.793252278713,-11.28949129204));
#633 = CARTESIAN_POINT('',(-4.803374524629,-11.03969798482));
#634 = CARTESIAN_POINT('',(-4.80694712983,-10.89589055304));
#635 = CARTESIAN_POINT('',(-4.808543693369,-10.74751416926));
#636 = CARTESIAN_POINT('',(-4.80815282518,-10.59817300662));
#637 = CARTESIAN_POINT('',(-4.805790123042,-10.4511323835));
#638 = CARTESIAN_POINT('',(-4.801471821952,-10.30946954));
#639 = CARTESIAN_POINT('',(-4.790298006453,-10.07339214066));
#640 = CARTESIAN_POINT('',(-4.784150444408,-9.974079048084));
#641 = CARTESIAN_POINT('',(-4.776731853989,-9.881719714267));
#642 = CARTESIAN_POINT('',(-4.768081753032,-9.799269138867));
#643 = CARTESIAN_POINT('',(-4.758286697537,-9.729693584653));
#644 = CARTESIAN_POINT('',(-4.747481991142,-9.67598685084));
#645 = CARTESIAN_POINT('',(-4.724223607651,-9.606405420012));
#646 = CARTESIAN_POINT('',(-4.711995946075,-9.591278998977));
#647 = CARTESIAN_POINT('',(-4.699595034284,-9.598083748002));
#648 = CARTESIAN_POINT('',(-4.687484142972,-9.626929175731));
#649 = CARTESIAN_POINT('',(-4.676105945979,-9.6759020959));
#650 = CARTESIAN_POINT('',(-4.665830818811,-9.741114936798));
#651 = CARTESIAN_POINT('',(-4.645659394011,-9.911660565677));
#652 = CARTESIAN_POINT('',(-4.636310118306,-10.02481973357));
#653 = CARTESIAN_POINT('',(-4.628881354661,-10.15053413314));
#654 = CARTESIAN_POINT('',(-4.62335350229,-10.28465123133));
#655 = CARTESIAN_POINT('',(-4.619693457764,-10.42384639797));
#656 = CARTESIAN_POINT('',(-4.617868204639,-10.5653566242));
#657 = CARTESIAN_POINT('',(-4.617868204639,-10.70666666666));
#658 = ( GEOMETRIC_REPRESENTATION_CONTEXT(2) 
PARAMETRIC_REPRESENTATION_CONTEXT() REPRESENTATION_CONTEXT('2D SPACE',''
  ) );
#659 = PCURVE('',#660,#665);
#660 = CYLINDRICAL_SURFACE('',#661,1.1);
#661 = AXIS2_PLACEMENT_3D('',#662,#663,#664);
#662 = CARTESIAN_POINT('',(0.,0.,12.206666666667));
#663 = DIRECTION('',(1.224646799147E-16,1.,0.));
#664 = DIRECTION('',(-1.,1.224646799147E-16,0.));
#665 = DEFINITIONAL_REPRESENTATION('',(#666),#711);
#666 = B_SPLINE_CURVE_WITH_KNOTS('',7,(#667,#668,#669,#670,#671,#672,
    #673,#674,#675,#676,#677,#678,#679,#680,#681,#682,#683,#684,#685,
    #686,#687,#688,#689,#690,#691,#692,#693,#694,#695,#696,#697,#698,
    #699,#700,#701,#702,#703,#704,#705,#706,#707,#708,#709,#710),
  .UNSPECIFIED.,.F.,.F.,(8,6,6,6,6,6,6,8),(0.,0.150174258534,
    0.287196611965,0.424756261922,0.587382328644,0.714003493376,
    0.840836319521,1.),.UNSPECIFIED.);
#667 = CARTESIAN_POINT('',(0.,-11.60297483406));
#668 = CARTESIAN_POINT('',(0.12058062344,-11.60297483406));
#669 = CARTESIAN_POINT('',(0.241269725441,-11.60474370835));
#670 = CARTESIAN_POINT('',(0.363060193281,-11.60828781392));
#671 = CARTESIAN_POINT('',(0.486800253109,-11.61344424656));
#672 = CARTESIAN_POINT('',(0.613417785288,-11.61986636588));
#673 = CARTESIAN_POINT('',(0.743897466996,-11.6269554288));
#674 = CARTESIAN_POINT('',(1.003505889704,-11.64021677817));
#675 = CARTESIAN_POINT('',(1.13451115455,-11.6465554685));
#676 = CARTESIAN_POINT('',(1.269634854962,-11.65204836692));
#677 = CARTESIAN_POINT('',(1.407208549052,-11.65566076306));
#678 = CARTESIAN_POINT('',(1.545976562834,-11.65669288166));
#679 = CARTESIAN_POINT('',(1.684795446583,-11.6552243229));
#680 = CARTESIAN_POINT('',(1.959990527765,-11.64834051948));
#681 = CARTESIAN_POINT('',(2.09282497863,-11.64299857678));
#682 = CARTESIAN_POINT('',(2.221529502162,-11.6364320217));
#683 = CARTESIAN_POINT('',(2.346591445664,-11.62945976603));
#684 = CARTESIAN_POINT('',(2.468309397386,-11.62281827151));
#685 = CARTESIAN_POINT('',(2.586762867605,-11.61704041792));
#686 = CARTESIAN_POINT('',(2.837733286904,-11.60696564779));
#687 = CARTESIAN_POINT('',(2.972069137897,-11.60300239584));
#688 = CARTESIAN_POINT('',(3.105392519322,-11.60110992111));
#689 = CARTESIAN_POINT('',(3.238347944832,-11.60157194335));
#690 = CARTESIAN_POINT('',(3.371747201913,-11.60431674301));
#691 = CARTESIAN_POINT('',(3.506549820612,-11.60901414715));
#692 = CARTESIAN_POINT('',(3.751459305465,-11.61978500523));
#693 = CARTESIAN_POINT('',(3.861861244973,-11.6253866119));
#694 = CARTESIAN_POINT('',(3.97521955497,-11.63158941779));
#695 = CARTESIAN_POINT('',(4.091552597234,-11.6379331892));
#696 = CARTESIAN_POINT('',(4.211030508608,-11.64381954334));
#697 = CARTESIAN_POINT('',(4.333989612186,-11.64861054431));
#698 = CARTESIAN_POINT('',(4.58834593897,-11.65497308156));
#699 = CARTESIAN_POINT('',(4.717256158328,-11.65647628131));
#700 = CARTESIAN_POINT('',(4.846374923472,-11.65585144785));
#701 = CARTESIAN_POINT('',(4.974631704664,-11.6529960373));
#702 = CARTESIAN_POINT('',(5.100897569667,-11.64839271761));
#703 = CARTESIAN_POINT('',(5.223730596086,-11.64283591914));
#704 = CARTESIAN_POINT('',(5.487502918025,-11.62979380652));
#705 = CARTESIAN_POINT('',(5.627918024456,-11.62203784558));
#706 = CARTESIAN_POINT('',(5.763718621255,-11.6148447473));
#707 = CARTESIAN_POINT('',(5.896069958206,-11.60900912932));
#708 = CARTESIAN_POINT('',(6.026076597689,-11.60498249989));
#709 = CARTESIAN_POINT('',(6.15472163221,-11.60297483406));
#710 = CARTESIAN_POINT('',(6.28318530718,-11.60297483406));
#711 = ( GEOMETRIC_REPRESENTATION_CONTEXT(2) 
PARAMETRIC_REPRESENTATION_CONTEXT() REPRESENTATION_CONTEXT('2D SPACE',''
  ) );
#712 = FACE_BOUND('',#713,.F.);
#713 = EDGE_LOOP('',(#714));
#714 = ORIENTED_EDGE('',*,*,#715,.F.);
#715 = EDGE_CURVE('',#716,#716,#718,.T.);
#716 = VERTEX_POINT('',#717);
#717 = CARTESIAN_POINT('',(1.5,11.558071854769,6.853333333333));
#718 = SURFACE_CURVE('',#719,(#764,#812),.PCURVE_S1.);
#719 = B_SPLINE_CURVE_WITH_KNOTS('',7,(#720,#721,#722,#723,#724,#725,
    #726,#727,#728,#729,#730,#731,#732,#733,#734,#735,#736,#737,#738,
    #739,#740,#741,#742,#743,#744,#745,#746,#747,#748,#749,#750,#751,
    #752,#753,#754,#755,#756,#757,#758,#759,#760,#761,#762,#763),
  .UNSPECIFIED.,.T.,.F.,(8,6,6,6,6,6,6,8),(0.,0.152012583465,
    0.28601828673,0.422524186202,0.587724289066,0.71392981605,
    0.838425018172,1.),.UNSPECIFIED.);
#720 = CARTESIAN_POINT('',(1.5,11.558071854769,6.853333333333));
#721 = CARTESIAN_POINT('',(1.5,11.558071854769,7.033179048167));
#722 = CARTESIAN_POINT('',(1.474844012177,11.56133644689,7.212992872564)
  );
#723 = CARTESIAN_POINT('',(1.424542170977,11.567865305084,7.390388817138
    ));
#724 = CARTESIAN_POINT('',(1.348475536645,11.577384601768,7.562713007854
    ));
#725 = CARTESIAN_POINT('',(1.245680631866,11.58932640117,7.726618739709)
  );
#726 = CARTESIAN_POINT('',(1.115079723124,11.602631447034,7.877613501647
    ));
#727 = CARTESIAN_POINT('',(0.816020166762,11.62724823642,8.125017082801)
  );
#728 = CARTESIAN_POINT('',(0.649268973807,11.638987877961,8.229586819277
    ));
#729 = CARTESIAN_POINT('',(0.459289090096,11.649310937253,8.311197793045
    ));
#730 = CARTESIAN_POINT('',(0.252945236945,11.656188171184,8.361928226184
    ));
#731 = CARTESIAN_POINT('',(3.922836325593E-02,11.658189678817,
    8.37756933439));
#732 = CARTESIAN_POINT('',(-0.172300754621,11.655456788105,
    8.357747825814));
#733 = CARTESIAN_POINT('',(-0.577514080128,11.642480711903,
    8.253706727184));
#734 = CARTESIAN_POINT('',(-0.764047544005,11.632315448688,
    8.170025294662));
#735 = CARTESIAN_POINT('',(-0.929246439336,11.619956927972,8.06190373003
    ));
#736 = CARTESIAN_POINT('',(-1.071442635885,11.607010208989,
    7.935103582959));
#737 = CARTESIAN_POINT('',(-1.189953259577,11.594783744647,
    7.794802886495));
#738 = CARTESIAN_POINT('',(-1.284918799586,11.584183658026,
    7.645693874571));
#739 = CARTESIAN_POINT('',(-1.444764747214,11.565441868625,
    7.306003944821));
#740 = CARTESIAN_POINT('',(-1.50053052859,11.558120741645,7.110309652576
    ));
#741 = CARTESIAN_POINT('',(-1.525473033198,11.554650130478,
    6.909324696348));
#742 = CARTESIAN_POINT('',(-1.519655148916,11.555445988739,
    6.706651490696));
#743 = CARTESIAN_POINT('',(-1.482730051065,11.560522818538,6.50615462872
    ));
#744 = CARTESIAN_POINT('',(-1.414322343676,11.569305003807,
    6.312351714485));
#745 = CARTESIAN_POINT('',(-1.238169648821,11.589299207699,
    5.991931152055));
#746 = CARTESIAN_POINT('',(-1.142289608929,11.59958810289,5.85801311484)
  );
#747 = CARTESIAN_POINT('',(-1.026219100186,11.611028090548,
    5.732629194408));
#748 = CARTESIAN_POINT('',(-0.89004024066,11.622825604318,5.619742848239
    ));
#749 = CARTESIAN_POINT('',(-0.734531185453,11.633900573885,
    5.523600246606));
#750 = CARTESIAN_POINT('',(-0.56126180093,11.643001155827,5.448787063428
    ));
#751 = CARTESIAN_POINT('',(-0.187358693913,11.654974590321,5.35278506254
    ));
#752 = CARTESIAN_POINT('',(8.251836963545E-03,11.657781533174,
    5.332069556893));
#753 = CARTESIAN_POINT('',(0.206704092252,11.656569616833,5.341752989558
    ));
#754 = CARTESIAN_POINT('',(0.400025983839,11.651140293728,5.381936069173
    ));
#755 = CARTESIAN_POINT('',(0.580623500093,11.64248300851,5.449584523161)
  );
#756 = CARTESIAN_POINT('',(0.742367170885,11.632172417814,5.538592688126
    ));
#757 = CARTESIAN_POINT('',(1.062481031154,11.607886844148,5.771169021416
    ));
#758 = CARTESIAN_POINT('',(1.211199766609,11.593303286632,5.927236143208
    ));
#759 = CARTESIAN_POINT('',(1.328093936899,11.5799284673,6.099356860112)
  );
#760 = CARTESIAN_POINT('',(1.414466655067,11.56917361919,6.281837524686)
  );
#761 = CARTESIAN_POINT('',(1.471487714125,11.561771842772,6.47040760206)
  );
#762 = CARTESIAN_POINT('',(1.5,11.558071854769,6.661870237881));
#763 = CARTESIAN_POINT('',(1.5,11.558071854769,6.853333333333));
#764 = PCURVE('',#147,#765);
#765 = DEFINITIONAL_REPRESENTATION('',(#766),#811);
#766 = B_SPLINE_CURVE_WITH_KNOTS('',7,(#767,#768,#769,#770,#771,#772,
    #773,#774,#775,#776,#777,#778,#779,#780,#781,#782,#783,#784,#785,
    #786,#787,#788,#789,#790,#791,#792,#793,#794,#795,#796,#797,#798,
    #799,#800,#801,#802,#803,#804,#805,#806,#807,#808,#809,#810),
  .UNSPECIFIED.,.T.,.F.,(8,6,6,6,6,6,6,8),(0.,0.152012583465,
    0.28601828673,0.422524186202,0.587724289066,0.71392981605,
    0.838425018172,1.),.UNSPECIFIED.);
#767 = CARTESIAN_POINT('',(-1.441738231238,-5.353333333333));
#768 = CARTESIAN_POINT('',(-1.441738231238,-5.533179048167));
#769 = CARTESIAN_POINT('',(-1.443914717492,-5.712992872564));
#770 = CARTESIAN_POINT('',(-1.448266816197,-5.890388817138));
#771 = CARTESIAN_POINT('',(-1.454844188148,-6.062713007854));
#772 = CARTESIAN_POINT('',(-1.46372252305,-6.226618739709));
#773 = CARTESIAN_POINT('',(-1.47498397077,-6.377613501647));
#774 = CARTESIAN_POINT('',(-1.500730088249,-6.625017082801));
#775 = CARTESIAN_POINT('',(-1.515071725919,-6.729586819277));
#776 = CARTESIAN_POINT('',(-1.531392803064,-6.811197793045));
#777 = CARTESIAN_POINT('',(-1.549098726571,-6.861928226184));
#778 = CARTESIAN_POINT('',(-1.567428924231,-6.87756933439));
#779 = CARTESIAN_POINT('',(-1.585576384968,-6.857747825814));
#780 = CARTESIAN_POINT('',(-1.620361544778,-6.753706727184));
#781 = CARTESIAN_POINT('',(-1.636385841086,-6.670025294662));
#782 = CARTESIAN_POINT('',(-1.650595467314,-6.56190373003));
#783 = CARTESIAN_POINT('',(-1.662844684316,-6.435103582959));
#784 = CARTESIAN_POINT('',(-1.673066246362,-6.294802886495));
#785 = CARTESIAN_POINT('',(-1.681264780151,-6.145693874571));
#786 = CARTESIAN_POINT('',(-1.695073525405,-5.806003944821));
#787 = CARTESIAN_POINT('',(-1.699898832239,-5.610309652576));
#788 = CARTESIAN_POINT('',(-1.702059711279,-5.409324696348));
#789 = CARTESIAN_POINT('',(-1.701555846193,-5.206651490696));
#790 = CARTESIAN_POINT('',(-1.698357708961,-5.00615462872));
#791 = CARTESIAN_POINT('',(-1.692440787117,-4.812351714485));
#792 = CARTESIAN_POINT('',(-1.677229823233,-4.491931152055));
#793 = CARTESIAN_POINT('',(-1.668956228545,-4.35801311484));
#794 = CARTESIAN_POINT('',(-1.658949759327,-4.232629194409));
#795 = CARTESIAN_POINT('',(-1.647223458289,-4.119742848239));
#796 = CARTESIAN_POINT('',(-1.633850282954,-4.023600246606));
#797 = CARTESIAN_POINT('',(-1.618966383036,-3.948787063428));
#798 = CARTESIAN_POINT('',(-1.586869019715,-3.85278506254));
#799 = CARTESIAN_POINT('',(-1.570086488944,-3.832069556893));
#800 = CARTESIAN_POINT('',(-1.553064812473,-3.841752989558));
#801 = CARTESIAN_POINT('',(-1.53647793055,-3.881936069173));
#802 = CARTESIAN_POINT('',(-1.520967927955,-3.949584523161));
#803 = CARTESIAN_POINT('',(-1.507063170896,-4.038592688126));
#804 = CARTESIAN_POINT('',(-1.479518447069,-4.271169021416));
#805 = CARTESIAN_POINT('',(-1.466700278465,-4.427236143208));
#806 = CARTESIAN_POINT('',(-1.456606496114,-4.599356860112));
#807 = CARTESIAN_POINT('',(-1.449138544318,-4.781837524686));
#808 = CARTESIAN_POINT('',(-1.44420510363,-4.97040760206));
#809 = CARTESIAN_POINT('',(-1.441738231238,-5.161870237881));
#810 = CARTESIAN_POINT('',(-1.441738231238,-5.353333333333));
#811 = ( GEOMETRIC_REPRESENTATION_CONTEXT(2) 
PARAMETRIC_REPRESENTATION_CONTEXT() REPRESENTATION_CONTEXT('2D SPACE',''
  ) );
#812 = PCURVE('',#813,#818);
#813 = CYLINDRICAL_SURFACE('',#814,1.5);
#814 = AXIS2_PLACEMENT_3D('',#815,#816,#817);
#815 = CARTESIAN_POINT('',(0.,0.,6.853333333333));
#816 = DIRECTION('',(0.,-1.,0.));
#817 = DIRECTION('',(1.,0.,0.));
#818 = DEFINITIONAL_REPRESENTATION('',(#819),#864);
#819 = B_SPLINE_CURVE_WITH_KNOTS('',7,(#820,#821,#822,#823,#824,#825,
    #826,#827,#828,#829,#830,#831,#832,#833,#834,#835,#836,#837,#838,
    #839,#840,#841,#842,#843,#844,#845,#846,#847,#848,#849,#850,#851,
    #852,#853,#854,#855,#856,#857,#858,#859,#860,#861,#862,#863),
  .UNSPECIFIED.,.F.,.F.,(8,6,6,6,6,6,6,8),(0.,0.152012583465,
    0.28601828673,0.422524186202,0.587724289066,0.71392981605,
    0.838425018172,1.),.UNSPECIFIED.);
#820 = CARTESIAN_POINT('',(0.,-11.55807185476));
#821 = CARTESIAN_POINT('',(0.119897143223,-11.55807185476));
#822 = CARTESIAN_POINT('',(0.23977240356,-11.56133644689));
#823 = CARTESIAN_POINT('',(0.360854369933,-11.56786530508));
#824 = CARTESIAN_POINT('',(0.484172592878,-11.57738460176));
#825 = CARTESIAN_POINT('',(0.610871815916,-11.58932640117));
#826 = CARTESIAN_POINT('',(0.742123981731,-11.60263144703));
#827 = CARTESIAN_POINT('',(1.00087753262,-11.62724823642));
#828 = CARTESIAN_POINT('',(1.130971632921,-11.63898787796));
#829 = CARTESIAN_POINT('',(1.266142940276,-11.64931093725));
#830 = CARTESIAN_POINT('',(1.404365124057,-11.65618817118));
#831 = CARTESIAN_POINT('',(1.544085967332,-11.65818967881));
#832 = CARTESIAN_POINT('',(1.68396036521,-11.6554567881));
#833 = CARTESIAN_POINT('',(1.96286488043,-11.6424807119));
#834 = CARTESIAN_POINT('',(2.097188188873,-11.63231544868));
#835 = CARTESIAN_POINT('',(2.226335699338,-11.61995692797));
#836 = CARTESIAN_POINT('',(2.350984093441,-11.60701020898));
#837 = CARTESIAN_POINT('',(2.471630574945,-11.59478374464));
#838 = CARTESIAN_POINT('',(2.588531390879,-11.58418365802));
#839 = CARTESIAN_POINT('',(2.838811212365,-11.56544186862));
#840 = CARTESIAN_POINT('',(2.972687273672,-11.55812074164));
#841 = CARTESIAN_POINT('',(3.105205531029,-11.55465013047));
#842 = CARTESIAN_POINT('',(3.237560629336,-11.55544598873));
#843 = CARTESIAN_POINT('',(3.370864356822,-11.56052281853));
#844 = CARTESIAN_POINT('',(3.506054692129,-11.5693050038));
#845 = CARTESIAN_POINT('',(3.74982061695,-11.58929920769));
#846 = CARTESIAN_POINT('',(3.858849480518,-11.59958810289));
#847 = CARTESIAN_POINT('',(3.971301290328,-11.61102809054));
#848 = CARTESIAN_POINT('',(4.087314084834,-11.62282560431));
#849 = CARTESIAN_POINT('',(4.207218949194,-11.63390057388));
#850 = CARTESIAN_POINT('',(4.331506717441,-11.64300115582));
#851 = CARTESIAN_POINT('',(4.588860704187,-11.65497459032));
#852 = CARTESIAN_POINT('',(4.718604605926,-11.65778153317));
#853 = CARTESIAN_POINT('',(4.848556464846,-11.65656961683));
#854 = CARTESIAN_POINT('',(4.977414586779,-11.65114029372));
#855 = CARTESIAN_POINT('',(5.103794496575,-11.64248300851));
#856 = CARTESIAN_POINT('',(5.225909174749,-11.63217241781));
#857 = CARTESIAN_POINT('',(5.489697502637,-11.60788684414));
#858 = CARTESIAN_POINT('',(5.631065424773,-11.59330328663));
#859 = CARTESIAN_POINT('',(5.766952424885,-11.5799284673));
#860 = CARTESIAN_POINT('',(5.898788719983,-11.56917361919));
#861 = CARTESIAN_POINT('',(6.027902198292,-11.56177184277));
#862 = CARTESIAN_POINT('',(6.155543243545,-11.55807185476));
#863 = CARTESIAN_POINT('',(6.28318530718,-11.55807185476));
#864 = ( GEOMETRIC_REPRESENTATION_CONTEXT(2) 
PARAMETRIC_REPRESENTATION_CONTEXT() REPRESENTATION_CONTEXT('2D SPACE',''
  ) );
#865 = FACE_BOUND('',#866,.F.);
#866 = EDGE_LOOP('',(#867));
#867 = ORIENTED_EDGE('',*,*,#868,.F.);
#868 = EDGE_CURVE('',#869,#869,#871,.T.);
#869 = VERTEX_POINT('',#870);
#870 = CARTESIAN_POINT('',(-10.75958384499,-4.479997821708,
    6.853333333333));
#871 = SURFACE_CURVE('',#872,(#917,#965),.PCURVE_S1.);
#872 = B_SPLINE_CURVE_WITH_KNOTS('',7,(#873,#874,#875,#876,#877,#878,
    #879,#880,#881,#882,#883,#884,#885,#886,#887,#888,#889,#890,#891,
    #892,#893,#894,#895,#896,#897,#898,#899,#900,#901,#902,#903,#904,
    #905,#906,#907,#908,#909,#910,#911,#912,#913,#914,#915,#916),
  .UNSPECIFIED.,.T.,.F.,(8,6,6,6,6,6,6,8),(0.,0.152012583227,
    0.286018287475,0.422524186832,0.587724289515,0.713929816362,
    0.838425018348,1.),.UNSPECIFIED.);
#873 = CARTESIAN_POINT('',(-10.75958384499,-4.479997821708,
    6.853333333333));
#874 = CARTESIAN_POINT('',(-10.75958384499,-4.479997821708,
    7.033179048167));
#875 = CARTESIAN_POINT('',(-10.74983307079,-4.50341584228,7.212992872564
    ));
#876 = CARTESIAN_POINT('',(-10.73033630724,-4.550242943714,
    7.390388817138));
#877 = CARTESIAN_POINT('',(-10.70054694283,-4.620878229768,
    7.562713007854));
#878 = CARTESIAN_POINT('',(-10.65949139209,-4.715872128386,
    7.726618739709));
#879 = CARTESIAN_POINT('',(-10.60571344544,-4.835628356047,
    7.877613501647));
#880 = CARTESIAN_POINT('',(-10.47750243169,-5.106929924925,
    8.125017083832));
#881 = CARTESIAN_POINT('',(-10.40429366607,-5.257210508849,
    8.229586816462));
#882 = CARTESIAN_POINT('',(-10.31824374822,-5.42689945833,8.311197796269
    ));
#883 = CARTESIAN_POINT('',(-10.22102769145,-5.609037074949,
    8.361928224754));
#884 = CARTESIAN_POINT('',(-10.11590260244,-5.795122085688,
    8.377569334107));
#885 = CARTESIAN_POINT('',(-10.00777129474,-5.976945223283,
    8.357747826226));
#886 = CARTESIAN_POINT('',(-9.793927019535,-6.321382220353,
    8.253706727194));
#887 = CARTESIAN_POINT('',(-9.691856911399,-6.47784230715,8.170025294676
    ));
#888 = CARTESIAN_POINT('',(-9.59855467082,-6.614729486852,8.061903730018
    ));
#889 = CARTESIAN_POINT('',(-9.516244385014,-6.731401645886,
    7.935103582929));
#890 = CARTESIAN_POINT('',(-9.446400644468,-6.827921624426,7.79480288649
    ));
#891 = CARTESIAN_POINT('',(-9.389737930172,-6.90486415124,7.645693874609
    ));
#892 = CARTESIAN_POINT('',(-9.293584090615,-7.033923907892,
    7.306003944822));
#893 = CARTESIAN_POINT('',(-9.259360917977,-7.078557927735,
    7.110309652577));
#894 = CARTESIAN_POINT('',(-9.243884028236,-7.098423464776,
    6.909324696348));
#895 = CARTESIAN_POINT('',(-9.247482203849,-7.093782958323,
    6.706651490695));
#896 = CARTESIAN_POINT('',(-9.270341416352,-7.064343300446,
    6.506154628719));
#897 = CARTESIAN_POINT('',(-9.312150865589,-7.009491580666,
    6.312351714485));
#898 = CARTESIAN_POINT('',(-9.417542701515,-6.866935973923,
    5.991931152054));
#899 = CARTESIAN_POINT('',(-9.474393166074,-6.789045871256,
    5.858013114841));
#900 = CARTESIAN_POINT('',(-9.542335740377,-6.694245855883,
    5.732629194408));
#901 = CARTESIAN_POINT('',(-9.620642116765,-6.582210260962,5.61974284824
    ));
#902 = CARTESIAN_POINT('',(-9.707987849361,-6.453072953417,
    5.523600246606));
#903 = CARTESIAN_POINT('',(-9.802503876773,-6.307567555693,
    5.448787063428));
#904 = CARTESIAN_POINT('',(-9.999824728724,-5.989744683709,5.35278506254
    ));
#905 = CARTESIAN_POINT('',(-10.10006087798,-5.821744466148,
    5.332069556893));
#906 = CARTESIAN_POINT('',(-10.19823745528,-5.64927381346,5.341752989558
    ));
#907 = CARTESIAN_POINT('',(-10.29019646934,-5.479137482686,
    5.381936069173));
#908 = CARTESIAN_POINT('',(-10.37299779854,-5.318406803141,5.44958452316
    ));
#909 = CARTESIAN_POINT('',(-10.44494040047,-5.173177379985,
    5.538592688126));
#910 = CARTESIAN_POINT('',(-10.58396540686,-4.883807858056,
    5.771169021416));
#911 = CARTESIAN_POINT('',(-10.6456950433,-4.747721876375,5.927236143208
    ));
#912 = CARTESIAN_POINT('',(-10.69255919513,-4.639801145683,
    6.099356860112));
#913 = CARTESIAN_POINT('',(-10.72643158254,-4.559622753501,
    6.281837524686));
#914 = CARTESIAN_POINT('',(-10.74853198566,-4.506540179597,6.47040760206
    ));
#915 = CARTESIAN_POINT('',(-10.75958384499,-4.479997821708,
    6.661870237881));
#916 = CARTESIAN_POINT('',(-10.75958384499,-4.479997821708,
    6.853333333333));
#917 = PCURVE('',#147,#918);
#918 = DEFINITIONAL_REPRESENTATION('',(#919),#964);
#919 = B_SPLINE_CURVE_WITH_KNOTS('',7,(#920,#921,#922,#923,#924,#925,
    #926,#927,#928,#929,#930,#931,#932,#933,#934,#935,#936,#937,#938,
    #939,#940,#941,#942,#943,#944,#945,#946,#947,#948,#949,#950,#951,
    #952,#953,#954,#955,#956,#957,#958,#959,#960,#961,#962,#963),
  .UNSPECIFIED.,.T.,.F.,(8,6,6,6,6,6,6,8),(0.,0.152012583227,
    0.286018287475,0.422524186832,0.587724289515,0.713929816362,
    0.838425018348,1.),.UNSPECIFIED.);
#920 = CARTESIAN_POINT('',(-3.536133333631,-5.353333333333));
#921 = CARTESIAN_POINT('',(-3.536133333631,-5.533179048167));
#922 = CARTESIAN_POINT('',(-3.538309819885,-5.712992872564));
#923 = CARTESIAN_POINT('',(-3.542661918591,-5.890388817138));
#924 = CARTESIAN_POINT('',(-3.549239290541,-6.062713007854));
#925 = CARTESIAN_POINT('',(-3.558117625443,-6.226618739709));
#926 = CARTESIAN_POINT('',(-3.569379073163,-6.377613501647));
#927 = CARTESIAN_POINT('',(-3.595125190749,-6.625017083832));
#928 = CARTESIAN_POINT('',(-3.609466827837,-6.729586816462));
#929 = CARTESIAN_POINT('',(-3.625787906375,-6.811197796269));
#930 = CARTESIAN_POINT('',(-3.64349382801,-6.861928224754));
#931 = CARTESIAN_POINT('',(-3.661824027163,-6.877569334107));
#932 = CARTESIAN_POINT('',(-3.679971487223,-6.857747826226));
#933 = CARTESIAN_POINT('',(-3.714756647168,-6.753706727194));
#934 = CARTESIAN_POINT('',(-3.730780943479,-6.670025294676));
#935 = CARTESIAN_POINT('',(-3.744990569709,-6.561903730018));
#936 = CARTESIAN_POINT('',(-3.757239786712,-6.435103582929));
#937 = CARTESIAN_POINT('',(-3.767461348755,-6.29480288649));
#938 = CARTESIAN_POINT('',(-3.775659882542,-6.145693874609));
#939 = CARTESIAN_POINT('',(-3.789468627798,-5.806003944822));
#940 = CARTESIAN_POINT('',(-3.794293934632,-5.610309652577));
#941 = CARTESIAN_POINT('',(-3.796454813672,-5.409324696348));
#942 = CARTESIAN_POINT('',(-3.795950948586,-5.206651490695));
#943 = CARTESIAN_POINT('',(-3.792752811354,-5.006154628719));
#944 = CARTESIAN_POINT('',(-3.78683588951,-4.812351714485));
#945 = CARTESIAN_POINT('',(-3.771624925626,-4.491931152054));
#946 = CARTESIAN_POINT('',(-3.763351330938,-4.358013114841));
#947 = CARTESIAN_POINT('',(-3.75334486172,-4.232629194408));
#948 = CARTESIAN_POINT('',(-3.741618560682,-4.11974284824));
#949 = CARTESIAN_POINT('',(-3.728245385347,-4.023600246606));
#950 = CARTESIAN_POINT('',(-3.713361485429,-3.948787063428));
#951 = CARTESIAN_POINT('',(-3.681264122108,-3.85278506254));
#952 = CARTESIAN_POINT('',(-3.664481591337,-3.832069556893));
#953 = CARTESIAN_POINT('',(-3.647459914866,-3.841752989558));
#954 = CARTESIAN_POINT('',(-3.630873032943,-3.881936069173));
#955 = CARTESIAN_POINT('',(-3.615363030348,-3.949584523161));
#956 = CARTESIAN_POINT('',(-3.601458273289,-4.038592688126));
#957 = CARTESIAN_POINT('',(-3.573913549462,-4.271169021416));
#958 = CARTESIAN_POINT('',(-3.561095380858,-4.427236143208));
#959 = CARTESIAN_POINT('',(-3.551001598507,-4.599356860112));
#960 = CARTESIAN_POINT('',(-3.543533646711,-4.781837524686));
#961 = CARTESIAN_POINT('',(-3.538600206023,-4.97040760206));
#962 = CARTESIAN_POINT('',(-3.536133333631,-5.161870237881));
#963 = CARTESIAN_POINT('',(-3.536133333631,-5.353333333333));
#964 = ( GEOMETRIC_REPRESENTATION_CONTEXT(2) 
PARAMETRIC_REPRESENTATION_CONTEXT() REPRESENTATION_CONTEXT('2D SPACE',''
  ) );
#965 = PCURVE('',#966,#971);
#966 = CYLINDRICAL_SURFACE('',#967,1.5);
#967 = AXIS2_PLACEMENT_3D('',#968,#969,#970);
#968 = CARTESIAN_POINT('',(0.,0.,6.853333333333));
#969 = DIRECTION('',(0.866025403784,0.5,0.));
#970 = DIRECTION('',(-0.5,0.866025403784,0.));
#971 = DEFINITIONAL_REPRESENTATION('',(#972),#1017);
#972 = B_SPLINE_CURVE_WITH_KNOTS('',7,(#973,#974,#975,#976,#977,#978,
    #979,#980,#981,#982,#983,#984,#985,#986,#987,#988,#989,#990,#991,
    #992,#993,#994,#995,#996,#997,#998,#999,#1000,#1001,#1002,#1003,
    #1004,#1005,#1006,#1007,#1008,#1009,#1010,#1011,#1012,#1013,#1014,
    #1015,#1016),.UNSPECIFIED.,.F.,.F.,(8,6,6,6,6,6,6,8),(0.,
    0.152012583227,0.286018287475,0.422524186832,0.587724289515,
    0.713929816362,0.838425018348,1.),.UNSPECIFIED.);
#973 = CARTESIAN_POINT('',(0.,-11.55807185476));
#974 = CARTESIAN_POINT('',(0.119897143223,-11.55807185476));
#975 = CARTESIAN_POINT('',(0.239772403561,-11.56133644689));
#976 = CARTESIAN_POINT('',(0.360854369933,-11.56786530508));
#977 = CARTESIAN_POINT('',(0.484172592879,-11.57738460176));
#978 = CARTESIAN_POINT('',(0.610871815916,-11.58932640116));
#979 = CARTESIAN_POINT('',(0.742123981731,-11.60263144703));
#980 = CARTESIAN_POINT('',(1.000877533699,-11.62724823652));
#981 = CARTESIAN_POINT('',(1.130971628522,-11.63898787767));
#982 = CARTESIAN_POINT('',(1.266142948351,-11.64931093756));
#983 = CARTESIAN_POINT('',(1.404365115961,-11.65618817106));
#984 = CARTESIAN_POINT('',(1.544085971772,-11.65818967876));
#985 = CARTESIAN_POINT('',(1.683960364106,-11.65545678815));
#986 = CARTESIAN_POINT('',(1.962864880403,-11.6424807119));
#987 = CARTESIAN_POINT('',(2.097188188869,-11.63231544869));
#988 = CARTESIAN_POINT('',(2.226335699357,-11.61995692797));
#989 = CARTESIAN_POINT('',(2.350984093464,-11.60701020898));
#990 = CARTESIAN_POINT('',(2.471630574946,-11.59478374464));
#991 = CARTESIAN_POINT('',(2.588531390851,-11.58418365802));
#992 = CARTESIAN_POINT('',(2.838811212365,-11.56544186862));
#993 = CARTESIAN_POINT('',(2.972687273671,-11.55812074164));
#994 = CARTESIAN_POINT('',(3.105205531029,-11.55465013047));
#995 = CARTESIAN_POINT('',(3.237560629337,-11.55544598873));
#996 = CARTESIAN_POINT('',(3.370864356823,-11.56052281853));
#997 = CARTESIAN_POINT('',(3.50605469213,-11.5693050038));
#998 = CARTESIAN_POINT('',(3.74982061695,-11.58929920769));
#999 = CARTESIAN_POINT('',(3.858849480517,-11.59958810289));
#1000 = CARTESIAN_POINT('',(3.971301290329,-11.61102809054));
#1001 = CARTESIAN_POINT('',(4.087314084833,-11.62282560431));
#1002 = CARTESIAN_POINT('',(4.207218949194,-11.63390057388));
#1003 = CARTESIAN_POINT('',(4.331506717441,-11.64300115582));
#1004 = CARTESIAN_POINT('',(4.588860704187,-11.65497459032));
#1005 = CARTESIAN_POINT('',(4.718604605926,-11.65778153317));
#1006 = CARTESIAN_POINT('',(4.848556464846,-11.65656961683));
#1007 = CARTESIAN_POINT('',(4.977414586779,-11.65114029372));
#1008 = CARTESIAN_POINT('',(5.103794496574,-11.64248300851));
#1009 = CARTESIAN_POINT('',(5.225909174749,-11.63217241781));
#1010 = CARTESIAN_POINT('',(5.489697502637,-11.60788684414));
#1011 = CARTESIAN_POINT('',(5.631065424773,-11.59330328663));
#1012 = CARTESIAN_POINT('',(5.766952424885,-11.5799284673));
#1013 = CARTESIAN_POINT('',(5.898788719983,-11.56917361919));
#1014 = CARTESIAN_POINT('',(6.027902198292,-11.56177184277));
#1015 = CARTESIAN_POINT('',(6.155543243545,-11.55807185476));
#1016 = CARTESIAN_POINT('',(6.28318530718,-11.55807185476));
#1017 = ( GEOMETRIC_REPRESENTATION_CONTEXT(2) 
PARAMETRIC_REPRESENTATION_CONTEXT() REPRESENTATION_CONTEXT('2D SPACE',''
  ) );
#1018 = FACE_BOUND('',#1019,.F.);
#1019 = EDGE_LOOP('',(#1020));
#1020 = ORIENTED_EDGE('',*,*,#1021,.F.);
#1021 = EDGE_CURVE('',#1022,#1022,#1024,.T.);
#1022 = VERTEX_POINT('',#1023);
#1023 = CARTESIAN_POINT('',(9.259583844996,-7.078074033061,
    6.853333333333));
#1024 = SURFACE_CURVE('',#1025,(#1070,#1118),.PCURVE_S1.);
#1025 = B_SPLINE_CURVE_WITH_KNOTS('',7,(#1026,#1027,#1028,#1029,#1030,
    #1031,#1032,#1033,#1034,#1035,#1036,#1037,#1038,#1039,#1040,#1041,
    #1042,#1043,#1044,#1045,#1046,#1047,#1048,#1049,#1050,#1051,#1052,
    #1053,#1054,#1055,#1056,#1057,#1058,#1059,#1060,#1061,#1062,#1063,
    #1064,#1065,#1066,#1067,#1068,#1069),.UNSPECIFIED.,.T.,.F.,(8,6,6,6,
    6,6,6,8),(0.,0.152012583195,0.286018287414,0.422524186762,
    0.587724289467,0.71392981633,0.83842501833,1.),.UNSPECIFIED.);
#1026 = CARTESIAN_POINT('',(9.259583844996,-7.078074033061,
    6.853333333333));
#1027 = CARTESIAN_POINT('',(9.259583844996,-7.078074033061,
    7.033179048167));
#1028 = CARTESIAN_POINT('',(9.274989058617,-7.05792060461,7.212992872564
    ));
#1029 = CARTESIAN_POINT('',(9.305794136271,-7.01762236137,7.390388817138
    ));
#1030 = CARTESIAN_POINT('',(9.352071406191,-6.956506372001,
    7.562713007854));
#1031 = CARTESIAN_POINT('',(9.413810760229,-6.873454272783,
    7.726618739709));
#1032 = CARTESIAN_POINT('',(9.490633722318,-6.767003090988,
    7.877613501647));
#1033 = CARTESIAN_POINT('',(9.661482266179,-6.520318311597,
    8.125017083832));
#1034 = CARTESIAN_POINT('',(9.755024686743,-6.38177736883,8.229586816462
    ));
#1035 = CARTESIAN_POINT('',(9.858954668811,-6.222411479239,
    8.311197796269));
#1036 = CARTESIAN_POINT('',(9.968082443403,-6.047151096112,
    8.361928224754));
#1037 = CARTESIAN_POINT('',(10.076674245458,-5.863067593078,
    8.377569334107));
#1038 = CARTESIAN_POINT('',(10.180072047764,-5.678511564874,
    8.357747826226));
#1039 = CARTESIAN_POINT('',(10.371441099638,-5.321098491525,
    8.253706727187));
#1040 = CARTESIAN_POINT('',(10.455904455401,-5.154473141537,
    8.170025294665));
#1041 = CARTESIAN_POINT('',(10.527801110176,-5.005227441139,
    8.061903730027));
#1042 = CARTESIAN_POINT('',(10.587687020914,-4.875608563116,
    7.935103582952));
#1043 = CARTESIAN_POINT('',(10.636353904039,-4.766862120215,
    7.794802886494));
#1044 = CARTESIAN_POINT('',(10.674656729746,-4.679319506775,
    7.645693874579));
#1045 = CARTESIAN_POINT('',(10.738348837829,-4.531517960733,
    7.306003944821));
#1046 = CARTESIAN_POINT('',(10.759891446567,-4.479562813909,
    7.110309652576));
#1047 = CARTESIAN_POINT('',(10.769357061434,-4.456226665702,
    6.909324696348));
#1048 = CARTESIAN_POINT('',(10.767137352765,-4.461663030417,
    6.706651490695));
#1049 = CARTESIAN_POINT('',(10.753071467416,-4.496179518092,
    6.50615462872));
#1050 = CARTESIAN_POINT('',(10.726473209265,-4.55981342314,
    6.312351714485));
#1051 = CARTESIAN_POINT('',(10.655712350337,-4.722363233775,
    5.991931152055));
#1052 = CARTESIAN_POINT('',(10.616682775003,-4.810542231633,
    5.85801311484));
#1053 = CARTESIAN_POINT('',(10.568554840562,-4.916782234665,
    5.732629194407));
#1054 = CARTESIAN_POINT('',(10.510682357426,-5.040615343357,
    5.619742848239));
#1055 = CARTESIAN_POINT('',(10.442519034814,-5.180827620468,
    5.523600246606));
#1056 = CARTESIAN_POINT('',(10.363765677704,-5.335433600133,
    5.448787063428));
#1057 = CARTESIAN_POINT('',(10.187183422637,-5.665229906612,
    5.35278506254));
#1058 = CARTESIAN_POINT('',(10.091809041016,-5.836037067026,
    5.332069556893));
#1059 = CARTESIAN_POINT('',(9.991533363033,-6.007295803372,
    5.341752989558));
#1060 = CARTESIAN_POINT('',(9.890170485506,-6.172002811043,
    5.381936069173));
#1061 = CARTESIAN_POINT('',(9.792374298452,-6.32407620537,5.449584523161
    ));
#1062 = CARTESIAN_POINT('',(9.702573229585,-6.458995037829,
    5.538592688126));
#1063 = CARTESIAN_POINT('',(9.52148437571,-6.724078986092,5.771169021416
    ));
#1064 = CARTESIAN_POINT('',(9.434495276697,-6.845581410257,
    5.927236143208));
#1065 = CARTESIAN_POINT('',(9.364465258238,-6.940127321617,
    6.099356860112));
#1066 = CARTESIAN_POINT('',(9.311964927478,-7.009550865689,
    6.281837524687));
#1067 = CARTESIAN_POINT('',(9.277044271538,-7.055231663175,
    6.470407602059));
#1068 = CARTESIAN_POINT('',(9.259583844996,-7.078074033061,
    6.661870237881));
#1069 = CARTESIAN_POINT('',(9.259583844996,-7.078074033061,
    6.853333333333));
#1070 = PCURVE('',#147,#1071);
#1071 = DEFINITIONAL_REPRESENTATION('',(#1072),#1117);
#1072 = B_SPLINE_CURVE_WITH_KNOTS('',7,(#1073,#1074,#1075,#1076,#1077,
    #1078,#1079,#1080,#1081,#1082,#1083,#1084,#1085,#1086,#1087,#1088,
    #1089,#1090,#1091,#1092,#1093,#1094,#1095,#1096,#1097,#1098,#1099,
    #1100,#1101,#1102,#1103,#1104,#1105,#1106,#1107,#1108,#1109,#1110,
    #1111,#1112,#1113,#1114,#1115,#1116),.UNSPECIFIED.,.T.,.F.,(8,6,6,6,
    6,6,6,8),(0.,0.152012583195,0.286018287414,0.422524186762,
    0.587724289467,0.71392981633,0.83842501833,1.),.UNSPECIFIED.);
#1073 = CARTESIAN_POINT('',(-5.630528436024,-5.353333333333));
#1074 = CARTESIAN_POINT('',(-5.630528436024,-5.533179048167));
#1075 = CARTESIAN_POINT('',(-5.632704922278,-5.712992872564));
#1076 = CARTESIAN_POINT('',(-5.637057020984,-5.890388817138));
#1077 = CARTESIAN_POINT('',(-5.643634392935,-6.062713007854));
#1078 = CARTESIAN_POINT('',(-5.652512727836,-6.226618739709));
#1079 = CARTESIAN_POINT('',(-5.663774175556,-6.377613501647));
#1080 = CARTESIAN_POINT('',(-5.689520293143,-6.625017083832));
#1081 = CARTESIAN_POINT('',(-5.70386193023,-6.729586816462));
#1082 = CARTESIAN_POINT('',(-5.720183008769,-6.811197796269));
#1083 = CARTESIAN_POINT('',(-5.737888930403,-6.861928224754));
#1084 = CARTESIAN_POINT('',(-5.756219129557,-6.877569334107));
#1085 = CARTESIAN_POINT('',(-5.774366589616,-6.857747826226));
#1086 = CARTESIAN_POINT('',(-5.809151749564,-6.753706727187));
#1087 = CARTESIAN_POINT('',(-5.825176045873,-6.670025294665));
#1088 = CARTESIAN_POINT('',(-5.839385672101,-6.561903730027));
#1089 = CARTESIAN_POINT('',(-5.851634889103,-6.435103582952));
#1090 = CARTESIAN_POINT('',(-5.861856451148,-6.294802886494));
#1091 = CARTESIAN_POINT('',(-5.870054984937,-6.145693874579));
#1092 = CARTESIAN_POINT('',(-5.883863730191,-5.806003944821));
#1093 = CARTESIAN_POINT('',(-5.888689037025,-5.610309652576));
#1094 = CARTESIAN_POINT('',(-5.890849916065,-5.409324696348));
#1095 = CARTESIAN_POINT('',(-5.890346050979,-5.206651490695));
#1096 = CARTESIAN_POINT('',(-5.887147913747,-5.00615462872));
#1097 = CARTESIAN_POINT('',(-5.881230991903,-4.812351714485));
#1098 = CARTESIAN_POINT('',(-5.866020028019,-4.491931152055));
#1099 = CARTESIAN_POINT('',(-5.857746433331,-4.35801311484));
#1100 = CARTESIAN_POINT('',(-5.847739964113,-4.232629194407));
#1101 = CARTESIAN_POINT('',(-5.836013663075,-4.119742848239));
#1102 = CARTESIAN_POINT('',(-5.82264048774,-4.023600246606));
#1103 = CARTESIAN_POINT('',(-5.807756587823,-3.948787063428));
#1104 = CARTESIAN_POINT('',(-5.775659224502,-3.85278506254));
#1105 = CARTESIAN_POINT('',(-5.758876693731,-3.832069556893));
#1106 = CARTESIAN_POINT('',(-5.741855017259,-3.841752989558));
#1107 = CARTESIAN_POINT('',(-5.725268135336,-3.881936069173));
#1108 = CARTESIAN_POINT('',(-5.709758132741,-3.949584523161));
#1109 = CARTESIAN_POINT('',(-5.695853375682,-4.038592688126));
#1110 = CARTESIAN_POINT('',(-5.668308651855,-4.271169021416));
#1111 = CARTESIAN_POINT('',(-5.655490483251,-4.427236143208));
#1112 = CARTESIAN_POINT('',(-5.6453967009,-4.599356860112));
#1113 = CARTESIAN_POINT('',(-5.637928749104,-4.781837524687));
#1114 = CARTESIAN_POINT('',(-5.632995308416,-4.970407602059));
#1115 = CARTESIAN_POINT('',(-5.630528436024,-5.161870237881));
#1116 = CARTESIAN_POINT('',(-5.630528436024,-5.353333333333));
#1117 = ( GEOMETRIC_REPRESENTATION_CONTEXT(2) 
PARAMETRIC_REPRESENTATION_CONTEXT() REPRESENTATION_CONTEXT('2D SPACE',''
  ) );
#1118 = PCURVE('',#1119,#1124);
#1119 = CYLINDRICAL_SURFACE('',#1120,1.5);
#1120 = AXIS2_PLACEMENT_3D('',#1121,#1122,#1123);
#1121 = CARTESIAN_POINT('',(0.,0.,6.853333333333));
#1122 = DIRECTION('',(-0.866025403784,0.5,0.));
#1123 = DIRECTION('',(-0.5,-0.866025403784,0.));
#1124 = DEFINITIONAL_REPRESENTATION('',(#1125),#1170);
#1125 = B_SPLINE_CURVE_WITH_KNOTS('',7,(#1126,#1127,#1128,#1129,#1130,
    #1131,#1132,#1133,#1134,#1135,#1136,#1137,#1138,#1139,#1140,#1141,
    #1142,#1143,#1144,#1145,#1146,#1147,#1148,#1149,#1150,#1151,#1152,
    #1153,#1154,#1155,#1156,#1157,#1158,#1159,#1160,#1161,#1162,#1163,
    #1164,#1165,#1166,#1167,#1168,#1169),.UNSPECIFIED.,.F.,.F.,(8,6,6,6,
    6,6,6,8),(0.,0.152012583195,0.286018287414,0.422524186762,
    0.587724289467,0.71392981633,0.83842501833,1.),.UNSPECIFIED.);
#1126 = CARTESIAN_POINT('',(0.,-11.55807185476));
#1127 = CARTESIAN_POINT('',(0.119897143223,-11.55807185476));
#1128 = CARTESIAN_POINT('',(0.239772403561,-11.56133644689));
#1129 = CARTESIAN_POINT('',(0.360854369933,-11.56786530508));
#1130 = CARTESIAN_POINT('',(0.484172592879,-11.57738460176));
#1131 = CARTESIAN_POINT('',(0.610871815916,-11.58932640116));
#1132 = CARTESIAN_POINT('',(0.742123981731,-11.60263144703));
#1133 = CARTESIAN_POINT('',(1.000877533699,-11.62724823652));
#1134 = CARTESIAN_POINT('',(1.130971628522,-11.63898787767));
#1135 = CARTESIAN_POINT('',(1.266142948351,-11.64931093756));
#1136 = CARTESIAN_POINT('',(1.40436511596,-11.65618817106));
#1137 = CARTESIAN_POINT('',(1.544085971773,-11.65818967876));
#1138 = CARTESIAN_POINT('',(1.683960364106,-11.65545678815));
#1139 = CARTESIAN_POINT('',(1.962864880424,-11.6424807119));
#1140 = CARTESIAN_POINT('',(2.097188188872,-11.63231544868));
#1141 = CARTESIAN_POINT('',(2.226335699342,-11.61995692797));
#1142 = CARTESIAN_POINT('',(2.350984093446,-11.60701020898));
#1143 = CARTESIAN_POINT('',(2.471630574945,-11.59478374464));
#1144 = CARTESIAN_POINT('',(2.588531390873,-11.58418365802));
#1145 = CARTESIAN_POINT('',(2.838811212365,-11.56544186862));
#1146 = CARTESIAN_POINT('',(2.972687273672,-11.55812074164));
#1147 = CARTESIAN_POINT('',(3.105205531029,-11.55465013047));
#1148 = CARTESIAN_POINT('',(3.237560629337,-11.55544598873));
#1149 = CARTESIAN_POINT('',(3.370864356822,-11.56052281853));
#1150 = CARTESIAN_POINT('',(3.506054692129,-11.5693050038));
#1151 = CARTESIAN_POINT('',(3.749820616949,-11.58929920769));
#1152 = CARTESIAN_POINT('',(3.858849480518,-11.59958810289));
#1153 = CARTESIAN_POINT('',(3.971301290329,-11.61102809054));
#1154 = CARTESIAN_POINT('',(4.087314084834,-11.62282560431));
#1155 = CARTESIAN_POINT('',(4.207218949194,-11.63390057388));
#1156 = CARTESIAN_POINT('',(4.33150671744,-11.64300115582));
#1157 = CARTESIAN_POINT('',(4.588860704187,-11.65497459032));
#1158 = CARTESIAN_POINT('',(4.718604605926,-11.65778153317));
#1159 = CARTESIAN_POINT('',(4.848556464845,-11.65656961683));
#1160 = CARTESIAN_POINT('',(4.97741458678,-11.65114029372));
#1161 = CARTESIAN_POINT('',(5.103794496574,-11.64248300851));
#1162 = CARTESIAN_POINT('',(5.225909174749,-11.63217241781));
#1163 = CARTESIAN_POINT('',(5.489697502637,-11.60788684414));
#1164 = CARTESIAN_POINT('',(5.631065424773,-11.59330328663));
#1165 = CARTESIAN_POINT('',(5.766952424885,-11.5799284673));
#1166 = CARTESIAN_POINT('',(5.898788719983,-11.56917361919));
#1167 = CARTESIAN_POINT('',(6.027902198292,-11.56177184277));
#1168 = CARTESIAN_POINT('',(6.155543243545,-11.55807185476));
#1169 = CARTESIAN_POINT('',(6.28318530718,-11.55807185476));
#1170 = ( GEOMETRIC_REPRESENTATION_CONTEXT(2) 
PARAMETRIC_REPRESENTATION_CONTEXT() REPRESENTATION_CONTEXT('2D SPACE',''
  ) );
#1171 = ADVANCED_FACE('',(#1172,#1226,#1374,#1522,#1670,#1839,#2008),
  #187,.F.);
#1172 = FACE_BOUND('',#1173,.T.);
#1173 = EDGE_LOOP('',(#1174,#1175,#1198,#1225));
#1174 = ORIENTED_EDGE('',*,*,#166,.F.);
#1175 = ORIENTED_EDGE('',*,*,#1176,.T.);
#1176 = EDGE_CURVE('',#167,#1177,#1179,.T.);
#1177 = VERTEX_POINT('',#1178);
#1178 = CARTESIAN_POINT('',(10.155,0.,4.5));
#1179 = SEAM_CURVE('',#1180,(#1184,#1191),.PCURVE_S1.);
#1180 = LINE('',#1181,#1182);
#1181 = CARTESIAN_POINT('',(10.155,0.,19.06));
#1182 = VECTOR('',#1183,1.);
#1183 = DIRECTION('',(0.,0.,-1.));
#1184 = PCURVE('',#187,#1185);
#1185 = DEFINITIONAL_REPRESENTATION('',(#1186),#1190);
#1186 = LINE('',#1187,#1188);
#1187 = CARTESIAN_POINT('',(-0.,-14.56));
#1188 = VECTOR('',#1189,1.);
#1189 = DIRECTION('',(0.,1.));
#1190 = ( GEOMETRIC_REPRESENTATION_CONTEXT(2) 
PARAMETRIC_REPRESENTATION_CONTEXT() REPRESENTATION_CONTEXT('2D SPACE',''
  ) );
#1191 = PCURVE('',#187,#1192);
#1192 = DEFINITIONAL_REPRESENTATION('',(#1193),#1197);
#1193 = LINE('',#1194,#1195);
#1194 = CARTESIAN_POINT('',(-6.28318530718,-14.56));
#1195 = VECTOR('',#1196,1.);
#1196 = DIRECTION('',(0.,1.));
#1197 = ( GEOMETRIC_REPRESENTATION_CONTEXT(2) 
PARAMETRIC_REPRESENTATION_CONTEXT() REPRESENTATION_CONTEXT('2D SPACE',''
  ) );
#1198 = ORIENTED_EDGE('',*,*,#1199,.F.);
#1199 = EDGE_CURVE('',#1177,#1177,#1200,.T.);
#1200 = SURFACE_CURVE('',#1201,(#1206,#1213),.PCURVE_S1.);
#1201 = CIRCLE('',#1202,10.155);
#1202 = AXIS2_PLACEMENT_3D('',#1203,#1204,#1205);
#1203 = CARTESIAN_POINT('',(0.,0.,4.5));
#1204 = DIRECTION('',(0.,0.,1.));
#1205 = DIRECTION('',(1.,0.,0.));
#1206 = PCURVE('',#187,#1207);
#1207 = DEFINITIONAL_REPRESENTATION('',(#1208),#1212);
#1208 = LINE('',#1209,#1210);
#1209 = CARTESIAN_POINT('',(-0.,0.));
#1210 = VECTOR('',#1211,1.);
#1211 = DIRECTION('',(-1.,0.));
#1212 = ( GEOMETRIC_REPRESENTATION_CONTEXT(2) 
PARAMETRIC_REPRESENTATION_CONTEXT() REPRESENTATION_CONTEXT('2D SPACE',''
  ) );
#1213 = PCURVE('',#1214,#1219);
#1214 = PLANE('',#1215);
#1215 = AXIS2_PLACEMENT_3D('',#1216,#1217,#1218);
#1216 = CARTESIAN_POINT('',(-5.386273294099E-16,1.240843878985E-16,4.5)
  );
#1217 = DIRECTION('',(0.,0.,1.));
#1218 = DIRECTION('',(1.,0.,-0.));
#1219 = DEFINITIONAL_REPRESENTATION('',(#1220),#1224);
#1220 = CIRCLE('',#1221,10.155);
#1221 = AXIS2_PLACEMENT_2D('',#1222,#1223);
#1222 = CARTESIAN_POINT('',(5.386273294099E-16,-1.240843878985E-16));
#1223 = DIRECTION('',(1.,0.));
#1224 = ( GEOMETRIC_REPRESENTATION_CONTEXT(2) 
PARAMETRIC_REPRESENTATION_CONTEXT() REPRESENTATION_CONTEXT('2D SPACE',''
  ) );
#1225 = ORIENTED_EDGE('',*,*,#1176,.F.);
#1226 = FACE_BOUND('',#1227,.T.);
#1227 = EDGE_LOOP('',(#1228));
#1228 = ORIENTED_EDGE('',*,*,#1229,.F.);
#1229 = EDGE_CURVE('',#1230,#1230,#1232,.T.);
#1230 = VERTEX_POINT('',#1231);
#1231 = CARTESIAN_POINT('',(9.29274091747,4.094995877993,12.206666666667
    ));
#1232 = SURFACE_CURVE('',#1233,(#1278,#1326),.PCURVE_S1.);
#1233 = B_SPLINE_CURVE_WITH_KNOTS('',7,(#1234,#1235,#1236,#1237,#1238,
    #1239,#1240,#1241,#1242,#1243,#1244,#1245,#1246,#1247,#1248,#1249,
    #1250,#1251,#1252,#1253,#1254,#1255,#1256,#1257,#1258,#1259,#1260,
    #1261,#1262,#1263,#1264,#1265,#1266,#1267,#1268,#1269,#1270,#1271,
    #1272,#1273,#1274,#1275,#1276,#1277),.UNSPECIFIED.,.T.,.F.,(8,6,6,6,
    6,6,6,8),(0.,0.150160167192,0.287218899034,0.424790812825,
    0.587339213798,0.713979364915,0.840848125634,1.),.UNSPECIFIED.);
#1234 = CARTESIAN_POINT('',(9.29274091747,4.094995877993,12.206666666667
    ));
#1235 = CARTESIAN_POINT('',(9.29274091747,4.094995877993,12.339342354418
    ));
#1236 = CARTESIAN_POINT('',(9.285167873405,4.112181161976,12.47213376546
    ));
#1237 = CARTESIAN_POINT('',(9.269997656284,4.146607655356,
    12.602971529756));
#1238 = CARTESIAN_POINT('',(9.246916035103,4.19844184004,12.729614685629
    ));
#1239 = CARTESIAN_POINT('',(9.215395823818,4.267794095579,
    12.849411730045));
#1240 = CARTESIAN_POINT('',(9.174694294496,4.354572352738,
    12.959086291417));
#1241 = CARTESIAN_POINT('',(9.077886893515,4.552698898958,
    13.141074804668));
#1242 = CARTESIAN_POINT('',(9.022396704239,4.663366626927,
    13.217765374975));
#1243 = CARTESIAN_POINT('',(8.958052270517,4.787424464511,13.27684049289
    ));
#1244 = CARTESIAN_POINT('',(8.886291620456,4.920007147997,
    13.313208011196));
#1245 = CARTESIAN_POINT('',(8.809513880511,5.055360006549,13.32420861496
    ));
#1246 = CARTESIAN_POINT('',(8.731092946908,5.187819069694,
    13.309677310909));
#1247 = CARTESIAN_POINT('',(8.577654316205,5.437780606657,13.23439830861
    ));
#1248 = CARTESIAN_POINT('',(8.504623666905,5.552011709667,
    13.174445464399));
#1249 = CARTESIAN_POINT('',(8.437484641432,5.653225108487,
    13.096274432528));
#1250 = CARTESIAN_POINT('',(8.377927380963,5.740369108679,
    13.003647410426));
#1251 = CARTESIAN_POINT('',(8.327205832552,5.812962195581,
    12.900215204717));
#1252 = CARTESIAN_POINT('',(8.286027293906,5.871005727821,
    12.789531725659));
#1253 = CARTESIAN_POINT('',(8.217226745331,5.967017871774,
    12.539726896188));
#1254 = CARTESIAN_POINT('',(8.192550259421,6.000647035494,
    12.395921433455));
#1255 = CARTESIAN_POINT('',(8.181404010157,6.01559867094,12.247522963947
    ));
#1256 = CARTESIAN_POINT('',(8.184130603634,6.011938570804,
    12.098148477845));
#1257 = CARTESIAN_POINT('',(8.20057248212,5.989775186465,11.95108320815)
  );
#1258 = CARTESIAN_POINT('',(8.230312335582,5.949063238348,
    11.809426592859));
#1259 = CARTESIAN_POINT('',(8.305918339671,5.842859297485,
    11.573360718208));
#1260 = CARTESIAN_POINT('',(8.347215785288,5.784202926163,
    11.474038608047));
#1261 = CARTESIAN_POINT('',(8.396511562849,5.713069840492,11.38168441396
    ));
#1262 = CARTESIAN_POINT('',(8.453131653341,5.629568909887,
    11.299245680892));
#1263 = CARTESIAN_POINT('',(8.515990079027,5.534208323957,
    11.229682217751));
#1264 = CARTESIAN_POINT('',(8.583670438875,5.427979950445,
    11.175983436129));
#1265 = CARTESIAN_POINT('',(8.725491435169,5.196944297657,
    11.106404197464));
#1266 = CARTESIAN_POINT('',(8.798244627332,5.074381911211,
    11.091278915035));
#1267 = CARTESIAN_POINT('',(8.869901145874,4.948834265002,
    11.098085064695));
#1268 = CARTESIAN_POINT('',(8.937639784953,4.824954584487,
    11.126929894733));
#1269 = CARTESIAN_POINT('',(8.999338536618,4.707521826964,
    11.175903199307));
#1270 = CARTESIAN_POINT('',(9.053630271634,4.600726431375,
    11.241118813833));
#1271 = CARTESIAN_POINT('',(9.158002602818,4.390003934697,
    11.411621780614));
#1272 = CARTESIAN_POINT('',(9.204633958521,4.29142553444,11.524741487496
    ));
#1273 = CARTESIAN_POINT('',(9.240626722624,4.212556341389,
    11.650432272024));
#1274 = CARTESIAN_POINT('',(9.266909671075,4.153615783782,
    11.784548267868));
#1275 = CARTESIAN_POINT('',(9.284144774747,4.114502729593,
    11.923764832531));
#1276 = CARTESIAN_POINT('',(9.29274091747,4.094995877993,12.065312799027
    ));
#1277 = CARTESIAN_POINT('',(9.29274091747,4.094995877993,12.206666666667
    ));
#1278 = PCURVE('',#187,#1279);
#1279 = DEFINITIONAL_REPRESENTATION('',(#1280),#1325);
#1280 = B_SPLINE_CURVE_WITH_KNOTS('',7,(#1281,#1282,#1283,#1284,#1285,
    #1286,#1287,#1288,#1289,#1290,#1291,#1292,#1293,#1294,#1295,#1296,
    #1297,#1298,#1299,#1300,#1301,#1302,#1303,#1304,#1305,#1306,#1307,
    #1308,#1309,#1310,#1311,#1312,#1313,#1314,#1315,#1316,#1317,#1318,
    #1319,#1320,#1321,#1322,#1323,#1324),.UNSPECIFIED.,.T.,.F.,(8,6,6,6,
    6,6,6,8),(0.,0.150160167192,0.287218899034,0.424790812825,
    0.587339213798,0.713979364915,0.840848125634,1.),.UNSPECIFIED.);
#1281 = CARTESIAN_POINT('',(-0.415064795343,-7.706666666667));
#1282 = CARTESIAN_POINT('',(-0.415064795343,-7.839342354418));
#1283 = CARTESIAN_POINT('',(-0.416914123072,-7.97213376546));
#1284 = CARTESIAN_POINT('',(-0.42061876658,-8.102971529756));
#1285 = CARTESIAN_POINT('',(-0.426206237414,-8.229614685629));
#1286 = CARTESIAN_POINT('',(-0.43370735243,-8.349411730045));
#1287 = CARTESIAN_POINT('',(-0.443144780005,-8.459086291417));
#1288 = CARTESIAN_POINT('',(-0.464859461187,-8.641074804668));
#1289 = CARTESIAN_POINT('',(-0.477049864547,-8.717765374975));
#1290 = CARTESIAN_POINT('',(-0.490809696405,-8.77684049289));
#1291 = CARTESIAN_POINT('',(-0.505650503856,-8.813208011196));
#1292 = CARTESIAN_POINT('',(-0.520969874498,-8.82420861496));
#1293 = CARTESIAN_POINT('',(-0.536126260351,-8.809677310909));
#1294 = CARTESIAN_POINT('',(-0.565008465703,-8.73439830861));
#1295 = CARTESIAN_POINT('',(-0.578357392117,-8.674445464399));
#1296 = CARTESIAN_POINT('',(-0.590315271063,-8.596274432528));
#1297 = CARTESIAN_POINT('',(-0.600708231557,-8.503647410426));
#1298 = CARTESIAN_POINT('',(-0.609428430267,-8.400215204717));
#1299 = CARTESIAN_POINT('',(-0.616436416209,-8.289531725659));
#1300 = CARTESIAN_POINT('',(-0.628067921672,-8.039726896188));
#1301 = CARTESIAN_POINT('',(-0.632175143506,-7.895921433455));
#1302 = CARTESIAN_POINT('',(-0.634011684629,-7.747522963947));
#1303 = CARTESIAN_POINT('',(-0.633562233604,-7.598148477845));
#1304 = CARTESIAN_POINT('',(-0.630844639237,-7.451083208149));
#1305 = CARTESIAN_POINT('',(-0.62588021853,-7.309426592859));
#1306 = CARTESIAN_POINT('',(-0.613042506812,-7.073360718208));
#1307 = CARTESIAN_POINT('',(-0.605978521384,-6.974038608047));
#1308 = CARTESIAN_POINT('',(-0.597456463946,-6.88168441396));
#1309 = CARTESIAN_POINT('',(-0.587522864416,-6.799245680892));
#1310 = CARTESIAN_POINT('',(-0.576277695817,-6.729682217751));
#1311 = CARTESIAN_POINT('',(-0.563876033214,-6.675983436129));
#1312 = CARTESIAN_POINT('',(-0.537180649402,-6.606404197464));
#1313 = CARTESIAN_POINT('',(-0.523146815434,-6.591278915035));
#1314 = CARTESIAN_POINT('',(-0.508915111119,-6.598085064695));
#1315 = CARTESIAN_POINT('',(-0.495015489113,-6.626929894733));
#1316 = CARTESIAN_POINT('',(-0.481954420497,-6.675903199307));
#1317 = CARTESIAN_POINT('',(-0.470157596227,-6.741118813833));
#1318 = CARTESIAN_POINT('',(-0.447001090091,-6.911621780614));
#1319 = CARTESIAN_POINT('',(-0.436264161325,-7.024741487496));
#1320 = CARTESIAN_POINT('',(-0.427727886467,-7.150432272024));
#1321 = CARTESIAN_POINT('',(-0.421372900355,-7.284548267868));
#1322 = CARTESIAN_POINT('',(-0.417163953153,-7.423764832531));
#1323 = CARTESIAN_POINT('',(-0.415064795343,-7.565312799027));
#1324 = CARTESIAN_POINT('',(-0.415064795343,-7.706666666667));
#1325 = ( GEOMETRIC_REPRESENTATION_CONTEXT(2) 
PARAMETRIC_REPRESENTATION_CONTEXT() REPRESENTATION_CONTEXT('2D SPACE',''
  ) );
#1326 = PCURVE('',#354,#1327);
#1327 = DEFINITIONAL_REPRESENTATION('',(#1328),#1373);
#1328 = B_SPLINE_CURVE_WITH_KNOTS('',7,(#1329,#1330,#1331,#1332,#1333,
    #1334,#1335,#1336,#1337,#1338,#1339,#1340,#1341,#1342,#1343,#1344,
    #1345,#1346,#1347,#1348,#1349,#1350,#1351,#1352,#1353,#1354,#1355,
    #1356,#1357,#1358,#1359,#1360,#1361,#1362,#1363,#1364,#1365,#1366,
    #1367,#1368,#1369,#1370,#1371,#1372),.UNSPECIFIED.,.F.,.F.,(8,6,6,6,
    6,6,6,8),(0.,0.150160167192,0.287218899034,0.424790812825,
    0.587339213798,0.713979364915,0.840848125634,1.),.UNSPECIFIED.);
#1329 = CARTESIAN_POINT('',(0.,-10.09524764431));
#1330 = CARTESIAN_POINT('',(0.120614261592,-10.09524764431));
#1331 = CARTESIAN_POINT('',(0.241333371455,-10.09728183776));
#1332 = CARTESIAN_POINT('',(0.363144384261,-10.10135729104));
#1333 = CARTESIAN_POINT('',(0.486891790081,-10.10728511308));
#1334 = CARTESIAN_POINT('',(0.613499880663,-10.11466393714));
#1335 = CARTESIAN_POINT('',(0.743950701715,-10.12280450735));
#1336 = CARTESIAN_POINT('',(1.003501809951,-10.13803011194));
#1337 = CARTESIAN_POINT('',(1.134510691679,-10.14530806235));
#1338 = CARTESIAN_POINT('',(1.269634928465,-10.15161306695));
#1339 = CARTESIAN_POINT('',(1.407205875862,-10.15575786275));
#1340 = CARTESIAN_POINT('',(1.545970082663,-10.15694281878));
#1341 = CARTESIAN_POINT('',(1.684788889756,-10.15525782967));
#1342 = CARTESIAN_POINT('',(1.959972804211,-10.14735684604));
#1343 = CARTESIAN_POINT('',(2.092788586612,-10.141226));
#1344 = CARTESIAN_POINT('',(2.221477766343,-10.13368859776));
#1345 = CARTESIAN_POINT('',(2.346531106844,-10.12568249731));
#1346 = CARTESIAN_POINT('',(2.468251166771,-10.11805289132));
#1347 = CARTESIAN_POINT('',(2.586722243455,-10.11141299688));
#1348 = CARTESIAN_POINT('',(2.837704239296,-10.099836046));
#1349 = CARTESIAN_POINT('',(2.972042443322,-10.09528016418));
#1350 = CARTESIAN_POINT('',(3.105385565683,-10.09310304689));
#1351 = CARTESIAN_POINT('',(3.238368767494,-10.09363429603));
#1352 = CARTESIAN_POINT('',(3.371790358282,-10.09679168832));
#1353 = CARTESIAN_POINT('',(3.506594374492,-10.10219118286));
#1354 = CARTESIAN_POINT('',(3.751491903495,-10.11456593265));
#1355 = CARTESIAN_POINT('',(3.861907691,-10.12100238401));
#1356 = CARTESIAN_POINT('',(3.975267038192,-10.12812723684));
#1357 = CARTESIAN_POINT('',(4.091592506294,-10.13541120827));
#1358 = CARTESIAN_POINT('',(4.211057625873,-10.14216790879));
#1359 = CARTESIAN_POINT('',(4.334002094733,-10.147666633));
#1360 = CARTESIAN_POINT('',(4.588350408019,-10.15496939218));
#1361 = CARTESIAN_POINT('',(4.717261630036,-10.15669431158));
#1362 = CARTESIAN_POINT('',(4.84637889417,-10.15597685388));
#1363 = CARTESIAN_POINT('',(4.974634743681,-10.15270039588));
#1364 = CARTESIAN_POINT('',(5.100901529273,-10.14741670345));
#1365 = CARTESIAN_POINT('',(5.223736592454,-10.14103702739));
#1366 = CARTESIAN_POINT('',(5.487442931579,-10.12606486931));
#1367 = CARTESIAN_POINT('',(5.627825257789,-10.11715960783));
#1368 = CARTESIAN_POINT('',(5.763614393202,-10.10889565937));
#1369 = CARTESIAN_POINT('',(5.895973164801,-10.10218708161));
#1370 = CARTESIAN_POINT('',(6.026002438363,-10.09755659214));
#1371 = CARTESIAN_POINT('',(6.154681791144,-10.09524764431));
#1372 = CARTESIAN_POINT('',(6.28318530718,-10.09524764431));
#1373 = ( GEOMETRIC_REPRESENTATION_CONTEXT(2) 
PARAMETRIC_REPRESENTATION_CONTEXT() REPRESENTATION_CONTEXT('2D SPACE',''
  ) );
#1374 = FACE_BOUND('',#1375,.T.);
#1375 = EDGE_LOOP('',(#1376));
#1376 = ORIENTED_EDGE('',*,*,#1377,.F.);
#1377 = EDGE_CURVE('',#1378,#1378,#1380,.T.);
#1378 = VERTEX_POINT('',#1379);
#1379 = CARTESIAN_POINT('',(-8.19274091747,6.000251766319,
    12.206666666667));
#1380 = SURFACE_CURVE('',#1381,(#1426,#1474),.PCURVE_S1.);
#1381 = B_SPLINE_CURVE_WITH_KNOTS('',7,(#1382,#1383,#1384,#1385,#1386,
    #1387,#1388,#1389,#1390,#1391,#1392,#1393,#1394,#1395,#1396,#1397,
    #1398,#1399,#1400,#1401,#1402,#1403,#1404,#1405,#1406,#1407,#1408,
    #1409,#1410,#1411,#1412,#1413,#1414,#1415,#1416,#1417,#1418,#1419,
    #1420,#1421,#1422,#1423,#1424,#1425),.UNSPECIFIED.,.T.,.F.,(8,6,6,6,
    6,6,6,8),(0.,0.150160167195,0.28721889904,0.424790812833,
    0.587339213801,0.713979364918,0.840848125635,1.),.UNSPECIFIED.);
#1382 = CARTESIAN_POINT('',(-8.19274091747,6.000251766319,
    12.206666666667));
#1383 = CARTESIAN_POINT('',(-8.19274091747,6.000251766319,
    12.339342354418));
#1384 = CARTESIAN_POINT('',(-8.203837287938,5.985100675784,
    12.47213376546));
#1385 = CARTESIAN_POINT('',(-8.226066397207,5.954749635686,
    12.602971529756));
#1386 = CARTESIAN_POINT('',(-8.259415307337,5.908843273041,
    12.729614685629));
#1387 = CARTESIAN_POINT('',(-8.303716016802,5.846869841565,
    12.849411730045));
#1388 = CARTESIAN_POINT('',(-8.358517427337,5.76823215462,
    12.959086291417));
#1389 = CARTESIAN_POINT('',(-8.481696349037,5.585331212987,
    13.141074804668));
#1390 = CARTESIAN_POINT('',(-8.549792318199,5.481941435429,
    13.217765374975));
#1391 = CARTESIAN_POINT('',(-8.625057340224,5.364188602441,
    13.27684049289));
#1392 = CARTESIAN_POINT('',(-8.703996987194,5.235750714754,
    13.313208011196));
#1393 = CARTESIAN_POINT('',(-8.782827131203,5.10158281224,13.32420861496
    ));
#1394 = CARTESIAN_POINT('',(-8.858329578046,4.967438759978,
    13.309677310909));
#1395 = CARTESIAN_POINT('',(-8.998083303673,4.709576239388,
    13.234398308611));
#1396 = CARTESIAN_POINT('',(-9.060495016133,4.589214290333,
    13.174445464399));
#1397 = CARTESIAN_POINT('',(-9.114578877978,4.480463489277,
    13.096274432527));
#1398 = CARTESIAN_POINT('',(-9.160269165697,4.385313388635,
    13.003647410425));
#1399 = CARTESIAN_POINT('',(-9.197775848887,4.305090695741,
    12.900215204716));
#1400 = CARTESIAN_POINT('',(-9.227453753009,4.240407269064,
    12.789531725661));
#1401 = CARTESIAN_POINT('',(-9.276202434457,4.132818174227,
    12.53972689619));
#1402 = CARTESIAN_POINT('',(-9.292987901592,4.094633128693,
    12.395921433457));
#1403 = CARTESIAN_POINT('',(-9.300363273084,4.077504375949,
    12.247522963947));
#1404 = CARTESIAN_POINT('',(-9.298556830125,4.081695725234,
    12.098148477845));
#1405 = CARTESIAN_POINT('',(-9.287583715496,4.10701650186,
    11.951083208147));
#1406 = CARTESIAN_POINT('',(-9.26719606092,4.153127944522,
    11.809426592857));
#1407 = CARTESIAN_POINT('',(-9.213023752196,4.271706635171,
    11.573360718208));
#1408 = CARTESIAN_POINT('',(-9.182874567345,4.336799457848,
    11.474038608047));
#1409 = CARTESIAN_POINT('',(-9.145919396885,4.415057396351,
    11.38168441396));
#1410 = CARTESIAN_POINT('',(-9.101915514988,4.505842298384,
    11.299245680892));
#1411 = CARTESIAN_POINT('',(-9.050760037896,4.607959584835,
    11.229682217751));
#1412 = CARTESIAN_POINT('',(-8.992603747755,4.719686682557,
    11.175983436129));
#1413 = CARTESIAN_POINT('',(-8.863431501408,4.958025094532,
    11.106404197464));
#1414 = CARTESIAN_POINT('',(-8.793665957279,5.082312400374,
    11.091278915035));
#1415 = CARTESIAN_POINT('',(-8.720766765548,5.207142588883,
    11.098085064695));
#1416 = CARTESIAN_POINT('',(-8.647353134748,5.3277458114,11.126929894733
    ));
#1417 = CARTESIAN_POINT('',(-8.57650275933,5.439894876486,
    11.175903199307));
#1418 = CARTESIAN_POINT('',(-8.51116110125,5.540310596019,
    11.241118813833));
#1419 = CARTESIAN_POINT('',(-8.38085623157,5.736060934616,
    11.411621780614));
#1420 = CARTESIAN_POINT('',(-8.318800510535,5.825734073396,
    11.524741487495));
#1421 = CARTESIAN_POINT('',(-8.268494167828,5.896339317988,
    11.650432272025));
#1422 = CARTESIAN_POINT('',(-8.230591621853,5.948571297835,
    11.784548267867));
#1423 = CARTESIAN_POINT('',(-8.205336275142,5.983053862547,
    11.923764832532));
#1424 = CARTESIAN_POINT('',(-8.19274091747,6.000251766319,
    12.065312799027));
#1425 = CARTESIAN_POINT('',(-8.19274091747,6.000251766319,
    12.206666666667));
#1426 = PCURVE('',#187,#1427);
#1427 = DEFINITIONAL_REPRESENTATION('',(#1428),#1473);
#1428 = B_SPLINE_CURVE_WITH_KNOTS('',7,(#1429,#1430,#1431,#1432,#1433,
    #1434,#1435,#1436,#1437,#1438,#1439,#1440,#1441,#1442,#1443,#1444,
    #1445,#1446,#1447,#1448,#1449,#1450,#1451,#1452,#1453,#1454,#1455,
    #1456,#1457,#1458,#1459,#1460,#1461,#1462,#1463,#1464,#1465,#1466,
    #1467,#1468,#1469,#1470,#1471,#1472),.UNSPECIFIED.,.T.,.F.,(8,6,6,6,
    6,6,6,8),(0.,0.150160167195,0.28721889904,0.424790812833,
    0.587339213801,0.713979364918,0.840848125635,1.),.UNSPECIFIED.);
#1429 = CARTESIAN_POINT('',(-2.509459897736,-7.706666666667));
#1430 = CARTESIAN_POINT('',(-2.509459897736,-7.839342354418));
#1431 = CARTESIAN_POINT('',(-2.511309225465,-7.97213376546));
#1432 = CARTESIAN_POINT('',(-2.515013868974,-8.102971529756));
#1433 = CARTESIAN_POINT('',(-2.520601339807,-8.229614685629));
#1434 = CARTESIAN_POINT('',(-2.528102454823,-8.349411730045));
#1435 = CARTESIAN_POINT('',(-2.537539882398,-8.459086291417));
#1436 = CARTESIAN_POINT('',(-2.55925456358,-8.641074804668));
#1437 = CARTESIAN_POINT('',(-2.57144496694,-8.717765374975));
#1438 = CARTESIAN_POINT('',(-2.585204798798,-8.77684049289));
#1439 = CARTESIAN_POINT('',(-2.600045606249,-8.813208011196));
#1440 = CARTESIAN_POINT('',(-2.615364976891,-8.82420861496));
#1441 = CARTESIAN_POINT('',(-2.630521362744,-8.809677310909));
#1442 = CARTESIAN_POINT('',(-2.659403568096,-8.734398308611));
#1443 = CARTESIAN_POINT('',(-2.67275249451,-8.674445464399));
#1444 = CARTESIAN_POINT('',(-2.684710373457,-8.596274432527));
#1445 = CARTESIAN_POINT('',(-2.69510333395,-8.503647410425));
#1446 = CARTESIAN_POINT('',(-2.70382353266,-8.400215204716));
#1447 = CARTESIAN_POINT('',(-2.710831518602,-8.289531725661));
#1448 = CARTESIAN_POINT('',(-2.722463024065,-8.03972689619));
#1449 = CARTESIAN_POINT('',(-2.726570245899,-7.895921433457));
#1450 = CARTESIAN_POINT('',(-2.728406787022,-7.747522963947));
#1451 = CARTESIAN_POINT('',(-2.727957335997,-7.598148477845));
#1452 = CARTESIAN_POINT('',(-2.725239741631,-7.451083208147));
#1453 = CARTESIAN_POINT('',(-2.720275320923,-7.309426592857));
#1454 = CARTESIAN_POINT('',(-2.707437609205,-7.073360718208));
#1455 = CARTESIAN_POINT('',(-2.700373623777,-6.974038608047));
#1456 = CARTESIAN_POINT('',(-2.691851566339,-6.88168441396));
#1457 = CARTESIAN_POINT('',(-2.681917966809,-6.799245680892));
#1458 = CARTESIAN_POINT('',(-2.67067279821,-6.729682217751));
#1459 = CARTESIAN_POINT('',(-2.658271135608,-6.675983436129));
#1460 = CARTESIAN_POINT('',(-2.631575751796,-6.606404197464));
#1461 = CARTESIAN_POINT('',(-2.617541917827,-6.591278915035));
#1462 = CARTESIAN_POINT('',(-2.603310213512,-6.598085064695));
#1463 = CARTESIAN_POINT('',(-2.589410591506,-6.626929894733));
#1464 = CARTESIAN_POINT('',(-2.57634952289,-6.675903199307));
#1465 = CARTESIAN_POINT('',(-2.56455269862,-6.741118813833));
#1466 = CARTESIAN_POINT('',(-2.541396192484,-6.911621780614));
#1467 = CARTESIAN_POINT('',(-2.530659263718,-7.024741487495));
#1468 = CARTESIAN_POINT('',(-2.52212298886,-7.150432272025));
#1469 = CARTESIAN_POINT('',(-2.515768002748,-7.284548267867));
#1470 = CARTESIAN_POINT('',(-2.511559055547,-7.423764832531));
#1471 = CARTESIAN_POINT('',(-2.509459897736,-7.565312799027));
#1472 = CARTESIAN_POINT('',(-2.509459897736,-7.706666666667));
#1473 = ( GEOMETRIC_REPRESENTATION_CONTEXT(2) 
PARAMETRIC_REPRESENTATION_CONTEXT() REPRESENTATION_CONTEXT('2D SPACE',''
  ) );
#1474 = PCURVE('',#507,#1475);
#1475 = DEFINITIONAL_REPRESENTATION('',(#1476),#1521);
#1476 = B_SPLINE_CURVE_WITH_KNOTS('',7,(#1477,#1478,#1479,#1480,#1481,
    #1482,#1483,#1484,#1485,#1486,#1487,#1488,#1489,#1490,#1491,#1492,
    #1493,#1494,#1495,#1496,#1497,#1498,#1499,#1500,#1501,#1502,#1503,
    #1504,#1505,#1506,#1507,#1508,#1509,#1510,#1511,#1512,#1513,#1514,
    #1515,#1516,#1517,#1518,#1519,#1520),.UNSPECIFIED.,.F.,.F.,(8,6,6,6,
    6,6,6,8),(0.,0.150160167195,0.28721889904,0.424790812833,
    0.587339213801,0.713979364918,0.840848125635,1.),.UNSPECIFIED.);
#1477 = CARTESIAN_POINT('',(0.,-10.09524764431));
#1478 = CARTESIAN_POINT('',(0.120614261592,-10.09524764431));
#1479 = CARTESIAN_POINT('',(0.241333371455,-10.09728183776));
#1480 = CARTESIAN_POINT('',(0.363144384261,-10.10135729104));
#1481 = CARTESIAN_POINT('',(0.486891790081,-10.10728511308));
#1482 = CARTESIAN_POINT('',(0.613499880663,-10.11466393714));
#1483 = CARTESIAN_POINT('',(0.743950701715,-10.12280450735));
#1484 = CARTESIAN_POINT('',(1.003501809951,-10.13803011194));
#1485 = CARTESIAN_POINT('',(1.134510691679,-10.14530806235));
#1486 = CARTESIAN_POINT('',(1.269634928465,-10.15161306695));
#1487 = CARTESIAN_POINT('',(1.407205875861,-10.15575786275));
#1488 = CARTESIAN_POINT('',(1.545970082663,-10.15694281878));
#1489 = CARTESIAN_POINT('',(1.684788889756,-10.15525782967));
#1490 = CARTESIAN_POINT('',(1.959972804209,-10.14735684604));
#1491 = CARTESIAN_POINT('',(2.092788586612,-10.141226));
#1492 = CARTESIAN_POINT('',(2.221477766344,-10.13368859776));
#1493 = CARTESIAN_POINT('',(2.346531106845,-10.12568249731));
#1494 = CARTESIAN_POINT('',(2.468251166772,-10.11805289132));
#1495 = CARTESIAN_POINT('',(2.586722243453,-10.11141299688));
#1496 = CARTESIAN_POINT('',(2.837704239294,-10.099836046));
#1497 = CARTESIAN_POINT('',(2.97204244332,-10.09528016418));
#1498 = CARTESIAN_POINT('',(3.105385565682,-10.09310304689));
#1499 = CARTESIAN_POINT('',(3.238368767494,-10.09363429603));
#1500 = CARTESIAN_POINT('',(3.371790358284,-10.09679168832));
#1501 = CARTESIAN_POINT('',(3.506594374494,-10.10219118286));
#1502 = CARTESIAN_POINT('',(3.751491903495,-10.11456593265));
#1503 = CARTESIAN_POINT('',(3.861907691,-10.12100238401));
#1504 = CARTESIAN_POINT('',(3.975267038192,-10.12812723684));
#1505 = CARTESIAN_POINT('',(4.091592506294,-10.13541120827));
#1506 = CARTESIAN_POINT('',(4.211057625873,-10.14216790879));
#1507 = CARTESIAN_POINT('',(4.334002094733,-10.147666633));
#1508 = CARTESIAN_POINT('',(4.588350408019,-10.15496939218));
#1509 = CARTESIAN_POINT('',(4.717261630036,-10.15669431158));
#1510 = CARTESIAN_POINT('',(4.84637889417,-10.15597685388));
#1511 = CARTESIAN_POINT('',(4.97463474368,-10.15270039588));
#1512 = CARTESIAN_POINT('',(5.100901529273,-10.14741670345));
#1513 = CARTESIAN_POINT('',(5.223736592454,-10.14103702739));
#1514 = CARTESIAN_POINT('',(5.487442931579,-10.12606486931));
#1515 = CARTESIAN_POINT('',(5.627825257789,-10.11715960783));
#1516 = CARTESIAN_POINT('',(5.763614393203,-10.10889565937));
#1517 = CARTESIAN_POINT('',(5.8959731648,-10.10218708161));
#1518 = CARTESIAN_POINT('',(6.026002438364,-10.09755659214));
#1519 = CARTESIAN_POINT('',(6.154681791144,-10.09524764431));
#1520 = CARTESIAN_POINT('',(6.28318530718,-10.09524764431));
#1521 = ( GEOMETRIC_REPRESENTATION_CONTEXT(2) 
PARAMETRIC_REPRESENTATION_CONTEXT() REPRESENTATION_CONTEXT('2D SPACE',''
  ) );
#1522 = FACE_BOUND('',#1523,.T.);
#1523 = EDGE_LOOP('',(#1524));
#1524 = ORIENTED_EDGE('',*,*,#1525,.F.);
#1525 = EDGE_CURVE('',#1526,#1526,#1528,.T.);
#1526 = VERTEX_POINT('',#1527);
#1527 = CARTESIAN_POINT('',(-1.1,-10.09524764431,12.206666666667));
#1528 = SURFACE_CURVE('',#1529,(#1574,#1622),.PCURVE_S1.);
#1529 = B_SPLINE_CURVE_WITH_KNOTS('',7,(#1530,#1531,#1532,#1533,#1534,
    #1535,#1536,#1537,#1538,#1539,#1540,#1541,#1542,#1543,#1544,#1545,
    #1546,#1547,#1548,#1549,#1550,#1551,#1552,#1553,#1554,#1555,#1556,
    #1557,#1558,#1559,#1560,#1561,#1562,#1563,#1564,#1565,#1566,#1567,
    #1568,#1569,#1570,#1571,#1572,#1573),.UNSPECIFIED.,.T.,.F.,(8,6,6,6,
    6,6,6,8),(0.,0.150160167245,0.287218899135,0.424790812954,
    0.587339213929,0.713979365021,0.840848125692,1.),.UNSPECIFIED.);
#1530 = CARTESIAN_POINT('',(-1.1,-10.09524764431,12.206666666667));
#1531 = CARTESIAN_POINT('',(-1.1,-10.09524764431,12.339342354418));
#1532 = CARTESIAN_POINT('',(-1.081330585467,-10.09728183776,
    12.47213376546));
#1533 = CARTESIAN_POINT('',(-1.043931259077,-10.10135729104,
    12.602971529756));
#1534 = CARTESIAN_POINT('',(-0.987500727766,-10.10728511308,
    12.729614685629));
#1535 = CARTESIAN_POINT('',(-0.911679807016,-10.11466393714,
    12.849411730045));
#1536 = CARTESIAN_POINT('',(-0.816176867159,-10.12280450735,
    12.959086291417));
#1537 = CARTESIAN_POINT('',(-0.596190544479,-10.13803011194,
    13.141074804668));
#1538 = CARTESIAN_POINT('',(-0.47260438604,-10.14530806235,
    13.217765374975));
#1539 = CARTESIAN_POINT('',(-0.332994930293,-10.15161306695,
    13.27684049289));
#1540 = CARTESIAN_POINT('',(-0.182294633262,-10.15575786275,
    13.313208011196));
#1541 = CARTESIAN_POINT('',(-2.668674930821E-02,-10.15694281878,
    13.32420861496));
#1542 = CARTESIAN_POINT('',(0.127236631138,-10.15525782967,
    13.309677310909));
#1543 = CARTESIAN_POINT('',(0.420428987446,-10.14735684604,
    13.234398308616));
#1544 = CARTESIAN_POINT('',(0.555871349226,-10.141226,13.174445464407));
#1545 = CARTESIAN_POINT('',(0.677094236562,-10.13368859776,
    13.096274432521));
#1546 = CARTESIAN_POINT('',(0.782341784746,-10.12568249731,
    13.003647410409));
#1547 = CARTESIAN_POINT('',(0.87057001633,-10.11805289132,
    12.900215204713));
#1548 = CARTESIAN_POINT('',(0.941426459093,-10.11141299688,
    12.789531725681));
#1549 = CARTESIAN_POINT('',(1.058975689127,-10.099836046,12.539726896187
    ));
#1550 = CARTESIAN_POINT('',(1.100437642171,-10.09528016418,
    12.395921433454));
#1551 = CARTESIAN_POINT('',(1.118959262927,-10.09310304689,
    12.247522963947));
#1552 = CARTESIAN_POINT('',(1.114426226491,-10.09363429603,
    12.098148477846));
#1553 = CARTESIAN_POINT('',(1.087011233376,-10.09679168832,
    11.951083208151));
#1554 = CARTESIAN_POINT('',(1.036883725339,-10.10219118286,
    11.80942659286));
#1555 = CARTESIAN_POINT('',(0.907105412537,-10.11456593265,
    11.573360718229));
#1556 = CARTESIAN_POINT('',(0.835658782063,-10.12100238401,
    11.474038608043));
#1557 = CARTESIAN_POINT('',(0.749407834023,-10.12812723684,
    11.381684413944));
#1558 = CARTESIAN_POINT('',(0.64878386163,-10.13541120827,
    11.299245680885));
#1559 = CARTESIAN_POINT('',(0.53476995887,-10.14216790879,
    11.229682217758));
#1560 = CARTESIAN_POINT('',(0.408933308903,-10.147666633,11.175983436135
    ));
#1561 = CARTESIAN_POINT('',(0.137940066239,-10.15496939218,
    11.106404197464));
#1562 = CARTESIAN_POINT('',(-4.578670053398E-03,-10.15669431158,
    11.091278915035));
#1563 = CARTESIAN_POINT('',(-0.149134380325,-10.15597685388,
    11.098085064695));
#1564 = CARTESIAN_POINT('',(-0.290286650205,-10.15270039588,
    11.126929894733));
#1565 = CARTESIAN_POINT('',(-0.422835777288,-10.14741670345,
    11.175903199307));
#1566 = CARTESIAN_POINT('',(-0.542469170384,-10.14103702739,
    11.241118813833));
#1567 = CARTESIAN_POINT('',(-0.777146371248,-10.12606486931,
    11.411621780613));
#1568 = CARTESIAN_POINT('',(-0.885833447986,-10.11715960783,
    11.524741487496));
#1569 = CARTESIAN_POINT('',(-0.972132554795,-10.10889565937,
    11.650432272024));
#1570 = CARTESIAN_POINT('',(-1.036318049223,-10.10218708161,
    11.784548267868));
#1571 = CARTESIAN_POINT('',(-1.078808499605,-10.09755659214,
    11.923764832531));
#1572 = CARTESIAN_POINT('',(-1.1,-10.09524764431,12.065312799027));
#1573 = CARTESIAN_POINT('',(-1.1,-10.09524764431,12.206666666667));
#1574 = PCURVE('',#187,#1575);
#1575 = DEFINITIONAL_REPRESENTATION('',(#1576),#1621);
#1576 = B_SPLINE_CURVE_WITH_KNOTS('',7,(#1577,#1578,#1579,#1580,#1581,
    #1582,#1583,#1584,#1585,#1586,#1587,#1588,#1589,#1590,#1591,#1592,
    #1593,#1594,#1595,#1596,#1597,#1598,#1599,#1600,#1601,#1602,#1603,
    #1604,#1605,#1606,#1607,#1608,#1609,#1610,#1611,#1612,#1613,#1614,
    #1615,#1616,#1617,#1618,#1619,#1620),.UNSPECIFIED.,.T.,.F.,(8,6,6,6,
    6,6,6,8),(0.,0.150160167245,0.287218899135,0.424790812954,
    0.587339213929,0.713979365021,0.840848125692,1.),.UNSPECIFIED.);
#1577 = CARTESIAN_POINT('',(-4.603855000129,-7.706666666667));
#1578 = CARTESIAN_POINT('',(-4.603855000129,-7.839342354418));
#1579 = CARTESIAN_POINT('',(-4.605704327858,-7.97213376546));
#1580 = CARTESIAN_POINT('',(-4.609408971367,-8.102971529756));
#1581 = CARTESIAN_POINT('',(-4.6149964422,-8.229614685629));
#1582 = CARTESIAN_POINT('',(-4.622497557216,-8.349411730045));
#1583 = CARTESIAN_POINT('',(-4.631934984791,-8.459086291417));
#1584 = CARTESIAN_POINT('',(-4.653649665973,-8.641074804668));
#1585 = CARTESIAN_POINT('',(-4.665840069333,-8.717765374975));
#1586 = CARTESIAN_POINT('',(-4.679599901191,-8.77684049289));
#1587 = CARTESIAN_POINT('',(-4.694440708642,-8.813208011196));
#1588 = CARTESIAN_POINT('',(-4.709760079284,-8.82420861496));
#1589 = CARTESIAN_POINT('',(-4.724916465137,-8.809677310909));
#1590 = CARTESIAN_POINT('',(-4.753798670487,-8.734398308616));
#1591 = CARTESIAN_POINT('',(-4.767147596903,-8.674445464407));
#1592 = CARTESIAN_POINT('',(-4.779105475851,-8.596274432521));
#1593 = CARTESIAN_POINT('',(-4.789498436345,-8.503647410409));
#1594 = CARTESIAN_POINT('',(-4.798218635053,-8.400215204713));
#1595 = CARTESIAN_POINT('',(-4.805226620994,-8.289531725681));
#1596 = CARTESIAN_POINT('',(-4.816858126458,-8.039726896187));
#1597 = CARTESIAN_POINT('',(-4.820965348293,-7.895921433454));
#1598 = CARTESIAN_POINT('',(-4.822801889415,-7.747522963947));
#1599 = CARTESIAN_POINT('',(-4.822352438391,-7.598148477846));
#1600 = CARTESIAN_POINT('',(-4.819634844024,-7.451083208151));
#1601 = CARTESIAN_POINT('',(-4.814670423316,-7.30942659286));
#1602 = CARTESIAN_POINT('',(-4.8018327116,-7.073360718229));
#1603 = CARTESIAN_POINT('',(-4.794768726171,-6.974038608043));
#1604 = CARTESIAN_POINT('',(-4.786246668731,-6.881684413944));
#1605 = CARTESIAN_POINT('',(-4.776313069201,-6.799245680885));
#1606 = CARTESIAN_POINT('',(-4.765067900603,-6.729682217758));
#1607 = CARTESIAN_POINT('',(-4.752666238003,-6.675983436135));
#1608 = CARTESIAN_POINT('',(-4.725970854189,-6.606404197464));
#1609 = CARTESIAN_POINT('',(-4.71193702022,-6.591278915035));
#1610 = CARTESIAN_POINT('',(-4.697705315906,-6.598085064695));
#1611 = CARTESIAN_POINT('',(-4.683805693899,-6.626929894733));
#1612 = CARTESIAN_POINT('',(-4.670744625283,-6.675903199307));
#1613 = CARTESIAN_POINT('',(-4.658947801013,-6.741118813833));
#1614 = CARTESIAN_POINT('',(-4.635791294878,-6.911621780613));
#1615 = CARTESIAN_POINT('',(-4.625054366111,-7.024741487496));
#1616 = CARTESIAN_POINT('',(-4.616518091253,-7.150432272024));
#1617 = CARTESIAN_POINT('',(-4.610163105141,-7.284548267868));
#1618 = CARTESIAN_POINT('',(-4.60595415794,-7.423764832531));
#1619 = CARTESIAN_POINT('',(-4.603855000129,-7.565312799027));
#1620 = CARTESIAN_POINT('',(-4.603855000129,-7.706666666667));
#1621 = ( GEOMETRIC_REPRESENTATION_CONTEXT(2) 
PARAMETRIC_REPRESENTATION_CONTEXT() REPRESENTATION_CONTEXT('2D SPACE',''
  ) );
#1622 = PCURVE('',#660,#1623);
#1623 = DEFINITIONAL_REPRESENTATION('',(#1624),#1669);
#1624 = B_SPLINE_CURVE_WITH_KNOTS('',7,(#1625,#1626,#1627,#1628,#1629,
    #1630,#1631,#1632,#1633,#1634,#1635,#1636,#1637,#1638,#1639,#1640,
    #1641,#1642,#1643,#1644,#1645,#1646,#1647,#1648,#1649,#1650,#1651,
    #1652,#1653,#1654,#1655,#1656,#1657,#1658,#1659,#1660,#1661,#1662,
    #1663,#1664,#1665,#1666,#1667,#1668),.UNSPECIFIED.,.F.,.F.,(8,6,6,6,
    6,6,6,8),(0.,0.150160167245,0.287218899135,0.424790812954,
    0.587339213929,0.713979365021,0.840848125692,1.),.UNSPECIFIED.);
#1625 = CARTESIAN_POINT('',(0.,-10.09524764431));
#1626 = CARTESIAN_POINT('',(0.120614261592,-10.09524764431));
#1627 = CARTESIAN_POINT('',(0.241333371455,-10.09728183776));
#1628 = CARTESIAN_POINT('',(0.363144384261,-10.10135729104));
#1629 = CARTESIAN_POINT('',(0.486891790081,-10.10728511308));
#1630 = CARTESIAN_POINT('',(0.613499880663,-10.11466393714));
#1631 = CARTESIAN_POINT('',(0.743950701715,-10.12280450735));
#1632 = CARTESIAN_POINT('',(1.003501809951,-10.13803011194));
#1633 = CARTESIAN_POINT('',(1.134510691679,-10.14530806235));
#1634 = CARTESIAN_POINT('',(1.269634928465,-10.15161306695));
#1635 = CARTESIAN_POINT('',(1.407205875861,-10.15575786275));
#1636 = CARTESIAN_POINT('',(1.545970082663,-10.15694281878));
#1637 = CARTESIAN_POINT('',(1.684788889756,-10.15525782967));
#1638 = CARTESIAN_POINT('',(1.95997280419,-10.14735684604));
#1639 = CARTESIAN_POINT('',(2.092788586609,-10.141226));
#1640 = CARTESIAN_POINT('',(2.221477766357,-10.13368859776));
#1641 = CARTESIAN_POINT('',(2.346531106862,-10.12568249731));
#1642 = CARTESIAN_POINT('',(2.468251166772,-10.11805289132));
#1643 = CARTESIAN_POINT('',(2.586722243433,-10.11141299688));
#1644 = CARTESIAN_POINT('',(2.837704239297,-10.099836046));
#1645 = CARTESIAN_POINT('',(2.972042443323,-10.09528016418));
#1646 = CARTESIAN_POINT('',(3.105385565683,-10.09310304689));
#1647 = CARTESIAN_POINT('',(3.238368767494,-10.09363429603));
#1648 = CARTESIAN_POINT('',(3.371790358281,-10.09679168832));
#1649 = CARTESIAN_POINT('',(3.506594374491,-10.10219118286));
#1650 = CARTESIAN_POINT('',(3.751491903473,-10.11456593265));
#1651 = CARTESIAN_POINT('',(3.861907691001,-10.12100238401));
#1652 = CARTESIAN_POINT('',(3.975267038209,-10.12812723684));
#1653 = CARTESIAN_POINT('',(4.09159250631,-10.13541120827));
#1654 = CARTESIAN_POINT('',(4.21105762587,-10.14216790879));
#1655 = CARTESIAN_POINT('',(4.334002094712,-10.147666633));
#1656 = CARTESIAN_POINT('',(4.588350408019,-10.15496939218));
#1657 = CARTESIAN_POINT('',(4.717261630036,-10.15669431158));
#1658 = CARTESIAN_POINT('',(4.846378894169,-10.15597685388));
#1659 = CARTESIAN_POINT('',(4.974634743681,-10.15270039588));
#1660 = CARTESIAN_POINT('',(5.100901529273,-10.14741670345));
#1661 = CARTESIAN_POINT('',(5.223736592454,-10.14103702739));
#1662 = CARTESIAN_POINT('',(5.487442931579,-10.12606486931));
#1663 = CARTESIAN_POINT('',(5.627825257789,-10.11715960783));
#1664 = CARTESIAN_POINT('',(5.763614393202,-10.10889565937));
#1665 = CARTESIAN_POINT('',(5.895973164802,-10.10218708161));
#1666 = CARTESIAN_POINT('',(6.026002438363,-10.09755659214));
#1667 = CARTESIAN_POINT('',(6.154681791144,-10.09524764431));
#1668 = CARTESIAN_POINT('',(6.28318530718,-10.09524764431));
#1669 = ( GEOMETRIC_REPRESENTATION_CONTEXT(2) 
PARAMETRIC_REPRESENTATION_CONTEXT() REPRESENTATION_CONTEXT('2D SPACE',''
  ) );
#1670 = FACE_BOUND('',#1671,.T.);
#1671 = EDGE_LOOP('',(#1672));
#1672 = ORIENTED_EDGE('',*,*,#1673,.F.);
#1673 = EDGE_CURVE('',#1674,#1674,#1676,.T.);
#1674 = VERTEX_POINT('',#1675);
#1675 = CARTESIAN_POINT('',(1.5,10.043606175075,6.853333333333));
#1676 = SURFACE_CURVE('',#1677,(#1729,#1784),.PCURVE_S1.);
#1677 = B_SPLINE_CURVE_WITH_KNOTS('',8,(#1678,#1679,#1680,#1681,#1682,
    #1683,#1684,#1685,#1686,#1687,#1688,#1689,#1690,#1691,#1692,#1693,
    #1694,#1695,#1696,#1697,#1698,#1699,#1700,#1701,#1702,#1703,#1704,
    #1705,#1706,#1707,#1708,#1709,#1710,#1711,#1712,#1713,#1714,#1715,
    #1716,#1717,#1718,#1719,#1720,#1721,#1722,#1723,#1724,#1725,#1726,
    #1727,#1728),.UNSPECIFIED.,.T.,.F.,(9,7,7,7,7,7,7,9),(0.,
    0.152003650572,0.286045535528,0.42255777082,0.587765674059,
    0.71396460281,0.838467698313,1.),.UNSPECIFIED.);
#1678 = CARTESIAN_POINT('',(1.5,10.043606175075,6.853333333333));
#1679 = CARTESIAN_POINT('',(1.5,10.043606175075,7.010775442171));
#1680 = CARTESIAN_POINT('',(1.481114500348,10.046426587635,
    7.168189149337));
#1681 = CARTESIAN_POINT('',(1.443351806093,10.052066849783,7.32406689412
    ));
#1682 = CARTESIAN_POINT('',(1.386414231947,10.060366390359,
    7.476771667069));
#1683 = CARTESIAN_POINT('',(1.309801508584,10.070996009719,
    7.624380242404));
#1684 = CARTESIAN_POINT('',(1.212900110489,10.083401114152,
    7.764517939142));
#1685 = CARTESIAN_POINT('',(1.095119462809,10.096743412668,7.89412606504
    ));
#1686 = CARTESIAN_POINT('',(0.833575721605,10.121478740135,
    8.110493864783));
#1687 = CARTESIAN_POINT('',(0.691014652625,10.133248159035,
    8.203412711828));
#1688 = CARTESIAN_POINT('',(0.530597070106,10.144022314935,
    8.280570760626));
#1689 = CARTESIAN_POINT('',(0.35617737859,10.152420138681,8.336548190272
    ));
#1690 = CARTESIAN_POINT('',(0.172865959293,10.157220402069,
    8.367787987604));
#1691 = CARTESIAN_POINT('',(-1.360150461226E-02,10.157878270243,
    8.372617998747));
#1692 = CARTESIAN_POINT('',(-0.197359934214,10.154603755267,
    8.351313722068));
#1693 = CARTESIAN_POINT('',(-0.551947361097,10.141569506549,
    8.260271144909));
#1694 = CARTESIAN_POINT('',(-0.717383322007,10.13187841958,
    8.190955624872));
#1695 = CARTESIAN_POINT('',(-0.86723794217,10.120093311123,
    8.102479718634));
#1696 = CARTESIAN_POINT('',(-1.000265577428,10.107336306637,
    7.998562935686));
#1697 = CARTESIAN_POINT('',(-1.115801368105,10.094629344695,
    7.882577491897));
#1698 = CARTESIAN_POINT('',(-1.213627409661,10.082796382878,
    7.757623823063));
#1699 = CARTESIAN_POINT('',(-1.29392325649,10.072431166619,
    7.626558429609));
#1700 = CARTESIAN_POINT('',(-1.43386757128,10.053557941229,
    7.329161622463));
#1701 = CARTESIAN_POINT('',(-1.486618266032,10.045764982742,
    7.159105767996));
#1702 = CARTESIAN_POINT('',(-1.516116954018,10.041166298126,
    6.984590420047));
#1703 = CARTESIAN_POINT('',(-1.522541986728,10.040129402904,
    6.807952140403));
#1704 = CARTESIAN_POINT('',(-1.505795864511,10.042777315225,
    6.63151033709));
#1705 = CARTESIAN_POINT('',(-1.465650675509,10.048950601113,
    6.457803665811));
#1706 = CARTESIAN_POINT('',(-1.401888953124,10.058156214393,
    6.28973546103));
#1707 = CARTESIAN_POINT('',(-1.247674851334,10.078286993707,
    6.009221051238));
#1708 = CARTESIAN_POINT('',(-1.166205040975,10.088406979767,
    5.891421640231));
#1709 = CARTESIAN_POINT('',(-1.069682233181,10.099582980486,
    5.779588138568));
#1710 = CARTESIAN_POINT('',(-0.958073444727,10.111289157635,
    5.676147903894));
#1711 = CARTESIAN_POINT('',(-0.831687146272,10.122832853927,
    5.583672739093));
#1712 = CARTESIAN_POINT('',(-0.691199696136,10.133391657281,
    5.504893906366));
#1713 = CARTESIAN_POINT('',(-0.5377355701,10.142091916551,5.442746554027
    ));
#1714 = CARTESIAN_POINT('',(-0.210547303444,10.154119001896,
    5.358738885525));
#1715 = CARTESIAN_POINT('',(-4.060970940035E-02,10.15738769037,
    5.337244051294));
#1716 = CARTESIAN_POINT('',(0.132334365266,10.157322263461,
    5.338123557731));
#1717 = CARTESIAN_POINT('',(0.303423674869,10.153684643518,
    5.361854992244));
#1718 = CARTESIAN_POINT('',(0.467814124916,10.146842314465,5.40732361668
    ));
#1719 = CARTESIAN_POINT('',(0.621117758431,10.137670400384,
    5.471864557764));
#1720 = CARTESIAN_POINT('',(0.759823579842,10.127272800538,5.55127551162
    ));
#1721 = CARTESIAN_POINT('',(1.039773588776,10.102874837249,
    5.754671098826));
#1722 = CARTESIAN_POINT('',(1.173867117672,10.088343101312,5.88805951926
    ));
#1723 = CARTESIAN_POINT('',(1.284108824357,10.074543180715,
    6.034590518232));
#1724 = CARTESIAN_POINT('',(1.371165945806,10.062585397467,
    6.190350813293));
#1725 = CARTESIAN_POINT('',(1.43578352014,10.053197585597,6.352321703377
    ));
#1726 = CARTESIAN_POINT('',(1.478592379372,10.046803111373,
    6.518099297665));
#1727 = CARTESIAN_POINT('',(1.5,10.043606175075,6.685711472349));
#1728 = CARTESIAN_POINT('',(1.5,10.043606175075,6.853333333333));
#1729 = PCURVE('',#187,#1730);
#1730 = DEFINITIONAL_REPRESENTATION('',(#1731),#1783);
#1731 = B_SPLINE_CURVE_WITH_KNOTS('',8,(#1732,#1733,#1734,#1735,#1736,
    #1737,#1738,#1739,#1740,#1741,#1742,#1743,#1744,#1745,#1746,#1747,
    #1748,#1749,#1750,#1751,#1752,#1753,#1754,#1755,#1756,#1757,#1758,
    #1759,#1760,#1761,#1762,#1763,#1764,#1765,#1766,#1767,#1768,#1769,
    #1770,#1771,#1772,#1773,#1774,#1775,#1776,#1777,#1778,#1779,#1780,
    #1781,#1782),.UNSPECIFIED.,.T.,.F.,(9,7,7,7,7,7,7,9),(0.,
    0.152003650572,0.286045535528,0.42255777082,0.587765674059,
    0.71396460281,0.838467698313,1.),.UNSPECIFIED.);
#1732 = CARTESIAN_POINT('',(-1.422543361972,-2.353333333333));
#1733 = CARTESIAN_POINT('',(-1.422543361972,-2.510775442171));
#1734 = CARTESIAN_POINT('',(-1.424423712215,-2.668189149337));
#1735 = CARTESIAN_POINT('',(-1.428183588063,-2.82406689412));
#1736 = CARTESIAN_POINT('',(-1.433849661553,-2.976771667069));
#1737 = CARTESIAN_POINT('',(-1.441465863419,-3.124380242404));
#1738 = CARTESIAN_POINT('',(-1.451084694365,-3.264517939142));
#1739 = CARTESIAN_POINT('',(-1.46275516546,-3.39412606504));
#1740 = CARTESIAN_POINT('',(-1.488625259113,-3.610493864783));
#1741 = CARTESIAN_POINT('',(-1.502710523145,-3.703412711828));
#1742 = CARTESIAN_POINT('',(-1.518539887064,-3.780570760626));
#1743 = CARTESIAN_POINT('',(-1.535728965244,-3.836548190271));
#1744 = CARTESIAN_POINT('',(-1.553777373129,-3.867787987604));
#1745 = CARTESIAN_POINT('',(-1.572132673063,-3.872617998747));
#1746 = CARTESIAN_POINT('',(-1.590227664356,-3.851313722068));
#1747 = CARTESIAN_POINT('',(-1.625168768091,-3.760271144909));
#1748 = CARTESIAN_POINT('',(-1.641483905924,-3.690955624872));
#1749 = CARTESIAN_POINT('',(-1.656281690729,-3.602479718634));
#1750 = CARTESIAN_POINT('',(-1.669438473272,-3.498562935686));
#1751 = CARTESIAN_POINT('',(-1.680882918125,-3.382577491897));
#1752 = CARTESIAN_POINT('',(-1.690585862202,-3.257623823063));
#1753 = CARTESIAN_POINT('',(-1.698558375438,-3.126558429609));
#1754 = CARTESIAN_POINT('',(-1.712463961291,-2.829161622463));
#1755 = CARTESIAN_POINT('',(-1.717714478495,-2.659105767996));
#1756 = CARTESIAN_POINT('',(-1.720654445823,-2.484590420047));
#1757 = CARTESIAN_POINT('',(-1.721295406122,-2.307952140403));
#1758 = CARTESIAN_POINT('',(-1.719625745554,-2.13151033709));
#1759 = CARTESIAN_POINT('',(-1.715626075831,-1.957803665811));
#1760 = CARTESIAN_POINT('',(-1.709282708836,-1.78973546103));
#1761 = CARTESIAN_POINT('',(-1.693967842651,-1.509221051238));
#1762 = CARTESIAN_POINT('',(-1.685883707087,-1.391421640231));
#1763 = CARTESIAN_POINT('',(-1.676315833273,-1.279588138568));
#1764 = CARTESIAN_POINT('',(-1.665266376306,-1.176147903894));
#1765 = CARTESIAN_POINT('',(-1.652771477975,-1.083672739093));
#1766 = CARTESIAN_POINT('',(-1.638901778627,-1.004893906366));
#1767 = CARTESIAN_POINT('',(-1.623768335854,-0.942746554027));
#1768 = CARTESIAN_POINT('',(-1.591527149903,-0.858738885525));
#1769 = CARTESIAN_POINT('',(-1.574792220628,-0.837244051294));
#1770 = CARTESIAN_POINT('',(-1.55776735128,-0.838123557731));
#1771 = CARTESIAN_POINT('',(-1.540922817559,-0.861854992244));
#1772 = CARTESIAN_POINT('',(-1.524726459739,-0.90732361668));
#1773 = CARTESIAN_POINT('',(-1.509605917969,-0.971864557764));
#1774 = CARTESIAN_POINT('',(-1.495909752737,-1.05127551162));
#1775 = CARTESIAN_POINT('',(-1.468237556478,-1.254671098826));
#1776 = CARTESIAN_POINT('',(-1.454958502832,-1.38805951926));
#1777 = CARTESIAN_POINT('',(-1.444019765626,-1.534590518232));
#1778 = CARTESIAN_POINT('',(-1.43536702789,-1.690350813293));
#1779 = CARTESIAN_POINT('',(-1.428937129261,-1.852321703377));
#1780 = CARTESIAN_POINT('',(-1.424674829899,-2.018099297665));
#1781 = CARTESIAN_POINT('',(-1.422543361972,-2.185711472349));
#1782 = CARTESIAN_POINT('',(-1.422543361972,-2.353333333333));
#1783 = ( GEOMETRIC_REPRESENTATION_CONTEXT(2) 
PARAMETRIC_REPRESENTATION_CONTEXT() REPRESENTATION_CONTEXT('2D SPACE',''
  ) );
#1784 = PCURVE('',#813,#1785);
#1785 = DEFINITIONAL_REPRESENTATION('',(#1786),#1838);
#1786 = B_SPLINE_CURVE_WITH_KNOTS('',8,(#1787,#1788,#1789,#1790,#1791,
    #1792,#1793,#1794,#1795,#1796,#1797,#1798,#1799,#1800,#1801,#1802,
    #1803,#1804,#1805,#1806,#1807,#1808,#1809,#1810,#1811,#1812,#1813,
    #1814,#1815,#1816,#1817,#1818,#1819,#1820,#1821,#1822,#1823,#1824,
    #1825,#1826,#1827,#1828,#1829,#1830,#1831,#1832,#1833,#1834,#1835,
    #1836,#1837),.UNSPECIFIED.,.F.,.F.,(9,7,7,7,7,7,7,9),(0.,
    0.152003650572,0.286045535528,0.42255777082,0.587765674059,
    0.71396460281,0.838467698313,1.),.UNSPECIFIED.);
#1787 = CARTESIAN_POINT('',(0.,-10.04360617507));
#1788 = CARTESIAN_POINT('',(0.104961405892,-10.04360617507));
#1789 = CARTESIAN_POINT('',(0.209903417342,-10.04642658763));
#1790 = CARTESIAN_POINT('',(0.315585574247,-10.05206684978));
#1791 = CARTESIAN_POINT('',(0.42267058394,-10.06036639035));
#1792 = CARTESIAN_POINT('',(0.531840846579,-10.07099600971));
#1793 = CARTESIAN_POINT('',(0.643815748473,-10.08340111415));
#1794 = CARTESIAN_POINT('',(0.759394081025,-10.09674341266));
#1795 = CARTESIAN_POINT('',(0.985688042577,-10.12147874013));
#1796 = CARTESIAN_POINT('',(1.098404129628,-10.13324815903));
#1797 = CARTESIAN_POINT('',(1.215410945937,-10.14402231493));
#1798 = CARTESIAN_POINT('',(1.335209453387,-10.15242013868));
#1799 = CARTESIAN_POINT('',(1.456720971984,-10.15722040206));
#1800 = CARTESIAN_POINT('',(1.579019189335,-10.15787827024));
#1801 = CARTESIAN_POINT('',(1.70120836249,-10.15460375526));
#1802 = CARTESIAN_POINT('',(1.945267548535,-10.14156950654));
#1803 = CARTESIAN_POINT('',(2.063585790079,-10.13187841958));
#1804 = CARTESIAN_POINT('',(2.177861954544,-10.12009331112));
#1805 = CARTESIAN_POINT('',(2.288595529895,-10.10733630663));
#1806 = CARTESIAN_POINT('',(2.396148223721,-10.09462934469));
#1807 = CARTESIAN_POINT('',(2.500777469751,-10.08279638287));
#1808 = CARTESIAN_POINT('',(2.602630177242,-10.07243116661));
#1809 = CARTESIAN_POINT('',(2.821748888997,-10.05355794122));
#1810 = CARTESIAN_POINT('',(2.939303417444,-10.04576498274));
#1811 = CARTESIAN_POINT('',(3.055577423322,-10.04116629812));
#1812 = CARTESIAN_POINT('',(3.171406594786,-10.0401294029));
#1813 = CARTESIAN_POINT('',(3.287522567482,-10.04277731522));
#1814 = CARTESIAN_POINT('',(3.404596412379,-10.04895060111));
#1815 = CARTESIAN_POINT('',(3.523260429169,-10.05815621439));
#1816 = CARTESIAN_POINT('',(3.736667003359,-10.0782869937));
#1817 = CARTESIAN_POINT('',(3.83165125847,-10.08840697976));
#1818 = CARTESIAN_POINT('',(3.929188952543,-10.09958298048));
#1819 = CARTESIAN_POINT('',(4.029352023922,-10.11128915763));
#1820 = CARTESIAN_POINT('',(4.132305115498,-10.12283285392));
#1821 = CARTESIAN_POINT('',(4.238300524407,-10.13339165728));
#1822 = CARTESIAN_POINT('',(4.347699600526,-10.14209191655));
#1823 = CARTESIAN_POINT('',(4.572900202662,-10.15411900189));
#1824 = CARTESIAN_POINT('',(4.686195951834,-10.15738769037));
#1825 = CARTESIAN_POINT('',(4.799857115084,-10.15732226346));
#1826 = CARTESIAN_POINT('',(4.913024595793,-10.15368464351));
#1827 = CARTESIAN_POINT('',(5.024851053929,-10.14684231446));
#1828 = CARTESIAN_POINT('',(5.134365500878,-10.13767040038));
#1829 = CARTESIAN_POINT('',(5.240294046826,-10.12727280053));
#1830 = CARTESIAN_POINT('',(5.470985541054,-10.10287483724));
#1831 = CARTESIAN_POINT('',(5.595578297068,-10.08834310131));
#1832 = CARTESIAN_POINT('',(5.715820569076,-10.07454318071));
#1833 = CARTESIAN_POINT('',(5.832693352335,-10.06258539746));
#1834 = CARTESIAN_POINT('',(5.9470497448,-10.05319758559));
#1835 = CARTESIAN_POINT('',(6.059696475167,-10.04680311137));
#1836 = CARTESIAN_POINT('',(6.171437399857,-10.04360617507));
#1837 = CARTESIAN_POINT('',(6.28318530718,-10.04360617507));
#1838 = ( GEOMETRIC_REPRESENTATION_CONTEXT(2) 
PARAMETRIC_REPRESENTATION_CONTEXT() REPRESENTATION_CONTEXT('2D SPACE',''
  ) );
#1839 = FACE_BOUND('',#1840,.T.);
#1840 = EDGE_LOOP('',(#1841));
#1841 = ORIENTED_EDGE('',*,*,#1842,.F.);
#1842 = EDGE_CURVE('',#1843,#1843,#1845,.T.);
#1843 = VERTEX_POINT('',#1844);
#1844 = CARTESIAN_POINT('',(-9.448018093221,-3.722764981861,
    6.853333333333));
#1845 = SURFACE_CURVE('',#1846,(#1898,#1953),.PCURVE_S1.);
#1846 = B_SPLINE_CURVE_WITH_KNOTS('',8,(#1847,#1848,#1849,#1850,#1851,
    #1852,#1853,#1854,#1855,#1856,#1857,#1858,#1859,#1860,#1861,#1862,
    #1863,#1864,#1865,#1866,#1867,#1868,#1869,#1870,#1871,#1872,#1873,
    #1874,#1875,#1876,#1877,#1878,#1879,#1880,#1881,#1882,#1883,#1884,
    #1885,#1886,#1887,#1888,#1889,#1890,#1891,#1892,#1893,#1894,#1895,
    #1896,#1897),.UNSPECIFIED.,.T.,.F.,(9,7,7,7,7,7,7,9),(0.,
    0.152003650558,0.286045535502,0.422557770786,0.587765674026,
    0.713964602783,0.838467698298,1.),.UNSPECIFIED.);
#1847 = CARTESIAN_POINT('',(-9.448018093221,-3.722764981861,
    6.853333333333));
#1848 = CARTESIAN_POINT('',(-9.448018093221,-3.722764981861,
    7.010775442171));
#1849 = CARTESIAN_POINT('',(-9.441017892321,-3.740530510603,
    7.168189149337));
#1850 = CARTESIAN_POINT('',(-9.427021155498,-3.776054094217,
    7.32406689412));
#1851 = CARTESIAN_POINT('',(-9.405739981404,-3.829513250145,
    7.476771667069));
#1852 = CARTESIAN_POINT('',(-9.37663914012,-3.90117662451,7.624380242404
    ));
#1853 = CARTESIAN_POINT('',(-9.338931576649,-3.991298249139,
    7.764517939141));
#1854 = CARTESIAN_POINT('',(-9.291596022268,-4.099970431362,
    7.89412606504));
#1855 = CARTESIAN_POINT('',(-9.182245573624,-4.33884161918,
    8.110493864783));
#1856 = CARTESIAN_POINT('',(-9.121157654889,-4.468187835957,
    8.203412711828));
#1857 = CARTESIAN_POINT('',(-9.050279556343,-4.612500615581,
    8.280570760625));
#1858 = CARTESIAN_POINT('',(-8.970342439284,-4.76775141123,
    8.336548190272));
#1859 = CARTESIAN_POINT('',(-8.882843879676,-4.928903888836,
    8.367787987604));
#1860 = CARTESIAN_POINT('',(-8.790179878274,-5.090718383645,
    8.372617998747));
#1861 = CARTESIAN_POINT('',(-8.695464850319,-5.248220594352,
    8.351313722068));
#1862 = CARTESIAN_POINT('',(-8.506883146365,-5.548785189542,
    8.260271144908));
#1863 = CARTESIAN_POINT('',(-8.415772438407,-5.687211390901,
    8.190955624869));
#1864 = CARTESIAN_POINT('',(-8.330638925019,-5.811096744603,
    8.102479718635));
#1865 = CARTESIAN_POINT('',(-8.253077217429,-5.919923553898,
    7.99856293569));
#1866 = CARTESIAN_POINT('',(-8.184304770243,-6.013627002702,
    7.882577491901));
#1867 = CARTESIAN_POINT('',(-8.125144103927,-6.092430358936,
    7.757623823062));
#1868 = CARTESIAN_POINT('',(-8.076019639915,-6.15678599398,
    7.626558429603));
#1869 = CARTESIAN_POINT('',(-7.989702789883,-6.268544713005,
    7.329161622463));
#1870 = CARTESIAN_POINT('',(-7.956578542487,-6.310331675485,
    7.159105767996));
#1871 = CARTESIAN_POINT('',(-7.937846620792,-6.33357894635,
    6.984590420047));
#1872 = CARTESIAN_POINT('',(-7.933736126834,-6.338624740286,
    6.807952140403));
#1873 = CARTESIAN_POINT('',(-7.944402347279,-6.325446129193,
    6.631510337091));
#1874 = CARTESIAN_POINT('',(-7.969821164184,-6.293766018621,
    6.457803665811));
#1875 = CARTESIAN_POINT('',(-8.009674320335,-6.243149553887,
    6.289735461031));
#1876 = CARTESIAN_POINT('',(-8.104215137516,-6.119661613768,
    6.009221051232));
#1877 = CARTESIAN_POINT('',(-8.153714207709,-6.054166681387,
    5.89142164023));
#1878 = CARTESIAN_POINT('',(-8.211654312138,-5.976163478156,
    5.779588138572));
#1879 = CARTESIAN_POINT('',(-8.277596553156,-5.885360520647,
    5.676147903898));
#1880 = CARTESIAN_POINT('',(-8.350786836627,-5.781678623639,
    5.583672739093));
#1881 = CARTESIAN_POINT('',(-8.430174753636,-5.665292324581,
    5.504893906363));
#1882 = CARTESIAN_POINT('',(-8.514441462204,-5.536738622495,
    5.442746554025));
#1883 = CARTESIAN_POINT('',(-8.68845135697,-5.259398814428,
    5.358738885525));
#1884 = CARTESIAN_POINT('',(-8.776250921248,-5.113862885167,
    5.337244051294));
#1885 = CARTESIAN_POINT('',(-8.862666297216,-4.964056209617,
    5.338123557731));
#1886 = CARTESIAN_POINT('',(-8.945060680737,-4.814069711213,
    5.361854992244));
#1887 = CARTESIAN_POINT('',(-9.021330274979,-4.668282240807,
    5.40732361668));
#1888 = CARTESIAN_POINT('',(-9.090038981142,-4.530931442649,
    5.471864557764));
#1889 = CARTESIAN_POINT('',(-9.150387306242,-4.405609877731,
    5.55127551162));
#1890 = CARTESIAN_POINT('',(-9.2692330547,-4.15096707656,5.754671098826)
  );
#1891 = CARTESIAN_POINT('',(-9.323694966666,-4.027572806085,
    5.88805951926));
#1892 = CARTESIAN_POINT('',(-9.366864738201,-3.92520072724,
    6.034590518232));
#1893 = CARTESIAN_POINT('',(-9.40003755486,-3.843828156862,
    6.190350813293));
#1894 = CARTESIAN_POINT('',(-9.424216258462,-3.783173790022,
    6.352321703378));
#1895 = CARTESIAN_POINT('',(-9.440082910955,-3.742902993308,
    6.518099297664));
#1896 = CARTESIAN_POINT('',(-9.448018093221,-3.722764981861,
    6.685711472349));
#1897 = CARTESIAN_POINT('',(-9.448018093221,-3.722764981861,
    6.853333333333));
#1898 = PCURVE('',#187,#1899);
#1899 = DEFINITIONAL_REPRESENTATION('',(#1900),#1952);
#1900 = B_SPLINE_CURVE_WITH_KNOTS('',8,(#1901,#1902,#1903,#1904,#1905,
    #1906,#1907,#1908,#1909,#1910,#1911,#1912,#1913,#1914,#1915,#1916,
    #1917,#1918,#1919,#1920,#1921,#1922,#1923,#1924,#1925,#1926,#1927,
    #1928,#1929,#1930,#1931,#1932,#1933,#1934,#1935,#1936,#1937,#1938,
    #1939,#1940,#1941,#1942,#1943,#1944,#1945,#1946,#1947,#1948,#1949,
    #1950,#1951),.UNSPECIFIED.,.T.,.F.,(9,7,7,7,7,7,7,9),(0.,
    0.152003650558,0.286045535502,0.422557770786,0.587765674026,
    0.713964602783,0.838467698298,1.),.UNSPECIFIED.);
#1901 = CARTESIAN_POINT('',(-3.516938464365,-2.353333333333));
#1902 = CARTESIAN_POINT('',(-3.516938464365,-2.510775442171));
#1903 = CARTESIAN_POINT('',(-3.518818814608,-2.668189149337));
#1904 = CARTESIAN_POINT('',(-3.522578690457,-2.82406689412));
#1905 = CARTESIAN_POINT('',(-3.528244763946,-2.976771667069));
#1906 = CARTESIAN_POINT('',(-3.535860965812,-3.124380242404));
#1907 = CARTESIAN_POINT('',(-3.545479796758,-3.264517939141));
#1908 = CARTESIAN_POINT('',(-3.557150267853,-3.39412606504));
#1909 = CARTESIAN_POINT('',(-3.583020361506,-3.610493864783));
#1910 = CARTESIAN_POINT('',(-3.597105625539,-3.703412711828));
#1911 = CARTESIAN_POINT('',(-3.612934989457,-3.780570760625));
#1912 = CARTESIAN_POINT('',(-3.630124067637,-3.836548190272));
#1913 = CARTESIAN_POINT('',(-3.648172475522,-3.867787987604));
#1914 = CARTESIAN_POINT('',(-3.666527775456,-3.872617998747));
#1915 = CARTESIAN_POINT('',(-3.684622766749,-3.851313722068));
#1916 = CARTESIAN_POINT('',(-3.719563870484,-3.760271144908));
#1917 = CARTESIAN_POINT('',(-3.735879008318,-3.690955624869));
#1918 = CARTESIAN_POINT('',(-3.750676793122,-3.602479718635));
#1919 = CARTESIAN_POINT('',(-3.763833575664,-3.49856293569));
#1920 = CARTESIAN_POINT('',(-3.775278020518,-3.382577491901));
#1921 = CARTESIAN_POINT('',(-3.784980964596,-3.257623823062));
#1922 = CARTESIAN_POINT('',(-3.792953477831,-3.126558429603));
#1923 = CARTESIAN_POINT('',(-3.806859063684,-2.829161622463));
#1924 = CARTESIAN_POINT('',(-3.812109580889,-2.659105767996));
#1925 = CARTESIAN_POINT('',(-3.815049548217,-2.484590420047));
#1926 = CARTESIAN_POINT('',(-3.815690508515,-2.307952140403));
#1927 = CARTESIAN_POINT('',(-3.814020847948,-2.131510337091));
#1928 = CARTESIAN_POINT('',(-3.810021178224,-1.957803665811));
#1929 = CARTESIAN_POINT('',(-3.80367781123,-1.789735461031));
#1930 = CARTESIAN_POINT('',(-3.788362945044,-1.509221051232));
#1931 = CARTESIAN_POINT('',(-3.78027880948,-1.39142164023));
#1932 = CARTESIAN_POINT('',(-3.770710935666,-1.279588138572));
#1933 = CARTESIAN_POINT('',(-3.7596614787,-1.176147903898));
#1934 = CARTESIAN_POINT('',(-3.747166580369,-1.083672739093));
#1935 = CARTESIAN_POINT('',(-3.73329688102,-1.004893906363));
#1936 = CARTESIAN_POINT('',(-3.718163438246,-0.942746554025));
#1937 = CARTESIAN_POINT('',(-3.685922252296,-0.858738885525));
#1938 = CARTESIAN_POINT('',(-3.669187323021,-0.837244051294));
#1939 = CARTESIAN_POINT('',(-3.652162453673,-0.838123557731));
#1940 = CARTESIAN_POINT('',(-3.635317919952,-0.861854992244));
#1941 = CARTESIAN_POINT('',(-3.619121562132,-0.90732361668));
#1942 = CARTESIAN_POINT('',(-3.604001020362,-0.971864557764));
#1943 = CARTESIAN_POINT('',(-3.59030485513,-1.05127551162));
#1944 = CARTESIAN_POINT('',(-3.562632658871,-1.254671098826));
#1945 = CARTESIAN_POINT('',(-3.549353605225,-1.38805951926));
#1946 = CARTESIAN_POINT('',(-3.53841486802,-1.534590518232));
#1947 = CARTESIAN_POINT('',(-3.529762130283,-1.690350813293));
#1948 = CARTESIAN_POINT('',(-3.523332231654,-1.852321703378));
#1949 = CARTESIAN_POINT('',(-3.519069932292,-2.018099297664));
#1950 = CARTESIAN_POINT('',(-3.516938464365,-2.185711472349));
#1951 = CARTESIAN_POINT('',(-3.516938464365,-2.353333333333));
#1952 = ( GEOMETRIC_REPRESENTATION_CONTEXT(2) 
PARAMETRIC_REPRESENTATION_CONTEXT() REPRESENTATION_CONTEXT('2D SPACE',''
  ) );
#1953 = PCURVE('',#966,#1954);
#1954 = DEFINITIONAL_REPRESENTATION('',(#1955),#2007);
#1955 = B_SPLINE_CURVE_WITH_KNOTS('',8,(#1956,#1957,#1958,#1959,#1960,
    #1961,#1962,#1963,#1964,#1965,#1966,#1967,#1968,#1969,#1970,#1971,
    #1972,#1973,#1974,#1975,#1976,#1977,#1978,#1979,#1980,#1981,#1982,
    #1983,#1984,#1985,#1986,#1987,#1988,#1989,#1990,#1991,#1992,#1993,
    #1994,#1995,#1996,#1997,#1998,#1999,#2000,#2001,#2002,#2003,#2004,
    #2005,#2006),.UNSPECIFIED.,.F.,.F.,(9,7,7,7,7,7,7,9),(0.,
    0.152003650558,0.286045535502,0.422557770786,0.587765674026,
    0.713964602783,0.838467698298,1.),.UNSPECIFIED.);
#1956 = CARTESIAN_POINT('',(0.,-10.04360617507));
#1957 = CARTESIAN_POINT('',(0.104961405892,-10.04360617507));
#1958 = CARTESIAN_POINT('',(0.209903417342,-10.04642658763));
#1959 = CARTESIAN_POINT('',(0.315585574247,-10.05206684978));
#1960 = CARTESIAN_POINT('',(0.42267058394,-10.06036639035));
#1961 = CARTESIAN_POINT('',(0.531840846579,-10.07099600971));
#1962 = CARTESIAN_POINT('',(0.643815748473,-10.08340111415));
#1963 = CARTESIAN_POINT('',(0.759394081025,-10.09674341266));
#1964 = CARTESIAN_POINT('',(0.985688042577,-10.12147874013));
#1965 = CARTESIAN_POINT('',(1.098404129628,-10.13324815903));
#1966 = CARTESIAN_POINT('',(1.215410945937,-10.14402231493));
#1967 = CARTESIAN_POINT('',(1.335209453387,-10.15242013868));
#1968 = CARTESIAN_POINT('',(1.456720971983,-10.15722040206));
#1969 = CARTESIAN_POINT('',(1.579019189335,-10.15787827024));
#1970 = CARTESIAN_POINT('',(1.70120836249,-10.15460375526));
#1971 = CARTESIAN_POINT('',(1.945267548539,-10.14156950654));
#1972 = CARTESIAN_POINT('',(2.063585790081,-10.13187841958));
#1973 = CARTESIAN_POINT('',(2.177861954542,-10.12009331112));
#1974 = CARTESIAN_POINT('',(2.288595529891,-10.10733630663));
#1975 = CARTESIAN_POINT('',(2.396148223718,-10.09462934469));
#1976 = CARTESIAN_POINT('',(2.500777469752,-10.08279638287));
#1977 = CARTESIAN_POINT('',(2.602630177247,-10.07243116661));
#1978 = CARTESIAN_POINT('',(2.821748888997,-10.05355794122));
#1979 = CARTESIAN_POINT('',(2.939303417444,-10.04576498274));
#1980 = CARTESIAN_POINT('',(3.055577423322,-10.04116629812));
#1981 = CARTESIAN_POINT('',(3.171406594787,-10.0401294029));
#1982 = CARTESIAN_POINT('',(3.287522567482,-10.04277731522));
#1983 = CARTESIAN_POINT('',(3.404596412379,-10.04895060111));
#1984 = CARTESIAN_POINT('',(3.523260429169,-10.05815621439));
#1985 = CARTESIAN_POINT('',(3.736667003364,-10.0782869937));
#1986 = CARTESIAN_POINT('',(3.831651258472,-10.08840697976));
#1987 = CARTESIAN_POINT('',(3.92918895254,-10.09958298048));
#1988 = CARTESIAN_POINT('',(4.029352023918,-10.11128915763));
#1989 = CARTESIAN_POINT('',(4.132305115496,-10.12283285392));
#1990 = CARTESIAN_POINT('',(4.238300524409,-10.13339165728));
#1991 = CARTESIAN_POINT('',(4.347699600531,-10.14209191655));
#1992 = CARTESIAN_POINT('',(4.572900202662,-10.15411900189));
#1993 = CARTESIAN_POINT('',(4.686195951834,-10.15738769037));
#1994 = CARTESIAN_POINT('',(4.799857115084,-10.15732226346));
#1995 = CARTESIAN_POINT('',(4.913024595793,-10.15368464351));
#1996 = CARTESIAN_POINT('',(5.024851053929,-10.14684231446));
#1997 = CARTESIAN_POINT('',(5.134365500878,-10.13767040038));
#1998 = CARTESIAN_POINT('',(5.240294046825,-10.12727280053));
#1999 = CARTESIAN_POINT('',(5.470985541054,-10.10287483724));
#2000 = CARTESIAN_POINT('',(5.595578297068,-10.08834310131));
#2001 = CARTESIAN_POINT('',(5.715820569075,-10.07454318071));
#2002 = CARTESIAN_POINT('',(5.832693352335,-10.06258539746));
#2003 = CARTESIAN_POINT('',(5.9470497448,-10.05319758559));
#2004 = CARTESIAN_POINT('',(6.059696475167,-10.04680311137));
#2005 = CARTESIAN_POINT('',(6.171437399857,-10.04360617507));
#2006 = CARTESIAN_POINT('',(6.28318530718,-10.04360617507));
#2007 = ( GEOMETRIC_REPRESENTATION_CONTEXT(2) 
PARAMETRIC_REPRESENTATION_CONTEXT() REPRESENTATION_CONTEXT('2D SPACE',''
  ) );
#2008 = FACE_BOUND('',#2009,.T.);
#2009 = EDGE_LOOP('',(#2010));
#2010 = ORIENTED_EDGE('',*,*,#2011,.F.);
#2011 = EDGE_CURVE('',#2012,#2012,#2014,.T.);
#2012 = VERTEX_POINT('',#2013);
#2013 = CARTESIAN_POINT('',(7.948018093221,-6.320841193214,
    6.853333333333));
#2014 = SURFACE_CURVE('',#2015,(#2067,#2122),.PCURVE_S1.);
#2015 = B_SPLINE_CURVE_WITH_KNOTS('',8,(#2016,#2017,#2018,#2019,#2020,
    #2021,#2022,#2023,#2024,#2025,#2026,#2027,#2028,#2029,#2030,#2031,
    #2032,#2033,#2034,#2035,#2036,#2037,#2038,#2039,#2040,#2041,#2042,
    #2043,#2044,#2045,#2046,#2047,#2048,#2049,#2050,#2051,#2052,#2053,
    #2054,#2055,#2056,#2057,#2058,#2059,#2060,#2061,#2062,#2063,#2064,
    #2065,#2066),.UNSPECIFIED.,.T.,.F.,(9,7,7,7,7,7,7,9),(0.,
    0.15200365052,0.28604553543,0.422557770675,0.587765673859,
    0.713964602634,0.838467698214,1.),.UNSPECIFIED.);
#2016 = CARTESIAN_POINT('',(7.948018093221,-6.320841193214,
    6.853333333333));
#2017 = CARTESIAN_POINT('',(7.948018093221,-6.320841193214,
    7.010775442171));
#2018 = CARTESIAN_POINT('',(7.959903391973,-6.305896077032,
    7.168189149337));
#2019 = CARTESIAN_POINT('',(7.983669349405,-6.276012755566,7.32406689412
    ));
#2020 = CARTESIAN_POINT('',(8.019325749456,-6.230853140214,
    7.476771667069));
#2021 = CARTESIAN_POINT('',(8.066837631536,-6.169819385208,
    7.624380242404));
#2022 = CARTESIAN_POINT('',(8.126031466159,-6.092102865013,
    7.764517939142));
#2023 = CARTESIAN_POINT('',(8.196476559459,-5.996772981305,7.89412606504
    ));
#2024 = CARTESIAN_POINT('',(8.348669852019,-5.782637120955,
    8.110493864783));
#2025 = CARTESIAN_POINT('',(8.430143002264,-5.665060323079,
    8.203412711828));
#2026 = CARTESIAN_POINT('',(8.519682486237,-5.531521699352,
    8.280570760627));
#2027 = CARTESIAN_POINT('',(8.614165060695,-5.384668727453,
    8.336548190271));
#2028 = CARTESIAN_POINT('',(8.709977920383,-5.228316513231,
    8.367787987604));
#2029 = CARTESIAN_POINT('',(8.803781382886,-5.067159886598,
    8.372617998747));
#2030 = CARTESIAN_POINT('',(8.892824784533,-4.906383160915,
    8.351313722068));
#2031 = CARTESIAN_POINT('',(9.058830507465,-4.592784317013,8.26027114491
    ));
#2032 = CARTESIAN_POINT('',(9.133155760415,-4.444667028681,
    8.190955624872));
#2033 = CARTESIAN_POINT('',(9.197876867187,-4.308996566517,
    8.102479718634));
#2034 = CARTESIAN_POINT('',(9.253342794854,-4.187412752735,
    7.998562935686));
#2035 = CARTESIAN_POINT('',(9.300106138346,-4.081002341991,
    7.882577491897));
#2036 = CARTESIAN_POINT('',(9.338771513589,-3.990366023944,
    7.757623823063));
#2037 = CARTESIAN_POINT('',(9.369942896407,-3.915645172641,
    7.626558429609));
#2038 = CARTESIAN_POINT('',(9.423570361163,-3.785013228223,
    7.329161622463));
#2039 = CARTESIAN_POINT('',(9.443196808519,-3.735433307257,
    7.159105767996));
#2040 = CARTESIAN_POINT('',(9.45396357481,-3.707587351776,6.984590420047
    ));
#2041 = CARTESIAN_POINT('',(9.456278113561,-3.701504662617,
    6.807952140403));
#2042 = CARTESIAN_POINT('',(9.45019821179,-3.717331186032,6.631510337091
    ));
#2043 = CARTESIAN_POINT('',(9.435471839693,-3.755184582491,
    6.457803665812));
#2044 = CARTESIAN_POINT('',(9.411563273459,-3.815006660506,
    6.289735461031));
#2045 = CARTESIAN_POINT('',(9.351889988833,-3.958625379969,
    6.009221051173));
#2046 = CARTESIAN_POINT('',(9.319919248673,-4.0342402984,5.891421640222)
  );
#2047 = CARTESIAN_POINT('',(9.281336545328,-4.12341950231,5.779588138609
    ));
#2048 = CARTESIAN_POINT('',(9.235669997907,-4.225928636944,
    5.676147903935));
#2049 = CARTESIAN_POINT('',(9.182473982917,-4.34115423026,5.583672739098
    ));
#2050 = CARTESIAN_POINT('',(9.121374449762,-4.468099332722,5.50489390634
    ));
#2051 = CARTESIAN_POINT('',(9.052177032268,-4.605353294112,
    5.442746554009));
#2052 = CARTESIAN_POINT('',(8.898998660414,-4.894720187467,
    5.358738885525));
#2053 = CARTESIAN_POINT('',(8.816860630648,-5.043524805204,
    5.337244051294));
#2054 = CARTESIAN_POINT('',(8.73033193195,-5.193266053844,5.338123557731
    ));
#2055 = CARTESIAN_POINT('',(8.641637005868,-5.339614932305,
    5.361854992245));
#2056 = CARTESIAN_POINT('',(8.553516150064,-5.478560073659,5.40732361668
    ));
#2057 = CARTESIAN_POINT('',(8.468921222711,-5.606738957735,
    5.471864557764));
#2058 = CARTESIAN_POINT('',(8.390563726399,-5.721662922807,
    5.551275511621));
#2059 = CARTESIAN_POINT('',(8.229459465924,-5.951907760688,
    5.754671098826));
#2060 = CARTESIAN_POINT('',(8.149827848994,-6.060770295227,5.88805951926
    ));
#2061 = CARTESIAN_POINT('',(8.082755913844,-6.149342453474,
    6.034590518232));
#2062 = CARTESIAN_POINT('',(8.028871609054,-6.218757240605,
    6.190350813293));
#2063 = CARTESIAN_POINT('',(7.988432738322,-6.270023795575,
    6.352321703378));
#2064 = CARTESIAN_POINT('',(7.961490531583,-6.303900118064,
    6.518099297664));
#2065 = CARTESIAN_POINT('',(7.948018093221,-6.320841193214,
    6.685711472349));
#2066 = CARTESIAN_POINT('',(7.948018093221,-6.320841193214,
    6.853333333333));
#2067 = PCURVE('',#187,#2068);
#2068 = DEFINITIONAL_REPRESENTATION('',(#2069),#2121);
#2069 = B_SPLINE_CURVE_WITH_KNOTS('',8,(#2070,#2071,#2072,#2073,#2074,
    #2075,#2076,#2077,#2078,#2079,#2080,#2081,#2082,#2083,#2084,#2085,
    #2086,#2087,#2088,#2089,#2090,#2091,#2092,#2093,#2094,#2095,#2096,
    #2097,#2098,#2099,#2100,#2101,#2102,#2103,#2104,#2105,#2106,#2107,
    #2108,#2109,#2110,#2111,#2112,#2113,#2114,#2115,#2116,#2117,#2118,
    #2119,#2120),.UNSPECIFIED.,.T.,.F.,(9,7,7,7,7,7,7,9),(0.,
    0.15200365052,0.28604553543,0.422557770675,0.587765673859,
    0.713964602634,0.838467698214,1.),.UNSPECIFIED.);
#2070 = CARTESIAN_POINT('',(-5.611333566758,-2.353333333333));
#2071 = CARTESIAN_POINT('',(-5.611333566758,-2.510775442171));
#2072 = CARTESIAN_POINT('',(-5.613213917001,-2.668189149337));
#2073 = CARTESIAN_POINT('',(-5.61697379285,-2.82406689412));
#2074 = CARTESIAN_POINT('',(-5.622639866339,-2.976771667069));
#2075 = CARTESIAN_POINT('',(-5.630256068206,-3.124380242404));
#2076 = CARTESIAN_POINT('',(-5.639874899151,-3.264517939142));
#2077 = CARTESIAN_POINT('',(-5.651545370246,-3.39412606504));
#2078 = CARTESIAN_POINT('',(-5.6774154639,-3.610493864783));
#2079 = CARTESIAN_POINT('',(-5.691500727932,-3.703412711828));
#2080 = CARTESIAN_POINT('',(-5.707330091851,-3.780570760626));
#2081 = CARTESIAN_POINT('',(-5.72451917003,-3.836548190271));
#2082 = CARTESIAN_POINT('',(-5.742567577915,-3.867787987604));
#2083 = CARTESIAN_POINT('',(-5.760922877849,-3.872617998747));
#2084 = CARTESIAN_POINT('',(-5.779017869142,-3.851313722068));
#2085 = CARTESIAN_POINT('',(-5.813958972877,-3.76027114491));
#2086 = CARTESIAN_POINT('',(-5.830274110711,-3.690955624872));
#2087 = CARTESIAN_POINT('',(-5.845071895516,-3.602479718634));
#2088 = CARTESIAN_POINT('',(-5.858228678058,-3.498562935686));
#2089 = CARTESIAN_POINT('',(-5.869673122911,-3.382577491897));
#2090 = CARTESIAN_POINT('',(-5.879376066989,-3.257623823063));
#2091 = CARTESIAN_POINT('',(-5.887348580224,-3.126558429609));
#2092 = CARTESIAN_POINT('',(-5.901254166077,-2.829161622463));
#2093 = CARTESIAN_POINT('',(-5.906504683282,-2.659105767996));
#2094 = CARTESIAN_POINT('',(-5.90944465061,-2.484590420047));
#2095 = CARTESIAN_POINT('',(-5.910085610908,-2.307952140403));
#2096 = CARTESIAN_POINT('',(-5.908415950341,-2.131510337091));
#2097 = CARTESIAN_POINT('',(-5.904416280617,-1.957803665812));
#2098 = CARTESIAN_POINT('',(-5.898072913623,-1.789735461031));
#2099 = CARTESIAN_POINT('',(-5.882758047434,-1.509221051173));
#2100 = CARTESIAN_POINT('',(-5.874673911871,-1.391421640221));
#2101 = CARTESIAN_POINT('',(-5.865106038061,-1.279588138609));
#2102 = CARTESIAN_POINT('',(-5.854056581098,-1.176147903935));
#2103 = CARTESIAN_POINT('',(-5.841561682765,-1.083672739098));
#2104 = CARTESIAN_POINT('',(-5.827691983411,-1.00489390634));
#2105 = CARTESIAN_POINT('',(-5.812558540633,-0.942746554009));
#2106 = CARTESIAN_POINT('',(-5.780317354689,-0.858738885525));
#2107 = CARTESIAN_POINT('',(-5.763582425414,-0.837244051294));
#2108 = CARTESIAN_POINT('',(-5.746557556066,-0.838123557731));
#2109 = CARTESIAN_POINT('',(-5.729713022345,-0.861854992245));
#2110 = CARTESIAN_POINT('',(-5.713516664525,-0.90732361668));
#2111 = CARTESIAN_POINT('',(-5.698396122756,-0.971864557764));
#2112 = CARTESIAN_POINT('',(-5.684699957523,-1.051275511621));
#2113 = CARTESIAN_POINT('',(-5.657027761265,-1.254671098826));
#2114 = CARTESIAN_POINT('',(-5.643748707618,-1.38805951926));
#2115 = CARTESIAN_POINT('',(-5.632809970413,-1.534590518232));
#2116 = CARTESIAN_POINT('',(-5.624157232676,-1.690350813293));
#2117 = CARTESIAN_POINT('',(-5.617727334047,-1.852321703378));
#2118 = CARTESIAN_POINT('',(-5.613465034685,-2.018099297664));
#2119 = CARTESIAN_POINT('',(-5.611333566758,-2.185711472349));
#2120 = CARTESIAN_POINT('',(-5.611333566758,-2.353333333333));
#2121 = ( GEOMETRIC_REPRESENTATION_CONTEXT(2) 
PARAMETRIC_REPRESENTATION_CONTEXT() REPRESENTATION_CONTEXT('2D SPACE',''
  ) );
#2122 = PCURVE('',#1119,#2123);
#2123 = DEFINITIONAL_REPRESENTATION('',(#2124),#2176);
#2124 = B_SPLINE_CURVE_WITH_KNOTS('',8,(#2125,#2126,#2127,#2128,#2129,
    #2130,#2131,#2132,#2133,#2134,#2135,#2136,#2137,#2138,#2139,#2140,
    #2141,#2142,#2143,#2144,#2145,#2146,#2147,#2148,#2149,#2150,#2151,
    #2152,#2153,#2154,#2155,#2156,#2157,#2158,#2159,#2160,#2161,#2162,
    #2163,#2164,#2165,#2166,#2167,#2168,#2169,#2170,#2171,#2172,#2173,
    #2174,#2175),.UNSPECIFIED.,.F.,.F.,(9,7,7,7,7,7,7,9),(0.,
    0.15200365052,0.28604553543,0.422557770675,0.587765673859,
    0.713964602634,0.838467698214,1.),.UNSPECIFIED.);
#2125 = CARTESIAN_POINT('',(0.,-10.04360617507));
#2126 = CARTESIAN_POINT('',(0.104961405892,-10.04360617507));
#2127 = CARTESIAN_POINT('',(0.209903417342,-10.04642658763));
#2128 = CARTESIAN_POINT('',(0.315585574247,-10.05206684978));
#2129 = CARTESIAN_POINT('',(0.42267058394,-10.06036639035));
#2130 = CARTESIAN_POINT('',(0.531840846579,-10.07099600971));
#2131 = CARTESIAN_POINT('',(0.643815748473,-10.08340111415));
#2132 = CARTESIAN_POINT('',(0.759394081025,-10.09674341266));
#2133 = CARTESIAN_POINT('',(0.985688042577,-10.12147874013));
#2134 = CARTESIAN_POINT('',(1.098404129627,-10.13324815903));
#2135 = CARTESIAN_POINT('',(1.215410945939,-10.14402231493));
#2136 = CARTESIAN_POINT('',(1.335209453385,-10.15242013868));
#2137 = CARTESIAN_POINT('',(1.456720971985,-10.15722040206));
#2138 = CARTESIAN_POINT('',(1.579019189334,-10.15787827024));
#2139 = CARTESIAN_POINT('',(1.70120836249,-10.15460375526));
#2140 = CARTESIAN_POINT('',(1.945267548535,-10.14156950654));
#2141 = CARTESIAN_POINT('',(2.063585790079,-10.13187841958));
#2142 = CARTESIAN_POINT('',(2.177861954544,-10.12009331112));
#2143 = CARTESIAN_POINT('',(2.288595529895,-10.10733630663));
#2144 = CARTESIAN_POINT('',(2.396148223721,-10.09462934469));
#2145 = CARTESIAN_POINT('',(2.500777469751,-10.08279638287));
#2146 = CARTESIAN_POINT('',(2.602630177242,-10.07243116661));
#2147 = CARTESIAN_POINT('',(2.821748888997,-10.05355794122));
#2148 = CARTESIAN_POINT('',(2.939303417444,-10.04576498274));
#2149 = CARTESIAN_POINT('',(3.055577423322,-10.04116629812));
#2150 = CARTESIAN_POINT('',(3.171406594787,-10.0401294029));
#2151 = CARTESIAN_POINT('',(3.287522567481,-10.04277731522));
#2152 = CARTESIAN_POINT('',(3.404596412379,-10.04895060111));
#2153 = CARTESIAN_POINT('',(3.523260429169,-10.05815621439));
#2154 = CARTESIAN_POINT('',(3.736667003409,-10.07828699371));
#2155 = CARTESIAN_POINT('',(3.831651258484,-10.08840697977));
#2156 = CARTESIAN_POINT('',(3.929188952514,-10.09958298048));
#2157 = CARTESIAN_POINT('',(4.029352023879,-10.11128915763));
#2158 = CARTESIAN_POINT('',(4.132305115477,-10.12283285392));
#2159 = CARTESIAN_POINT('',(4.238300524428,-10.13339165728));
#2160 = CARTESIAN_POINT('',(4.347699600574,-10.14209191655));
#2161 = CARTESIAN_POINT('',(4.572900202661,-10.15411900189));
#2162 = CARTESIAN_POINT('',(4.686195951835,-10.15738769037));
#2163 = CARTESIAN_POINT('',(4.799857115084,-10.15732226346));
#2164 = CARTESIAN_POINT('',(4.913024595793,-10.15368464351));
#2165 = CARTESIAN_POINT('',(5.024851053929,-10.14684231446));
#2166 = CARTESIAN_POINT('',(5.134365500877,-10.13767040038));
#2167 = CARTESIAN_POINT('',(5.240294046826,-10.12727280053));
#2168 = CARTESIAN_POINT('',(5.470985541054,-10.10287483724));
#2169 = CARTESIAN_POINT('',(5.595578297068,-10.08834310131));
#2170 = CARTESIAN_POINT('',(5.715820569075,-10.07454318071));
#2171 = CARTESIAN_POINT('',(5.832693352335,-10.06258539746));
#2172 = CARTESIAN_POINT('',(5.9470497448,-10.05319758559));
#2173 = CARTESIAN_POINT('',(6.059696475167,-10.04680311137));
#2174 = CARTESIAN_POINT('',(6.171437399857,-10.04360617507));
#2175 = CARTESIAN_POINT('',(6.28318530718,-10.04360617507));
#2176 = ( GEOMETRIC_REPRESENTATION_CONTEXT(2) 
PARAMETRIC_REPRESENTATION_CONTEXT() REPRESENTATION_CONTEXT('2D SPACE',''
  ) );
#2177 = ADVANCED_FACE('',(#2178,#2209),#219,.T.);
#2178 = FACE_BOUND('',#2179,.T.);
#2179 = EDGE_LOOP('',(#2180));
#2180 = ORIENTED_EDGE('',*,*,#2181,.T.);
#2181 = EDGE_CURVE('',#2182,#2182,#2184,.T.);
#2182 = VERTEX_POINT('',#2183);
#2183 = CARTESIAN_POINT('',(13.26,0.,1.5));
#2184 = SURFACE_CURVE('',#2185,(#2190,#2197),.PCURVE_S1.);
#2185 = CIRCLE('',#2186,13.26);
#2186 = AXIS2_PLACEMENT_3D('',#2187,#2188,#2189);
#2187 = CARTESIAN_POINT('',(0.,0.,1.5));
#2188 = DIRECTION('',(0.,0.,1.));
#2189 = DIRECTION('',(1.,0.,0.));
#2190 = PCURVE('',#219,#2191);
#2191 = DEFINITIONAL_REPRESENTATION('',(#2192),#2196);
#2192 = CIRCLE('',#2193,13.26);
#2193 = AXIS2_PLACEMENT_2D('',#2194,#2195);
#2194 = CARTESIAN_POINT('',(8.250015882591E-16,-2.837077030359E-16));
#2195 = DIRECTION('',(1.,0.));
#2196 = ( GEOMETRIC_REPRESENTATION_CONTEXT(2) 
PARAMETRIC_REPRESENTATION_CONTEXT() REPRESENTATION_CONTEXT('2D SPACE',''
  ) );
#2197 = PCURVE('',#2198,#2203);
#2198 = CYLINDRICAL_SURFACE('',#2199,13.26);
#2199 = AXIS2_PLACEMENT_3D('',#2200,#2201,#2202);
#2200 = CARTESIAN_POINT('',(0.,0.,0.));
#2201 = DIRECTION('',(-0.,-0.,-1.));
#2202 = DIRECTION('',(1.,0.,0.));
#2203 = DEFINITIONAL_REPRESENTATION('',(#2204),#2208);
#2204 = LINE('',#2205,#2206);
#2205 = CARTESIAN_POINT('',(-0.,-1.5));
#2206 = VECTOR('',#2207,1.);
#2207 = DIRECTION('',(-1.,0.));
#2208 = ( GEOMETRIC_REPRESENTATION_CONTEXT(2) 
PARAMETRIC_REPRESENTATION_CONTEXT() REPRESENTATION_CONTEXT('2D SPACE',''
  ) );
#2209 = FACE_BOUND('',#2210,.T.);
#2210 = EDGE_LOOP('',(#2211));
#2211 = ORIENTED_EDGE('',*,*,#202,.F.);
#2212 = ADVANCED_FACE('',(#2213),#354,.F.);
#2213 = FACE_BOUND('',#2214,.F.);
#2214 = EDGE_LOOP('',(#2215,#2216,#2237,#2238));
#2215 = ORIENTED_EDGE('',*,*,#1229,.F.);
#2216 = ORIENTED_EDGE('',*,*,#2217,.T.);
#2217 = EDGE_CURVE('',#1230,#257,#2218,.T.);
#2218 = SEAM_CURVE('',#2219,(#2223,#2230),.PCURVE_S1.);
#2219 = LINE('',#2220,#2221);
#2220 = CARTESIAN_POINT('',(0.55,-0.952627944163,12.206666666667));
#2221 = VECTOR('',#2222,1.);
#2222 = DIRECTION('',(0.866025403784,0.5,0.));
#2223 = PCURVE('',#354,#2224);
#2224 = DEFINITIONAL_REPRESENTATION('',(#2225),#2229);
#2225 = LINE('',#2226,#2227);
#2226 = CARTESIAN_POINT('',(6.28318530718,0.));
#2227 = VECTOR('',#2228,1.);
#2228 = DIRECTION('',(0.,-1.));
#2229 = ( GEOMETRIC_REPRESENTATION_CONTEXT(2) 
PARAMETRIC_REPRESENTATION_CONTEXT() REPRESENTATION_CONTEXT('2D SPACE',''
  ) );
#2230 = PCURVE('',#354,#2231);
#2231 = DEFINITIONAL_REPRESENTATION('',(#2232),#2236);
#2232 = LINE('',#2233,#2234);
#2233 = CARTESIAN_POINT('',(0.,0.));
#2234 = VECTOR('',#2235,1.);
#2235 = DIRECTION('',(0.,-1.));
#2236 = ( GEOMETRIC_REPRESENTATION_CONTEXT(2) 
PARAMETRIC_REPRESENTATION_CONTEXT() REPRESENTATION_CONTEXT('2D SPACE',''
  ) );
#2237 = ORIENTED_EDGE('',*,*,#256,.T.);
#2238 = ORIENTED_EDGE('',*,*,#2217,.F.);
#2239 = ADVANCED_FACE('',(#2240),#507,.F.);
#2240 = FACE_BOUND('',#2241,.F.);
#2241 = EDGE_LOOP('',(#2242,#2243,#2264,#2265));
#2242 = ORIENTED_EDGE('',*,*,#1377,.F.);
#2243 = ORIENTED_EDGE('',*,*,#2244,.T.);
#2244 = EDGE_CURVE('',#1378,#410,#2245,.T.);
#2245 = SEAM_CURVE('',#2246,(#2250,#2257),.PCURVE_S1.);
#2246 = LINE('',#2247,#2248);
#2247 = CARTESIAN_POINT('',(0.55,0.952627944163,12.206666666667));
#2248 = VECTOR('',#2249,1.);
#2249 = DIRECTION('',(-0.866025403784,0.5,0.));
#2250 = PCURVE('',#507,#2251);
#2251 = DEFINITIONAL_REPRESENTATION('',(#2252),#2256);
#2252 = LINE('',#2253,#2254);
#2253 = CARTESIAN_POINT('',(6.28318530718,0.));
#2254 = VECTOR('',#2255,1.);
#2255 = DIRECTION('',(0.,-1.));
#2256 = ( GEOMETRIC_REPRESENTATION_CONTEXT(2) 
PARAMETRIC_REPRESENTATION_CONTEXT() REPRESENTATION_CONTEXT('2D SPACE',''
  ) );
#2257 = PCURVE('',#507,#2258);
#2258 = DEFINITIONAL_REPRESENTATION('',(#2259),#2263);
#2259 = LINE('',#2260,#2261);
#2260 = CARTESIAN_POINT('',(0.,0.));
#2261 = VECTOR('',#2262,1.);
#2262 = DIRECTION('',(0.,-1.));
#2263 = ( GEOMETRIC_REPRESENTATION_CONTEXT(2) 
PARAMETRIC_REPRESENTATION_CONTEXT() REPRESENTATION_CONTEXT('2D SPACE',''
  ) );
#2264 = ORIENTED_EDGE('',*,*,#409,.T.);
#2265 = ORIENTED_EDGE('',*,*,#2244,.F.);
#2266 = ADVANCED_FACE('',(#2267),#660,.F.);
#2267 = FACE_BOUND('',#2268,.F.);
#2268 = EDGE_LOOP('',(#2269,#2270,#2291,#2292));
#2269 = ORIENTED_EDGE('',*,*,#1525,.F.);
#2270 = ORIENTED_EDGE('',*,*,#2271,.T.);
#2271 = EDGE_CURVE('',#1526,#563,#2272,.T.);
#2272 = SEAM_CURVE('',#2273,(#2277,#2284),.PCURVE_S1.);
#2273 = LINE('',#2274,#2275);
#2274 = CARTESIAN_POINT('',(-1.1,1.347111479062E-16,12.206666666667));
#2275 = VECTOR('',#2276,1.);
#2276 = DIRECTION('',(-1.224646799147E-16,-1.,0.));
#2277 = PCURVE('',#660,#2278);
#2278 = DEFINITIONAL_REPRESENTATION('',(#2279),#2283);
#2279 = LINE('',#2280,#2281);
#2280 = CARTESIAN_POINT('',(6.28318530718,0.));
#2281 = VECTOR('',#2282,1.);
#2282 = DIRECTION('',(0.,-1.));
#2283 = ( GEOMETRIC_REPRESENTATION_CONTEXT(2) 
PARAMETRIC_REPRESENTATION_CONTEXT() REPRESENTATION_CONTEXT('2D SPACE',''
  ) );
#2284 = PCURVE('',#660,#2285);
#2285 = DEFINITIONAL_REPRESENTATION('',(#2286),#2290);
#2286 = LINE('',#2287,#2288);
#2287 = CARTESIAN_POINT('',(0.,0.));
#2288 = VECTOR('',#2289,1.);
#2289 = DIRECTION('',(0.,-1.));
#2290 = ( GEOMETRIC_REPRESENTATION_CONTEXT(2) 
PARAMETRIC_REPRESENTATION_CONTEXT() REPRESENTATION_CONTEXT('2D SPACE',''
  ) );
#2291 = ORIENTED_EDGE('',*,*,#562,.T.);
#2292 = ORIENTED_EDGE('',*,*,#2271,.F.);
#2293 = ADVANCED_FACE('',(#2294),#813,.F.);
#2294 = FACE_BOUND('',#2295,.F.);
#2295 = EDGE_LOOP('',(#2296,#2297,#2318,#2319));
#2296 = ORIENTED_EDGE('',*,*,#1673,.F.);
#2297 = ORIENTED_EDGE('',*,*,#2298,.T.);
#2298 = EDGE_CURVE('',#1674,#716,#2299,.T.);
#2299 = SEAM_CURVE('',#2300,(#2304,#2311),.PCURVE_S1.);
#2300 = LINE('',#2301,#2302);
#2301 = CARTESIAN_POINT('',(1.5,0.,6.853333333333));
#2302 = VECTOR('',#2303,1.);
#2303 = DIRECTION('',(0.,1.,0.));
#2304 = PCURVE('',#813,#2305);
#2305 = DEFINITIONAL_REPRESENTATION('',(#2306),#2310);
#2306 = LINE('',#2307,#2308);
#2307 = CARTESIAN_POINT('',(6.28318530718,0.));
#2308 = VECTOR('',#2309,1.);
#2309 = DIRECTION('',(0.,-1.));
#2310 = ( GEOMETRIC_REPRESENTATION_CONTEXT(2) 
PARAMETRIC_REPRESENTATION_CONTEXT() REPRESENTATION_CONTEXT('2D SPACE',''
  ) );
#2311 = PCURVE('',#813,#2312);
#2312 = DEFINITIONAL_REPRESENTATION('',(#2313),#2317);
#2313 = LINE('',#2314,#2315);
#2314 = CARTESIAN_POINT('',(0.,0.));
#2315 = VECTOR('',#2316,1.);
#2316 = DIRECTION('',(0.,-1.));
#2317 = ( GEOMETRIC_REPRESENTATION_CONTEXT(2) 
PARAMETRIC_REPRESENTATION_CONTEXT() REPRESENTATION_CONTEXT('2D SPACE',''
  ) );
#2318 = ORIENTED_EDGE('',*,*,#715,.T.);
#2319 = ORIENTED_EDGE('',*,*,#2298,.F.);
#2320 = ADVANCED_FACE('',(#2321),#966,.F.);
#2321 = FACE_BOUND('',#2322,.F.);
#2322 = EDGE_LOOP('',(#2323,#2324,#2345,#2346));
#2323 = ORIENTED_EDGE('',*,*,#1842,.F.);
#2324 = ORIENTED_EDGE('',*,*,#2325,.T.);
#2325 = EDGE_CURVE('',#1843,#869,#2326,.T.);
#2326 = SEAM_CURVE('',#2327,(#2331,#2338),.PCURVE_S1.);
#2327 = LINE('',#2328,#2329);
#2328 = CARTESIAN_POINT('',(-0.75,1.299038105677,6.853333333333));
#2329 = VECTOR('',#2330,1.);
#2330 = DIRECTION('',(-0.866025403784,-0.5,0.));
#2331 = PCURVE('',#966,#2332);
#2332 = DEFINITIONAL_REPRESENTATION('',(#2333),#2337);
#2333 = LINE('',#2334,#2335);
#2334 = CARTESIAN_POINT('',(6.28318530718,0.));
#2335 = VECTOR('',#2336,1.);
#2336 = DIRECTION('',(0.,-1.));
#2337 = ( GEOMETRIC_REPRESENTATION_CONTEXT(2) 
PARAMETRIC_REPRESENTATION_CONTEXT() REPRESENTATION_CONTEXT('2D SPACE',''
  ) );
#2338 = PCURVE('',#966,#2339);
#2339 = DEFINITIONAL_REPRESENTATION('',(#2340),#2344);
#2340 = LINE('',#2341,#2342);
#2341 = CARTESIAN_POINT('',(0.,0.));
#2342 = VECTOR('',#2343,1.);
#2343 = DIRECTION('',(0.,-1.));
#2344 = ( GEOMETRIC_REPRESENTATION_CONTEXT(2) 
PARAMETRIC_REPRESENTATION_CONTEXT() REPRESENTATION_CONTEXT('2D SPACE',''
  ) );
#2345 = ORIENTED_EDGE('',*,*,#868,.T.);
#2346 = ORIENTED_EDGE('',*,*,#2325,.F.);
#2347 = ADVANCED_FACE('',(#2348),#1119,.F.);
#2348 = FACE_BOUND('',#2349,.F.);
#2349 = EDGE_LOOP('',(#2350,#2351,#2372,#2373));
#2350 = ORIENTED_EDGE('',*,*,#2011,.F.);
#2351 = ORIENTED_EDGE('',*,*,#2352,.T.);
#2352 = EDGE_CURVE('',#2012,#1022,#2353,.T.);
#2353 = SEAM_CURVE('',#2354,(#2358,#2365),.PCURVE_S1.);
#2354 = LINE('',#2355,#2356);
#2355 = CARTESIAN_POINT('',(-0.75,-1.299038105677,6.853333333333));
#2356 = VECTOR('',#2357,1.);
#2357 = DIRECTION('',(0.866025403784,-0.5,0.));
#2358 = PCURVE('',#1119,#2359);
#2359 = DEFINITIONAL_REPRESENTATION('',(#2360),#2364);
#2360 = LINE('',#2361,#2362);
#2361 = CARTESIAN_POINT('',(6.28318530718,0.));
#2362 = VECTOR('',#2363,1.);
#2363 = DIRECTION('',(0.,-1.));
#2364 = ( GEOMETRIC_REPRESENTATION_CONTEXT(2) 
PARAMETRIC_REPRESENTATION_CONTEXT() REPRESENTATION_CONTEXT('2D SPACE',''
  ) );
#2365 = PCURVE('',#1119,#2366);
#2366 = DEFINITIONAL_REPRESENTATION('',(#2367),#2371);
#2367 = LINE('',#2368,#2369);
#2368 = CARTESIAN_POINT('',(0.,0.));
#2369 = VECTOR('',#2370,1.);
#2370 = DIRECTION('',(0.,-1.));
#2371 = ( GEOMETRIC_REPRESENTATION_CONTEXT(2) 
PARAMETRIC_REPRESENTATION_CONTEXT() REPRESENTATION_CONTEXT('2D SPACE',''
  ) );
#2372 = ORIENTED_EDGE('',*,*,#1021,.T.);
#2373 = ORIENTED_EDGE('',*,*,#2352,.F.);
#2374 = ADVANCED_FACE('',(#2375,#2378,#2413,#2448,#2483,#2518,#2553,
    #2588),#1214,.T.);
#2375 = FACE_BOUND('',#2376,.T.);
#2376 = EDGE_LOOP('',(#2377));
#2377 = ORIENTED_EDGE('',*,*,#1199,.T.);
#2378 = FACE_BOUND('',#2379,.T.);
#2379 = EDGE_LOOP('',(#2380));
#2380 = ORIENTED_EDGE('',*,*,#2381,.T.);
#2381 = EDGE_CURVE('',#2382,#2382,#2384,.T.);
#2382 = VERTEX_POINT('',#2383);
#2383 = CARTESIAN_POINT('',(-2.2195,-6.950719890774,4.5));
#2384 = SURFACE_CURVE('',#2385,(#2390,#2401),.PCURVE_S1.);
#2385 = CIRCLE('',#2386,1.7935);
#2386 = AXIS2_PLACEMENT_3D('',#2387,#2388,#2389);
#2387 = CARTESIAN_POINT('',(-4.013,-6.950719890774,4.5));
#2388 = DIRECTION('',(0.,0.,-1.));
#2389 = DIRECTION('',(1.,0.,0.));
#2390 = PCURVE('',#1214,#2391);
#2391 = DEFINITIONAL_REPRESENTATION('',(#2392),#2400);
#2392 = ( BOUNDED_CURVE() B_SPLINE_CURVE(2,(#2393,#2394,#2395,#2396,
#2397,#2398,#2399),.UNSPECIFIED.,.T.,.F.) B_SPLINE_CURVE_WITH_KNOTS((1,2
    ,2,2,2,1),(-2.094395102393,0.,2.094395102393,4.188790204786,
6.28318530718,8.377580409573),.UNSPECIFIED.) CURVE() 
GEOMETRIC_REPRESENTATION_ITEM() RATIONAL_B_SPLINE_CURVE((1.,0.5,1.,0.5,
1.,0.5,1.)) REPRESENTATION_ITEM('') );
#2393 = CARTESIAN_POINT('',(-2.2195,-6.950719890774));
#2394 = CARTESIAN_POINT('',(-2.2195,-10.05715301414));
#2395 = CARTESIAN_POINT('',(-4.90975,-8.503936452461));
#2396 = CARTESIAN_POINT('',(-7.6,-6.950719890774));
#2397 = CARTESIAN_POINT('',(-4.90975,-5.397503329087));
#2398 = CARTESIAN_POINT('',(-2.2195,-3.844286767399));
#2399 = CARTESIAN_POINT('',(-2.2195,-6.950719890774));
#2400 = ( GEOMETRIC_REPRESENTATION_CONTEXT(2) 
PARAMETRIC_REPRESENTATION_CONTEXT() REPRESENTATION_CONTEXT('2D SPACE',''
  ) );
#2401 = PCURVE('',#2402,#2407);
#2402 = CYLINDRICAL_SURFACE('',#2403,1.7935);
#2403 = AXIS2_PLACEMENT_3D('',#2404,#2405,#2406);
#2404 = CARTESIAN_POINT('',(-4.013,-6.950719890774,-0.5));
#2405 = DIRECTION('',(-0.,-0.,-1.));
#2406 = DIRECTION('',(1.,0.,0.));
#2407 = DEFINITIONAL_REPRESENTATION('',(#2408),#2412);
#2408 = LINE('',#2409,#2410);
#2409 = CARTESIAN_POINT('',(-6.28318530718,-5.));
#2410 = VECTOR('',#2411,1.);
#2411 = DIRECTION('',(1.,-0.));
#2412 = ( GEOMETRIC_REPRESENTATION_CONTEXT(2) 
PARAMETRIC_REPRESENTATION_CONTEXT() REPRESENTATION_CONTEXT('2D SPACE',''
  ) );
#2413 = FACE_BOUND('',#2414,.T.);
#2414 = EDGE_LOOP('',(#2415));
#2415 = ORIENTED_EDGE('',*,*,#2416,.T.);
#2416 = EDGE_CURVE('',#2417,#2417,#2419,.T.);
#2417 = VERTEX_POINT('',#2418);
#2418 = CARTESIAN_POINT('',(5.8065,-6.950719890774,4.5));
#2419 = SURFACE_CURVE('',#2420,(#2425,#2436),.PCURVE_S1.);
#2420 = CIRCLE('',#2421,1.7935);
#2421 = AXIS2_PLACEMENT_3D('',#2422,#2423,#2424);
#2422 = CARTESIAN_POINT('',(4.013,-6.950719890774,4.5));
#2423 = DIRECTION('',(0.,0.,-1.));
#2424 = DIRECTION('',(1.,0.,0.));
#2425 = PCURVE('',#1214,#2426);
#2426 = DEFINITIONAL_REPRESENTATION('',(#2427),#2435);
#2427 = ( BOUNDED_CURVE() B_SPLINE_CURVE(2,(#2428,#2429,#2430,#2431,
#2432,#2433,#2434),.UNSPECIFIED.,.T.,.F.) B_SPLINE_CURVE_WITH_KNOTS((1,2
    ,2,2,2,1),(-2.094395102393,0.,2.094395102393,4.188790204786,
6.28318530718,8.377580409573),.UNSPECIFIED.) CURVE() 
GEOMETRIC_REPRESENTATION_ITEM() RATIONAL_B_SPLINE_CURVE((1.,0.5,1.,0.5,
1.,0.5,1.)) REPRESENTATION_ITEM('') );
#2428 = CARTESIAN_POINT('',(5.8065,-6.950719890774));
#2429 = CARTESIAN_POINT('',(5.8065,-10.05715301414));
#2430 = CARTESIAN_POINT('',(3.11625,-8.503936452461));
#2431 = CARTESIAN_POINT('',(0.426,-6.950719890774));
#2432 = CARTESIAN_POINT('',(3.11625,-5.397503329087));
#2433 = CARTESIAN_POINT('',(5.8065,-3.844286767399));
#2434 = CARTESIAN_POINT('',(5.8065,-6.950719890774));
#2435 = ( GEOMETRIC_REPRESENTATION_CONTEXT(2) 
PARAMETRIC_REPRESENTATION_CONTEXT() REPRESENTATION_CONTEXT('2D SPACE',''
  ) );
#2436 = PCURVE('',#2437,#2442);
#2437 = CYLINDRICAL_SURFACE('',#2438,1.7935);
#2438 = AXIS2_PLACEMENT_3D('',#2439,#2440,#2441);
#2439 = CARTESIAN_POINT('',(4.013,-6.950719890774,-0.5));
#2440 = DIRECTION('',(-0.,-0.,-1.));
#2441 = DIRECTION('',(1.,0.,0.));
#2442 = DEFINITIONAL_REPRESENTATION('',(#2443),#2447);
#2443 = LINE('',#2444,#2445);
#2444 = CARTESIAN_POINT('',(-6.28318530718,-5.));
#2445 = VECTOR('',#2446,1.);
#2446 = DIRECTION('',(1.,-0.));
#2447 = ( GEOMETRIC_REPRESENTATION_CONTEXT(2) 
PARAMETRIC_REPRESENTATION_CONTEXT() REPRESENTATION_CONTEXT('2D SPACE',''
  ) );
#2448 = FACE_BOUND('',#2449,.T.);
#2449 = EDGE_LOOP('',(#2450));
#2450 = ORIENTED_EDGE('',*,*,#2451,.T.);
#2451 = EDGE_CURVE('',#2452,#2452,#2454,.T.);
#2452 = VERTEX_POINT('',#2453);
#2453 = CARTESIAN_POINT('',(1.425,0.,4.5));
#2454 = SURFACE_CURVE('',#2455,(#2460,#2471),.PCURVE_S1.);
#2455 = CIRCLE('',#2456,1.425);
#2456 = AXIS2_PLACEMENT_3D('',#2457,#2458,#2459);
#2457 = CARTESIAN_POINT('',(0.,0.,4.5));
#2458 = DIRECTION('',(0.,0.,-1.));
#2459 = DIRECTION('',(1.,0.,0.));
#2460 = PCURVE('',#1214,#2461);
#2461 = DEFINITIONAL_REPRESENTATION('',(#2462),#2470);
#2462 = ( BOUNDED_CURVE() B_SPLINE_CURVE(2,(#2463,#2464,#2465,#2466,
#2467,#2468,#2469),.UNSPECIFIED.,.T.,.F.) B_SPLINE_CURVE_WITH_KNOTS((1,2
    ,2,2,2,1),(-2.094395102393,0.,2.094395102393,4.188790204786,
6.28318530718,8.377580409573),.UNSPECIFIED.) CURVE() 
GEOMETRIC_REPRESENTATION_ITEM() RATIONAL_B_SPLINE_CURVE((1.,0.5,1.,0.5,
1.,0.5,1.)) REPRESENTATION_ITEM('') );
#2463 = CARTESIAN_POINT('',(1.425,-1.240843878985E-16));
#2464 = CARTESIAN_POINT('',(1.425,-2.468172400786));
#2465 = CARTESIAN_POINT('',(-0.7125,-1.234086200393));
#2466 = CARTESIAN_POINT('',(-2.85,-4.731087256555E-16));
#2467 = CARTESIAN_POINT('',(-0.7125,1.234086200393));
#2468 = CARTESIAN_POINT('',(1.425,2.468172400786));
#2469 = CARTESIAN_POINT('',(1.425,-1.240843878985E-16));
#2470 = ( GEOMETRIC_REPRESENTATION_CONTEXT(2) 
PARAMETRIC_REPRESENTATION_CONTEXT() REPRESENTATION_CONTEXT('2D SPACE',''
  ) );
#2471 = PCURVE('',#2472,#2477);
#2472 = CYLINDRICAL_SURFACE('',#2473,1.425);
#2473 = AXIS2_PLACEMENT_3D('',#2474,#2475,#2476);
#2474 = CARTESIAN_POINT('',(0.,0.,-0.5));
#2475 = DIRECTION('',(-0.,-0.,-1.));
#2476 = DIRECTION('',(1.,0.,0.));
#2477 = DEFINITIONAL_REPRESENTATION('',(#2478),#2482);
#2478 = LINE('',#2479,#2480);
#2479 = CARTESIAN_POINT('',(-6.28318530718,-5.));
#2480 = VECTOR('',#2481,1.);
#2481 = DIRECTION('',(1.,-0.));
#2482 = ( GEOMETRIC_REPRESENTATION_CONTEXT(2) 
PARAMETRIC_REPRESENTATION_CONTEXT() REPRESENTATION_CONTEXT('2D SPACE',''
  ) );
#2483 = FACE_BOUND('',#2484,.T.);
#2484 = EDGE_LOOP('',(#2485));
#2485 = ORIENTED_EDGE('',*,*,#2486,.T.);
#2486 = EDGE_CURVE('',#2487,#2487,#2489,.T.);
#2487 = VERTEX_POINT('',#2488);
#2488 = CARTESIAN_POINT('',(9.8195,0.,4.5));
#2489 = SURFACE_CURVE('',#2490,(#2495,#2506),.PCURVE_S1.);
#2490 = CIRCLE('',#2491,1.7935);
#2491 = AXIS2_PLACEMENT_3D('',#2492,#2493,#2494);
#2492 = CARTESIAN_POINT('',(8.026,0.,4.5));
#2493 = DIRECTION('',(0.,0.,-1.));
#2494 = DIRECTION('',(1.,0.,0.));
#2495 = PCURVE('',#1214,#2496);
#2496 = DEFINITIONAL_REPRESENTATION('',(#2497),#2505);
#2497 = ( BOUNDED_CURVE() B_SPLINE_CURVE(2,(#2498,#2499,#2500,#2501,
#2502,#2503,#2504),.UNSPECIFIED.,.T.,.F.) B_SPLINE_CURVE_WITH_KNOTS((1,2
    ,2,2,2,1),(-2.094395102393,0.,2.094395102393,4.188790204786,
6.28318530718,8.377580409573),.UNSPECIFIED.) CURVE() 
GEOMETRIC_REPRESENTATION_ITEM() RATIONAL_B_SPLINE_CURVE((1.,0.5,1.,0.5,
1.,0.5,1.)) REPRESENTATION_ITEM('') );
#2498 = CARTESIAN_POINT('',(9.8195,-1.240843878985E-16));
#2499 = CARTESIAN_POINT('',(9.8195,-3.106433123375));
#2500 = CARTESIAN_POINT('',(7.12925,-1.553216561687));
#2501 = CARTESIAN_POINT('',(4.439,-5.633651947527E-16));
#2502 = CARTESIAN_POINT('',(7.12925,1.553216561687));
#2503 = CARTESIAN_POINT('',(9.8195,3.106433123375));
#2504 = CARTESIAN_POINT('',(9.8195,-1.240843878985E-16));
#2505 = ( GEOMETRIC_REPRESENTATION_CONTEXT(2) 
PARAMETRIC_REPRESENTATION_CONTEXT() REPRESENTATION_CONTEXT('2D SPACE',''
  ) );
#2506 = PCURVE('',#2507,#2512);
#2507 = CYLINDRICAL_SURFACE('',#2508,1.7935);
#2508 = AXIS2_PLACEMENT_3D('',#2509,#2510,#2511);
#2509 = CARTESIAN_POINT('',(8.026,0.,-0.5));
#2510 = DIRECTION('',(-0.,-0.,-1.));
#2511 = DIRECTION('',(1.,0.,0.));
#2512 = DEFINITIONAL_REPRESENTATION('',(#2513),#2517);
#2513 = LINE('',#2514,#2515);
#2514 = CARTESIAN_POINT('',(-6.28318530718,-5.));
#2515 = VECTOR('',#2516,1.);
#2516 = DIRECTION('',(1.,-0.));
#2517 = ( GEOMETRIC_REPRESENTATION_CONTEXT(2) 
PARAMETRIC_REPRESENTATION_CONTEXT() REPRESENTATION_CONTEXT('2D SPACE',''
  ) );
#2518 = FACE_BOUND('',#2519,.T.);
#2519 = EDGE_LOOP('',(#2520));
#2520 = ORIENTED_EDGE('',*,*,#2521,.T.);
#2521 = EDGE_CURVE('',#2522,#2522,#2524,.T.);
#2522 = VERTEX_POINT('',#2523);
#2523 = CARTESIAN_POINT('',(-6.2325,9.829015209957E-16,4.5));
#2524 = SURFACE_CURVE('',#2525,(#2530,#2541),.PCURVE_S1.);
#2525 = CIRCLE('',#2526,1.7935);
#2526 = AXIS2_PLACEMENT_3D('',#2527,#2528,#2529);
#2527 = CARTESIAN_POINT('',(-8.026,9.829015209957E-16,4.5));
#2528 = DIRECTION('',(0.,0.,-1.));
#2529 = DIRECTION('',(1.,0.,0.));
#2530 = PCURVE('',#1214,#2531);
#2531 = DEFINITIONAL_REPRESENTATION('',(#2532),#2540);
#2532 = ( BOUNDED_CURVE() B_SPLINE_CURVE(2,(#2533,#2534,#2535,#2536,
#2537,#2538,#2539),.UNSPECIFIED.,.T.,.F.) B_SPLINE_CURVE_WITH_KNOTS((1,2
    ,2,2,2,1),(-2.094395102393,0.,2.094395102393,4.188790204786,
6.28318530718,8.377580409573),.UNSPECIFIED.) CURVE() 
GEOMETRIC_REPRESENTATION_ITEM() RATIONAL_B_SPLINE_CURVE((1.,0.5,1.,0.5,
1.,0.5,1.)) REPRESENTATION_ITEM('') );
#2533 = CARTESIAN_POINT('',(-6.2325,8.588171330971E-16));
#2534 = CARTESIAN_POINT('',(-6.2325,-3.106433123375));
#2535 = CARTESIAN_POINT('',(-8.92275,-1.553216561687));
#2536 = CARTESIAN_POINT('',(-11.613,4.19536326243E-16));
#2537 = CARTESIAN_POINT('',(-8.92275,1.553216561687));
#2538 = CARTESIAN_POINT('',(-6.2325,3.106433123375));
#2539 = CARTESIAN_POINT('',(-6.2325,8.588171330971E-16));
#2540 = ( GEOMETRIC_REPRESENTATION_CONTEXT(2) 
PARAMETRIC_REPRESENTATION_CONTEXT() REPRESENTATION_CONTEXT('2D SPACE',''
  ) );
#2541 = PCURVE('',#2542,#2547);
#2542 = CYLINDRICAL_SURFACE('',#2543,1.7935);
#2543 = AXIS2_PLACEMENT_3D('',#2544,#2545,#2546);
#2544 = CARTESIAN_POINT('',(-8.026,9.829015209957E-16,-0.5));
#2545 = DIRECTION('',(-0.,-0.,-1.));
#2546 = DIRECTION('',(1.,0.,0.));
#2547 = DEFINITIONAL_REPRESENTATION('',(#2548),#2552);
#2548 = LINE('',#2549,#2550);
#2549 = CARTESIAN_POINT('',(-6.28318530718,-5.));
#2550 = VECTOR('',#2551,1.);
#2551 = DIRECTION('',(1.,-0.));
#2552 = ( GEOMETRIC_REPRESENTATION_CONTEXT(2) 
PARAMETRIC_REPRESENTATION_CONTEXT() REPRESENTATION_CONTEXT('2D SPACE',''
  ) );
#2553 = FACE_BOUND('',#2554,.T.);
#2554 = EDGE_LOOP('',(#2555));
#2555 = ORIENTED_EDGE('',*,*,#2556,.T.);
#2556 = EDGE_CURVE('',#2557,#2557,#2559,.T.);
#2557 = VERTEX_POINT('',#2558);
#2558 = CARTESIAN_POINT('',(-2.2195,6.950719890774,4.5));
#2559 = SURFACE_CURVE('',#2560,(#2565,#2576),.PCURVE_S1.);
#2560 = CIRCLE('',#2561,1.7935);
#2561 = AXIS2_PLACEMENT_3D('',#2562,#2563,#2564);
#2562 = CARTESIAN_POINT('',(-4.013,6.950719890774,4.5));
#2563 = DIRECTION('',(0.,0.,-1.));
#2564 = DIRECTION('',(1.,0.,0.));
#2565 = PCURVE('',#1214,#2566);
#2566 = DEFINITIONAL_REPRESENTATION('',(#2567),#2575);
#2567 = ( BOUNDED_CURVE() B_SPLINE_CURVE(2,(#2568,#2569,#2570,#2571,
#2572,#2573,#2574),.UNSPECIFIED.,.T.,.F.) B_SPLINE_CURVE_WITH_KNOTS((1,2
    ,2,2,2,1),(-2.094395102393,0.,2.094395102393,4.188790204786,
6.28318530718,8.377580409573),.UNSPECIFIED.) CURVE() 
GEOMETRIC_REPRESENTATION_ITEM() RATIONAL_B_SPLINE_CURVE((1.,0.5,1.,0.5,
1.,0.5,1.)) REPRESENTATION_ITEM('') );
#2568 = CARTESIAN_POINT('',(-2.2195,6.950719890774));
#2569 = CARTESIAN_POINT('',(-2.2195,3.844286767399));
#2570 = CARTESIAN_POINT('',(-4.90975,5.397503329087));
#2571 = CARTESIAN_POINT('',(-7.6,6.950719890774));
#2572 = CARTESIAN_POINT('',(-4.90975,8.503936452461));
#2573 = CARTESIAN_POINT('',(-2.2195,10.057153014149));
#2574 = CARTESIAN_POINT('',(-2.2195,6.950719890774));
#2575 = ( GEOMETRIC_REPRESENTATION_CONTEXT(2) 
PARAMETRIC_REPRESENTATION_CONTEXT() REPRESENTATION_CONTEXT('2D SPACE',''
  ) );
#2576 = PCURVE('',#2577,#2582);
#2577 = CYLINDRICAL_SURFACE('',#2578,1.7935);
#2578 = AXIS2_PLACEMENT_3D('',#2579,#2580,#2581);
#2579 = CARTESIAN_POINT('',(-4.013,6.950719890774,-0.5));
#2580 = DIRECTION('',(-0.,-0.,-1.));
#2581 = DIRECTION('',(1.,0.,0.));
#2582 = DEFINITIONAL_REPRESENTATION('',(#2583),#2587);
#2583 = LINE('',#2584,#2585);
#2584 = CARTESIAN_POINT('',(-6.28318530718,-5.));
#2585 = VECTOR('',#2586,1.);
#2586 = DIRECTION('',(1.,-0.));
#2587 = ( GEOMETRIC_REPRESENTATION_CONTEXT(2) 
PARAMETRIC_REPRESENTATION_CONTEXT() REPRESENTATION_CONTEXT('2D SPACE',''
  ) );
#2588 = FACE_BOUND('',#2589,.T.);
#2589 = EDGE_LOOP('',(#2590));
#2590 = ORIENTED_EDGE('',*,*,#2591,.T.);
#2591 = EDGE_CURVE('',#2592,#2592,#2594,.T.);
#2592 = VERTEX_POINT('',#2593);
#2593 = CARTESIAN_POINT('',(5.8065,6.950719890774,4.5));
#2594 = SURFACE_CURVE('',#2595,(#2600,#2611),.PCURVE_S1.);
#2595 = CIRCLE('',#2596,1.7935);
#2596 = AXIS2_PLACEMENT_3D('',#2597,#2598,#2599);
#2597 = CARTESIAN_POINT('',(4.013,6.950719890774,4.5));
#2598 = DIRECTION('',(0.,0.,-1.));
#2599 = DIRECTION('',(1.,0.,0.));
#2600 = PCURVE('',#1214,#2601);
#2601 = DEFINITIONAL_REPRESENTATION('',(#2602),#2610);
#2602 = ( BOUNDED_CURVE() B_SPLINE_CURVE(2,(#2603,#2604,#2605,#2606,
#2607,#2608,#2609),.UNSPECIFIED.,.T.,.F.) B_SPLINE_CURVE_WITH_KNOTS((1,2
    ,2,2,2,1),(-2.094395102393,0.,2.094395102393,4.188790204786,
6.28318530718,8.377580409573),.UNSPECIFIED.) CURVE() 
GEOMETRIC_REPRESENTATION_ITEM() RATIONAL_B_SPLINE_CURVE((1.,0.5,1.,0.5,
1.,0.5,1.)) REPRESENTATION_ITEM('') );
#2603 = CARTESIAN_POINT('',(5.8065,6.950719890774));
#2604 = CARTESIAN_POINT('',(5.8065,3.844286767399));
#2605 = CARTESIAN_POINT('',(3.11625,5.397503329087));
#2606 = CARTESIAN_POINT('',(0.426,6.950719890774));
#2607 = CARTESIAN_POINT('',(3.11625,8.503936452461));
#2608 = CARTESIAN_POINT('',(5.8065,10.057153014149));
#2609 = CARTESIAN_POINT('',(5.8065,6.950719890774));
#2610 = ( GEOMETRIC_REPRESENTATION_CONTEXT(2) 
PARAMETRIC_REPRESENTATION_CONTEXT() REPRESENTATION_CONTEXT('2D SPACE',''
  ) );
#2611 = PCURVE('',#2612,#2617);
#2612 = CYLINDRICAL_SURFACE('',#2613,1.7935);
#2613 = AXIS2_PLACEMENT_3D('',#2614,#2615,#2616);
#2614 = CARTESIAN_POINT('',(4.013,6.950719890774,-0.5));
#2615 = DIRECTION('',(-0.,-0.,-1.));
#2616 = DIRECTION('',(1.,0.,0.));
#2617 = DEFINITIONAL_REPRESENTATION('',(#2618),#2622);
#2618 = LINE('',#2619,#2620);
#2619 = CARTESIAN_POINT('',(-6.28318530718,-5.));
#2620 = VECTOR('',#2621,1.);
#2621 = DIRECTION('',(1.,-0.));
#2622 = ( GEOMETRIC_REPRESENTATION_CONTEXT(2) 
PARAMETRIC_REPRESENTATION_CONTEXT() REPRESENTATION_CONTEXT('2D SPACE',''
  ) );
#2623 = ADVANCED_FACE('',(#2624),#2198,.T.);
#2624 = FACE_BOUND('',#2625,.F.);
#2625 = EDGE_LOOP('',(#2626,#2649,#2650,#2651));
#2626 = ORIENTED_EDGE('',*,*,#2627,.T.);
#2627 = EDGE_CURVE('',#2628,#2182,#2630,.T.);
#2628 = VERTEX_POINT('',#2629);
#2629 = CARTESIAN_POINT('',(13.26,0.,0.));
#2630 = SEAM_CURVE('',#2631,(#2635,#2642),.PCURVE_S1.);
#2631 = LINE('',#2632,#2633);
#2632 = CARTESIAN_POINT('',(13.26,0.,0.));
#2633 = VECTOR('',#2634,1.);
#2634 = DIRECTION('',(0.,0.,1.));
#2635 = PCURVE('',#2198,#2636);
#2636 = DEFINITIONAL_REPRESENTATION('',(#2637),#2641);
#2637 = LINE('',#2638,#2639);
#2638 = CARTESIAN_POINT('',(-0.,0.));
#2639 = VECTOR('',#2640,1.);
#2640 = DIRECTION('',(-0.,-1.));
#2641 = ( GEOMETRIC_REPRESENTATION_CONTEXT(2) 
PARAMETRIC_REPRESENTATION_CONTEXT() REPRESENTATION_CONTEXT('2D SPACE',''
  ) );
#2642 = PCURVE('',#2198,#2643);
#2643 = DEFINITIONAL_REPRESENTATION('',(#2644),#2648);
#2644 = LINE('',#2645,#2646);
#2645 = CARTESIAN_POINT('',(-6.28318530718,0.));
#2646 = VECTOR('',#2647,1.);
#2647 = DIRECTION('',(-0.,-1.));
#2648 = ( GEOMETRIC_REPRESENTATION_CONTEXT(2) 
PARAMETRIC_REPRESENTATION_CONTEXT() REPRESENTATION_CONTEXT('2D SPACE',''
  ) );
#2649 = ORIENTED_EDGE('',*,*,#2181,.T.);
#2650 = ORIENTED_EDGE('',*,*,#2627,.F.);
#2651 = ORIENTED_EDGE('',*,*,#2652,.F.);
#2652 = EDGE_CURVE('',#2628,#2628,#2653,.T.);
#2653 = SURFACE_CURVE('',#2654,(#2659,#2666),.PCURVE_S1.);
#2654 = CIRCLE('',#2655,13.26);
#2655 = AXIS2_PLACEMENT_3D('',#2656,#2657,#2658);
#2656 = CARTESIAN_POINT('',(0.,0.,0.));
#2657 = DIRECTION('',(0.,0.,1.));
#2658 = DIRECTION('',(1.,0.,0.));
#2659 = PCURVE('',#2198,#2660);
#2660 = DEFINITIONAL_REPRESENTATION('',(#2661),#2665);
#2661 = LINE('',#2662,#2663);
#2662 = CARTESIAN_POINT('',(-0.,0.));
#2663 = VECTOR('',#2664,1.);
#2664 = DIRECTION('',(-1.,0.));
#2665 = ( GEOMETRIC_REPRESENTATION_CONTEXT(2) 
PARAMETRIC_REPRESENTATION_CONTEXT() REPRESENTATION_CONTEXT('2D SPACE',''
  ) );
#2666 = PCURVE('',#2667,#2672);
#2667 = PLANE('',#2668);
#2668 = AXIS2_PLACEMENT_3D('',#2669,#2670,#2671);
#2669 = CARTESIAN_POINT('',(-8.250015882591E-16,2.837077030359E-16,0.));
#2670 = DIRECTION('',(0.,0.,1.));
#2671 = DIRECTION('',(1.,0.,-0.));
#2672 = DEFINITIONAL_REPRESENTATION('',(#2673),#2677);
#2673 = CIRCLE('',#2674,13.26);
#2674 = AXIS2_PLACEMENT_2D('',#2675,#2676);
#2675 = CARTESIAN_POINT('',(8.250015882591E-16,-2.837077030359E-16));
#2676 = DIRECTION('',(1.,0.));
#2677 = ( GEOMETRIC_REPRESENTATION_CONTEXT(2) 
PARAMETRIC_REPRESENTATION_CONTEXT() REPRESENTATION_CONTEXT('2D SPACE',''
  ) );
#2678 = ADVANCED_FACE('',(#2679),#2402,.F.);
#2679 = FACE_BOUND('',#2680,.T.);
#2680 = EDGE_LOOP('',(#2681,#2709,#2730,#2731));
#2681 = ORIENTED_EDGE('',*,*,#2682,.T.);
#2682 = EDGE_CURVE('',#2683,#2683,#2685,.T.);
#2683 = VERTEX_POINT('',#2684);
#2684 = CARTESIAN_POINT('',(-2.2195,-6.950719890774,0.));
#2685 = SURFACE_CURVE('',#2686,(#2691,#2698),.PCURVE_S1.);
#2686 = CIRCLE('',#2687,1.7935);
#2687 = AXIS2_PLACEMENT_3D('',#2688,#2689,#2690);
#2688 = CARTESIAN_POINT('',(-4.013,-6.950719890774,0.));
#2689 = DIRECTION('',(0.,0.,-1.));
#2690 = DIRECTION('',(1.,0.,0.));
#2691 = PCURVE('',#2402,#2692);
#2692 = DEFINITIONAL_REPRESENTATION('',(#2693),#2697);
#2693 = LINE('',#2694,#2695);
#2694 = CARTESIAN_POINT('',(-6.28318530718,-0.5));
#2695 = VECTOR('',#2696,1.);
#2696 = DIRECTION('',(1.,-0.));
#2697 = ( GEOMETRIC_REPRESENTATION_CONTEXT(2) 
PARAMETRIC_REPRESENTATION_CONTEXT() REPRESENTATION_CONTEXT('2D SPACE',''
  ) );
#2698 = PCURVE('',#2667,#2699);
#2699 = DEFINITIONAL_REPRESENTATION('',(#2700),#2708);
#2700 = ( BOUNDED_CURVE() B_SPLINE_CURVE(2,(#2701,#2702,#2703,#2704,
#2705,#2706,#2707),.UNSPECIFIED.,.T.,.F.) B_SPLINE_CURVE_WITH_KNOTS((1,2
    ,2,2,2,1),(-2.094395102393,0.,2.094395102393,4.188790204786,
6.28318530718,8.377580409573),.UNSPECIFIED.) CURVE() 
GEOMETRIC_REPRESENTATION_ITEM() RATIONAL_B_SPLINE_CURVE((1.,0.5,1.,0.5,
1.,0.5,1.)) REPRESENTATION_ITEM('') );
#2701 = CARTESIAN_POINT('',(-2.2195,-6.950719890774));
#2702 = CARTESIAN_POINT('',(-2.2195,-10.05715301414));
#2703 = CARTESIAN_POINT('',(-4.90975,-8.503936452461));
#2704 = CARTESIAN_POINT('',(-7.6,-6.950719890774));
#2705 = CARTESIAN_POINT('',(-4.90975,-5.397503329087));
#2706 = CARTESIAN_POINT('',(-2.2195,-3.844286767399));
#2707 = CARTESIAN_POINT('',(-2.2195,-6.950719890774));
#2708 = ( GEOMETRIC_REPRESENTATION_CONTEXT(2) 
PARAMETRIC_REPRESENTATION_CONTEXT() REPRESENTATION_CONTEXT('2D SPACE',''
  ) );
#2709 = ORIENTED_EDGE('',*,*,#2710,.T.);
#2710 = EDGE_CURVE('',#2683,#2382,#2711,.T.);
#2711 = SEAM_CURVE('',#2712,(#2716,#2723),.PCURVE_S1.);
#2712 = LINE('',#2713,#2714);
#2713 = CARTESIAN_POINT('',(-2.2195,-6.950719890774,-0.5));
#2714 = VECTOR('',#2715,1.);
#2715 = DIRECTION('',(0.,0.,1.));
#2716 = PCURVE('',#2402,#2717);
#2717 = DEFINITIONAL_REPRESENTATION('',(#2718),#2722);
#2718 = LINE('',#2719,#2720);
#2719 = CARTESIAN_POINT('',(-6.28318530718,0.));
#2720 = VECTOR('',#2721,1.);
#2721 = DIRECTION('',(-0.,-1.));
#2722 = ( GEOMETRIC_REPRESENTATION_CONTEXT(2) 
PARAMETRIC_REPRESENTATION_CONTEXT() REPRESENTATION_CONTEXT('2D SPACE',''
  ) );
#2723 = PCURVE('',#2402,#2724);
#2724 = DEFINITIONAL_REPRESENTATION('',(#2725),#2729);
#2725 = LINE('',#2726,#2727);
#2726 = CARTESIAN_POINT('',(-0.,0.));
#2727 = VECTOR('',#2728,1.);
#2728 = DIRECTION('',(-0.,-1.));
#2729 = ( GEOMETRIC_REPRESENTATION_CONTEXT(2) 
PARAMETRIC_REPRESENTATION_CONTEXT() REPRESENTATION_CONTEXT('2D SPACE',''
  ) );
#2730 = ORIENTED_EDGE('',*,*,#2381,.F.);
#2731 = ORIENTED_EDGE('',*,*,#2710,.F.);
#2732 = ADVANCED_FACE('',(#2733),#2437,.F.);
#2733 = FACE_BOUND('',#2734,.T.);
#2734 = EDGE_LOOP('',(#2735,#2763,#2784,#2785));
#2735 = ORIENTED_EDGE('',*,*,#2736,.T.);
#2736 = EDGE_CURVE('',#2737,#2737,#2739,.T.);
#2737 = VERTEX_POINT('',#2738);
#2738 = CARTESIAN_POINT('',(5.8065,-6.950719890774,0.));
#2739 = SURFACE_CURVE('',#2740,(#2745,#2752),.PCURVE_S1.);
#2740 = CIRCLE('',#2741,1.7935);
#2741 = AXIS2_PLACEMENT_3D('',#2742,#2743,#2744);
#2742 = CARTESIAN_POINT('',(4.013,-6.950719890774,0.));
#2743 = DIRECTION('',(0.,0.,-1.));
#2744 = DIRECTION('',(1.,0.,0.));
#2745 = PCURVE('',#2437,#2746);
#2746 = DEFINITIONAL_REPRESENTATION('',(#2747),#2751);
#2747 = LINE('',#2748,#2749);
#2748 = CARTESIAN_POINT('',(-6.28318530718,-0.5));
#2749 = VECTOR('',#2750,1.);
#2750 = DIRECTION('',(1.,-0.));
#2751 = ( GEOMETRIC_REPRESENTATION_CONTEXT(2) 
PARAMETRIC_REPRESENTATION_CONTEXT() REPRESENTATION_CONTEXT('2D SPACE',''
  ) );
#2752 = PCURVE('',#2667,#2753);
#2753 = DEFINITIONAL_REPRESENTATION('',(#2754),#2762);
#2754 = ( BOUNDED_CURVE() B_SPLINE_CURVE(2,(#2755,#2756,#2757,#2758,
#2759,#2760,#2761),.UNSPECIFIED.,.T.,.F.) B_SPLINE_CURVE_WITH_KNOTS((1,2
    ,2,2,2,1),(-2.094395102393,0.,2.094395102393,4.188790204786,
6.28318530718,8.377580409573),.UNSPECIFIED.) CURVE() 
GEOMETRIC_REPRESENTATION_ITEM() RATIONAL_B_SPLINE_CURVE((1.,0.5,1.,0.5,
1.,0.5,1.)) REPRESENTATION_ITEM('') );
#2755 = CARTESIAN_POINT('',(5.8065,-6.950719890774));
#2756 = CARTESIAN_POINT('',(5.8065,-10.05715301414));
#2757 = CARTESIAN_POINT('',(3.11625,-8.503936452461));
#2758 = CARTESIAN_POINT('',(0.426,-6.950719890774));
#2759 = CARTESIAN_POINT('',(3.11625,-5.397503329087));
#2760 = CARTESIAN_POINT('',(5.8065,-3.844286767399));
#2761 = CARTESIAN_POINT('',(5.8065,-6.950719890774));
#2762 = ( GEOMETRIC_REPRESENTATION_CONTEXT(2) 
PARAMETRIC_REPRESENTATION_CONTEXT() REPRESENTATION_CONTEXT('2D SPACE',''
  ) );
#2763 = ORIENTED_EDGE('',*,*,#2764,.T.);
#2764 = EDGE_CURVE('',#2737,#2417,#2765,.T.);
#2765 = SEAM_CURVE('',#2766,(#2770,#2777),.PCURVE_S1.);
#2766 = LINE('',#2767,#2768);
#2767 = CARTESIAN_POINT('',(5.8065,-6.950719890774,-0.5));
#2768 = VECTOR('',#2769,1.);
#2769 = DIRECTION('',(0.,0.,1.));
#2770 = PCURVE('',#2437,#2771);
#2771 = DEFINITIONAL_REPRESENTATION('',(#2772),#2776);
#2772 = LINE('',#2773,#2774);
#2773 = CARTESIAN_POINT('',(-6.28318530718,0.));
#2774 = VECTOR('',#2775,1.);
#2775 = DIRECTION('',(-0.,-1.));
#2776 = ( GEOMETRIC_REPRESENTATION_CONTEXT(2) 
PARAMETRIC_REPRESENTATION_CONTEXT() REPRESENTATION_CONTEXT('2D SPACE',''
  ) );
#2777 = PCURVE('',#2437,#2778);
#2778 = DEFINITIONAL_REPRESENTATION('',(#2779),#2783);
#2779 = LINE('',#2780,#2781);
#2780 = CARTESIAN_POINT('',(-0.,0.));
#2781 = VECTOR('',#2782,1.);
#2782 = DIRECTION('',(-0.,-1.));
#2783 = ( GEOMETRIC_REPRESENTATION_CONTEXT(2) 
PARAMETRIC_REPRESENTATION_CONTEXT() REPRESENTATION_CONTEXT('2D SPACE',''
  ) );
#2784 = ORIENTED_EDGE('',*,*,#2416,.F.);
#2785 = ORIENTED_EDGE('',*,*,#2764,.F.);
#2786 = ADVANCED_FACE('',(#2787),#2472,.F.);
#2787 = FACE_BOUND('',#2788,.T.);
#2788 = EDGE_LOOP('',(#2789,#2817,#2838,#2839));
#2789 = ORIENTED_EDGE('',*,*,#2790,.T.);
#2790 = EDGE_CURVE('',#2791,#2791,#2793,.T.);
#2791 = VERTEX_POINT('',#2792);
#2792 = CARTESIAN_POINT('',(1.425,0.,0.));
#2793 = SURFACE_CURVE('',#2794,(#2799,#2806),.PCURVE_S1.);
#2794 = CIRCLE('',#2795,1.425);
#2795 = AXIS2_PLACEMENT_3D('',#2796,#2797,#2798);
#2796 = CARTESIAN_POINT('',(0.,0.,0.));
#2797 = DIRECTION('',(0.,0.,-1.));
#2798 = DIRECTION('',(1.,0.,0.));
#2799 = PCURVE('',#2472,#2800);
#2800 = DEFINITIONAL_REPRESENTATION('',(#2801),#2805);
#2801 = LINE('',#2802,#2803);
#2802 = CARTESIAN_POINT('',(-6.28318530718,-0.5));
#2803 = VECTOR('',#2804,1.);
#2804 = DIRECTION('',(1.,-0.));
#2805 = ( GEOMETRIC_REPRESENTATION_CONTEXT(2) 
PARAMETRIC_REPRESENTATION_CONTEXT() REPRESENTATION_CONTEXT('2D SPACE',''
  ) );
#2806 = PCURVE('',#2667,#2807);
#2807 = DEFINITIONAL_REPRESENTATION('',(#2808),#2816);
#2808 = ( BOUNDED_CURVE() B_SPLINE_CURVE(2,(#2809,#2810,#2811,#2812,
#2813,#2814,#2815),.UNSPECIFIED.,.T.,.F.) B_SPLINE_CURVE_WITH_KNOTS((1,2
    ,2,2,2,1),(-2.094395102393,0.,2.094395102393,4.188790204786,
6.28318530718,8.377580409573),.UNSPECIFIED.) CURVE() 
GEOMETRIC_REPRESENTATION_ITEM() RATIONAL_B_SPLINE_CURVE((1.,0.5,1.,0.5,
1.,0.5,1.)) REPRESENTATION_ITEM('') );
#2809 = CARTESIAN_POINT('',(1.425,-2.837077030359E-16));
#2810 = CARTESIAN_POINT('',(1.425,-2.468172400786));
#2811 = CARTESIAN_POINT('',(-0.7125,-1.234086200393));
#2812 = CARTESIAN_POINT('',(-2.85,-6.327320407929E-16));
#2813 = CARTESIAN_POINT('',(-0.7125,1.234086200393));
#2814 = CARTESIAN_POINT('',(1.425,2.468172400786));
#2815 = CARTESIAN_POINT('',(1.425,-2.837077030359E-16));
#2816 = ( GEOMETRIC_REPRESENTATION_CONTEXT(2) 
PARAMETRIC_REPRESENTATION_CONTEXT() REPRESENTATION_CONTEXT('2D SPACE',''
  ) );
#2817 = ORIENTED_EDGE('',*,*,#2818,.T.);
#2818 = EDGE_CURVE('',#2791,#2452,#2819,.T.);
#2819 = SEAM_CURVE('',#2820,(#2824,#2831),.PCURVE_S1.);
#2820 = LINE('',#2821,#2822);
#2821 = CARTESIAN_POINT('',(1.425,0.,-0.5));
#2822 = VECTOR('',#2823,1.);
#2823 = DIRECTION('',(0.,0.,1.));
#2824 = PCURVE('',#2472,#2825);
#2825 = DEFINITIONAL_REPRESENTATION('',(#2826),#2830);
#2826 = LINE('',#2827,#2828);
#2827 = CARTESIAN_POINT('',(-6.28318530718,0.));
#2828 = VECTOR('',#2829,1.);
#2829 = DIRECTION('',(-0.,-1.));
#2830 = ( GEOMETRIC_REPRESENTATION_CONTEXT(2) 
PARAMETRIC_REPRESENTATION_CONTEXT() REPRESENTATION_CONTEXT('2D SPACE',''
  ) );
#2831 = PCURVE('',#2472,#2832);
#2832 = DEFINITIONAL_REPRESENTATION('',(#2833),#2837);
#2833 = LINE('',#2834,#2835);
#2834 = CARTESIAN_POINT('',(-0.,0.));
#2835 = VECTOR('',#2836,1.);
#2836 = DIRECTION('',(-0.,-1.));
#2837 = ( GEOMETRIC_REPRESENTATION_CONTEXT(2) 
PARAMETRIC_REPRESENTATION_CONTEXT() REPRESENTATION_CONTEXT('2D SPACE',''
  ) );
#2838 = ORIENTED_EDGE('',*,*,#2451,.F.);
#2839 = ORIENTED_EDGE('',*,*,#2818,.F.);
#2840 = ADVANCED_FACE('',(#2841),#2507,.F.);
#2841 = FACE_BOUND('',#2842,.T.);
#2842 = EDGE_LOOP('',(#2843,#2871,#2892,#2893));
#2843 = ORIENTED_EDGE('',*,*,#2844,.T.);
#2844 = EDGE_CURVE('',#2845,#2845,#2847,.T.);
#2845 = VERTEX_POINT('',#2846);
#2846 = CARTESIAN_POINT('',(9.8195,0.,0.));
#2847 = SURFACE_CURVE('',#2848,(#2853,#2860),.PCURVE_S1.);
#2848 = CIRCLE('',#2849,1.7935);
#2849 = AXIS2_PLACEMENT_3D('',#2850,#2851,#2852);
#2850 = CARTESIAN_POINT('',(8.026,0.,0.));
#2851 = DIRECTION('',(0.,0.,-1.));
#2852 = DIRECTION('',(1.,0.,0.));
#2853 = PCURVE('',#2507,#2854);
#2854 = DEFINITIONAL_REPRESENTATION('',(#2855),#2859);
#2855 = LINE('',#2856,#2857);
#2856 = CARTESIAN_POINT('',(-6.28318530718,-0.5));
#2857 = VECTOR('',#2858,1.);
#2858 = DIRECTION('',(1.,-0.));
#2859 = ( GEOMETRIC_REPRESENTATION_CONTEXT(2) 
PARAMETRIC_REPRESENTATION_CONTEXT() REPRESENTATION_CONTEXT('2D SPACE',''
  ) );
#2860 = PCURVE('',#2667,#2861);
#2861 = DEFINITIONAL_REPRESENTATION('',(#2862),#2870);
#2862 = ( BOUNDED_CURVE() B_SPLINE_CURVE(2,(#2863,#2864,#2865,#2866,
#2867,#2868,#2869),.UNSPECIFIED.,.T.,.F.) B_SPLINE_CURVE_WITH_KNOTS((1,2
    ,2,2,2,1),(-2.094395102393,0.,2.094395102393,4.188790204786,
6.28318530718,8.377580409573),.UNSPECIFIED.) CURVE() 
GEOMETRIC_REPRESENTATION_ITEM() RATIONAL_B_SPLINE_CURVE((1.,0.5,1.,0.5,
1.,0.5,1.)) REPRESENTATION_ITEM('') );
#2863 = CARTESIAN_POINT('',(9.8195,-2.837077030359E-16));
#2864 = CARTESIAN_POINT('',(9.8195,-3.106433123375));
#2865 = CARTESIAN_POINT('',(7.12925,-1.553216561687));
#2866 = CARTESIAN_POINT('',(4.439,-7.229885098901E-16));
#2867 = CARTESIAN_POINT('',(7.12925,1.553216561687));
#2868 = CARTESIAN_POINT('',(9.8195,3.106433123375));
#2869 = CARTESIAN_POINT('',(9.8195,-2.837077030359E-16));
#2870 = ( GEOMETRIC_REPRESENTATION_CONTEXT(2) 
PARAMETRIC_REPRESENTATION_CONTEXT() REPRESENTATION_CONTEXT('2D SPACE',''
  ) );
#2871 = ORIENTED_EDGE('',*,*,#2872,.T.);
#2872 = EDGE_CURVE('',#2845,#2487,#2873,.T.);
#2873 = SEAM_CURVE('',#2874,(#2878,#2885),.PCURVE_S1.);
#2874 = LINE('',#2875,#2876);
#2875 = CARTESIAN_POINT('',(9.8195,0.,-0.5));
#2876 = VECTOR('',#2877,1.);
#2877 = DIRECTION('',(0.,0.,1.));
#2878 = PCURVE('',#2507,#2879);
#2879 = DEFINITIONAL_REPRESENTATION('',(#2880),#2884);
#2880 = LINE('',#2881,#2882);
#2881 = CARTESIAN_POINT('',(-6.28318530718,0.));
#2882 = VECTOR('',#2883,1.);
#2883 = DIRECTION('',(-0.,-1.));
#2884 = ( GEOMETRIC_REPRESENTATION_CONTEXT(2) 
PARAMETRIC_REPRESENTATION_CONTEXT() REPRESENTATION_CONTEXT('2D SPACE',''
  ) );
#2885 = PCURVE('',#2507,#2886);
#2886 = DEFINITIONAL_REPRESENTATION('',(#2887),#2891);
#2887 = LINE('',#2888,#2889);
#2888 = CARTESIAN_POINT('',(-0.,0.));
#2889 = VECTOR('',#2890,1.);
#2890 = DIRECTION('',(-0.,-1.));
#2891 = ( GEOMETRIC_REPRESENTATION_CONTEXT(2) 
PARAMETRIC_REPRESENTATION_CONTEXT() REPRESENTATION_CONTEXT('2D SPACE',''
  ) );
#2892 = ORIENTED_EDGE('',*,*,#2486,.F.);
#2893 = ORIENTED_EDGE('',*,*,#2872,.F.);
#2894 = ADVANCED_FACE('',(#2895),#2542,.F.);
#2895 = FACE_BOUND('',#2896,.T.);
#2896 = EDGE_LOOP('',(#2897,#2925,#2946,#2947));
#2897 = ORIENTED_EDGE('',*,*,#2898,.T.);
#2898 = EDGE_CURVE('',#2899,#2899,#2901,.T.);
#2899 = VERTEX_POINT('',#2900);
#2900 = CARTESIAN_POINT('',(-6.2325,9.829015209957E-16,0.));
#2901 = SURFACE_CURVE('',#2902,(#2907,#2914),.PCURVE_S1.);
#2902 = CIRCLE('',#2903,1.7935);
#2903 = AXIS2_PLACEMENT_3D('',#2904,#2905,#2906);
#2904 = CARTESIAN_POINT('',(-8.026,9.829015209957E-16,0.));
#2905 = DIRECTION('',(0.,0.,-1.));
#2906 = DIRECTION('',(1.,0.,0.));
#2907 = PCURVE('',#2542,#2908);
#2908 = DEFINITIONAL_REPRESENTATION('',(#2909),#2913);
#2909 = LINE('',#2910,#2911);
#2910 = CARTESIAN_POINT('',(-6.28318530718,-0.5));
#2911 = VECTOR('',#2912,1.);
#2912 = DIRECTION('',(1.,-0.));
#2913 = ( GEOMETRIC_REPRESENTATION_CONTEXT(2) 
PARAMETRIC_REPRESENTATION_CONTEXT() REPRESENTATION_CONTEXT('2D SPACE',''
  ) );
#2914 = PCURVE('',#2667,#2915);
#2915 = DEFINITIONAL_REPRESENTATION('',(#2916),#2924);
#2916 = ( BOUNDED_CURVE() B_SPLINE_CURVE(2,(#2917,#2918,#2919,#2920,
#2921,#2922,#2923),.UNSPECIFIED.,.T.,.F.) B_SPLINE_CURVE_WITH_KNOTS((1,2
    ,2,2,2,1),(-2.094395102393,0.,2.094395102393,4.188790204786,
6.28318530718,8.377580409573),.UNSPECIFIED.) CURVE() 
GEOMETRIC_REPRESENTATION_ITEM() RATIONAL_B_SPLINE_CURVE((1.,0.5,1.,0.5,
1.,0.5,1.)) REPRESENTATION_ITEM('') );
#2917 = CARTESIAN_POINT('',(-6.2325,6.991938179597E-16));
#2918 = CARTESIAN_POINT('',(-6.2325,-3.106433123375));
#2919 = CARTESIAN_POINT('',(-8.92275,-1.553216561687));
#2920 = CARTESIAN_POINT('',(-11.613,2.599130111056E-16));
#2921 = CARTESIAN_POINT('',(-8.92275,1.553216561687));
#2922 = CARTESIAN_POINT('',(-6.2325,3.106433123375));
#2923 = CARTESIAN_POINT('',(-6.2325,6.991938179597E-16));
#2924 = ( GEOMETRIC_REPRESENTATION_CONTEXT(2) 
PARAMETRIC_REPRESENTATION_CONTEXT() REPRESENTATION_CONTEXT('2D SPACE',''
  ) );
#2925 = ORIENTED_EDGE('',*,*,#2926,.T.);
#2926 = EDGE_CURVE('',#2899,#2522,#2927,.T.);
#2927 = SEAM_CURVE('',#2928,(#2932,#2939),.PCURVE_S1.);
#2928 = LINE('',#2929,#2930);
#2929 = CARTESIAN_POINT('',(-6.2325,9.829015209957E-16,-0.5));
#2930 = VECTOR('',#2931,1.);
#2931 = DIRECTION('',(0.,0.,1.));
#2932 = PCURVE('',#2542,#2933);
#2933 = DEFINITIONAL_REPRESENTATION('',(#2934),#2938);
#2934 = LINE('',#2935,#2936);
#2935 = CARTESIAN_POINT('',(-6.28318530718,0.));
#2936 = VECTOR('',#2937,1.);
#2937 = DIRECTION('',(-0.,-1.));
#2938 = ( GEOMETRIC_REPRESENTATION_CONTEXT(2) 
PARAMETRIC_REPRESENTATION_CONTEXT() REPRESENTATION_CONTEXT('2D SPACE',''
  ) );
#2939 = PCURVE('',#2542,#2940);
#2940 = DEFINITIONAL_REPRESENTATION('',(#2941),#2945);
#2941 = LINE('',#2942,#2943);
#2942 = CARTESIAN_POINT('',(-0.,0.));
#2943 = VECTOR('',#2944,1.);
#2944 = DIRECTION('',(-0.,-1.));
#2945 = ( GEOMETRIC_REPRESENTATION_CONTEXT(2) 
PARAMETRIC_REPRESENTATION_CONTEXT() REPRESENTATION_CONTEXT('2D SPACE',''
  ) );
#2946 = ORIENTED_EDGE('',*,*,#2521,.F.);
#2947 = ORIENTED_EDGE('',*,*,#2926,.F.);
#2948 = ADVANCED_FACE('',(#2949),#2577,.F.);
#2949 = FACE_BOUND('',#2950,.T.);
#2950 = EDGE_LOOP('',(#2951,#2979,#3000,#3001));
#2951 = ORIENTED_EDGE('',*,*,#2952,.T.);
#2952 = EDGE_CURVE('',#2953,#2953,#2955,.T.);
#2953 = VERTEX_POINT('',#2954);
#2954 = CARTESIAN_POINT('',(-2.2195,6.950719890774,0.));
#2955 = SURFACE_CURVE('',#2956,(#2961,#2968),.PCURVE_S1.);
#2956 = CIRCLE('',#2957,1.7935);
#2957 = AXIS2_PLACEMENT_3D('',#2958,#2959,#2960);
#2958 = CARTESIAN_POINT('',(-4.013,6.950719890774,0.));
#2959 = DIRECTION('',(0.,0.,-1.));
#2960 = DIRECTION('',(1.,0.,0.));
#2961 = PCURVE('',#2577,#2962);
#2962 = DEFINITIONAL_REPRESENTATION('',(#2963),#2967);
#2963 = LINE('',#2964,#2965);
#2964 = CARTESIAN_POINT('',(-6.28318530718,-0.5));
#2965 = VECTOR('',#2966,1.);
#2966 = DIRECTION('',(1.,-0.));
#2967 = ( GEOMETRIC_REPRESENTATION_CONTEXT(2) 
PARAMETRIC_REPRESENTATION_CONTEXT() REPRESENTATION_CONTEXT('2D SPACE',''
  ) );
#2968 = PCURVE('',#2667,#2969);
#2969 = DEFINITIONAL_REPRESENTATION('',(#2970),#2978);
#2970 = ( BOUNDED_CURVE() B_SPLINE_CURVE(2,(#2971,#2972,#2973,#2974,
#2975,#2976,#2977),.UNSPECIFIED.,.T.,.F.) B_SPLINE_CURVE_WITH_KNOTS((1,2
    ,2,2,2,1),(-2.094395102393,0.,2.094395102393,4.188790204786,
6.28318530718,8.377580409573),.UNSPECIFIED.) CURVE() 
GEOMETRIC_REPRESENTATION_ITEM() RATIONAL_B_SPLINE_CURVE((1.,0.5,1.,0.5,
1.,0.5,1.)) REPRESENTATION_ITEM('') );
#2971 = CARTESIAN_POINT('',(-2.2195,6.950719890774));
#2972 = CARTESIAN_POINT('',(-2.2195,3.844286767399));
#2973 = CARTESIAN_POINT('',(-4.90975,5.397503329087));
#2974 = CARTESIAN_POINT('',(-7.6,6.950719890774));
#2975 = CARTESIAN_POINT('',(-4.90975,8.503936452461));
#2976 = CARTESIAN_POINT('',(-2.2195,10.057153014149));
#2977 = CARTESIAN_POINT('',(-2.2195,6.950719890774));
#2978 = ( GEOMETRIC_REPRESENTATION_CONTEXT(2) 
PARAMETRIC_REPRESENTATION_CONTEXT() REPRESENTATION_CONTEXT('2D SPACE',''
  ) );
#2979 = ORIENTED_EDGE('',*,*,#2980,.T.);
#2980 = EDGE_CURVE('',#2953,#2557,#2981,.T.);
#2981 = SEAM_CURVE('',#2982,(#2986,#2993),.PCURVE_S1.);
#2982 = LINE('',#2983,#2984);
#2983 = CARTESIAN_POINT('',(-2.2195,6.950719890774,-0.5));
#2984 = VECTOR('',#2985,1.);
#2985 = DIRECTION('',(0.,0.,1.));
#2986 = PCURVE('',#2577,#2987);
#2987 = DEFINITIONAL_REPRESENTATION('',(#2988),#2992);
#2988 = LINE('',#2989,#2990);
#2989 = CARTESIAN_POINT('',(-6.28318530718,0.));
#2990 = VECTOR('',#2991,1.);
#2991 = DIRECTION('',(-0.,-1.));
#2992 = ( GEOMETRIC_REPRESENTATION_CONTEXT(2) 
PARAMETRIC_REPRESENTATION_CONTEXT() REPRESENTATION_CONTEXT('2D SPACE',''
  ) );
#2993 = PCURVE('',#2577,#2994);
#2994 = DEFINITIONAL_REPRESENTATION('',(#2995),#2999);
#2995 = LINE('',#2996,#2997);
#2996 = CARTESIAN_POINT('',(-0.,0.));
#2997 = VECTOR('',#2998,1.);
#2998 = DIRECTION('',(-0.,-1.));
#2999 = ( GEOMETRIC_REPRESENTATION_CONTEXT(2) 
PARAMETRIC_REPRESENTATION_CONTEXT() REPRESENTATION_CONTEXT('2D SPACE',''
  ) );
#3000 = ORIENTED_EDGE('',*,*,#2556,.F.);
#3001 = ORIENTED_EDGE('',*,*,#2980,.F.);
#3002 = ADVANCED_FACE('',(#3003),#2612,.F.);
#3003 = FACE_BOUND('',#3004,.T.);
#3004 = EDGE_LOOP('',(#3005,#3033,#3054,#3055));
#3005 = ORIENTED_EDGE('',*,*,#3006,.T.);
#3006 = EDGE_CURVE('',#3007,#3007,#3009,.T.);
#3007 = VERTEX_POINT('',#3008);
#3008 = CARTESIAN_POINT('',(5.8065,6.950719890774,0.));
#3009 = SURFACE_CURVE('',#3010,(#3015,#3022),.PCURVE_S1.);
#3010 = CIRCLE('',#3011,1.7935);
#3011 = AXIS2_PLACEMENT_3D('',#3012,#3013,#3014);
#3012 = CARTESIAN_POINT('',(4.013,6.950719890774,0.));
#3013 = DIRECTION('',(0.,0.,-1.));
#3014 = DIRECTION('',(1.,0.,0.));
#3015 = PCURVE('',#2612,#3016);
#3016 = DEFINITIONAL_REPRESENTATION('',(#3017),#3021);
#3017 = LINE('',#3018,#3019);
#3018 = CARTESIAN_POINT('',(-6.28318530718,-0.5));
#3019 = VECTOR('',#3020,1.);
#3020 = DIRECTION('',(1.,-0.));
#3021 = ( GEOMETRIC_REPRESENTATION_CONTEXT(2) 
PARAMETRIC_REPRESENTATION_CONTEXT() REPRESENTATION_CONTEXT('2D SPACE',''
  ) );
#3022 = PCURVE('',#2667,#3023);
#3023 = DEFINITIONAL_REPRESENTATION('',(#3024),#3032);
#3024 = ( BOUNDED_CURVE() B_SPLINE_CURVE(2,(#3025,#3026,#3027,#3028,
#3029,#3030,#3031),.UNSPECIFIED.,.T.,.F.) B_SPLINE_CURVE_WITH_KNOTS((1,2
    ,2,2,2,1),(-2.094395102393,0.,2.094395102393,4.188790204786,
6.28318530718,8.377580409573),.UNSPECIFIED.) CURVE() 
GEOMETRIC_REPRESENTATION_ITEM() RATIONAL_B_SPLINE_CURVE((1.,0.5,1.,0.5,
1.,0.5,1.)) REPRESENTATION_ITEM('') );
#3025 = CARTESIAN_POINT('',(5.8065,6.950719890774));
#3026 = CARTESIAN_POINT('',(5.8065,3.844286767399));
#3027 = CARTESIAN_POINT('',(3.11625,5.397503329087));
#3028 = CARTESIAN_POINT('',(0.426,6.950719890774));
#3029 = CARTESIAN_POINT('',(3.11625,8.503936452461));
#3030 = CARTESIAN_POINT('',(5.8065,10.057153014149));
#3031 = CARTESIAN_POINT('',(5.8065,6.950719890774));
#3032 = ( GEOMETRIC_REPRESENTATION_CONTEXT(2) 
PARAMETRIC_REPRESENTATION_CONTEXT() REPRESENTATION_CONTEXT('2D SPACE',''
  ) );
#3033 = ORIENTED_EDGE('',*,*,#3034,.T.);
#3034 = EDGE_CURVE('',#3007,#2592,#3035,.T.);
#3035 = SEAM_CURVE('',#3036,(#3040,#3047),.PCURVE_S1.);
#3036 = LINE('',#3037,#3038);
#3037 = CARTESIAN_POINT('',(5.8065,6.950719890774,-0.5));
#3038 = VECTOR('',#3039,1.);
#3039 = DIRECTION('',(0.,0.,1.));
#3040 = PCURVE('',#2612,#3041);
#3041 = DEFINITIONAL_REPRESENTATION('',(#3042),#3046);
#3042 = LINE('',#3043,#3044);
#3043 = CARTESIAN_POINT('',(-6.28318530718,0.));
#3044 = VECTOR('',#3045,1.);
#3045 = DIRECTION('',(-0.,-1.));
#3046 = ( GEOMETRIC_REPRESENTATION_CONTEXT(2) 
PARAMETRIC_REPRESENTATION_CONTEXT() REPRESENTATION_CONTEXT('2D SPACE',''
  ) );
#3047 = PCURVE('',#2612,#3048);
#3048 = DEFINITIONAL_REPRESENTATION('',(#3049),#3053);
#3049 = LINE('',#3050,#3051);
#3050 = CARTESIAN_POINT('',(-0.,0.));
#3051 = VECTOR('',#3052,1.);
#3052 = DIRECTION('',(-0.,-1.));
#3053 = ( GEOMETRIC_REPRESENTATION_CONTEXT(2) 
PARAMETRIC_REPRESENTATION_CONTEXT() REPRESENTATION_CONTEXT('2D SPACE',''
  ) );
#3054 = ORIENTED_EDGE('',*,*,#2591,.F.);
#3055 = ORIENTED_EDGE('',*,*,#3034,.F.);
#3056 = ADVANCED_FACE('',(#3057,#3060,#3063,#3066,#3069,#3072,#3075,
    #3078),#2667,.F.);
#3057 = FACE_BOUND('',#3058,.F.);
#3058 = EDGE_LOOP('',(#3059));
#3059 = ORIENTED_EDGE('',*,*,#2652,.T.);
#3060 = FACE_BOUND('',#3061,.F.);
#3061 = EDGE_LOOP('',(#3062));
#3062 = ORIENTED_EDGE('',*,*,#2682,.T.);
#3063 = FACE_BOUND('',#3064,.F.);
#3064 = EDGE_LOOP('',(#3065));
#3065 = ORIENTED_EDGE('',*,*,#2898,.T.);
#3066 = FACE_BOUND('',#3067,.F.);
#3067 = EDGE_LOOP('',(#3068));
#3068 = ORIENTED_EDGE('',*,*,#2736,.T.);
#3069 = FACE_BOUND('',#3070,.F.);
#3070 = EDGE_LOOP('',(#3071));
#3071 = ORIENTED_EDGE('',*,*,#2790,.T.);
#3072 = FACE_BOUND('',#3073,.F.);
#3073 = EDGE_LOOP('',(#3074));
#3074 = ORIENTED_EDGE('',*,*,#2844,.T.);
#3075 = FACE_BOUND('',#3076,.F.);
#3076 = EDGE_LOOP('',(#3077));
#3077 = ORIENTED_EDGE('',*,*,#2952,.T.);
#3078 = FACE_BOUND('',#3079,.F.);
#3079 = EDGE_LOOP('',(#3080));
#3080 = ORIENTED_EDGE('',*,*,#3006,.T.);
#3081 = ( GEOMETRIC_REPRESENTATION_CONTEXT(3) 
GLOBAL_UNCERTAINTY_ASSIGNED_CONTEXT((#3085)) 
GLOBAL_UNIT_ASSIGNED_CONTEXT((#3082,#3083,#3084)) REPRESENTATION_CONTEXT
('Context #1','3D Context with UNIT and UNCERTAINTY') );
#3082 = ( LENGTH_UNIT() NAMED_UNIT(*) SI_UNIT(.MILLI.,.METRE.) );
#3083 = ( NAMED_UNIT(*) PLANE_ANGLE_UNIT() SI_UNIT($,.RADIAN.) );
#3084 = ( NAMED_UNIT(*) SI_UNIT($,.STERADIAN.) SOLID_ANGLE_UNIT() );
#3085 = UNCERTAINTY_MEASURE_WITH_UNIT(LENGTH_MEASURE(1.E-07),#3082,
  'distance_accuracy_value','confusion accuracy');
#3086 = PRODUCT_RELATED_PRODUCT_CATEGORY('part',$,(#7));
ENDSEC;
END-ISO-10303-21;
